Timestamp,Product Title,Variant Title,SKU,Price,Event Type,Quantity,Previous Stock,Current Stock,Product URL
2026-07-19 11:03:53,Antique Floral Anklets,Default Title,63,1299.0,Sale,1,40,39,https://www.daivik.in/products/antique-floral-anklets?variant=gid://shopify/ProductVariant/46512599269598
2026-07-19 11:03:53,AD Designer Openable Kada,Default Title,1700,499.0,Sale,1,55,54,https://www.daivik.in/products/ad-designer-openable-kada?variant=gid://shopify/ProductVariant/47564482576606
2026-07-19 11:03:53,Lakshmi AD Kada (Price for a Pair),Default Title,1734,499.0,Sale,1,16,15,https://www.daivik.in/products/lakshmi-ad-kada-price-for-a-pair?variant=gid://shopify/ProductVariant/47678095163614
2026-07-19 11:03:53,Invisible Ganesha Chain in Two Colors,Baby Pink,672,999.0,Sale,1,3,2,https://www.daivik.in/products/invisible-green-ganesha-chain?variant=gid://shopify/ProductVariant/48447550390494
2026-07-19 11:17:04,"Ruby Guttapusalu Necklace with earrings (Price for Combo, Short and Long)",Short,962,1499.0,Sale,1,53,52,https://www.daivik.in/products/ruby-guttapusalu-necklace-with-earrings?variant=gid://shopify/ProductVariant/47292618768606
2026-07-19 11:17:04,Lotus Pearl Necklace with Studs (Price for Each),Green,1259,599.0,Sale,2,21,19,https://www.daivik.in/products/l?variant=gid://shopify/ProductVariant/46679641784542
2026-07-19 11:32:19,AD RubyGreen Jhumkas with attached Mattals,Default Title,920,999.0,Sale,1,36,35,https://www.daivik.in/products/ad-rubygreen-jhumkas-with-attached-mattel-s?variant=gid://shopify/ProductVariant/45363709771998
2026-07-19 11:32:19,"Jyothika Mam Inspired AD Green Pendant Necklace (Prices for Short, Long and Combo)",Short,1295,799.0,Sale,1,46,45,https://www.daivik.in/products/jyothika-mam-inspired-ad-green-pendant-necklace?variant=gid://shopify/ProductVariant/47092708573406
2026-07-19 11:32:19,Peacock Antique Pearl Jhumkas,Default Title,1687,1999.0,Sale,1,47,46,https://www.daivik.in/products/peacock-antique-pearl-jhumkas?variant=gid://shopify/ProductVariant/47534240825566
2026-07-19 11:32:19,Jathi Malli Pink Shade Flower Reusable Gajra,8 Inches String - Half Moolam,3501,1299.0,Sale,1,7,6,https://www.daivik.in/products/jathi-malli-pink-shade-flower-reusable-gajra-16-inches?variant=gid://shopify/ProductVariant/47542602006750
2026-07-19 11:32:19,AD Designer Openable Kada,Default Title,1700,499.0,Sale,1,54,53,https://www.daivik.in/products/ad-designer-openable-kada?variant=gid://shopify/ProductVariant/47564482576606
2026-07-19 11:32:19,Manga Non piercing Nose Pin,Default Title,1753,199.0,Sale,1,31,30,https://www.daivik.in/products/mango-non-piercing-nose-pin?variant=gid://shopify/ProductVariant/47740729884894
2026-07-19 11:47:04,Guttaspusalu Long Haram With Cluster of Pearls,Default Title,215,3499.0,Sale,1,10,9,https://www.daivik.in/products/215?variant=gid://shopify/ProductVariant/34432330399897
2026-07-19 11:47:04,Handmade Lotus Flower U Pin,5,3539,799.0,Sale,1,17,16,https://www.daivik.in/products/handmade-lotus-flower-u-pin?variant=gid://shopify/ProductVariant/48294879297758
2026-07-19 11:47:04,AD Pearl Flower Bangles,2.4,1903,1799.0,Sale,1,5,4,https://www.daivik.in/products/ad-pearl-flower-bangle?variant=gid://shopify/ProductVariant/48306973311198
2026-07-19 12:03:17,Peacock Kemp Earcuffs,Default Title,823,1299.0,Sale,1,13,12,https://www.daivik.in/products/peacock-kemp-earcuffs?variant=gid://shopify/ProductVariant/40886249291929
2026-07-19 12:03:17,Antique Lakshmi white stone Bangles,2.10,73,799.0,Sale,1,9,8,https://www.daivik.in/products/antique-lakshmi-white-stone-bangles?variant=gid://shopify/ProductVariant/46111852888286
2026-07-19 12:03:17,AD Flower Layer Jhumkas,Green,1663,599.0,Sale,1,18,17,https://www.daivik.in/products/ad-flower-layer-jhumkas?variant=gid://shopify/ProductVariant/47471681732830
2026-07-19 12:03:17,Antique Lakshmi Choker with Earrings,Default Title,1372,1199.0,Sale,1,3,2,https://www.daivik.in/products/antique-lakshmi-choker-with-earrings-1?variant=gid://shopify/ProductVariant/47990312534238
2026-07-19 12:03:17,Kundan Ghungroo Adjustable Bracelet Watch,Default Title,1890,799.0,Sale,1,23,22,https://www.daivik.in/products/kundan-ghungroo-adjustable-bracelet-watch?variant=gid://shopify/ProductVariant/48278181413086
2026-07-19 12:03:17,AD Leaf Pattern Small Earcuff,Default Title,1898,799.0,Sale,1,18,17,https://www.daivik.in/products/ad-leaf-pattern-small-earcuff?variant=gid://shopify/ProductVariant/48292120756446
2026-07-19 12:03:17,Openable Peacock Kada with Interchangeable Colour Bangles (10 Shades),2.8,1924,2299.0,Sale,1,4,3,https://www.daivik.in/products/10-in-1-changeable-bangles?variant=gid://shopify/ProductVariant/48422119538910
2026-07-19 12:33:22,Rice Pearl Kemp Green Beads Jhumkas,Default Title,720,1499.0,Sale,1,25,24,https://www.daivik.in/products/rice-pearl-kemp-green-beads-jhumkas?variant=gid://shopify/ProductVariant/44866326364382
2026-07-19 12:33:22,Lakshmi AD Chotti/Jada Billai,Default Title,1884,1099.0,Sale,1,35,34,https://www.daivik.in/products/lakshmi-ad-chotti-jada-billai?variant=gid://shopify/ProductVariant/48234497802462
2026-07-19 13:03:34,Simple Ruby and pearl choker with earrings,Default Title,538,999.0,Sale,1,40,39,https://www.daivik.in/products/a-327?variant=gid://shopify/ProductVariant/43546226196702
2026-07-19 13:32:26,Lakshmi Coin Necklace,Default Title,176,1899.0,New Arrival,30,0,30,https://www.daivik.in/products/lakshmi-coin-necklace-1?variant=gid://shopify/ProductVariant/48448997163230
2026-07-19 13:47:08,AD Pendant Mangalsutra with Studs,Default Title,1117,999.0,Sale,2,30,28,https://www.daivik.in/products/ad-pendant-mangalsutra-with-studs?variant=gid://shopify/ProductVariant/45905761435870
2026-07-19 13:47:08,Elegant Bloomed Jasmine Flower Artificial Gajra,8 Inches String - Half Moolam,3502,1299.0,Sale,1,25,24,https://www.daivik.in/products/elegant-bloomed-jasmine-flower-artificial-gajra-16-inches?variant=gid://shopify/ProductVariant/47542601154782
2026-07-19 13:47:08,Ruby Green Pearl Jali Necklace,Default Title,860,1799.0,Sale,1,20,19,https://www.daivik.in/products/ruby-green-pearl-jali-necklace?variant=gid://shopify/ProductVariant/48443125137630
2026-07-19 14:03:53,"Jyothika Mam Inspired AD Green Pendant Necklace (Prices for Short, Long and Combo)",Short,1295,799.0,Sale,1,45,44,https://www.daivik.in/products/jyothika-mam-inspired-ad-green-pendant-necklace?variant=gid://shopify/ProductVariant/47092708573406
2026-07-19 14:32:20,Evergreen Lotus Ruby Bangle,2.8,1623,799.0,Sale,1,28,27,https://www.daivik.in/products/evergreen-lotus-ruby-bangle?variant=gid://shopify/ProductVariant/47066164101342
2026-07-19 14:32:20,Diamond Look Alike AD Kada in Two Colors (Price for each),Ruby,1917,1499.0,Sale,1,4,3,https://www.daivik.in/products/untitled-jun22_11-39-48?variant=gid://shopify/ProductVariant/48375886119134
2026-07-19 14:41:25,Openable Peacock Kada with Interchangeable Colour Bangles (10 Shades),2.4,1924,2299.0,Sale,1,3,2,https://www.daivik.in/products/10-in-1-changeable-bangles?variant=gid://shopify/ProductVariant/48422119473374
2026-07-19 14:47:39,Set of 4 Ruby bangles,2.6,114,1299.0,Sale,1,33,32,https://www.daivik.in/products/set-of-4-ruby-bangles?variant=gid://shopify/ProductVariant/42350501888222
2026-07-19 14:47:39,Pearl Kemp Pendant Short Haram with Earrings,Default Title,441,1299.0,Sale,1,55,54,https://www.daivik.in/products/pearl-kemp-pendant-short-haram-with-earrings?variant=gid://shopify/ProductVariant/42596492411102
2026-07-19 14:47:39,Lakshmi AD Choker with Jhumkas,Default Title,494,1199.0,Sale,1,41,40,https://www.daivik.in/products/lakshmi-ad-choker-with-jhumkas?variant=gid://shopify/ProductVariant/44633010929886
2026-07-19 14:47:39,AD RubyGreen Jhumkas with attached Mattals,Default Title,920,999.0,Sale,1,35,34,https://www.daivik.in/products/ad-rubygreen-jhumkas-with-attached-mattel-s?variant=gid://shopify/ProductVariant/45363709771998
2026-07-19 14:47:39,Invisible Flower Chain with Earrings in Two Variants (Price for Each),Purple,309,799.0,Sale,1,54,53,https://www.daivik.in/products/invisible-flower-chain-with-earrings-in-two-vaiants-price-for-each?variant=gid://shopify/ProductVariant/46622024335582
2026-07-19 14:47:39,Peacock Lakshmi Long Chain with Jhumkas in Two Colors (Prices for Each),Ruby,1270,1099.0,Sale,1,50,49,https://www.daivik.in/products/peacock-lakshmi-long-chain-with-jhumkas?variant=gid://shopify/ProductVariant/46838455337182
2026-07-19 14:47:39,Pearl Kemp Pendant Hasli Necklace with Earrings,Default Title,1312,799.0,Sale,1,16,15,https://www.daivik.in/products/pearl-kemp-pendant-hasli-necklace-with-earrings?variant=gid://shopify/ProductVariant/47082104389854
2026-07-19 14:47:39,Pure Kemp Lotus Jhumka with Mattals,Default Title,1763,1499.0,Sale,1,21,20,https://www.daivik.in/products/pure-kemp-lotus-jhumka-with-mattals?variant=gid://shopify/ProductVariant/47777295696094
2026-07-19 14:47:39,Lotus Ruby Green Pure kemp Invisible chain with Earrings,Default Title,1391,1999.0,Sale,1,13,12,https://www.daivik.in/products/lotus-ruby-green-invisible-chain-with-earrings?variant=gid://shopify/ProductVariant/48308560658654
2026-07-19 14:47:39,Openable Peacock Kada with Interchangeable Colour Bangles (10 Shades),2.6,1924,2299.0,Sale,1,13,12,https://www.daivik.in/products/10-in-1-changeable-bangles?variant=gid://shopify/ProductVariant/48422119506142
2026-07-19 14:47:39,AD Changeable simple gold finish necklace with earrings,Default Title,51,1299.0,Sold Out,1,1,0,https://www.daivik.in/products/a-18?variant=gid://shopify/ProductVariant/44091056062686
2026-07-19 16:03:18,AD Mesh Necklace with Studs in 5 Colours ( Price for Each ),Dark Green,1335,649.0,Sale,1,8,7,https://www.daivik.in/products/ad-mesh-necklace-with-studs-in-5-colours-price-for-each?variant=gid://shopify/ProductVariant/47669942223070
2026-07-19 16:03:18,Kundan Lotus Coin / Kasumalai Handmade Hair Pin,Default Title,3540,149.0,Sale,1,9,8,https://www.daivik.in/products/kundan-lotus-coin-kasumalai-handmade-hair-pin?variant=gid://shopify/ProductVariant/48279058645214
2026-07-19 16:03:18,Palakka Lakshmi Coin Necklace,Default Title,529,1299.0,New Arrival,20,0,20,https://www.daivik.in/products/palakka-lakshmi-coin-necklace?variant=gid://shopify/ProductVariant/48448997294302
2026-07-19 16:17:06,Antique Floral Anklets,Default Title,63,1299.0,Sale,1,39,38,https://www.daivik.in/products/antique-floral-anklets?variant=gid://shopify/ProductVariant/46512599269598
2026-07-19 16:33:26,Diamond Look Alike Hasli Necklace with Earrings,Default Title,1388,1399.0,Sale,1,16,15,https://www.daivik.in/products/a-31?variant=gid://shopify/ProductVariant/48267346772190
2026-07-19 16:33:26,Victorian Flower Pendant Necklace with Earrings,Default Title,283,3499.0,Restock,5,0,5,https://www.daivik.in/products/victorian-flower-pendant-necklace-with-earrings?variant=gid://shopify/ProductVariant/48423947796702
2026-07-19 16:47:54,AD changeable studs,Default Title,106,799.0,Sale,1,32,31,https://www.daivik.in/products/ad-changeable-studs?variant=gid://shopify/ProductVariant/44192837632222
2026-07-19 16:47:54,Two line Necklace with Earrings,Default Title,708,2299.0,Sale,1,18,17,https://www.daivik.in/products/two-line-necklace-with-earrings?variant=gid://shopify/ProductVariant/45333722759390
2026-07-19 17:02:32,Two line Mossanite Necklace with Earrings,Default Title,626,4499.0,Sold Out,1,1,0,https://www.daivik.in/products/two-line-mossanite-necklace-with-earrings?variant=gid://shopify/ProductVariant/47810921201886
2026-07-19 17:17:05,Floral Uncut Kemp jhumkas,Default Title,865,1499.0,Sale,1,54,53,https://www.daivik.in/products/floral-uncut-kemp-jhumkas?variant=gid://shopify/ProductVariant/41139968311449
2026-07-19 17:17:05,AD Lakshmi Jhumkas,Default Title,192,799.0,Sale,1,23,22,https://www.daivik.in/products/ad-lakshmi-jhumkas?variant=gid://shopify/ProductVariant/44262122389726
2026-07-19 17:17:05,Premium AD mattal,Default Title,1508,1299.0,Sale,1,11,10,https://www.daivik.in/products/premium-ad-mattal?variant=gid://shopify/ProductVariant/45974972793054
2026-07-19 17:17:05,Kemp lotus Jhumkas in 2 colours,Default Title,1562,1299.0,Sale,1,19,18,https://www.daivik.in/products/kemp-lotus-jhumkas-in-2-colours?variant=gid://shopify/ProductVariant/46309259018462
2026-07-19 17:17:05,Antique Pearl Jhumkas,Default Title,1568,1299.0,Sale,1,49,48,https://www.daivik.in/products/antique-pearl-jhumkas?variant=gid://shopify/ProductVariant/46331546632414
2026-07-19 17:17:05,Rice Pearl Ruby Green Hoop Jhumkas,Default Title,1660,699.0,Sale,1,31,30,https://www.daivik.in/products/rice-pearl-ruby-green-hoop-jhumkas?variant=gid://shopify/ProductVariant/47465934127326
2026-07-19 17:17:05,AD Bangles Combo (Price for Both Hands),2.6,1733,1399.0,Sale,1,34,33,https://www.daivik.in/products/ad-bangles-combo-price-for-both-hands?variant=gid://shopify/ProductVariant/47675040596190
2026-07-19 17:48:15,Kemp Ad necklace with earrings,Default Title,661,1499.0,Sale,1,28,27,https://www.daivik.in/products/kemp-ad-necklace-with-earrings?variant=gid://shopify/ProductVariant/39476421460121
2026-07-19 17:48:15,Openable Peacock Kada with Interchangeable Colour Bangles (10 Shades),2.8,1924,2299.0,Sale,1,3,2,https://www.daivik.in/products/10-in-1-changeable-bangles?variant=gid://shopify/ProductVariant/48422119538910
2026-07-19 17:48:15,Simple Leaf Invisible Chain,Default Title,377,499.0,Sale,1,22,21,https://www.daivik.in/products/simple-leaf-invisible-chain?variant=gid://shopify/ProductVariant/48434484150494
2026-07-19 18:03:30,AD Pendant Flower Necklace with Earrings,Default Title,1266,1699.0,Sale,1,17,16,https://www.daivik.in/products/ad-pendant-flower-necklace-with-earrings?variant=gid://shopify/ProductVariant/46813927243998
2026-07-19 18:12:29,Elephant Leaf Short Haram with Earrings,Default Title,891,1899.0,Sale,1,18,17,https://www.daivik.in/products/elephant-leaf-short-haram-with-earrings?variant=gid://shopify/ProductVariant/41272155963545
2026-07-19 18:12:29,Simple 3D Antique teeka,Default Title,193,1399.0,Sale,1,17,16,https://www.daivik.in/products/simple-3d-antique-teeka?variant=gid://shopify/ProductVariant/44265001812190
2026-07-19 18:12:29,Gold Finish AD Moap Chain (26 Inches),Default Title,1285,1599.0,Sale,1,17,16,https://www.daivik.in/products/gold-finish-ad-moap-chain-26-inches?variant=gid://shopify/ProductVariant/47034436813022
2026-07-19 18:33:30,AD Stone Choker With Earrings,Default Title,279,1999.0,Sale,1,37,36,https://www.daivik.in/products/green-ad-stone-choker-with-earrings?variant=gid://shopify/ProductVariant/43498731733214
2026-07-19 18:47:41,Openable Peacock Kada with Interchangeable Colour Bangles (10 Shades),2.6,1924,2299.0,Sale,1,12,11,https://www.daivik.in/products/10-in-1-changeable-bangles?variant=gid://shopify/ProductVariant/48422119506142
2026-07-19 19:02:40,Antique Ruby Green Hasli with Balis,Default Title,862,1299.0,Sale,1,18,17,https://www.daivik.in/products/antique-ruby-green-necklace-with-balis?variant=gid://shopify/ProductVariant/44960557859038
2026-07-19 19:47:04,Invisible Flower Chain with Earrings in Two Variants (Price for Each),Purple,309,799.0,Sale,1,53,52,https://www.daivik.in/products/invisible-flower-chain-with-earrings-in-two-vaiants-price-for-each?variant=gid://shopify/ProductVariant/46622024335582
2026-07-19 19:47:04,Pearl Kemp Pendant Hasli Necklace with Earrings,Default Title,1312,799.0,Sale,1,15,14,https://www.daivik.in/products/pearl-kemp-pendant-hasli-necklace-with-earrings?variant=gid://shopify/ProductVariant/47082104389854
2026-07-19 19:47:04,Invisible Green Flower Chain With Earrings,Default Title,521,799.0,Sale,1,7,6,https://www.daivik.in/products/invisible-green-flower-chain-with-earrings?variant=gid://shopify/ProductVariant/47522415182046
2026-07-19 19:47:04,Diamond Look Alike Hasli Necklace with Earrings,Default Title,1388,1399.0,Sale,1,15,14,https://www.daivik.in/products/a-31?variant=gid://shopify/ProductVariant/48267346772190
2026-07-19 20:48:05,Manga Non piercing Nose Pin,Default Title,1753,199.0,Sale,1,30,29,https://www.daivik.in/products/mango-non-piercing-nose-pin?variant=gid://shopify/ProductVariant/47740729884894
2026-07-19 20:48:05,Carved Moissanite Necklace with Earrings,Default Title,282,1299.0,Sale,1,37,36,https://www.daivik.in/products/carved-moissanite-necklace-with-earrings?variant=gid://shopify/ProductVariant/47758182514910
2026-07-19 21:03:41,Victorian Pearl Necklace with studs,Green,415,6999.0,Sale,1,15,14,https://www.daivik.in/products/a-397?variant=gid://shopify/ProductVariant/43933817733342
2026-07-19 21:03:41,Two Layered AD Flower Color Stone Necklace with Earrings in 2 Variants,Pink Stone,795,1499.0,Sale,1,13,12,https://www.daivik.in/products/two-layered-ad-flower-color-stone-necklace-with-earrings?variant=gid://shopify/ProductVariant/44736076644574
2026-07-19 21:03:41,Two line Kids/Adult Pearl Choker with Studs,Default Title,825,999.0,Sale,1,7,6,https://www.daivik.in/products/two-line-kids-adult-pearl-choker-with-studs?variant=gid://shopify/ProductVariant/44815359410398
2026-07-19 21:03:41,Antique Floral Anklets,Default Title,63,1299.0,Sale,1,38,37,https://www.daivik.in/products/antique-floral-anklets?variant=gid://shopify/ProductVariant/46512599269598
2026-07-19 21:03:41,Invisible AD Leaf Necklace with Earrings in two Colors (Price for Each),Ruby Green,982,699.0,Sale,1,30,29,https://www.daivik.in/products/invisible-ad-leaf-necklace-with-earrings-in-two-colors-price-for-each?variant=gid://shopify/ProductVariant/46601934045406
2026-07-19 21:03:41,AD Multi Layered Big Balis in 3 Colors (Price for Each),Ruby Green,1619,1999.0,Sale,1,14,13,https://www.daivik.in/products/ad-multi-layered-big-balis-in-3-colors-price-for-each?variant=gid://shopify/ProductVariant/47018651091166
2026-07-19 21:03:41,AD Floral Pendant Hasli Necklace with Earrings in Two Colors (Price for Each),Purple,742,1799.0,Sale,1,8,7,https://www.daivik.in/products/ad-floral-pendant-hasli-necklace-with-earrings-in-two-colors-price-for-each?variant=gid://shopify/ProductVariant/47029482356958
2026-07-19 21:03:41,Victorian Flower Pendant Necklace with Earrings,Default Title,283,3499.0,Sale,1,5,4,https://www.daivik.in/products/victorian-flower-pendant-necklace-with-earrings?variant=gid://shopify/ProductVariant/48423947796702
2026-07-19 21:17:07,Antique RubyGreen AD Bangles,2.8,475,999.0,Sale,1,17,16,https://www.daivik.in/products/antique-rubygreen-ad-bangles?variant=gid://shopify/ProductVariant/44985289933022
2026-07-19 21:17:07,Temple Lakshmi Bridal Bangles Combo (Price for Both Hands),2.8,1659,5499.0,Sale,1,8,7,https://www.daivik.in/products/temple-lakshmi-bangles?variant=gid://shopify/ProductVariant/47465039888606
2026-07-19 23:17:02,Invisible Flower Chain with Earrings,Default Title,871,799.0,Sale,1,40,39,https://www.daivik.in/products/invisible-flower-chain-with-earrings?variant=gid://shopify/ProductVariant/47043956310238
2026-07-20 01:02:43,Peacock Kemp Earcuffs,Default Title,823,1299.0,Sale,1,12,11,https://www.daivik.in/products/peacock-kemp-earcuffs?variant=gid://shopify/ProductVariant/40886249291929
2026-07-20 01:02:43,Invisible Flower Chain with Earrings,Default Title,871,799.0,Sale,1,39,38,https://www.daivik.in/products/invisible-flower-chain-with-earrings?variant=gid://shopify/ProductVariant/47043956310238
2026-07-20 01:02:43,Antique Lakshmi Pearl Hanging Necklace with Balis,Default Title,870,3599.0,Sale,1,13,12,https://www.daivik.in/products/antique-lakshmi-pearl-hanging-necklace-with-balis?variant=gid://shopify/ProductVariant/47797500575966
2026-07-20 01:02:43,Butterfly Kids/Adult Mesh Necklace with Earrings,White,361,799.0,Sold Out,2,2,0,https://www.daivik.in/products/butterfly-kids-adult-mesh-necklace-with-earrings?variant=gid://shopify/ProductVariant/44917573943518
2026-07-20 01:47:07,Simple AD Peacock Hasli Necklace,Default Title,1291,1399.0,Sale,1,2,1,https://www.daivik.in/products/simple-ad-peacock-hasli-necklace?variant=gid://shopify/ProductVariant/47057264705758
2026-07-20 03:09:31,Simple and small pure kemp jhumkas,Default Title,656,1199.0,Sale,1,29,28,https://www.daivik.in/products/simple-and-small-pure-kemp-jhumkas?variant=gid://shopify/ProductVariant/39434836574361
2026-07-20 03:09:31,Kemp Antique Jadau Choker set with Studs,Default Title,893,2999.0,Sale,1,31,30,https://www.daivik.in/products/kemp-antique-jadau-choker-set-with-studs?variant=gid://shopify/ProductVariant/44575726502110
2026-07-20 03:09:31,Kemp Peacock AD Flower pendant chain with jhumkas,Default Title,291,799.0,Sale,1,42,41,https://www.daivik.in/products/kemp-peacock-ad-flower-pendant-chain-with-jhumkas?variant=gid://shopify/ProductVariant/45488983998686
2026-07-20 03:09:31,AD Suriyan & Chandran ( Sun & Moon ),Default Title,1566,1199.0,Sale,1,45,44,https://www.daivik.in/products/ad-suriyan-chandriyan-sun-moon?variant=gid://shopify/ProductVariant/46328183259358
2026-07-20 03:09:31,Kemp Jadau Layered Earrings,Default Title,1595,1099.0,Sale,1,55,54,https://www.daivik.in/products/kemp-jadau-layered-earrings?variant=gid://shopify/ProductVariant/46640708354270
2026-07-20 03:09:31,Jathi Malli Pink Shade Flower Reusable Gajra,16 Inches String - Full Moolam,3501,2499.0,Sale,1,5,4,https://www.daivik.in/products/jathi-malli-pink-shade-flower-reusable-gajra-16-inches?variant=gid://shopify/ProductVariant/47542602039518
2026-07-20 03:09:31,AD Pearl Mala Set with Earrings in Two Colors (Price for Each),Green,711,3199.0,Sale,1,14,13,https://www.daivik.in/products/ad-pearl-mala-set-with-earrings?variant=gid://shopify/ProductVariant/47564628525278
2026-07-20 03:09:31,Flower Pendant Long Pearl Mala with Earringsin 3 Colors (Price for Each),Green White,618,3199.0,Sale,1,3,2,https://www.daivik.in/products/a-29?variant=gid://shopify/ProductVariant/47832187076830
2026-07-20 03:09:31,Bridal Non idol Premium Bangle ( Select in Variant for Single or Both Hands ),Both Hands / 2.8,1754,18999.0,Sale,1,3,2,https://www.daivik.in/products/bridal-non-idol-premium-bangle?variant=gid://shopify/ProductVariant/47824434954462
2026-07-20 03:09:31,Heritage Golden Beads Watch Bracelet,Default Title,4033,1499.0,Sale,1,42,41,https://www.daivik.in/products/heritage-golden-beads-watch-bracelet?variant=gid://shopify/ProductVariant/48266751574238
2026-07-20 03:09:31,Kundan Layered Pearl Premium Hair Pin/Chotti,Default Title,1912,1799.0,Sale,1,25,24,https://www.daivik.in/products/kundan-layered-pearl-premium-hair-pin-chotti?variant=gid://shopify/ProductVariant/48337208475870
2026-07-20 03:09:31,Double Foam Handmade Artificial Lotus Pink Buds Kunjalam/Hair Extension,Default Title,3543,799.0,Sale,1,26,25,https://www.daivik.in/products/triple-foam-handmade-artificial-lotus-pink-buds-kunjalam-hair-extension?variant=gid://shopify/ProductVariant/48377645465822
2026-07-20 03:09:31,Pachi Pearl Jali Necklace,Default Title,491,2999.0,Sale,1,2,1,https://www.daivik.in/products/pachi-pearl-jali-necklace?variant=gid://shopify/ProductVariant/48400077258974
2026-07-20 03:09:31,Kemp Pearl Ruby Green Necklace,Default Title,696,2799.0,Sold Out,1,1,0,https://www.daivik.in/products/kemp-pearl-ruby-green-necklace?variant=gid://shopify/ProductVariant/47470276247774
2026-07-20 03:09:31,Heritage Watch Bracelet,Default Title,4019,4599.0,Sold Out,1,1,0,https://www.daivik.in/products/heritage-watch-bracelet?variant=gid://shopify/ProductVariant/48128940409054
2026-07-20 03:32:18,AD Peacock Long Chain with Earrings,Default Title,1156,2299.0,Sale,1,31,30,https://www.daivik.in/products/ad-peacock-long-chain-with-earrings?variant=gid://shopify/ProductVariant/46076856860894
2026-07-20 04:02:28,Simple Pendant Ruby Green Hasli Necklace with Earrings,Default Title,744,799.0,Sale,1,6,5,https://www.daivik.in/products/simple-pendant-ruby-green-hasli-necklace-with-earrings?variant=gid://shopify/ProductVariant/46583087268062
2026-07-20 04:02:28,Lakshmi Coin Necklace,Default Title,176,1899.0,Sale,1,30,29,https://www.daivik.in/products/lakshmi-coin-necklace-1?variant=gid://shopify/ProductVariant/48448997163230
2026-07-20 04:02:28,Peacock Lakshmi Green Beads Long Haram with Jhumkas,Default Title,1237,5499.0,Sold Out,1,1,0,https://www.daivik.in/products/peacock-lakshmi-green-beads-long-haram-with-jhumkas-1?variant=gid://shopify/ProductVariant/46424009212126
2026-07-20 04:18:30,Simple Leaf Invisible Chain,Default Title,377,499.0,Sale,1,21,20,https://www.daivik.in/products/simple-leaf-invisible-chain?variant=gid://shopify/ProductVariant/48434484150494
2026-07-20 04:18:30,Palakka Lakshmi Coin Necklace,Default Title,529,1299.0,Sale,1,20,19,https://www.daivik.in/products/palakka-lakshmi-coin-necklace?variant=gid://shopify/ProductVariant/48448997294302
2026-07-20 04:34:59,Flower Pearl Ruby Choker with Earrings,Default Title,739,1299.0,Sale,1,55,54,https://www.daivik.in/products/flower-pearl-ruby-choker-with-earrings?variant=gid://shopify/ProductVariant/47743520768222
2026-07-20 04:34:59,Kids / Adult Kemp Jhumkas,Default Title,1777,799.0,Sale,1,31,30,https://www.daivik.in/products/kids-adult-kemp-jhumkas?variant=gid://shopify/ProductVariant/47821038485726
2026-07-20 04:34:59,Sri Balaji Heritage Choker with Studs,Default Title,841,799.0,Sale,1,27,26,https://www.daivik.in/products/sri-balaji-heritage-choker-with-studs?variant=gid://shopify/ProductVariant/48289643102430
2026-07-20 04:46:59,AD Lakshmi Mesh Necklace with Earrings,Default Title,1267,1099.0,Sale,1,42,41,https://www.daivik.in/products/ad-lakshmi-mesh-necklace-with-earrings?variant=gid://shopify/ProductVariant/46814082760926
2026-07-20 04:46:59,Diamond Look alike Floral Necklace with Earrings,Default Title,1293,599.0,Sale,1,8,7,https://www.daivik.in/products/diamond-look-alike-floral-necklace-with-earrings?variant=gid://shopify/ProductVariant/47058250170590
2026-07-20 05:03:39,Jathi Malli Pink Shade Flower Reusable Gajra,16 Inches String - Full Moolam,3501,2499.0,Sale,1,4,3,https://www.daivik.in/products/jathi-malli-pink-shade-flower-reusable-gajra-16-inches?variant=gid://shopify/ProductVariant/47542602039518
2026-07-20 05:03:39,Moissanite Mesh Bracelet in 3 Colors (Price for each),Green,1770,999.0,Sale,1,17,16,https://www.daivik.in/products/moissanite-mesh-bracelet-in-3-colors-price-for-each?variant=gid://shopify/ProductVariant/47793500094686
2026-07-20 05:19:05,Simple Leaf Invisible Chain,Default Title,377,499.0,Sale,1,20,19,https://www.daivik.in/products/simple-leaf-invisible-chain?variant=gid://shopify/ProductVariant/48434484150494
2026-07-20 05:35:32,Lakshmi Coral Red Set of 6 Bangles,2.6,1503,3299.0,Sale,1,3,2,https://www.daivik.in/products/c?variant=gid://shopify/ProductVariant/45908646854878
2026-07-20 05:35:32,AD Stone Bangles (Price for a Pair),2.6,1579,1499.0,Sale,1,47,46,https://www.daivik.in/products/ad-stone-bangles-price-for-a-pair?variant=gid://shopify/ProductVariant/46401150222558
2026-07-20 05:35:32,Pearl Kemp Pendant Hasli Necklace with Earrings,Default Title,1312,799.0,Sale,1,14,13,https://www.daivik.in/products/pearl-kemp-pendant-hasli-necklace-with-earrings?variant=gid://shopify/ProductVariant/47082104389854
2026-07-20 05:35:32,AD Ruby Pearl Floral Combo,2.6,1906,3199.0,Sale,1,4,3,https://www.daivik.in/products/ad-ruby-pearl-floral-combo?variant=gid://shopify/ProductVariant/48315170914526
2026-07-20 05:35:32,AD Green Pearl Floral Combo,2.6,1910,3199.0,Sale,1,2,1,https://www.daivik.in/products/ad-green-pearl-floral-combo?variant=gid://shopify/ProductVariant/48333256065246
2026-07-20 05:35:32,Lakshmi Short and Long Combo Set,Default Title,1325,1999.0,Sold Out,1,1,0,https://www.daivik.in/products/lakshmi-short-and-long-combo-set?variant=gid://shopify/ProductVariant/47551215468766
2026-07-20 05:49:41,Gold Finish Motif necklace with earrings,Default Title,910,1099.0,Sale,1,30,29,https://www.daivik.in/products/untitled-sep7_21-09?variant=gid://shopify/ProductVariant/44338668208350
2026-07-20 05:49:41,AD Ruby Pearl Floral Combo,2.6,1906,3199.0,Sale,1,3,2,https://www.daivik.in/products/ad-ruby-pearl-floral-combo?variant=gid://shopify/ProductVariant/48315170914526
2026-07-20 06:03:22,GJ Polish Designer Bracelets (Price for Each),1,1625,999.0,Sale,1,37,36,https://www.daivik.in/products/gj-polish-designer-bracelets-price-for-each?variant=gid://shopify/ProductVariant/47075079356638
2026-07-20 06:03:22,Kids / Adult Kemp Jhumkas,Default Title,1777,799.0,Sale,1,30,29,https://www.daivik.in/products/kids-adult-kemp-jhumkas?variant=gid://shopify/ProductVariant/47821038485726
2026-07-20 06:03:22,Antique Flexible Free size Kada,Default Title,1897,499.0,Sale,1,8,7,https://www.daivik.in/products/antique-flexible-free-size-kada?variant=gid://shopify/ProductVariant/48287951978718
2026-07-20 06:17:08,Simple Copper Pearl Necklace with Earrings,Default Title,855,999.0,Sale,1,54,53,https://www.daivik.in/products/simple-copper-pearl-necklace-with-earrings?variant=gid://shopify/ProductVariant/45158978093278
2026-07-20 06:17:08,Simple Short Necklace with  Earrings,Default Title,707,999.0,Sale,1,41,40,https://www.daivik.in/products/simple-short-necklace-with-earrings?variant=gid://shopify/ProductVariant/45511281246430
2026-07-20 06:17:08,Pure kemp Jadau Flower Jhumkas,Default Title,1551,6499.0,Sale,1,5,4,https://www.daivik.in/products/copy-pure-kemp-jadau-half-moon-balis?variant=gid://shopify/ProductVariant/46247808205022
2026-07-20 06:32:22,Pearl Chain with earrings,Default Title,379,1099.0,Sale,1,6,5,https://www.daivik.in/products/untitled-aug26_21-06?variant=gid://shopify/ProductVariant/44325395202270
2026-07-20 06:32:22,AD RubyGreen Jhumkas with attached Mattals,Default Title,920,999.0,Sale,1,34,33,https://www.daivik.in/products/ad-rubygreen-jhumkas-with-attached-mattel-s?variant=gid://shopify/ProductVariant/45363709771998
2026-07-20 06:47:02,Changeable pearl studs in 2 variants,White pearl,712,1099.0,Sale,1,14,13,https://www.daivik.in/products/changeable-pearl-studs?variant=gid://shopify/ProductVariant/39960882184345
2026-07-20 06:47:02,Lakshmi Coin Necklace\,Default Title,1252,1599.0,Sale,1,25,24,https://www.daivik.in/products/lakshmi-coin-necklace?variant=gid://shopify/ProductVariant/46618663911646
2026-07-20 07:02:32,Kemp medium Sized studs,Default Title,858,1099.0,Sale,1,26,25,https://www.daivik.in/products/kemp-medium-sized-studs?variant=gid://shopify/ProductVariant/41081654018201
2026-07-20 07:02:32,Floral Uncut Kemp jhumkas,Default Title,865,1499.0,Sale,1,53,52,https://www.daivik.in/products/floral-uncut-kemp-jhumkas?variant=gid://shopify/ProductVariant/41139968311449
2026-07-20 07:02:32,Simple kemp studs,Default Title,909,1099.0,Sale,1,21,20,https://www.daivik.in/products/simple-kemp-studs-in-2-variants?variant=gid://shopify/ProductVariant/41359794864281
2026-07-20 07:02:32,Lakshmi Coin Ruby Necklac,Default Title,1251,999.0,Sale,1,56,55,https://www.daivik.in/products/lakshmi-coin-ruby-necklace?variant=gid://shopify/ProductVariant/46618661748958
2026-07-20 07:32:26,Kemp Lotus Ghungroo beads Adigai with Jhumkas,Default Title,111,1399.0,Sale,1,16,15,https://www.daivik.in/products/kemp-lotus-ghungroo-beads-adigai-with-jhumkas?variant=gid://shopify/ProductVariant/45453369540830
2026-07-20 07:32:26,Hasli AD Necklace with Earrings in 2 Colors (Price for Each),Green,1229,1399.0,Sale,1,50,49,https://www.daivik.in/products/hasli-ad-necklace-with-earrings-in-2-colors?variant=gid://shopify/ProductVariant/46308331061470
2026-07-20 08:02:37,Jathi Malli Pink Shade Flower Reusable Gajra,8 Inches String - Half Moolam,3501,1299.0,Sale,3,6,3,https://www.daivik.in/products/jathi-malli-pink-shade-flower-reusable-gajra-16-inches?variant=gid://shopify/ProductVariant/47542602006750
2026-07-20 08:02:37,Elegant Bloomed Jasmine Flower Artificial Gajra,8 Inches String - Half Moolam,3502,1299.0,Sale,3,24,21,https://www.daivik.in/products/elegant-bloomed-jasmine-flower-artificial-gajra-16-inches?variant=gid://shopify/ProductVariant/47542601154782
2026-07-20 08:30:55,Palakka Lakshmi Coin Necklace,Default Title,529,1299.0,Sale,1,19,18,https://www.daivik.in/products/palakka-lakshmi-coin-necklace?variant=gid://shopify/ProductVariant/48448997294302
2026-07-20 09:02:37,Simple Pendant Victorian Necklace with Earrings in Colors,Ruby,530,1999.0,Sale,1,25,24,https://www.daivik.in/products/simple-pendant-victorian-necklace-with-earrings?variant=gid://shopify/ProductVariant/44562630508766
2026-07-20 09:17:05,Meenakari AD work necklace with earrings,Default Title,458,2999.0,Sale,1,4,3,https://www.daivik.in/products/meenakari-ad-work-necklace-with-earrings?variant=gid://shopify/ProductVariant/37254313279641
2026-07-20 09:17:05,Simple Mangalsutra With stones,Default Title,670,1099.0,Sale,1,50,49,https://www.daivik.in/products/1-4?variant=gid://shopify/ProductVariant/42679325982942
2026-07-20 09:47:05,Premium AD mattal,Default Title,1508,1299.0,Sale,1,10,9,https://www.daivik.in/products/premium-ad-mattal?variant=gid://shopify/ProductVariant/45974972793054
2026-07-20 10:02:39,Pearl Kemp Pendant Hasli Necklace with Earrings,Default Title,1312,799.0,Sale,1,13,12,https://www.daivik.in/products/pearl-kemp-pendant-hasli-necklace-with-earrings?variant=gid://shopify/ProductVariant/47082104389854
2026-07-20 10:02:39,Jathi Malli Pink Shade Flower Reusable Gajra,8 Inches String - Half Moolam,3501,1299.0,Sale,1,3,2,https://www.daivik.in/products/jathi-malli-pink-shade-flower-reusable-gajra-16-inches?variant=gid://shopify/ProductVariant/47542602006750
2026-07-20 10:02:39,Elegant Bloomed Jasmine Flower Artificial Gajra,8 Inches String - Half Moolam,3502,1299.0,Sale,1,21,20,https://www.daivik.in/products/elegant-bloomed-jasmine-flower-artificial-gajra-16-inches?variant=gid://shopify/ProductVariant/47542601154782
2026-07-20 10:17:06,Antique Jadau Green Beads Long chain with Earrings,Default Title,830,1799.0,Sale,1,33,32,https://www.daivik.in/products/antique-jadau-green-beads-long-chain-with-earrings?variant=gid://shopify/ProductVariant/47047999455454
2026-07-20 10:32:11,Kids / Adult Kemp Jhumkas,Default Title,1777,799.0,Sale,1,29,28,https://www.daivik.in/products/kids-adult-kemp-jhumkas?variant=gid://shopify/ProductVariant/47821038485726
2026-07-20 10:47:02,Jathi Malli Pink Shade Flower Reusable Gajra,8 Inches String - Half Moolam,3501,1299.0,Sale,1,2,1,https://www.daivik.in/products/jathi-malli-pink-shade-flower-reusable-gajra-16-inches?variant=gid://shopify/ProductVariant/47542602006750
2026-07-20 10:47:02,Elegant Bloomed Jasmine Flower Artificial Gajra,8 Inches String - Half Moolam,3502,1299.0,Sale,1,20,19,https://www.daivik.in/products/elegant-bloomed-jasmine-flower-artificial-gajra-16-inches?variant=gid://shopify/ProductVariant/47542601154782
2026-07-20 11:17:00,Lakshmi Hook Jhumkas in 2 Colours,Ruby,1813,799.0,Sale,1,17,16,https://www.daivik.in/products/lakshmi-hook-jhumkas-in-2-colours?variant=gid://shopify/ProductVariant/47915824251102
2026-07-20 11:17:00,Openable Peacock Kada with Interchangeable Colour Bangles (10 Shades),2.6,1924,2299.0,Sale,1,11,10,https://www.daivik.in/products/10-in-1-changeable-bangles?variant=gid://shopify/ProductVariant/48422119506142
2026-07-20 11:32:27,Antique Gold Green Stone Necklace with Earrings,Default Title,456,2199.0,Sale,1,29,28,https://www.daivik.in/products/antique-gold-green-stone-necklace-with-earrings?variant=gid://shopify/ProductVariant/44639703204062
2026-07-20 11:47:03,AD Mesh Necklace with Studs in 5 Colours ( Price for Each ),Dark Green,1335,649.0,Sale,1,7,6,https://www.daivik.in/products/ad-mesh-necklace-with-studs-in-5-colours-price-for-each?variant=gid://shopify/ProductVariant/47669942223070
2026-07-20 12:02:42,Gold Finish Motif necklace with earrings,Default Title,910,1099.0,Sale,1,29,28,https://www.daivik.in/products/untitled-sep7_21-09?variant=gid://shopify/ProductVariant/44338668208350
2026-07-20 12:16:59,"Jyothika Mam Inspired AD Green Pendant Necklace (Prices for Short, Long and Combo)",Short,1295,799.0,Sale,1,44,43,https://www.daivik.in/products/jyothika-mam-inspired-ad-green-pendant-necklace?variant=gid://shopify/ProductVariant/47092708573406
2026-07-20 12:32:23,Elegant Bloomed Jasmine Flower Artificial Gajra,8 Inches String - Half Moolam,3502,1299.0,Sale,1,19,18,https://www.daivik.in/products/elegant-bloomed-jasmine-flower-artificial-gajra-16-inches?variant=gid://shopify/ProductVariant/47542601154782
2026-07-20 12:32:23,Jathi Malli Pink Shade Flower Reusable Gajra,8 Inches String - Half Moolam,3501,1299.0,Sold Out,1,1,0,https://www.daivik.in/products/jathi-malli-pink-shade-flower-reusable-gajra-16-inches?variant=gid://shopify/ProductVariant/47542602006750
2026-07-20 12:47:08,Peacock Lakshmi Long Chain with Jhumkas in Two Colors (Prices for Each),Ruby,1270,1099.0,Sale,1,49,48,https://www.daivik.in/products/peacock-lakshmi-long-chain-with-jhumkas?variant=gid://shopify/ProductVariant/46838455337182
2026-07-20 13:02:47,AD Green Bangles,2.8,1514,1299.0,Sale,1,15,14,https://www.daivik.in/products/ad-green-bangles?variant=gid://shopify/ProductVariant/46122760044766
2026-07-20 13:02:47,AD Stone Dark Green Bangles (Price for a Pair),2.8,1577,1499.0,Sale,2,29,27,https://www.daivik.in/products/ad-stone-dark-green-bangles-price-for-a-pair?variant=gid://shopify/ProductVariant/46401149960414
2026-07-20 13:02:47,Victorian Spiral Green AD Bangles,2.8,1853,1499.0,Sale,1,25,24,https://www.daivik.in/products/victorian-spiral-green-ad-bangles?variant=gid://shopify/ProductVariant/48057311559902
2026-07-20 13:02:47,Classic Victorian Green Beads Peacock choker with Balis,Default Title,1382,4299.0,Sale,1,7,6,https://www.daivik.in/products/classic-victorian-green-beads-peacock-choker-with-balis?variant=gid://shopify/ProductVariant/48161484013790
2026-07-20 13:32:34,Rose gold Leaf Necklace with Earrings,Default Title,960,1099.0,Sale,1,18,17,https://www.daivik.in/products/rose-gold-leaf-necklace-with-earrings?variant=gid://shopify/ProductVariant/42098229051614
2026-07-20 13:32:34,Diamond Look alike Floral Necklace with Earrings,Default Title,1293,599.0,Sale,1,7,6,https://www.daivik.in/products/diamond-look-alike-floral-necklace-with-earrings?variant=gid://shopify/ProductVariant/47058250170590
2026-07-20 13:32:34,Invisible Circle AD Chain with Earrings,Ruby Green,1298,699.0,Sale,1,8,7,https://www.daivik.in/products/invisible-circle-ad-chain-with-earrings?variant=gid://shopify/ProductVariant/47653875679454
2026-07-20 13:32:34,Floral Simple Invisible chain,Default Title,207,499.0,Sale,1,23,22,https://www.daivik.in/products/floral-simple-invisible-chain?variant=gid://shopify/ProductVariant/48335603433694
2026-07-20 13:32:34,Double Foam Handmade Artificial Lotus Pink Buds Kunjalam/Hair Extension,Default Title,3543,799.0,Sale,1,25,24,https://www.daivik.in/products/triple-foam-handmade-artificial-lotus-pink-buds-kunjalam-hair-extension?variant=gid://shopify/ProductVariant/48377645465822
2026-07-20 13:32:34,Simple Leaf Invisible Chain,Default Title,377,499.0,Sale,1,19,18,https://www.daivik.in/products/simple-leaf-invisible-chain?variant=gid://shopify/ProductVariant/48434484150494
2026-07-20 13:47:10,Antique Ruby Green Hasli with Balis,Default Title,862,1299.0,Sale,1,17,16,https://www.daivik.in/products/antique-ruby-green-necklace-with-balis?variant=gid://shopify/ProductVariant/44960557859038
2026-07-20 13:47:10,Pearl Kemp Pendant Hasli Necklace with Earrings,Default Title,1312,799.0,Sale,1,12,11,https://www.daivik.in/products/pearl-kemp-pendant-hasli-necklace-with-earrings?variant=gid://shopify/ProductVariant/47082104389854
2026-07-20 14:02:44,Openable Peacock Kada with Interchangeable Colour Bangles (10 Shades),2.8,1924,2299.0,Sale,1,2,1,https://www.daivik.in/products/10-in-1-changeable-bangles?variant=gid://shopify/ProductVariant/48422119538910
2026-07-20 14:32:22,Two Line Antique Lakshmi Chain with Earrings,Coral,1330,699.0,Sale,1,17,16,https://www.daivik.in/products/two-line-antique-lakshmi-chain-with-earrings?variant=gid://shopify/ProductVariant/47652470063326
2026-07-20 14:32:22,AD Pearl Flower Bangles,2.4,1903,1799.0,Sale,1,4,3,https://www.daivik.in/products/ad-pearl-flower-bangle?variant=gid://shopify/ProductVariant/48306973311198
2026-07-20 14:32:22,AD Bangle Combo,2.4,1916,2999.0,Sale,1,2,1,https://www.daivik.in/products/bangles-1?variant=gid://shopify/ProductVariant/48353994047710
2026-07-20 14:47:07,Designer Pearl Two Line Chain,Default Title,1227,599.0,Sale,1,48,47,https://www.daivik.in/products/simple-two-line-chain?variant=gid://shopify/ProductVariant/46301650485470
2026-07-20 15:02:48,3 Line Single-colour Mala with earrings in 3 Colors,Pink,444,2249.0,Sale,1,53,52,https://www.daivik.in/products/3-line-single-colour-mala-with-earrings-in-3-colors?variant=gid://shopify/ProductVariant/45696427622622
2026-07-20 15:02:48,Kemp Jadau Bugadi,Default Title,1601,799.0,Sale,1,27,26,https://www.daivik.in/products/kemp-jadau-bugadi?variant=gid://shopify/ProductVariant/46641514021086
2026-07-20 15:17:02,Rice Pearl Guttapusalu Necklace with Earrings,Default Title,828,999.0,Sale,1,17,16,https://www.daivik.in/products/rice-pearl-guttapusalu-necklace-with-earrings?variant=gid://shopify/ProductVariant/44857554567390
2026-07-20 15:17:02,Two Line swarovski pearl mala,Default Title,1327,999.0,Sale,1,55,54,https://www.daivik.in/products/two-line-swarovski-pearl-mala?variant=gid://shopify/ProductVariant/47621545787614
2026-07-20 15:32:30,Openable Peacock Kada with Interchangeable Colour Bangles (10 Shades),2.6,1924,2299.0,Sale,1,10,9,https://www.daivik.in/products/10-in-1-changeable-bangles?variant=gid://shopify/ProductVariant/48422119506142
2026-07-20 15:47:12,Lakshmi Coin Ruby Necklac,Default Title,1251,999.0,Sale,1,55,54,https://www.daivik.in/products/lakshmi-coin-ruby-necklace?variant=gid://shopify/ProductVariant/46618661748958
2026-07-20 16:02:43,Two line Kids/Adult Pearl Choker with Studs,Default Title,825,999.0,Sale,1,6,5,https://www.daivik.in/products/two-line-kids-adult-pearl-choker-with-studs?variant=gid://shopify/ProductVariant/44815359410398
2026-07-20 16:02:43,Pure Kemp Brass Nose Pin in 3 Colors (Price for Each),White,1772,599.0,Sale,1,35,34,https://www.daivik.in/products/pure-kemp-brass-nose-pin-in-3-colors-price-for-each?variant=gid://shopify/ProductVariant/47796909801694
2026-07-20 16:17:14,Simple Leaf Invisible Chain,Default Title,377,499.0,Sale,1,18,17,https://www.daivik.in/products/simple-leaf-invisible-chain?variant=gid://shopify/ProductVariant/48434484150494
2026-07-20 16:32:29,"Jyothika Mam Inspired AD Green Pendant Necklace (Prices for Short, Long and Combo)",Short,1295,799.0,Sale,1,43,42,https://www.daivik.in/products/jyothika-mam-inspired-ad-green-pendant-necklace?variant=gid://shopify/ProductVariant/47092708573406
2026-07-20 16:32:29,Simple AD Flower Choker with Earrings in 5 Colors (Price for Each),Dark Blue,880,799.0,Sale,1,2,1,https://www.daivik.in/products/simple-ad-choker-with-earrings-in-5-colors?variant=gid://shopify/ProductVariant/48078267777246
2026-07-20 16:32:29,Pure kemp Pearl JadaBillai/ chotti / Hair Accessories,Default Title,1929,2199.0,Sale,1,26,25,https://www.daivik.in/products/pure-kemp-pearl-jadabillai-chotti-hair-accessories-copy?variant=gid://shopify/ProductVariant/48442470236382
2026-07-20 16:47:09,"Ruby Guttapusalu Necklace with earrings (Price for Combo, Short and Long)",Short,962,1499.0,Sale,1,52,51,https://www.daivik.in/products/ruby-guttapusalu-necklace-with-earrings?variant=gid://shopify/ProductVariant/47292618768606
2026-07-20 16:47:09,Lakshmi Jhumkas with Swan Mattals,Default Title,1666,1899.0,Sale,1,4,3,https://www.daivik.in/products/a-5?variant=gid://shopify/ProductVariant/47488954630366
2026-07-20 17:32:38,Simple Mangalsutra With stones,Default Title,670,1099.0,Sale,1,49,48,https://www.daivik.in/products/1-4?variant=gid://shopify/ProductVariant/42679325982942
2026-07-20 17:32:38,Designer AD Hairpin in 4 Styles (Price for Each),4,1654,499.0,Sale,1,3,2,https://www.daivik.in/products/designer-ad-hairpin?variant=gid://shopify/ProductVariant/47451036778718
2026-07-20 17:32:38,Moissanite Mesh Bracelet in 3 Colors (Price for each),Green,1770,999.0,Sale,1,16,15,https://www.daivik.in/products/moissanite-mesh-bracelet-in-3-colors-price-for-each?variant=gid://shopify/ProductVariant/47793500094686
2026-07-20 17:32:38,Moissanite Mesh Bracelet in 3 Colors (Price for each),Pink,1770,999.0,Sale,1,11,10,https://www.daivik.in/products/moissanite-mesh-bracelet-in-3-colors-price-for-each?variant=gid://shopify/ProductVariant/47793500160222
2026-07-20 17:32:38,Victorian Green Bangle Combo (Price for Both Hands),2.4,1931,3299.0,New Arrival,3,0,3,https://www.daivik.in/products/victorian-green-bangle-combo?variant=gid://shopify/ProductVariant/48453374345438
2026-07-20 17:32:38,Victorian Green Bangle Combo (Price for Both Hands),2.6,1931,3299.0,New Arrival,3,0,3,https://www.daivik.in/products/victorian-green-bangle-combo?variant=gid://shopify/ProductVariant/48453374378206
2026-07-20 17:32:38,Victorian Green Bangle Combo (Price for Both Hands),2.8,1931,3299.0,New Arrival,3,0,3,https://www.daivik.in/products/victorian-green-bangle-combo?variant=gid://shopify/ProductVariant/48453374410974
2026-07-20 18:02:48,Premium Three Layer AD Necklace with Earrings in two Colors,Dark Green,219,4499.0,Sale,1,8,7,https://www.daivik.in/products/premium-three-layer-purple-ad-necklace-with-earrings?variant=gid://shopify/ProductVariant/46326480044254
2026-07-20 18:02:48,AD Pendant Flower Necklace with Earrings,Default Title,1266,1699.0,Sale,1,16,15,https://www.daivik.in/products/ad-pendant-flower-necklace-with-earrings?variant=gid://shopify/ProductVariant/46813927243998
2026-07-20 18:02:48,Antique kids Jhumkas,Default Title,1683,799.0,Sale,1,15,14,https://www.daivik.in/products/antique-kids-jhumkas-1?variant=gid://shopify/ProductVariant/47521442529502
2026-07-20 18:02:48,Carved Moissanite Necklace with Earrings,Default Title,282,1299.0,Sale,1,36,35,https://www.daivik.in/products/carved-moissanite-necklace-with-earrings?variant=gid://shopify/ProductVariant/47758182514910
2026-07-20 18:02:48,Antique Flexible Free size Kada,Default Title,1897,499.0,Sale,2,7,5,https://www.daivik.in/products/antique-flexible-free-size-kada?variant=gid://shopify/ProductVariant/48287951978718
2026-07-20 18:02:48,Pachi Pearl Jali Necklace,Default Title,491,2999.0,Sold Out,1,1,0,https://www.daivik.in/products/pachi-pearl-jali-necklace?variant=gid://shopify/ProductVariant/48400077258974
2026-07-20 18:17:10,Small Tribal Bali Jhumka,Default Title,3,799.0,Sale,1,12,11,https://www.daivik.in/products/small-tribal-bali-jhumka?variant=gid://shopify/ProductVariant/36547713302681
2026-07-20 18:17:10,Kids/Adults mini choker,Default Title,768,1499.0,Sale,1,13,12,https://www.daivik.in/products/kids-mini-choker?variant=gid://shopify/ProductVariant/40510053089433
2026-07-20 18:17:10,Cluster Pearl Necklace with earrings ( Price for each),White Pearl,257,1499.0,Sale,1,18,17,https://www.daivik.in/products/a-2?variant=gid://shopify/ProductVariant/44437456519390
2026-07-20 18:17:10,Sri Balaji Heritage Choker with Studs,Default Title,841,799.0,Sale,1,26,25,https://www.daivik.in/products/sri-balaji-heritage-choker-with-studs?variant=gid://shopify/ProductVariant/48289643102430
2026-07-20 18:17:10,3D Ganesha Invisible chain with Earrings,Default Title,562,799.0,Sale,1,15,14,https://www.daivik.in/products/3d-ganesha-invisible-chain-with-earrings?variant=gid://shopify/ProductVariant/48337665851614
2026-07-20 18:32:21,Golden Ad bangles,2.4,905,1299.0,Sale,1,41,40,https://www.daivik.in/products/golden-ad-bangles?variant=gid://shopify/ProductVariant/41342828413081
2026-07-20 18:32:21,White stone bangles (4 bangles),2.4,951,999.0,Sale,1,47,46,https://www.daivik.in/products/white-stone-bangles-4-bangles?variant=gid://shopify/ProductVariant/42060601163998
2026-07-20 18:32:21,Set of 4 green bangles,2.4,113,1299.0,Sale,1,53,52,https://www.daivik.in/products/set-of-4-green-bangles?variant=gid://shopify/ProductVariant/42350496121054
2026-07-20 18:32:21,Simple Pearl Kemp choker with Earrings in 2 variants,Ruby,327,649.0,Sale,1,3,2,https://www.daivik.in/products/simple-pearl-kemp-choker-with-earrings-in-2-variants?variant=gid://shopify/ProductVariant/44661107032286
2026-07-20 18:32:21,Kemp Lotus Ghungroo beads Adigai with Jhumkas,Default Title,111,1399.0,Sale,1,15,14,https://www.daivik.in/products/kemp-lotus-ghungroo-beads-adigai-with-jhumkas?variant=gid://shopify/ProductVariant/45453369540830
2026-07-20 18:32:21,Pure kemp Jadau Jhumkas with Pearl Mattal,Ruby,1540,3699.0,Sale,1,15,14,https://www.daivik.in/products/pure-kemp-jadau-jhumkas-with-mattal?variant=gid://shopify/ProductVariant/47069494870238
2026-07-20 18:32:21,AD Stone Ruby Bangles (Price for a Pair),2.4,1576,1499.0,Sale,1,48,47,https://www.daivik.in/products/ad-stone-ruby-bangles-price-for-a-pair?variant=gid://shopify/ProductVariant/46401149731038
2026-07-20 18:32:21,AD Stone Dark Green Bangles (Price for a Pair),2.4,1577,1499.0,Sale,1,48,47,https://www.daivik.in/products/ad-stone-dark-green-bangles-price-for-a-pair?variant=gid://shopify/ProductVariant/46401149894878
2026-07-20 18:32:21,Carved Moissanite Necklace with Earrings,Default Title,282,1299.0,Sale,1,35,34,https://www.daivik.in/products/carved-moissanite-necklace-with-earrings?variant=gid://shopify/ProductVariant/47758182514910
2026-07-20 18:32:21,Antique Flexible Free size Kada,Default Title,1897,499.0,Sale,1,5,4,https://www.daivik.in/products/antique-flexible-free-size-kada?variant=gid://shopify/ProductVariant/48287951978718
2026-07-20 18:47:15,Jathi Malli Pink Shade Flower Reusable Gajra,16 Inches String - Full Moolam,3501,2499.0,Sale,1,3,2,https://www.daivik.in/products/jathi-malli-pink-shade-flower-reusable-gajra-16-inches?variant=gid://shopify/ProductVariant/47542602039518
2026-07-20 18:47:15,Elegant Bloomed Jasmine Flower Artificial Gajra,8 Inches String - Half Moolam,3502,1299.0,Sale,1,18,17,https://www.daivik.in/products/elegant-bloomed-jasmine-flower-artificial-gajra-16-inches?variant=gid://shopify/ProductVariant/47542601154782
2026-07-20 19:02:44,Uncut Kemp Vintage Necklace With Earrings,Default Title,400,1749.0,Sale,1,53,52,https://www.daivik.in/products/pure-uncut-kemp-vintage-necklace-with-earrings?variant=gid://shopify/ProductVariant/44178228478174
2026-07-20 20:17:06,"Ruby Guttapusalu Necklace with earrings (Price for Combo, Short and Long)",Short,962,1499.0,Sale,1,51,50,https://www.daivik.in/products/ruby-guttapusalu-necklace-with-earrings?variant=gid://shopify/ProductVariant/47292618768606
2026-07-20 20:32:24,AD RubyGreen Jhumkas with attached Mattals,Default Title,920,999.0,Sale,1,33,32,https://www.daivik.in/products/ad-rubygreen-jhumkas-with-attached-mattel-s?variant=gid://shopify/ProductVariant/45363709771998
2026-07-20 21:32:16,Invisible Circle AD Chain with Earrings,Ruby Green,1298,699.0,Sale,1,7,6,https://www.daivik.in/products/invisible-circle-ad-chain-with-earrings?variant=gid://shopify/ProductVariant/47653875679454
2026-07-20 21:32:16,Simple Leaf Invisible Chain,Default Title,377,499.0,Sale,1,17,16,https://www.daivik.in/products/simple-leaf-invisible-chain?variant=gid://shopify/ProductVariant/48434484150494
2026-07-20 23:47:10,Victorian AD Necklace with Earrings in Four Colors,Ruby,190,1799.0,Sale,1,12,11,https://www.daivik.in/products/victorian-ad-necklace-with-earrings-in-two-colors?variant=gid://shopify/ProductVariant/45910584525022
2026-07-20 23:47:10,Diwali Sale Bangles D25701,2.8,D25701,1199.0,Sale,1,9,8,https://www.daivik.in/products/diwali-sale-bangles-d25701?variant=gid://shopify/ProductVariant/47542913892574
2026-07-21 00:47:03,Parrot Pearl Bugadi/Top Earrings,Default Title,1892,699.0,Sale,1,26,25,https://www.daivik.in/products/parrot-pearl-bugadi-top-earrings?variant=gid://shopify/ProductVariant/48282345799902
2026-07-21 00:47:03,Kundan Layered Pearl Premium Hair Pin/Chotti,Default Title,1912,1799.0,Sale,1,24,23,https://www.daivik.in/products/kundan-layered-pearl-premium-hair-pin-chotti?variant=gid://shopify/ProductVariant/48337208475870
2026-07-21 01:17:06,3D Ganesha Invisible chain with Earrings,Default Title,562,799.0,Sale,1,14,13,https://www.daivik.in/products/3d-ganesha-invisible-chain-with-earrings?variant=gid://shopify/ProductVariant/48337665851614
2026-07-21 01:17:06,Invisible Ganesha Chain in Two Colors,Baby Pink,672,999.0,Sale,1,2,1,https://www.daivik.in/products/invisible-green-ganesha-chain?variant=gid://shopify/ProductVariant/48447550390494
2026-07-21 02:32:29,AD Stone Ruby Bangles (Price for a Pair),2.6,1576,1499.0,Sale,1,54,53,https://www.daivik.in/products/ad-stone-ruby-bangles-price-for-a-pair?variant=gid://shopify/ProductVariant/46401149763806
2026-07-21 02:32:29,AD Stone Bangles (Price for a Pair),2.6,1579,1499.0,Sale,1,46,45,https://www.daivik.in/products/ad-stone-bangles-price-for-a-pair?variant=gid://shopify/ProductVariant/46401150222558
2026-07-21 03:02:45,Kemp Bugadi Top Earrings,3,1569,1299.0,Sale,1,12,11,https://www.daivik.in/products/kemp-bugadi-side-earrings?variant=gid://shopify/ProductVariant/46340555374814
2026-07-21 03:02:45,Pure Kemp Brass Nose Pin in 3 Colors (Price for Each),Ruby,1772,599.0,Sale,1,11,10,https://www.daivik.in/products/pure-kemp-brass-nose-pin-in-3-colors-price-for-each?variant=gid://shopify/ProductVariant/47796909736158
2026-07-21 03:02:45,Pure Kemp Brass Nose Pin in 3 Colors (Price for Each),White,1772,599.0,Sale,1,34,33,https://www.daivik.in/products/pure-kemp-brass-nose-pin-in-3-colors-price-for-each?variant=gid://shopify/ProductVariant/47796909801694
2026-07-21 03:16:59,Invisible Flower Chain with Earrings in Two Variants (Price for Each),Purple,309,799.0,Sale,1,52,51,https://www.daivik.in/products/invisible-flower-chain-with-earrings-in-two-vaiants-price-for-each?variant=gid://shopify/ProductVariant/46622024335582
2026-07-21 03:16:59,Antique Lakshmi Pearl Hanging Necklace with Balis,Default Title,870,3599.0,Sale,1,12,11,https://www.daivik.in/products/antique-lakshmi-pearl-hanging-necklace-with-balis?variant=gid://shopify/ProductVariant/47797500575966
2026-07-21 03:32:19,Kemp Lotus Ghungroo beads Adigai with Jhumkas,Default Title,111,1399.0,Sale,1,14,13,https://www.daivik.in/products/kemp-lotus-ghungroo-beads-adigai-with-jhumkas?variant=gid://shopify/ProductVariant/45453369540830
2026-07-21 03:32:19,Lakshmi Coin Ruby Necklac,Default Title,1251,999.0,Sale,1,54,53,https://www.daivik.in/products/lakshmi-coin-ruby-necklace?variant=gid://shopify/ProductVariant/46618661748958
2026-07-21 04:02:35,AD Regular wear Floral Bangles,2.8,384,999.0,Sale,1,6,5,https://www.daivik.in/products/ad-regular-wear-floral-bangles?variant=gid://shopify/ProductVariant/44051453444318
2026-07-21 04:02:35,Kemp studs with pearl detailing,Default Title,251,699.0,Sale,1,6,5,https://www.daivik.in/products/kemp-studs-with-pearl-detailing?variant=gid://shopify/ProductVariant/44284805513438
2026-07-21 04:02:35,Kemp Peacock AD Flower pendant chain with jhumkas,Default Title,291,799.0,Sale,1,41,40,https://www.daivik.in/products/kemp-peacock-ad-flower-pendant-chain-with-jhumkas?variant=gid://shopify/ProductVariant/45488983998686
2026-07-21 04:02:35,Kids / Adult Kemp Jhumkas,Default Title,1777,799.0,Sale,1,28,27,https://www.daivik.in/products/kids-adult-kemp-jhumkas?variant=gid://shopify/ProductVariant/47821038485726
2026-07-21 04:02:35,Elakkathali Ruby Choker with Earrings,Default Title,485,899.0,Restock,56,0,56,https://www.daivik.in/products/elakkathali-ruby-choker-with-earrings?variant=gid://shopify/ProductVariant/48403799408862
2026-07-21 04:17:00,Kemp Pearl Jadau Nose Pin/Nath in 5 Colors (Price for Each),Ruby,1672,599.0,Sale,1,45,44,https://www.daivik.in/products/kemp-pearl-jadau-nose-pin-nath-in-5-colors-price-for-each?variant=gid://shopify/ProductVariant/47496591802590
2026-07-21 04:17:00,Openable Peacock Kada with Interchangeable Colour Bangles (10 Shades),2.4,1924,2299.0,Sale,1,2,1,https://www.daivik.in/products/10-in-1-changeable-bangles?variant=gid://shopify/ProductVariant/48422119473374
2026-07-21 04:46:53,Kids/Adults mini choker,Default Title,768,1499.0,Sale,1,12,11,https://www.daivik.in/products/kids-mini-choker?variant=gid://shopify/ProductVariant/40510053089433
2026-07-21 04:46:53,Simple Victorian bangles,2.8,586,1299.0,Sale,1,8,7,https://www.daivik.in/products/a-57?variant=gid://shopify/ProductVariant/44223917195486
2026-07-21 05:02:40,Elephant Guttaspusalu necklace in 5 variants,Dark green,901,1699.0,Sale,1,8,7,https://www.daivik.in/products/elephant-guttaspusalu-necklace-in-5-variants?variant=gid://shopify/ProductVariant/43467306664158
2026-07-21 05:02:40,Lakshmi Teeka Collection in 4 Variants (Price for Each),4,583,1099.0,Sale,1,7,6,https://www.daivik.in/products/lakshmi-teeka-collection-in-4-variants-price-for-each?variant=gid://shopify/ProductVariant/45752890261726
2026-07-21 05:02:40,Invisible AD Leaf Necklace with Earrings in two Colors (Price for Each),Ruby Green,982,699.0,Sale,1,29,28,https://www.daivik.in/products/invisible-ad-leaf-necklace-with-earrings-in-two-colors-price-for-each?variant=gid://shopify/ProductVariant/46601934045406
2026-07-21 05:02:40,"Jyothika Mam Inspired AD Green Pendant Necklace (Prices for Short, Long and Combo)",Combo,1295,1999.0,Sale,1,14,13,https://www.daivik.in/products/jyothika-mam-inspired-ad-green-pendant-necklace?variant=gid://shopify/ProductVariant/47092708638942
2026-07-21 05:02:40,AD Flower Layer Jhumkas,Green,1663,599.0,Sale,1,17,16,https://www.daivik.in/products/ad-flower-layer-jhumkas?variant=gid://shopify/ProductVariant/47471681732830
2026-07-21 05:02:40,Jathi Malli Pink Shade Flower Reusable Gajra,8 Inches String - Half Moolam,3501,1299.0,Restock,5,0,5,https://www.daivik.in/products/jathi-malli-pink-shade-flower-reusable-gajra-16-inches?variant=gid://shopify/ProductVariant/47542602006750
2026-07-21 05:02:40,AD Flower Invisible Chain with Earrings,Default Title,999,499.0,Sale,1,53,52,https://www.daivik.in/products/ad-flower-invisible-chain-with-earrings?variant=gid://shopify/ProductVariant/47868705702110
2026-07-21 05:02:40,Ruby Green Pearl Jali Necklace,Default Title,860,1799.0,Sale,3,19,16,https://www.daivik.in/products/ruby-green-pearl-jali-necklace?variant=gid://shopify/ProductVariant/48443125137630
2026-07-21 05:17:06,Simple peacock motif Mattals,Default Title,612,1299.0,Restock,24,32,56,https://www.daivik.in/products/simple-peacock-motif-mattals?variant=gid://shopify/ProductVariant/38087335542937
2026-07-21 05:17:06,AD flower Mattals,Default Title,677,1599.0,Restock,25,31,56,https://www.daivik.in/products/ad-flower-mattals?variant=gid://shopify/ProductVariant/39619863019673
2026-07-21 05:17:06,Traditional Teeka in 2 variants,2,756,699.0,Restock,17,0,17,https://www.daivik.in/products/traditional-teeka-in-2-variants-1?variant=gid://shopify/ProductVariant/40399475310745
2026-07-21 05:17:06,Ruby AD Jhumkas with Attached Mattal,Default Title,589,1199.0,Restock,50,0,50,https://www.daivik.in/products/ruby-ad-jhumkas-with-attached-mattal?variant=gid://shopify/ProductVariant/44358526632158
2026-07-21 05:17:06,Navarathna Droplet Necklace with Earrings,Default Title,573,1999.0,Sale,1,32,31,https://www.daivik.in/products/navarathna-droplet-necklace-with-earrings?variant=gid://shopify/ProductVariant/44769327874270
2026-07-21 05:17:06,Antique Floral Anklets,Default Title,63,1299.0,Restock,19,37,56,https://www.daivik.in/products/antique-floral-anklets?variant=gid://shopify/ProductVariant/46512599269598
2026-07-21 05:17:06,Simple Antique Anklets in 4 Variants (Price for a Pair),4,1592,499.0,Restock,56,0,56,https://www.daivik.in/products/simple-anklets-in-4-variants-price-for-a-pair?variant=gid://shopify/ProductVariant/46623689539806
2026-07-21 05:17:06,Premium AD layered Droplet Earrings,Default Title,1603,1699.0,Restock,13,17,30,https://www.daivik.in/products/premium-ad-layered-droplet-earrings?variant=gid://shopify/ProductVariant/46662363939038
2026-07-21 05:17:06,Handmade Lotus Flower U Pin,5,3539,799.0,Sale,1,16,15,https://www.daivik.in/products/handmade-lotus-flower-u-pin?variant=gid://shopify/ProductVariant/48294879297758
2026-07-21 05:17:06,Openable Peacock Kada with Interchangeable Colour Bangles (10 Shades),2.4,1924,2299.0,Restock,9,1,10,https://www.daivik.in/products/10-in-1-changeable-bangles?variant=gid://shopify/ProductVariant/48422119473374
2026-07-21 05:17:06,Openable Peacock Kada with Interchangeable Colour Bangles (10 Shades),2.6,1924,2299.0,Sale,2,9,7,https://www.daivik.in/products/10-in-1-changeable-bangles?variant=gid://shopify/ProductVariant/48422119506142
2026-07-21 05:17:06,Openable Peacock Kada with Interchangeable Colour Bangles (10 Shades),2.8,1924,2299.0,Restock,4,1,5,https://www.daivik.in/products/10-in-1-changeable-bangles?variant=gid://shopify/ProductVariant/48422119538910
2026-07-21 05:47:09,Set of 6 AD Bangles,2.6,516,1799.0,Sale,1,4,3,https://www.daivik.in/products/set-of-6-ad-bangles?variant=gid://shopify/ProductVariant/42181007671518
2026-07-21 05:47:09,Lakshmi Ruby Green bangles (Set of 4),2.6,908,1299.0,Sale,1,15,14,https://www.daivik.in/products/lakshmi-rubygreen-bangles-set-of-4?variant=gid://shopify/ProductVariant/45355639931102
2026-07-21 06:02:43,AD Mossanite Pearl JadaBillai/ chotti / Hair Accessories,Default Title,1886,2999.0,Restock,10,0,10,https://www.daivik.in/products/ad-mossanite-pearl-jadabillai-chotti-hair-accessories?variant=gid://shopify/ProductVariant/48256963969246
2026-07-21 06:17:05,Two line Kids/Adult Pearl Choker with Studs,Default Title,825,999.0,Sale,1,5,4,https://www.daivik.in/products/two-line-kids-adult-pearl-choker-with-studs?variant=gid://shopify/ProductVariant/44815359410398
2026-07-21 06:17:05,AD Hipchain,Default Title,1614,2699.0,Sale,1,8,7,https://www.daivik.in/products/ad-hipbelt?variant=gid://shopify/ProductVariant/46998726443230
2026-07-21 06:17:05,Invisible Ganesha Chain in Two Colors,Baby Pink,672,999.0,Restock,19,1,20,https://www.daivik.in/products/invisible-green-ganesha-chain?variant=gid://shopify/ProductVariant/48447550390494
2026-07-21 06:17:05,Lakshmi Coin Necklace,Default Title,176,1899.0,Sale,4,29,25,https://www.daivik.in/products/lakshmi-coin-necklace-1?variant=gid://shopify/ProductVariant/48448997163230
2026-07-21 06:17:05,Palakka Lakshmi Coin Necklace,Default Title,529,1299.0,Sale,8,18,10,https://www.daivik.in/products/palakka-lakshmi-coin-necklace?variant=gid://shopify/ProductVariant/48448997294302
2026-07-21 06:32:24,Invisible AD Leaf Necklace with Earrings in two Colors (Price for Each),Ruby Green,982,699.0,Sale,1,28,27,https://www.daivik.in/products/invisible-ad-leaf-necklace-with-earrings-in-two-colors-price-for-each?variant=gid://shopify/ProductVariant/46601934045406
2026-07-21 06:32:24,Elegant Bloomed Jasmine Flower Artificial Gajra,8 Inches String - Half Moolam,3502,1299.0,Sale,1,17,16,https://www.daivik.in/products/elegant-bloomed-jasmine-flower-artificial-gajra-16-inches?variant=gid://shopify/ProductVariant/47542601154782
2026-07-21 06:32:24,Elegant Bloomed Jasmine Flower Artificial Gajra,16 Inches String - Full Moolam,3502,2599.0,Restock,10,0,10,https://www.daivik.in/products/elegant-bloomed-jasmine-flower-artificial-gajra-16-inches?variant=gid://shopify/ProductVariant/47542601187550
2026-07-21 06:32:24,Elegant Jasmine/Mullai Flower Artificial Gajra,8 Inches String - Half Moolam,3507,1299.0,Restock,30,0,30,https://www.daivik.in/products/elegant-jasmine-mullai-flower-artificial-gajra-16-inches?variant=gid://shopify/ProductVariant/47542601515230
2026-07-21 06:32:24,Elegant Jasmine/Mullai Flower Artificial Gajra,16 Inches String - Full Moolam,3507,2599.0,Restock,20,0,20,https://www.daivik.in/products/elegant-jasmine-mullai-flower-artificial-gajra-16-inches?variant=gid://shopify/ProductVariant/47542601547998
2026-07-21 06:32:24,Elakkathali Coin Ruby Green Choker with Earrings,Default Title,602,899.0,Sale,1,43,42,https://www.daivik.in/products/elakkathali-coin-ruby-green-choker-with-earrings?variant=gid://shopify/ProductVariant/48437245870302
2026-07-21 06:48:38,Flower Antique RubyGreen Necklace with Earrings,Short & long combo,754,3099.0,Sale,1,2,1,https://www.daivik.in/products/flower-antique-rubygreen-necklace-with-earrings?variant=gid://shopify/ProductVariant/44759762174174
2026-07-21 06:48:38,AD Doublet stone Designer Earrings,Green,102,999.0,Sale,1,24,23,https://www.daivik.in/products/ad-doublet-stone-designer-earrings?variant=gid://shopify/ProductVariant/45291773755614
2026-07-21 06:48:38,Lakshmi Jhumkas with Swan Mattals,Default Title,1666,1899.0,Sale,1,3,2,https://www.daivik.in/products/a-5?variant=gid://shopify/ProductVariant/47488954630366
2026-07-21 06:48:38,Jathi Malli Pink Shade Flower Reusable Gajra,8 Inches String - Half Moolam,3501,1299.0,Sale,1,5,4,https://www.daivik.in/products/jathi-malli-pink-shade-flower-reusable-gajra-16-inches?variant=gid://shopify/ProductVariant/47542602006750
2026-07-21 06:48:38,AD Green Bangle Combo (Price for Both Hands),2.4,1785,3999.0,Sale,1,5,4,https://www.daivik.in/products/ad-green-bangle-combo-price-for-both-hands?variant=gid://shopify/ProductVariant/47834299367646
2026-07-21 07:02:40,Antique Gold Lakshmi Temple Necklace with Earrings,Default Title,968,2499.0,Sale,1,2,1,https://www.daivik.in/products/antique-gold-lakshmi-temple-necklace-with-earrings?variant=gid://shopify/ProductVariant/48422274859230
2026-07-21 07:32:21,Openable Peacock Kada with Interchangeable Colour Bangles (10 Shades),2.6,1924,2299.0,Sale,2,7,5,https://www.daivik.in/products/10-in-1-changeable-bangles?variant=gid://shopify/ProductVariant/48422119506142
2026-07-21 07:47:07,3 line Gold pearl Short chain,Default Title,885,799.0,Sale,1,12,11,https://www.daivik.in/products/3-line-gold-pearl-short-chain?variant=gid://shopify/ProductVariant/41237185036441
2026-07-21 07:47:07,Affordable Meenakari Temple Lotus Lakshmi Long Chain with Earrings,Default Title,1367,799.0,Sale,1,19,18,https://www.daivik.in/products/affordable-meenakari-temple-lotus-lakshmi-long-chain-with-earrings-1?variant=gid://shopify/ProductVariant/47961525747934
2026-07-21 07:47:07,Kemp Jhumkas with kemp Mattal,Default Title,1874,1499.0,Sale,1,12,11,https://www.daivik.in/products/kemp-jhumkas-with-kemp-mattal?variant=gid://shopify/ProductVariant/48143141667038
2026-07-21 07:47:07,Antique Chakra Hipchain,Default Title,1902,2199.0,Sale,1,9,8,https://www.daivik.in/products/antique-chakra-hipchain?variant=gid://shopify/ProductVariant/48292341252318
2026-07-21 07:47:07,Elakkathali Coin Ruby Green Choker with Earrings,Default Title,602,899.0,Sale,1,42,41,https://www.daivik.in/products/elakkathali-coin-ruby-green-choker-with-earrings?variant=gid://shopify/ProductVariant/48437245870302
2026-07-21 08:02:42,Jathi Malli Pink Shade Flower Reusable Gajra,8 Inches String - Half Moolam,3501,1299.0,Sale,1,4,3,https://www.daivik.in/products/jathi-malli-pink-shade-flower-reusable-gajra-16-inches?variant=gid://shopify/ProductVariant/47542602006750
2026-07-21 08:17:14,Guttaspusalu Long Haram With Cluster of Pearls,Default Title,215,3499.0,Sale,1,9,8,https://www.daivik.in/products/215?variant=gid://shopify/ProductVariant/34432330399897
2026-07-21 08:17:14,Kemp Brass floral Hipbelt,Default Title,240,4499.0,Sale,1,7,6,https://www.daivik.in/products/g?variant=gid://shopify/ProductVariant/42894130774238
2026-07-21 08:17:14,Simple Ruby Green Flower Anklet,Default Title,1504,599.0,Sale,1,25,24,https://www.daivik.in/products/simple-ruby-green-flower-anklet?variant=gid://shopify/ProductVariant/45977990037726
2026-07-21 08:17:14,Peacock Pearl Bugadi/Top Earrings,Default Title,1894,699.0,Sale,1,29,28,https://www.daivik.in/products/peacock-pearl-bugadi-top-earrings?variant=gid://shopify/ProductVariant/48282361069790
2026-07-21 08:17:14,Handmade Lotus Flower U Pin,1,3539,199.0,Sale,4,6,2,https://www.daivik.in/products/handmade-lotus-flower-u-pin?variant=gid://shopify/ProductVariant/48294879232222
2026-07-21 08:17:14,Regular Use Stone Set Of Four Bangles,2.4,199,1499.0,Sold Out,1,1,0,https://www.daivik.in/products/199?variant=gid://shopify/ProductVariant/34430554472601
2026-07-21 08:32:24,AD RubyGreen Jhumkas with attached Mattals,Default Title,920,999.0,Sale,1,32,31,https://www.daivik.in/products/ad-rubygreen-jhumkas-with-attached-mattel-s?variant=gid://shopify/ProductVariant/45363709771998
2026-07-21 08:32:24,Lakshmi Coin Ruby Necklac,Default Title,1251,999.0,Sale,1,53,52,https://www.daivik.in/products/lakshmi-coin-ruby-necklace?variant=gid://shopify/ProductVariant/46618661748958
2026-07-21 08:32:24,Kemp Bangle Combo (Price for Both Hands),2.6,1804,2999.0,Sale,1,5,4,https://www.daivik.in/products/b-3?variant=gid://shopify/ProductVariant/47880825503966
2026-07-21 08:32:24,Sri Balaji Heritage Choker with Studs,Default Title,841,799.0,Sale,1,25,24,https://www.daivik.in/products/sri-balaji-heritage-choker-with-studs?variant=gid://shopify/ProductVariant/48289643102430
2026-07-21 08:32:24,Victorian Flower Pendant Necklace with Earrings,Default Title,283,3499.0,Sale,1,4,3,https://www.daivik.in/products/victorian-flower-pendant-necklace-with-earrings?variant=gid://shopify/ProductVariant/48423947796702
2026-07-21 08:47:09,Simple and small pure kemp jhumkas,Default Title,656,1199.0,Sale,1,28,27,https://www.daivik.in/products/simple-and-small-pure-kemp-jhumkas?variant=gid://shopify/ProductVariant/39434836574361
2026-07-21 08:47:09,Simple Mangalsutra With stones,Default Title,670,1099.0,Sale,1,48,47,https://www.daivik.in/products/1-4?variant=gid://shopify/ProductVariant/42679325982942
2026-07-21 08:47:09,AD Pendant Flower Necklace with Earrings,Default Title,1266,1699.0,Sale,1,15,14,https://www.daivik.in/products/ad-pendant-flower-necklace-with-earrings?variant=gid://shopify/ProductVariant/46813927243998
2026-07-21 09:02:42,Pure Kemp Lotus Jhumka with Mattals,Default Title,1763,1499.0,Sale,1,20,19,https://www.daivik.in/products/pure-kemp-lotus-jhumka-with-mattals?variant=gid://shopify/ProductVariant/47777295696094
2026-07-21 09:16:59,"Mango Lakshmi Short and Long Coin Necklace with Earrings (Separate Prices for Short, Long and Combo)",Combo,687,1799.0,Sale,1,42,41,https://www.daivik.in/products/mango-lakshmi-short-and-long-coin-necklace-with-earrings?variant=gid://shopify/ProductVariant/47005411377374
2026-07-21 10:32:28,Simple peacock motif necklace with earrings,Default Title,691,1199.0,Sale,1,53,52,https://www.daivik.in/products/simple-peacock-motif-necklace-with-earrings?variant=gid://shopify/ProductVariant/39678792368281
2026-07-21 10:46:59,Pure premium Kemp Brass Jhumkas,Default Title,993,1499.0,Sale,1,45,44,https://www.daivik.in/products/pure-premium-kemp-brass-jhumkas?variant=gid://shopify/ProductVariant/42328076943582
2026-07-21 11:02:42,AD Stone Motif Bangles,2.8,268,1399.0,Sale,1,21,20,https://www.daivik.in/products/ad-stone-motif-bangles?variant=gid://shopify/ProductVariant/34498045214873
2026-07-21 11:02:42,Heavy Pure Kemp Brass Green Kada,2.8,1617,4499.0,Sale,1,2,1,https://www.daivik.in/products/heavy-pure-kemp-brass-green-kada?variant=gid://shopify/ProductVariant/47016994504926
2026-07-21 11:02:42,Parrot Pearl Bugadi/Top Earrings,Default Title,1892,699.0,Sale,1,25,24,https://www.daivik.in/products/parrot-pearl-bugadi-top-earrings?variant=gid://shopify/ProductVariant/48282345799902
2026-07-21 11:02:42,Peacock Pearl Bugadi/Top Earrings,Default Title,1894,699.0,Sale,1,28,27,https://www.daivik.in/products/peacock-pearl-bugadi-top-earrings?variant=gid://shopify/ProductVariant/48282361069790
2026-07-21 11:02:42,Ruby Green Pearl Jali Necklace,Default Title,860,1799.0,Sale,1,16,15,https://www.daivik.in/products/ruby-green-pearl-jali-necklace?variant=gid://shopify/ProductVariant/48443125137630
2026-07-21 11:17:12,Simple Mangalsutra With stones,Default Title,670,1099.0,Sale,1,47,46,https://www.daivik.in/products/1-4?variant=gid://shopify/ProductVariant/42679325982942
2026-07-21 11:17:12,Onam Special Three Layer Lakshmi Coin Necklace with Earrings,Default Title,1310,599.0,Sale,1,18,17,https://www.daivik.in/products/three-layer-lakshmi-coin-necklace-with-earrings?variant=gid://shopify/ProductVariant/47082104094942
2026-07-21 11:32:30,Peacock White Pearl Jhumkas,Default Title,1525,1299.0,Sale,1,33,32,https://www.daivik.in/products/peacock-white-pearl-jhumkas?variant=gid://shopify/ProductVariant/46171746336990
2026-07-21 11:32:30,Kemp Small Loop Earrings in 2 Colors (Price for Each),Green,1868,999.0,Sale,1,20,19,https://www.daivik.in/products/kemp-small-loop-earrings-in-2-colors-price-for-each?variant=gid://shopify/ProductVariant/48116579565790
2026-07-21 11:32:30,Handmade Lotus Flower U Pin,1,3539,199.0,Sale,1,2,1,https://www.daivik.in/products/handmade-lotus-flower-u-pin?variant=gid://shopify/ProductVariant/48294879232222
2026-07-21 11:32:30,Real Look alike Foam Handmade Pink Lotus Buds Kunjalam and Malli Lotus Center Hair Clip Combo,Default Title,3541,1599.0,Sale,1,17,16,https://www.daivik.in/products/real-look-alike-foam-handmade-pink-lotus-buds-kunjalam-and-malli-lotus-center-hair-clip-combo?variant=gid://shopify/ProductVariant/48377569640670
2026-07-21 11:32:30,Simple Leaf Invisible Chain,Default Title,377,499.0,Sale,1,16,15,https://www.daivik.in/products/simple-leaf-invisible-chain?variant=gid://shopify/ProductVariant/48434484150494
2026-07-21 12:02:42,AD Pendant Flower Necklace with Earrings,Default Title,1266,1699.0,Sale,1,14,13,https://www.daivik.in/products/ad-pendant-flower-necklace-with-earrings?variant=gid://shopify/ProductVariant/46813927243998
2026-07-21 12:17:12,Pure Kemp Peacock Jhumkas With Mattals,Default Title,323,2599.0,Sale,1,12,11,https://www.daivik.in/products/pure-kemp-peacock-jhumkas-with-mattals?variant=gid://shopify/ProductVariant/35380334592153
2026-07-21 12:32:23,Diamond Look Alike Hasli Necklace with Earrings,Default Title,1388,1399.0,Sale,1,14,13,https://www.daivik.in/products/a-31?variant=gid://shopify/ProductVariant/48267346772190
2026-07-21 12:47:08,Pearl Kemp Pendant Hasli Necklace with Earrings,Default Title,1312,799.0,Sale,1,11,10,https://www.daivik.in/products/pearl-kemp-pendant-hasli-necklace-with-earrings?variant=gid://shopify/ProductVariant/47082104389854
2026-07-21 13:02:41,Affordable Meenakari Temple Lotus Lakshmi Long Chain with Earrings,Default Title,1367,799.0,Sale,1,18,17,https://www.daivik.in/products/affordable-meenakari-temple-lotus-lakshmi-long-chain-with-earrings-1?variant=gid://shopify/ProductVariant/47961525747934
2026-07-21 13:02:41,Openable Peacock Kada with Interchangeable Colour Bangles (10 Shades),2.6,1924,2299.0,Sale,1,5,4,https://www.daivik.in/products/10-in-1-changeable-bangles?variant=gid://shopify/ProductVariant/48422119506142
2026-07-21 13:17:11,GJ Polish Designer Bracelets in 4 Styles (Price for Each),2,1640,1299.0,Sale,1,4,3,https://www.daivik.in/products/gj-polish-designer-bracelets-in-4-styles-price-for-each?variant=gid://shopify/ProductVariant/47250092556510
2026-07-21 13:47:08,AD Lakshmi Necklace with Earrings,Default Title,118,2199.0,Sale,1,2,1,https://www.daivik.in/products/1-1?variant=gid://shopify/ProductVariant/42679268770014
2026-07-21 13:47:08,AD Polish Hipbelt in 2 colours,Ruby,501,6999.0,Sale,1,11,10,https://www.daivik.in/products/a-69?variant=gid://shopify/ProductVariant/44158514069726
2026-07-21 14:02:45,Simple Kemp Choker Necklace in 5 variants,Ruby green,911,1299.0,Sale,1,9,8,https://www.daivik.in/products/simple-kemp-choker-necklace-in-5-variants?variant=gid://shopify/ProductVariant/41372165898393
2026-07-21 14:02:45,Simple Copper Pearl Necklace with Earrings,Default Title,855,999.0,Sale,1,53,52,https://www.daivik.in/products/simple-copper-pearl-necklace-with-earrings?variant=gid://shopify/ProductVariant/45158978093278
2026-07-21 14:02:45,Antique Lakshmi Jada Billa (Price for 1 pc),Default Title,1918,499.0,Sale,1,23,22,https://www.daivik.in/products/antique-lakshmi-jada-billa-price-for-1-pc?variant=gid://shopify/ProductVariant/48378829111518
2026-07-21 14:17:20,AD Diamond look alike Necklace and Earrings In 2 colors (Prices for each),White,528,1699.0,Sale,1,3,2,https://www.daivik.in/products/ad-diamond-look-alike-smaller-necklace-and-earrings-in-2-colors-prices-for-each?variant=gid://shopify/ProductVariant/44408679039198
2026-07-21 14:47:15,"Mango Lakshmi Short and Long Coin Necklace with Earrings (Separate Prices for Short, Long and Combo)",Combo,687,1799.0,Sale,1,41,40,https://www.daivik.in/products/mango-lakshmi-short-and-long-coin-necklace-with-earrings?variant=gid://shopify/ProductVariant/47005411377374
2026-07-21 15:02:43,Simple Leaf Invisible Chain,Default Title,377,499.0,Sale,1,15,14,https://www.daivik.in/products/simple-leaf-invisible-chain?variant=gid://shopify/ProductVariant/48434484150494
2026-07-21 15:32:28,Simple and small kemp Jhumkas,Default Title,907,999.0,Sale,1,10,9,https://www.daivik.in/products/simple-and-small-kemp-jhumkas?variant=gid://shopify/ProductVariant/41347627843737
2026-07-21 15:32:28,Peacock Jhumkas with Golden beads Mattal,Default Title,414,2299.0,Sale,1,5,4,https://www.daivik.in/products/peacock-jhumkas-with-golden-beads-mattal?variant=gid://shopify/ProductVariant/45443238002910
2026-07-21 15:32:28,Elegant Bloomed Jasmine Flower Artificial Gajra,8 Inches String - Half Moolam,3502,1299.0,Sale,1,16,15,https://www.daivik.in/products/elegant-bloomed-jasmine-flower-artificial-gajra-16-inches?variant=gid://shopify/ProductVariant/47542601154782
2026-07-21 15:32:28,Trisha Mam Inspired AD Necklace with Earrings in Two Colors (Price for Each),Ruby,975,1299.0,Sold Out,1,1,0,https://www.daivik.in/products/trisha-mam-inspired-ad-necklace-with-earrings-in-two-colors-price-for-each?variant=gid://shopify/ProductVariant/48417802584286
2026-07-21 16:17:23,Victorian Zirconium choker necklace with earrings (price for each ),Green,681,7999.0,Sale,1,2,1,https://www.daivik.in/products/a-40?variant=gid://shopify/ProductVariant/44127128191198
2026-07-21 16:17:23,Pearl Victorian Choker with earrings,Default Title,75,4199.0,Sale,1,51,50,https://www.daivik.in/products/a-75?variant=gid://shopify/ProductVariant/44172631015646
2026-07-21 16:17:23,Pure Kemp Brass Lotus Choti,Default Title,1846,999.0,Sale,1,36,35,https://www.daivik.in/products/pure-kemp-brass-lotus-choti-1?variant=gid://shopify/ProductVariant/48049628709086
2026-07-21 16:32:22,Cluster Pearl Necklace with earrings ( Price for each),Golden Pearl,257,1499.0,Sale,1,29,28,https://www.daivik.in/products/a-2?variant=gid://shopify/ProductVariant/44437456486622
2026-07-21 16:32:22,Heritage Watch Bracelet,Default Title,4024,3199.0,Sale,1,38,37,https://www.daivik.in/products/heritage-watch-bracelet-5?variant=gid://shopify/ProductVariant/48128940572894
2026-07-21 17:02:38,Elegant Bloomed Jasmine Flower Artificial Gajra,16 Inches String - Full Moolam,3502,2599.0,Sale,1,10,9,https://www.daivik.in/products/elegant-bloomed-jasmine-flower-artificial-gajra-16-inches?variant=gid://shopify/ProductVariant/47542601187550
2026-07-21 17:02:38,Diamond Look Alike Hasli Necklace with Earrings,Default Title,1388,1399.0,Sale,1,13,12,https://www.daivik.in/products/a-31?variant=gid://shopify/ProductVariant/48267346772190
2026-07-21 17:17:13,Antique Lakshmi Pearl Hanging Necklace with Balis,Default Title,870,3599.0,Sale,1,11,10,https://www.daivik.in/products/antique-lakshmi-pearl-hanging-necklace-with-balis?variant=gid://shopify/ProductVariant/47797500575966
2026-07-21 17:17:13,Jhanvi Kapoor Inspired Manga Antique HipChain,Default Title,1932,4699.0,New Arrival,3,0,3,https://www.daivik.in/products/jhanvi-kapoor-inspired-manga-antique-hipchain?variant=gid://shopify/ProductVariant/48457336094942
2026-07-21 17:32:29,AD Hasli Ruby Green Necklace with Balis,Default Title,1216,699.0,Sale,1,36,35,https://www.daivik.in/products/ad-hasli-ruby-green-necklace-with-balis?variant=gid://shopify/ProductVariant/46285166837982
2026-07-21 17:32:29,Invisible Flower Chain with Earrings,Default Title,871,799.0,Sale,1,38,37,https://www.daivik.in/products/invisible-flower-chain-with-earrings?variant=gid://shopify/ProductVariant/47043956310238
2026-07-21 17:47:11,AD Doublet stone Designer Earrings,White,102,999.0,Sale,1,25,24,https://www.daivik.in/products/ad-doublet-stone-designer-earrings?variant=gid://shopify/ProductVariant/45291773722846
2026-07-21 17:47:11,Suryan & Chandran Jada Billai in 3 Variants (Price for a Pair),Ruby Green,1537,1099.0,Sale,1,31,30,https://www.daivik.in/products/sun-moon-jada-billai-in-3-variants-price-for-a-pair?variant=gid://shopify/ProductVariant/46211783983326
2026-07-21 17:47:11,Invisible Flower Chain with Earrings,Default Title,871,799.0,Sale,1,37,36,https://www.daivik.in/products/invisible-flower-chain-with-earrings?variant=gid://shopify/ProductVariant/47043956310238
2026-07-21 17:47:11,Manga Non piercing Nose Pin,Default Title,1753,199.0,Sale,1,29,28,https://www.daivik.in/products/mango-non-piercing-nose-pin?variant=gid://shopify/ProductVariant/47740729884894
2026-07-21 17:47:11,Kemp Bangle Combo (Price for Both Hands),2.4,1804,2999.0,Sale,1,4,3,https://www.daivik.in/products/b-3?variant=gid://shopify/ProductVariant/47880825471198
2026-07-21 17:47:11,Kundan Lotus Coin / Kasumalai Handmade Hair Pin,Default Title,3540,149.0,Sale,1,8,7,https://www.daivik.in/products/kundan-lotus-coin-kasumalai-handmade-hair-pin?variant=gid://shopify/ProductVariant/48279058645214
2026-07-21 17:47:11,AD Non Piercing Nosepin in 3 Colors (Price for Each),Ruby,1913,299.0,Sale,1,56,55,https://www.daivik.in/products/ad-non-piercing-nosepin-in-3-colors-price-for-each?variant=gid://shopify/ProductVariant/48341912387806
2026-07-21 20:02:34,Changeable pearl studs in 2 variants,White pearl,712,1099.0,Sale,1,13,12,https://www.daivik.in/products/changeable-pearl-studs?variant=gid://shopify/ProductVariant/39960882184345
2026-07-21 21:47:13,Uncut Kemp Haram with Balis,Default Title,29,1999.0,Sale,1,12,11,https://www.daivik.in/products/29?variant=gid://shopify/ProductVariant/32600664506427
2026-07-21 21:47:13,Regular Use Kemp Stone Bangles,2.4,262,899.0,Sale,1,16,15,https://www.daivik.in/products/regular-use-kemp-stone-bangles?variant=gid://shopify/ProductVariant/34489888637081
2026-07-21 21:47:13,AD choker with Balis,Default Title,789,1999.0,Sale,1,6,5,https://www.daivik.in/products/ad-choker-with-balis?variant=gid://shopify/ProductVariant/40650199662745
2026-07-21 21:47:13,Simple AD Freesize Kada,Default Title,1679,799.0,Sale,1,16,15,https://www.daivik.in/products/simple-ad-freesize-kada?variant=gid://shopify/ProductVariant/47505780637918
2026-07-21 21:47:13,AD Flower Invisible Chain with Earrings,Default Title,999,499.0,Sale,1,52,51,https://www.daivik.in/products/ad-flower-invisible-chain-with-earrings?variant=gid://shopify/ProductVariant/47868705702110
2026-07-21 21:47:13,Sri Balaji Heritage Choker with Studs,Default Title,841,799.0,Sale,1,24,23,https://www.daivik.in/products/sri-balaji-heritage-choker-with-studs?variant=gid://shopify/ProductVariant/48289643102430
2026-07-21 21:47:13,Diamond Look Alike AD Kada in Two Colors (Price for each),Green,1917,1499.0,Sale,1,16,15,https://www.daivik.in/products/untitled-jun22_11-39-48?variant=gid://shopify/ProductVariant/48375886086366
2026-07-21 21:47:13,Premium Floral AD Kada (Fits 2.2 & 2.4),Default Title,1925,699.0,Sale,1,46,45,https://www.daivik.in/products/premium-floral-ad-kada-fits-2-2-2-4?variant=gid://shopify/ProductVariant/48429714374878
2026-07-21 22:17:03,Kemp Antique Jadau Choker set with Studs,Default Title,893,2999.0,Sale,1,30,29,https://www.daivik.in/products/kemp-antique-jadau-choker-set-with-studs?variant=gid://shopify/ProductVariant/44575726502110
2026-07-22 00:32:24,Golden Pearl Peacock Balis,Default Title,402,849.0,Sale,1,3,2,https://www.daivik.in/products/golden-pearl-peacock-balis?variant=gid://shopify/ProductVariant/36692498677913
2026-07-22 02:02:32,AD Doublet stone Designer Earrings,Green,102,999.0,Sale,1,23,22,https://www.daivik.in/products/ad-doublet-stone-designer-earrings?variant=gid://shopify/ProductVariant/45291773755614
2026-07-22 02:02:32,Premium AD Necklace Combo with Mattal,Default Title,1131,2799.0,Sale,1,6,5,https://www.daivik.in/products/premium-ad-necklace-combo-with-mattal?variant=gid://shopify/ProductVariant/45974965715166
2026-07-22 02:02:32,AD Pearl Flower Bangles,2.4,1903,1799.0,Sale,1,3,2,https://www.daivik.in/products/ad-pearl-flower-bangle?variant=gid://shopify/ProductVariant/48306973311198
2026-07-22 02:02:32,Victorian Hydro Doublet Stone Necklace with Earrings,Default Title,1393,8999.0,Sale,1,8,7,https://www.daivik.in/products/a-41?variant=gid://shopify/ProductVariant/48353928184030
2026-07-22 02:02:32,Victorian Flower Pendant Necklace with Earrings,Default Title,283,3499.0,Sale,1,3,2,https://www.daivik.in/products/victorian-flower-pendant-necklace-with-earrings?variant=gid://shopify/ProductVariant/48423947796702
2026-07-22 02:47:01,Simple Ruby Green Flower Anklets,Default Title,1128,699.0,Sale,1,4,3,https://www.daivik.in/products/simple-ruby-green-flower-anklets?variant=gid://shopify/ProductVariant/46188373967070
2026-07-22 03:17:01,AD White Stone bangles (Price for a pair),2.4,689,699.0,Sale,1,43,42,https://www.daivik.in/products/ad-white-stone-bangles-price-for-a-pair?variant=gid://shopify/ProductVariant/44353752793310
2026-07-22 03:17:01,Antique Jadau Green Beads Long chain with Earrings,Default Title,830,1799.0,Sale,1,32,31,https://www.daivik.in/products/antique-jadau-green-beads-long-chain-with-earrings?variant=gid://shopify/ProductVariant/47047999455454
2026-07-22 03:47:04,Simple Pearl Kundan Choker,Default Title,91,2599.0,Sale,1,14,13,https://www.daivik.in/products/a-15?variant=gid://shopify/ProductVariant/42741578825950
2026-07-22 04:32:18,AD Hasli Ruby Green Necklace with Balis,Default Title,1216,699.0,Sale,1,35,34,https://www.daivik.in/products/ad-hasli-ruby-green-necklace-with-balis?variant=gid://shopify/ProductVariant/46285166837982
2026-07-22 04:47:01,Simple 3D Antique teeka,Default Title,193,1399.0,Sale,1,16,15,https://www.daivik.in/products/simple-3d-antique-teeka?variant=gid://shopify/ProductVariant/44265001812190
2026-07-22 04:47:01,Lakshmi Jadau Kemp Teeka,Default Title,348,999.0,Sale,1,40,39,https://www.daivik.in/products/lakshmi-jadau-kemp-teeka?variant=gid://shopify/ProductVariant/45649855742174
2026-07-22 05:02:39,Kundan Lotus Coin / Kasumalai Handmade Hair Pin,Default Title,3540,149.0,Sale,1,7,6,https://www.daivik.in/products/kundan-lotus-coin-kasumalai-handmade-hair-pin?variant=gid://shopify/ProductVariant/48279058645214
2026-07-22 05:02:39,Handmade Lotus Flower U Pin,1,3539,199.0,Sold Out,1,1,0,https://www.daivik.in/products/handmade-lotus-flower-u-pin?variant=gid://shopify/ProductVariant/48294879232222
2026-07-22 05:17:04,Simple Ruby Green Flower Anklet,Default Title,1504,599.0,Sale,1,24,23,https://www.daivik.in/products/simple-ruby-green-flower-anklet?variant=gid://shopify/ProductVariant/45977990037726
2026-07-22 05:32:14,Elegant Jasmine/Mullai Flower Artificial Gajra,8 Inches String - Half Moolam,3507,1299.0,Sale,1,30,29,https://www.daivik.in/products/elegant-jasmine-mullai-flower-artificial-gajra-16-inches?variant=gid://shopify/ProductVariant/47542601515230
2026-07-22 05:47:06,Matte  Cluster Lakshmi jhumkas,Default Title,45,1449.0,Sale,1,34,33,https://www.daivik.in/products/45?variant=gid://shopify/ProductVariant/32600770707515
2026-07-22 05:47:06,Antique Gold Green Stone Necklace with Earrings,Default Title,456,2199.0,Sale,1,28,27,https://www.daivik.in/products/antique-gold-green-stone-necklace-with-earrings?variant=gid://shopify/ProductVariant/44639703204062
2026-07-22 05:47:06,AD Lakshmi Elephant Pendant Hasli with Earrings,Default Title,874,1999.0,Sale,1,34,33,https://www.daivik.in/products/ad-lakshmi-pendant-necklace-with-earrings?variant=gid://shopify/ProductVariant/45756425830622
2026-07-22 05:47:06,Ruby Green Kemp Choker with Earrings,Default Title,227,1299.0,Sale,1,56,55,https://www.daivik.in/products/ruby-green-kemp-choker-with-earrings?variant=gid://shopify/ProductVariant/44913188077790
2026-07-22 05:47:06,Kemp Flower Bangles (For a Pair),2.8,699,1999.0,Sale,1,14,13,https://www.daivik.in/products/kemp-flower-bangles-for-a-pair?variant=gid://shopify/ProductVariant/45234109874398
2026-07-22 05:47:06,Antique Designer Watch Bracelet,Default Title,4007,2999.0,Sale,1,30,29,https://www.daivik.in/products/antique-designer-watch-bracelet-6?variant=gid://shopify/ProductVariant/48070962839774
2026-07-22 05:47:06,Kundan Ghungroo Adjustable Bracelet Watch,Default Title,1890,799.0,Sale,1,22,21,https://www.daivik.in/products/kundan-ghungroo-adjustable-bracelet-watch?variant=gid://shopify/ProductVariant/48278181413086
2026-07-22 05:47:06,Floral Kemp Bangles,2.6,220,999.0,Sold Out,1,1,0,https://www.daivik.in/products/floral-kemp-bangles-1?variant=gid://shopify/ProductVariant/42576998596830
2026-07-22 06:32:22,Invisible AD Leaf Necklace with Earrings in two Colors (Price for Each),Ruby Green,982,699.0,Sale,1,27,26,https://www.daivik.in/products/invisible-ad-leaf-necklace-with-earrings-in-two-colors-price-for-each?variant=gid://shopify/ProductVariant/46601934045406
2026-07-22 06:32:22,Openable Peacock Kada with Interchangeable Colour Bangles (10 Shades),2.8,1924,2299.0,Sale,1,5,4,https://www.daivik.in/products/10-in-1-changeable-bangles?variant=gid://shopify/ProductVariant/48422119538910
2026-07-22 06:47:02,Ruby AD Jhumkas with Attached Mattal,Default Title,589,1199.0,Sale,1,50,49,https://www.daivik.in/products/ruby-ad-jhumkas-with-attached-mattal?variant=gid://shopify/ProductVariant/44358526632158
2026-07-22 06:47:02,Elakkathali Ruby Choker with Earrings,Default Title,485,899.0,Sale,1,56,55,https://www.daivik.in/products/elakkathali-ruby-choker-with-earrings?variant=gid://shopify/ProductVariant/48403799408862
2026-07-22 07:02:38,Kundan Lotus Coin / Kasumalai Handmade Hair Pin,Default Title,3540,149.0,Sale,1,6,5,https://www.daivik.in/products/kundan-lotus-coin-kasumalai-handmade-hair-pin?variant=gid://shopify/ProductVariant/48279058645214
2026-07-22 07:17:06,Lakshmi necklace with earrings,Default Title,721,1599.0,Restock,10,38,48,https://www.daivik.in/products/lakshmi-necklace-with-earrings?variant=gid://shopify/ProductVariant/40067898015897
2026-07-22 07:17:06,Changeable AD Leaf Necklace With changeable Earrings,Default Title,226,2599.0,Restock,23,0,23,https://www.daivik.in/products/a-270?variant=gid://shopify/ProductVariant/43383107125470
2026-07-22 07:17:06,Bridal Peacock Coin Lakshmi Long  Necklace with Earrings,Default Title,1178,8499.0,Restock,2,0,2,https://www.daivik.in/products/1178?variant=gid://shopify/ProductVariant/46142341349598
2026-07-22 07:17:06,Kemp AD Golden Beads Choker with Earrings,Default Title,1220,2799.0,Restock,30,12,42,https://www.daivik.in/products/kemp-ad-golden-beads-choker-with-earrings?variant=gid://shopify/ProductVariant/46296032674014
2026-07-22 07:17:06,"Microplating Ruby coin Kasumalai (Short , long , Combo - Prices for Each)",Short,645,1999.0,Restock,16,22,38,https://www.daivik.in/products/microplating-ruby-coin-kasumalai-short-long-combo-price-for-each?variant=gid://shopify/ProductVariant/46677659582686
2026-07-22 07:17:06,"Nita Ambani Mam Inspired Balaji Pure Kemp Brass Guttapusalu Necklace with Jhumkas (Seprate price for Short, Long and Combo)",Long,1279,6999.0,Restock,3,1,4,https://www.daivik.in/products/nita-ambani-mam-inspired-balaji-pure-kemp-brass-guttapusalu-necklace-with-jhumkas-seprate-price-for-short-long-and-combo?variant=gid://shopify/ProductVariant/46996613398750
2026-07-22 07:17:06,Pastel Beads Pearl Necklace with Earrings,Default Title,936,2499.0,Restock,19,0,19,https://www.daivik.in/products/pastel-beads-pearl-necklace-with-earrings?variant=gid://shopify/ProductVariant/47596193382622
2026-07-22 07:17:06,Designer Peacock Green AD Necklace with Earrings,Default Title,998,1599.0,Restock,10,46,56,https://www.daivik.in/products/designer-peacock-green-ad-necklace-with-earrings?variant=gid://shopify/ProductVariant/47901352067294
2026-07-22 07:32:24,Simple AD necklace with earrings,Default Title,741,1499.0,Restock,32,1,33,https://www.daivik.in/products/simple-kemp-necklace-with-earrings?variant=gid://shopify/ProductVariant/40258421686425
2026-07-22 07:32:24,Pure Kemp Brass Necklace,Default Title,991,3499.0,Restock,39,0,39,https://www.daivik.in/products/pure-kemp-brass-necklace?variant=gid://shopify/ProductVariant/42319003091166
2026-07-22 07:32:24,Jadau Kemp Floral Necklace with studs,Default Title,158,5999.0,Restock,10,0,10,https://www.daivik.in/products/a-360?variant=gid://shopify/ProductVariant/43663757115614
2026-07-22 07:32:24,Simple Leaf turquoise necklace with earrings,Default Title,422,1099.0,Restock,50,0,50,https://www.daivik.in/products/simple-leaf-turquoise-necklace-with-earrings?variant=gid://shopify/ProductVariant/44291494871262
2026-07-22 07:32:24,AD Peacock Purple Necklace with Jhumkas,Default Title,518,3499.0,Restock,13,15,28,https://www.daivik.in/products/ad-peacock-purple-necklace-with-jhumkas?variant=gid://shopify/ProductVariant/45770125115614
2026-07-22 07:32:24,Multi-Color AD Pattern Necklace with Earrings,Default Title,812,1899.0,Restock,20,0,20,https://www.daivik.in/products/multi-color-ad-pattern-necklace-with-earrings?variant=gid://shopify/ProductVariant/46211734667486
2026-07-22 07:32:24,Half Moon AD Necklace with Earrings,Default Title,1258,1299.0,Restock,50,0,50,https://www.daivik.in/products/half-moon-ad-necklace-with-earrings?variant=gid://shopify/ProductVariant/46675256312030
2026-07-22 07:32:24,Kids / Adult Antique Jhumkas,Default Title,1870,699.0,Sale,1,24,23,https://www.daivik.in/products/kids-adult-antique-jhumkas?variant=gid://shopify/ProductVariant/48129394671838
2026-07-22 07:32:24,Diamond Look Alike Hasli Necklace with Earrings,Default Title,1388,1399.0,Restock,23,12,35,https://www.daivik.in/products/a-31?variant=gid://shopify/ProductVariant/48267346772190
2026-07-22 07:32:24,Invisible Ganesha Chain in Two Colors,Dark Green,672,999.0,Restock,20,3,23,https://www.daivik.in/products/invisible-green-ganesha-chain?variant=gid://shopify/ProductVariant/48447550357726
2026-07-22 07:32:24,Pachi Pearl Jali Necklace,Default Title,491,2999.0,Restock,21,0,21,https://www.daivik.in/products/pachi-pearl-jali-necklace?variant=gid://shopify/ProductVariant/48400077258974
2026-07-22 07:47:08,Gold Finish AD Peacock Choker,Default Title,338,1299.0,Sale,1,26,25,https://www.daivik.in/products/gold-finish-ad-peacock-choker?variant=gid://shopify/ProductVariant/35573943206041
2026-07-22 07:47:08,AD Hasli Ruby Green Necklace with Balis,Default Title,1216,699.0,Sale,1,34,33,https://www.daivik.in/products/ad-hasli-ruby-green-necklace-with-balis?variant=gid://shopify/ProductVariant/46285166837982
2026-07-22 07:47:08,Kundan Lotus Coin / Kasumalai Handmade Hair Pin,Default Title,3540,149.0,Sale,1,5,4,https://www.daivik.in/products/kundan-lotus-coin-kasumalai-handmade-hair-pin?variant=gid://shopify/ProductVariant/48279058645214
2026-07-22 08:02:39,Invisible Flower Chain with Earrings,Default Title,871,799.0,Sale,1,36,35,https://www.daivik.in/products/invisible-flower-chain-with-earrings?variant=gid://shopify/ProductVariant/47043956310238
2026-07-22 08:32:20,Simple Peacock pendant long chain in 2 colours,Purple,1148,1299.0,Sale,1,15,14,https://www.daivik.in/products/simple-peacock-pendant-long-chain-in-2-colours?variant=gid://shopify/ProductVariant/46024692564190
2026-07-22 08:32:20,Elakkathali Ruby Choker with Earrings,Default Title,485,899.0,Sale,3,55,52,https://www.daivik.in/products/elakkathali-ruby-choker-with-earrings?variant=gid://shopify/ProductVariant/48403799408862
2026-07-22 08:32:20,Simple Leaf Invisible Chain,Default Title,377,499.0,Sale,1,14,13,https://www.daivik.in/products/simple-leaf-invisible-chain?variant=gid://shopify/ProductVariant/48434484150494
2026-07-22 08:32:20,Elakkathali Coin Ruby Green Choker with Earrings,Default Title,602,899.0,Sale,1,41,40,https://www.daivik.in/products/elakkathali-coin-ruby-green-choker-with-earrings?variant=gid://shopify/ProductVariant/48437245870302
2026-07-22 08:47:08,Brass Guttapusalu Short Necklace With Earrings,Default Title,18,2299.0,Restock,23,0,23,https://www.daivik.in/products/18?variant=gid://shopify/ProductVariant/32600557649979
2026-07-22 08:47:08,AD Ruby Green Lakshmi Necklace with Earrings,Default Title,723,1599.0,Restock,6,0,6,https://www.daivik.in/products/ad-ruby-green-lakshmi-necklace-with-earrings?variant=gid://shopify/ProductVariant/45939774456030
2026-07-22 08:47:08,Antique Pure kemp Brass Lakshmi Long Coin/ Kasumalai Haram,Default Title,1368,5999.0,Restock,10,2,12,https://www.daivik.in/products/bridal-layered-lakshmi-coin-necklace?variant=gid://shopify/ProductVariant/47982669201630
2026-07-22 08:47:08,Diamond Look Alike Hasli Necklace with Earrings,Default Title,1388,1399.0,Sale,1,35,34,https://www.daivik.in/products/a-31?variant=gid://shopify/ProductVariant/48267346772190
2026-07-22 09:02:41,Ad choker with earrings,Default Title,460,1499.0,Sale,1,40,39,https://www.daivik.in/products/ad-choker-with-earrings-1?variant=gid://shopify/ProductVariant/42258990465246
2026-07-22 09:02:41,Lakshmi AD Bangle Combo,2.4,1775,1799.0,Sold Out,1,1,0,https://www.daivik.in/products/lakshmi-ad-bangle-combo?variant=gid://shopify/ProductVariant/47808665977054
2026-07-22 09:17:05,Traditional Teeka in 2 variants,2,756,699.0,Sale,1,17,16,https://www.daivik.in/products/traditional-teeka-in-2-variants-1?variant=gid://shopify/ProductVariant/40399475310745
2026-07-22 09:17:05,Single Line swarovski pearl mala,Default Title,1326,699.0,Restock,47,9,56,https://www.daivik.in/products/single-line-swarovski-pearl-mala?variant=gid://shopify/ProductVariant/47621544575198
2026-07-22 09:17:05,AD Floral Anklets,Default Title,1750,1499.0,Restock,24,0,24,https://www.daivik.in/products/ad-floral-anklets?variant=gid://shopify/ProductVariant/47722057924830
2026-07-22 09:17:05,Antique Flexible Free size Kada,Default Title,1897,499.0,Restock,11,4,15,https://www.daivik.in/products/antique-flexible-free-size-kada?variant=gid://shopify/ProductVariant/48287951978718
2026-07-22 09:32:26,Two Layerd AD Haram With Earrings,Default Title,211,1999.0,Sale,1,12,11,https://www.daivik.in/products/211?variant=gid://shopify/ProductVariant/34430324605081
2026-07-22 09:32:26,AD Lakshmi Elephant Pendant Hasli with Earrings,Default Title,874,1999.0,Sale,1,33,32,https://www.daivik.in/products/ad-lakshmi-pendant-necklace-with-earrings?variant=gid://shopify/ProductVariant/45756425830622
2026-07-22 09:32:26,AD Hasli Ruby Green Necklace with Balis,Default Title,1216,699.0,Sale,1,33,32,https://www.daivik.in/products/ad-hasli-ruby-green-necklace-with-balis?variant=gid://shopify/ProductVariant/46285166837982
2026-07-22 09:32:26,Simple Antique Thin Hipchain in 5 Variants ( Price for Each ),1,1602,1299.0,Sale,2,10,8,https://www.daivik.in/products/simple-antique-thin-hipchain-in-5-variants-price-for-each?variant=gid://shopify/ProductVariant/46643685261534
2026-07-22 09:32:26,Antique Lakshmi Jada Billa (Price for 1 pc),Default Title,1918,499.0,Sale,2,22,20,https://www.daivik.in/products/antique-lakshmi-jada-billa-price-for-1-pc?variant=gid://shopify/ProductVariant/48378829111518
2026-07-22 09:42:57,Simple Purple Stone Bangles,2.4,705,799.0,Sale,1,23,22,https://www.daivik.in/products/simple-purple-stone-bangles?variant=gid://shopify/ProductVariant/45478438273246
2026-07-22 09:42:57,AD Hasli Ruby Green Necklace with Balis,Default Title,1216,699.0,Sale,1,32,31,https://www.daivik.in/products/ad-hasli-ruby-green-necklace-with-balis?variant=gid://shopify/ProductVariant/46285166837982
2026-07-22 10:02:44,AD Regular wear Floral Bangles,2.6,384,999.0,Sale,1,16,15,https://www.daivik.in/products/ad-regular-wear-floral-bangles?variant=gid://shopify/ProductVariant/44051453411550
2026-07-22 10:02:44,AD Regular wear Floral Bangles,2.8,384,999.0,Restock,1,5,6,https://www.daivik.in/products/ad-regular-wear-floral-bangles?variant=gid://shopify/ProductVariant/44051453444318
2026-07-22 10:02:44,Antique kids Jhumkas,Default Title,1683,799.0,Sale,1,14,13,https://www.daivik.in/products/antique-kids-jhumkas-1?variant=gid://shopify/ProductVariant/47521442529502
2026-07-22 10:17:07,Regular Use Kemp Stone Bangles,2.6,262,899.0,Sale,2,10,8,https://www.daivik.in/products/regular-use-kemp-stone-bangles?variant=gid://shopify/ProductVariant/34489888669849
2026-07-22 10:17:07,Lakshmi Ruby Green AD Kadac,2.6,980,2199.0,Sale,1,33,32,https://www.daivik.in/products/lakshmi-ruby-green-ad-kada?variant=gid://shopify/ProductVariant/44381628268766
2026-07-22 10:32:18,Simple Leaf Invisible Chain,Default Title,377,499.0,Sale,1,13,12,https://www.daivik.in/products/simple-leaf-invisible-chain?variant=gid://shopify/ProductVariant/48434484150494
2026-07-22 11:02:41,Lakshmi Coin Ruby Necklac,Default Title,1251,999.0,Sale,1,52,51,https://www.daivik.in/products/lakshmi-coin-ruby-necklace?variant=gid://shopify/ProductVariant/46618661748958
2026-07-22 11:32:14,Simple Ruby and pearl choker with earrings,Default Title,538,999.0,Sale,1,39,38,https://www.daivik.in/products/a-327?variant=gid://shopify/ProductVariant/43546226196702
2026-07-22 11:32:14,Multi-Color AD Pattern Necklace with Earrings,Default Title,812,1899.0,Sale,1,20,19,https://www.daivik.in/products/multi-color-ad-pattern-necklace-with-earrings?variant=gid://shopify/ProductVariant/46211734667486
2026-07-22 12:17:06,Simple Ghungroo Box Anklets,Default Title,974,799.0,Sale,1,17,16,https://www.daivik.in/products/simple-ghungroo-box-anklets?variant=gid://shopify/ProductVariant/44626224054494
2026-07-22 12:17:06,Elegant Bloomed Jasmine Flower Artificial Gajra,8 Inches String - Half Moolam,3502,1299.0,Sale,1,15,14,https://www.daivik.in/products/elegant-bloomed-jasmine-flower-artificial-gajra-16-inches?variant=gid://shopify/ProductVariant/47542601154782
2026-07-22 12:17:06,AD Polish Hipbelt in 2 colours,Ruby,501,6999.0,Sold Out,10,10,0,https://www.daivik.in/products/a-69?variant=gid://shopify/ProductVariant/44158514069726
2026-07-22 12:17:06,Lakshmi Jhumkas with Swan Mattals,Default Title,1666,1899.0,Sold Out,2,2,0,https://www.daivik.in/products/a-5?variant=gid://shopify/ProductVariant/47488954630366
2026-07-22 12:17:06,Victorian Flower Pendant Necklace with Earrings,Default Title,283,3499.0,Sold Out,2,2,0,https://www.daivik.in/products/victorian-flower-pendant-necklace-with-earrings?variant=gid://shopify/ProductVariant/48423947796702
2026-07-22 12:32:20,"Jyothika Mam Inspired AD Green Pendant Necklace (Prices for Short, Long and Combo)",Short,1295,799.0,Sale,1,42,41,https://www.daivik.in/products/jyothika-mam-inspired-ad-green-pendant-necklace?variant=gid://shopify/ProductVariant/47092708573406
2026-07-22 12:32:20,Real Look alike Foam Handmade Malli Pink Lotus Center Hair Clips,Default Title,3542,999.0,Sale,1,28,27,https://www.daivik.in/products/real-look-alike-foam-handmade-malli-pink-lotus-center-hair-clips?variant=gid://shopify/ProductVariant/48377641304286
2026-07-22 13:02:40,Kemp Ad necklace with earrings,Default Title,661,1499.0,Sale,1,27,26,https://www.daivik.in/products/kemp-ad-necklace-with-earrings?variant=gid://shopify/ProductVariant/39476421460121
2026-07-22 13:02:40,Diamond Look alike Floral Necklace with Earrings,Default Title,1293,599.0,Sale,1,6,5,https://www.daivik.in/products/diamond-look-alike-floral-necklace-with-earrings?variant=gid://shopify/ProductVariant/47058250170590
2026-07-22 13:02:40,Elakkathali Ruby Choker with Earrings,Default Title,485,899.0,Sale,3,52,49,https://www.daivik.in/products/elakkathali-ruby-choker-with-earrings?variant=gid://shopify/ProductVariant/48403799408862
2026-07-22 13:32:22,Elakkathali Ruby Choker with Earrings,Default Title,485,899.0,Sale,1,49,48,https://www.daivik.in/products/elakkathali-ruby-choker-with-earrings?variant=gid://shopify/ProductVariant/48403799408862
2026-07-22 13:47:14,Coin Necklace With Jhumkas,Default Title,105,999.0,Sale,1,51,50,https://www.daivik.in/products/105?variant=gid://shopify/ProductVariant/32649702342715
2026-07-22 13:47:14,Set of 6 AD Bangles,2.6,516,1799.0,Sale,1,3,2,https://www.daivik.in/products/set-of-6-ad-bangles?variant=gid://shopify/ProductVariant/42181007671518
2026-07-22 13:47:14,AD Hasli Ruby Green Necklace with Balis,Default Title,1216,699.0,Sale,1,31,30,https://www.daivik.in/products/ad-hasli-ruby-green-necklace-with-balis?variant=gid://shopify/ProductVariant/46285166837982
2026-07-22 13:47:14,"Mango Lakshmi Short and Long Coin Necklace with Earrings (Separate Prices for Short, Long and Combo)",Combo,687,1799.0,Sale,1,40,39,https://www.daivik.in/products/mango-lakshmi-short-and-long-coin-necklace-with-earrings?variant=gid://shopify/ProductVariant/47005411377374
2026-07-22 13:47:14,Diamond Look alike Floral Necklace with Earrings,Default Title,1293,599.0,Sale,1,5,4,https://www.daivik.in/products/diamond-look-alike-floral-necklace-with-earrings?variant=gid://shopify/ProductVariant/47058250170590
2026-07-22 13:47:14,GJ Polish Designer Bracelets (Price for Each),1,1625,999.0,Sale,1,36,35,https://www.daivik.in/products/gj-polish-designer-bracelets-price-for-each?variant=gid://shopify/ProductVariant/47075079356638
2026-07-22 14:02:44,Golden Pearl Peacock Balis,Default Title,402,849.0,Sale,1,2,1,https://www.daivik.in/products/golden-pearl-peacock-balis?variant=gid://shopify/ProductVariant/36692498677913
2026-07-22 14:02:44,Flower uncut kemp Mattals,Default Title,688,1499.0,Sale,1,7,6,https://www.daivik.in/products/flower-uncut-kemp-mattals?variant=gid://shopify/ProductVariant/39665913430169
2026-07-22 14:02:44,Simple and small kemp Jhumkas,Default Title,907,999.0,Sale,1,9,8,https://www.daivik.in/products/simple-and-small-kemp-jhumkas?variant=gid://shopify/ProductVariant/41347627843737
2026-07-22 14:02:44,AD Flower Layer Jhumkas,Green,1663,599.0,Sale,1,16,15,https://www.daivik.in/products/ad-flower-layer-jhumkas?variant=gid://shopify/ProductVariant/47471681732830
2026-07-22 14:32:32,AD Hasli Ruby Green Necklace with Balis,Default Title,1216,699.0,Sale,1,30,29,https://www.daivik.in/products/ad-hasli-ruby-green-necklace-with-balis?variant=gid://shopify/ProductVariant/46285166837982
2026-07-22 14:32:32,Half Moon AD Necklace with Earrings,Default Title,1258,1299.0,Sale,1,50,49,https://www.daivik.in/products/half-moon-ad-necklace-with-earrings?variant=gid://shopify/ProductVariant/46675256312030
2026-07-22 14:32:32,"Jyothika Mam Inspired AD Green Pendant Necklace (Prices for Short, Long and Combo)",Short,1295,799.0,Sale,1,41,40,https://www.daivik.in/products/jyothika-mam-inspired-ad-green-pendant-necklace?variant=gid://shopify/ProductVariant/47092708573406
2026-07-22 14:32:32,Elakkathali Ruby Choker with Earrings,Default Title,485,899.0,Sale,1,48,47,https://www.daivik.in/products/elakkathali-ruby-choker-with-earrings?variant=gid://shopify/ProductVariant/48403799408862
2026-07-22 14:47:07,Invisible Flower Chain with Earrings,Default Title,871,799.0,Sale,1,35,34,https://www.daivik.in/products/invisible-flower-chain-with-earrings?variant=gid://shopify/ProductVariant/47043956310238
2026-07-22 15:02:44,Kemp Choker With Earrings,Default Title,301,1999.0,Sale,1,13,12,https://www.daivik.in/products/pure-kemp-choker-with-earrings?variant=gid://shopify/ProductVariant/34846179557529
2026-07-22 15:02:44,AD Hasli Ruby Green Necklace with Balis,Default Title,1216,699.0,Sale,1,29,28,https://www.daivik.in/products/ad-hasli-ruby-green-necklace-with-balis?variant=gid://shopify/ProductVariant/46285166837982
2026-07-22 15:17:08,Invisible Flower Chain with Earrings,Default Title,871,799.0,Sale,1,34,33,https://www.daivik.in/products/invisible-flower-chain-with-earrings?variant=gid://shopify/ProductVariant/47043956310238
2026-07-22 15:17:08,Invisible Circle AD Chain with Earrings,Ruby Green,1298,699.0,Sale,1,6,5,https://www.daivik.in/products/invisible-circle-ad-chain-with-earrings?variant=gid://shopify/ProductVariant/47653875679454
2026-07-22 15:17:08,Pure Kemp Lotus Jhumka with Mattals,Default Title,1763,1499.0,Sale,1,19,18,https://www.daivik.in/products/pure-kemp-lotus-jhumka-with-mattals?variant=gid://shopify/ProductVariant/47777295696094
2026-07-22 15:32:21,Floral White Bangles (pair),2.4,261,1299.0,Sale,1,15,14,https://www.daivik.in/products/floral-white-bangles-pair?variant=gid://shopify/ProductVariant/42610431656158
2026-07-22 15:32:21,Ruby AD Jhumkas with Attached Mattal,Default Title,589,1199.0,Sale,1,49,48,https://www.daivik.in/products/ruby-ad-jhumkas-with-attached-mattal?variant=gid://shopify/ProductVariant/44358526632158
2026-07-22 15:32:21,Diwali Sale Bangles D25701,2.8,D25701,1199.0,Sale,1,8,7,https://www.daivik.in/products/diwali-sale-bangles-d25701?variant=gid://shopify/ProductVariant/47542913892574
2026-07-22 15:47:07,Tribal Kemp Dangles,Default Title,146,1399.0,Sale,1,2,1,https://www.daivik.in/products/146?variant=gid://shopify/ProductVariant/44177048076510
2026-07-22 15:47:07,Full green cluster pearl Jhumkas,Default Title,844,1799.0,Sale,1,51,50,https://www.daivik.in/products/full-green-cluster-pearl-jhumkas?variant=gid://shopify/ProductVariant/40988917039257
2026-07-22 15:47:07,Heritage Gopuram Lakshmi Temple Jhumkas,Default Title,1847,799.0,Sale,1,33,32,https://www.daivik.in/products/heritage-gopuram-lakshmi-temple-jhumkas?variant=gid://shopify/ProductVariant/48051286900958
2026-07-22 16:47:18,Diamond Look Alike Hasli Necklace with Earrings,Default Title,1388,1399.0,Sale,1,34,33,https://www.daivik.in/products/a-31?variant=gid://shopify/ProductVariant/48267346772190
2026-07-22 17:17:27,Kemp Floral Necklace with Earrings,Default Title,1320,1599.0,Sale,1,5,4,https://www.daivik.in/products/kemp-floral-necklace-with-earrings?variant=gid://shopify/ProductVariant/47494541639902
2026-07-22 17:32:24,Kids / Adult Kemp Jhumkas,Default Title,1777,799.0,Sale,1,27,26,https://www.daivik.in/products/kids-adult-kemp-jhumkas?variant=gid://shopify/ProductVariant/47821038485726
2026-07-22 17:32:24,Simple flower Antique Bugadi in 2 Colours (Price for Each),Ruby Green,1800,499.0,Sale,1,48,47,https://www.daivik.in/products/simple-flower-antique-bugadi-in-2-colours?variant=gid://shopify/ProductVariant/47858170134750
2026-07-22 17:32:24,Lotus Pearl Bugadi/Top Earrings,Default Title,1891,499.0,Sale,1,18,17,https://www.daivik.in/products/lotus-pearl-bugadi-top-earrings?variant=gid://shopify/ProductVariant/48282335379678
2026-07-22 17:32:24,Openable Peacock Kada with Interchangeable Colour Bangles (10 Shades),2.4,1924,2299.0,Sale,1,10,9,https://www.daivik.in/products/10-in-1-changeable-bangles?variant=gid://shopify/ProductVariant/48422119473374
2026-07-22 17:47:05,Simple Mangalsutra With stones,Default Title,670,1099.0,Sale,1,46,45,https://www.daivik.in/products/1-4?variant=gid://shopify/ProductVariant/42679325982942
2026-07-22 18:32:15,CZ Designer Leaf Earrings,Green,380,999.0,Sale,1,17,16,https://www.daivik.in/products/untitled-jul11_20-28?variant=gid://shopify/ProductVariant/45721350930654
2026-07-22 19:02:39,Flower Saree Pin,Default Title,1782,399.0,Sale,1,42,41,https://www.daivik.in/products/flower-saree-pin?variant=gid://shopify/ProductVariant/47821120012510
2026-07-22 19:17:07,Big Festive Kemp Peacock Balis,Default Title,383,2099.0,Sale,1,21,20,https://www.daivik.in/products/big-festive-pure-kemp-peacock-balis?variant=gid://shopify/ProductVariant/36456064319641
2026-07-22 19:17:07,Floral kemp bangles,2.8,519,1399.0,Sale,1,25,24,https://www.daivik.in/products/floral-kemp-bangles?variant=gid://shopify/ProductVariant/37587461374105
2026-07-22 19:17:07,kemp Peacock jhumkas,Default Title,845,1699.0,Sale,1,48,47,https://www.daivik.in/products/pure-kemp-peacock-jhumkas?variant=gid://shopify/ProductVariant/40988942401689
2026-07-22 19:17:07,Kemp medium Sized studs,Default Title,858,1099.0,Sale,1,25,24,https://www.daivik.in/products/kemp-medium-sized-studs?variant=gid://shopify/ProductVariant/41081654018201
2026-07-22 19:17:07,Simple kemp studs,Default Title,909,1099.0,Sale,1,20,19,https://www.daivik.in/products/simple-kemp-studs-in-2-variants?variant=gid://shopify/ProductVariant/41359794864281
2026-07-22 19:17:07,Cluster Pearl Necklace with earrings ( Price for each),White Pearl,257,1499.0,Sale,1,17,16,https://www.daivik.in/products/a-2?variant=gid://shopify/ProductVariant/44437456519390
2026-07-22 19:17:07,Victorian AD Pendant Choker with Earrings,Pink,881,999.0,Sale,1,32,31,https://www.daivik.in/products/victorian-ad-choker-with-earrings?variant=gid://shopify/ProductVariant/45763463872734
2026-07-22 19:17:07,Multi-Color AD Pattern Necklace with Earrings,Default Title,812,1899.0,Sale,1,19,18,https://www.daivik.in/products/multi-color-ad-pattern-necklace-with-earrings?variant=gid://shopify/ProductVariant/46211734667486
2026-07-22 19:17:07,Lakshmi Cluster Pearl Hasli Necklace with Earrings,Default Title,1219,1299.0,Sale,1,28,27,https://www.daivik.in/products/lakshmi-cluster-pearl-hasli-necklace-with-earrings?variant=gid://shopify/ProductVariant/46293338882270
2026-07-22 19:17:07,AD Pendant Flower Necklace with Earrings,Default Title,1266,1699.0,Sale,1,13,12,https://www.daivik.in/products/ad-pendant-flower-necklace-with-earrings?variant=gid://shopify/ProductVariant/46813927243998
2026-07-22 19:17:07,Victorian Spiral Ruby AD Bangles,2.8,1854,1499.0,Sale,1,21,20,https://www.daivik.in/products/victorian-spiral-ruby-ad-bangles?variant=gid://shopify/ProductVariant/48057312018654
2026-07-22 19:47:21,Pearl Victorian Choker with earrings,Default Title,75,4199.0,Sale,1,50,49,https://www.daivik.in/products/a-75?variant=gid://shopify/ProductVariant/44172631015646
2026-07-22 19:47:21,Two line Kids/Adult Pearl Choker with Studs,Default Title,825,999.0,Sale,1,4,3,https://www.daivik.in/products/two-line-kids-adult-pearl-choker-with-studs?variant=gid://shopify/ProductVariant/44815359410398
2026-07-22 19:47:21,Floral Kundan Necklace with Earrings,Baby Pink,568,2599.0,Sale,1,4,3,https://www.daivik.in/products/floral-kundan-necklace-with-earrings?variant=gid://shopify/ProductVariant/45618714575070
2026-07-22 19:47:21,Invisible Green Flower Chain With Earrings,Default Title,521,799.0,Sale,1,6,5,https://www.daivik.in/products/invisible-green-flower-chain-with-earrings?variant=gid://shopify/ProductVariant/47522415182046
2026-07-22 20:21:17,Multi Layer Pearl Mattals,Default Title,1630,499.0,Sale,1,17,16,https://www.daivik.in/products/multi-layer-pearl-mattals?variant=gid://shopify/ProductVariant/47088039788766
2026-07-22 20:32:22,Big Festive Kemp Peacock Balis,Default Title,383,2099.0,Sale,1,20,19,https://www.daivik.in/products/big-festive-pure-kemp-peacock-balis?variant=gid://shopify/ProductVariant/36456064319641
2026-07-22 20:32:22,Kemp Bugadi Top Earrings,2,1569,1299.0,Sale,1,50,49,https://www.daivik.in/products/kemp-bugadi-side-earrings?variant=gid://shopify/ProductVariant/46340555342046
2026-07-22 20:32:22,"Simple , Evergreen , Bridal Anklets ( Price for Each pair )",2,1604,1999.0,Sale,1,23,22,https://www.daivik.in/products/a-35?variant=gid://shopify/ProductVariant/46669963952350
2026-07-22 21:17:01,Combo of 2 pairs of hot sellers,Default Title,943,1899.0,Sale,1,6,5,https://www.daivik.in/products/combo-of-2-pairs-of-hot-sellers?variant=gid://shopify/ProductVariant/42024287961310
2026-07-22 21:17:01,Simple Pearl Kemp choker with Earrings in 2 variants,Ruby,327,649.0,Sale,1,2,1,https://www.daivik.in/products/simple-pearl-kemp-choker-with-earrings-in-2-variants?variant=gid://shopify/ProductVariant/44661107032286
2026-07-23 02:17:05,AD Stone Motif Bangles,2.4,268,1399.0,Sale,1,16,15,https://www.daivik.in/products/ad-stone-motif-bangles?variant=gid://shopify/ProductVariant/34498045149337
2026-07-23 02:17:05,Coral AD Green Stone Necklace with Studs,Default Title,1119,1599.0,Sale,1,30,29,https://www.daivik.in/products/coral-ad-green-stone-necklace-with-studs?variant=gid://shopify/ProductVariant/45915404501214
2026-07-23 02:17:05,Green AD Three line Choker with Studs,Default Title,1249,1499.0,Sale,1,9,8,https://www.daivik.in/products/green-ad-three-line-choker-with-studs?variant=gid://shopify/ProductVariant/46605022134494
2026-07-23 02:17:05,Diamond Look alike Floral Necklace with Earrings,Default Title,1293,599.0,Sale,1,4,3,https://www.daivik.in/products/diamond-look-alike-floral-necklace-with-earrings?variant=gid://shopify/ProductVariant/47058250170590
2026-07-23 02:17:05,Pearl Kemp Pendant Hasli Necklace with Earrings,Default Title,1312,799.0,Sale,1,10,9,https://www.daivik.in/products/pearl-kemp-pendant-hasli-necklace-with-earrings?variant=gid://shopify/ProductVariant/47082104389854
2026-07-23 02:17:05,Invisible Ganesha Chain in Two Colors,Dark Green,672,999.0,Sale,1,23,22,https://www.daivik.in/products/invisible-green-ganesha-chain?variant=gid://shopify/ProductVariant/48447550357726
2026-07-23 02:32:20,Simple Flower AD Pendant Necklace with Earrings in Two Colors (Price for Each),White,511,799.0,Sale,1,9,8,https://www.daivik.in/products/simple-flower-ad-pendant-necklace-with-earrings-in-two-colors-price-for-each?variant=gid://shopify/ProductVariant/47758175207646
2026-07-23 02:47:04,Pearl Kemp Pendant Hasli Necklace with Earrings,Default Title,1312,799.0,Sale,1,9,8,https://www.daivik.in/products/pearl-kemp-pendant-hasli-necklace-with-earrings?variant=gid://shopify/ProductVariant/47082104389854
2026-07-23 03:02:31,AD Flower Hipchain in 4 Colors (Price for Each),Green,1633,1699.0,Sale,1,11,10,https://www.daivik.in/products/ad-flower-hipchain-in-4-colors-price-for-each?variant=gid://shopify/ProductVariant/47088042836190
2026-07-23 03:17:06,AD changeable studs,Default Title,106,799.0,Sale,1,31,30,https://www.daivik.in/products/ad-changeable-studs?variant=gid://shopify/ProductVariant/44192837632222
2026-07-23 03:17:06,Kundan Lotus Coin / Kasumalai Handmade Hair Pin,Default Title,3540,149.0,Sale,1,4,3,https://www.daivik.in/products/kundan-lotus-coin-kasumalai-handmade-hair-pin?variant=gid://shopify/ProductVariant/48279058645214
2026-07-23 03:17:06,Simple Leaf Invisible Chain,Default Title,377,499.0,Sale,1,12,11,https://www.daivik.in/products/simple-leaf-invisible-chain?variant=gid://shopify/ProductVariant/48434484150494
2026-07-23 03:32:16,Peacock Kemp Earcuffs,Default Title,823,1299.0,Sale,1,11,10,https://www.daivik.in/products/peacock-kemp-earcuffs?variant=gid://shopify/ProductVariant/40886249291929
2026-07-23 03:32:16,Pearl Victorian Choker with earrings,Default Title,75,4199.0,Sale,1,49,48,https://www.daivik.in/products/a-75?variant=gid://shopify/ProductVariant/44172631015646
2026-07-23 03:32:16,"Ruby Guttapusalu Necklace with earrings (Price for Combo, Short and Long)",Short,962,1499.0,Sale,1,50,49,https://www.daivik.in/products/ruby-guttapusalu-necklace-with-earrings?variant=gid://shopify/ProductVariant/47292618768606
2026-07-23 03:32:16,Simple Pink Pearl choker with Earrings,Default Title,803,1099.0,Sale,1,43,42,https://www.daivik.in/products/simple-pink-pearl-choker-with-earrings?variant=gid://shopify/ProductVariant/45468034629854
2026-07-23 03:32:16,AD Suriyan & Chandran ( Sun & Moon ),Default Title,1566,1199.0,Sale,1,44,43,https://www.daivik.in/products/ad-suriyan-chandriyan-sun-moon?variant=gid://shopify/ProductVariant/46328183259358
2026-07-23 03:32:16,Invisible Circle AD Chain with Earrings,Ruby Green,1298,699.0,Sale,1,5,4,https://www.daivik.in/products/invisible-circle-ad-chain-with-earrings?variant=gid://shopify/ProductVariant/47653875679454
2026-07-23 03:32:16,Jadau Kemp Lotus Necklace with Earrings,Default Title,1331,6499.0,Sale,1,7,6,https://www.daivik.in/products/jadau-kemp-lotus-necklace-with-earrings?variant=gid://shopify/ProductVariant/47658374922462
2026-07-23 03:32:16,Peacock Ruby Earcuff Jhumkas,Default Title,1771,1199.0,Sale,1,33,32,https://www.daivik.in/products/peacock-ruby-earcuff?variant=gid://shopify/ProductVariant/47794755829982
2026-07-23 03:32:16,Kundan Lotus Coin / Kasumalai Handmade Hair Pin,Default Title,3540,149.0,Sale,1,3,2,https://www.daivik.in/products/kundan-lotus-coin-kasumalai-handmade-hair-pin?variant=gid://shopify/ProductVariant/48279058645214
2026-07-23 04:17:08,Rice Pearl Guttapusalu Necklace with Earrings,Default Title,828,999.0,Sale,1,16,15,https://www.daivik.in/products/rice-pearl-guttapusalu-necklace-with-earrings?variant=gid://shopify/ProductVariant/44857554567390
2026-07-23 04:17:08,Elakkathali Ruby Choker with Earrings,Default Title,485,899.0,Sale,2,47,45,https://www.daivik.in/products/elakkathali-ruby-choker-with-earrings?variant=gid://shopify/ProductVariant/48403799408862
2026-07-23 04:32:16,Simple Kemp Choker Necklace in 5 variants,Ruby green,911,1299.0,Sale,1,8,7,https://www.daivik.in/products/simple-kemp-choker-necklace-in-5-variants?variant=gid://shopify/ProductVariant/41372165898393
2026-07-23 04:47:06,AD Pendant Mangalsutra with Studs,Default Title,1117,999.0,Sale,1,28,27,https://www.daivik.in/products/ad-pendant-mangalsutra-with-studs?variant=gid://shopify/ProductVariant/45905761435870
2026-07-23 04:47:06,Elakkathali Ruby Choker with Earrings,Default Title,485,899.0,Sale,1,45,44,https://www.daivik.in/products/elakkathali-ruby-choker-with-earrings?variant=gid://shopify/ProductVariant/48403799408862
2026-07-23 05:02:32,Diamond Look Alike Hasli Necklace with Earrings,Default Title,1388,1399.0,Sale,1,33,32,https://www.daivik.in/products/a-31?variant=gid://shopify/ProductVariant/48267346772190
2026-07-23 05:02:32,AD Ruby Pearl Floral Combo,2.6,1906,3199.0,Sale,1,2,1,https://www.daivik.in/products/ad-ruby-pearl-floral-combo?variant=gid://shopify/ProductVariant/48315170914526
2026-07-23 05:32:23,AD Stone Choker With Earrings,Default Title,279,1999.0,Sale,1,36,35,https://www.daivik.in/products/green-ad-stone-choker-with-earrings?variant=gid://shopify/ProductVariant/43498731733214
2026-07-23 05:32:23,AD Studs in 2 colours,Green,247,799.0,Sale,1,5,4,https://www.daivik.in/products/ad-studs-in-2-colours?variant=gid://shopify/ProductVariant/44284796600542
2026-07-23 05:32:23,Reversible 2 Sides Lakshmi Golden Beads long chain with Extra links,Default Title,427,999.0,Sale,1,9,8,https://www.daivik.in/products/reversible-2-sides-lakshmi-golden-beads-long-chain-with-extra-links?variant=gid://shopify/ProductVariant/44644046176478
2026-07-23 05:32:23,Two line Kids/Adult Pearl Choker with Studs,Default Title,825,999.0,Sale,1,3,2,https://www.daivik.in/products/two-line-kids-adult-pearl-choker-with-studs?variant=gid://shopify/ProductVariant/44815359410398
2026-07-23 05:32:23,Kemp Pearl Ruby Green Necklace,Default Title,696,2799.0,Restock,20,0,20,https://www.daivik.in/products/kemp-pearl-ruby-green-necklace?variant=gid://shopify/ProductVariant/47470276247774
2026-07-23 05:32:23,Lakshmi Pendant Beads Choker with Earrings,Default Title,571,1299.0,Restock,10,0,10,https://www.daivik.in/products/lakshmi-pendant-beads-choker-with-earrings?variant=gid://shopify/ProductVariant/47950387085534
2026-07-23 05:32:23,Victorian Flower Pendant Necklace with Earrings,Default Title,283,3499.0,Restock,6,0,6,https://www.daivik.in/products/victorian-flower-pendant-necklace-with-earrings?variant=gid://shopify/ProductVariant/48423947796702
2026-07-23 05:32:23,Victorian Zirconium choker necklace with earrings (price for each ),Green,681,7999.0,Sold Out,1,1,0,https://www.daivik.in/products/a-40?variant=gid://shopify/ProductVariant/44127128191198
2026-07-23 05:47:00,Two line Kids/Adult Pearl Choker with Studs,Default Title,825,999.0,Sold Out,2,2,0,https://www.daivik.in/products/two-line-kids-adult-pearl-choker-with-studs?variant=gid://shopify/ProductVariant/44815359410398
2026-07-23 06:02:40,Elakkathali Ruby Choker with Earrings,Default Title,485,899.0,Sale,1,44,43,https://www.daivik.in/products/elakkathali-ruby-choker-with-earrings?variant=gid://shopify/ProductVariant/48403799408862
2026-07-23 06:17:06,Elegant Bloomed Jasmine Flower Artificial Gajra,8 Inches String - Half Moolam,3502,1299.0,Sale,1,14,13,https://www.daivik.in/products/elegant-bloomed-jasmine-flower-artificial-gajra-16-inches?variant=gid://shopify/ProductVariant/47542601154782
2026-07-23 06:17:06,Elegant Jasmine/Mullai Flower Artificial Gajra,8 Inches String - Half Moolam,3507,1299.0,Sale,1,29,28,https://www.daivik.in/products/elegant-jasmine-mullai-flower-artificial-gajra-16-inches?variant=gid://shopify/ProductVariant/47542601515230
2026-07-23 06:17:06,Handmade Lotus Flower U Pin,5,3539,799.0,Sale,1,15,14,https://www.daivik.in/products/handmade-lotus-flower-u-pin?variant=gid://shopify/ProductVariant/48294879297758
2026-07-23 06:17:06,Simple Leaf Invisible Chain,Default Title,377,499.0,Sale,1,11,10,https://www.daivik.in/products/simple-leaf-invisible-chain?variant=gid://shopify/ProductVariant/48434484150494
2026-07-23 06:17:06,Kundan Lotus Coin / Kasumalai Handmade Hair Pin,Default Title,3540,149.0,Sold Out,2,2,0,https://www.daivik.in/products/kundan-lotus-coin-kasumalai-handmade-hair-pin?variant=gid://shopify/ProductVariant/48279058645214
2026-07-23 06:32:22,"Ruby Guttapusalu Necklace with earrings (Price for Combo, Short and Long)",Short,962,1499.0,Sale,1,49,48,https://www.daivik.in/products/ruby-guttapusalu-necklace-with-earrings?variant=gid://shopify/ProductVariant/47292618768606
2026-07-23 06:32:22,Lotus white Polish Ghungroo Necklace with Jhumkas,Default Title,727,2199.0,Restock,1,33,34,https://www.daivik.in/products/lotus-white-polish-ghungroo-necklace-with-jhumkas?variant=gid://shopify/ProductVariant/46700060541150
2026-07-23 06:32:22,Kids / Adult Antique Jhumkas,Default Title,1870,699.0,Sale,1,23,22,https://www.daivik.in/products/kids-adult-antique-jhumkas?variant=gid://shopify/ProductVariant/48129394671838
2026-07-23 06:32:22,AD Pearl Flower Bangles,2.4,1903,1799.0,Restock,1,2,3,https://www.daivik.in/products/ad-pearl-flower-bangle?variant=gid://shopify/ProductVariant/48306973311198
2026-07-23 06:32:22,AD Pearl Flower Bangles,2.6,1903,1799.0,Sale,1,4,3,https://www.daivik.in/products/ad-pearl-flower-bangle?variant=gid://shopify/ProductVariant/48306973343966
2026-07-23 06:47:45,Lakshmi Peacock Coral Red Bangles/Kada (Prices for 2 Bangles),2.4,1502,1699.0,Sale,1,13,12,https://www.daivik.in/products/b?variant=gid://shopify/ProductVariant/45908637876446
2026-07-23 06:47:45,Antique Kemp Jadau Layered Bridal Necklace with Earrings,Default Title,1307,8299.0,Sale,1,3,2,https://www.daivik.in/products/antique-kemp-jadau-layered-bridal-necklace-with-earrings?variant=gid://shopify/ProductVariant/47962206404830
2026-07-23 06:47:45,Lotus Pearl Bugadi/Top Earrings,Default Title,1891,499.0,Sale,1,17,16,https://www.daivik.in/products/lotus-pearl-bugadi-top-earrings?variant=gid://shopify/ProductVariant/48282335379678
2026-07-23 06:47:45,Peacock Pearl Bugadi/Top Earrings,Default Title,1894,699.0,Sale,1,27,26,https://www.daivik.in/products/peacock-pearl-bugadi-top-earrings?variant=gid://shopify/ProductVariant/48282361069790
2026-07-23 06:47:45,Elakkathali Ruby Choker with Earrings,Default Title,485,899.0,Sale,1,43,42,https://www.daivik.in/products/elakkathali-ruby-choker-with-earrings?variant=gid://shopify/ProductVariant/48403799408862
2026-07-23 07:02:36,Brass coin Lakshmi Mattals,Default Title,616,1799.0,Sale,1,56,55,https://www.daivik.in/products/brass-coin-lakshmi-mattals?variant=gid://shopify/ProductVariant/38104682627225
2026-07-23 07:02:36,CZ Designer Leaf Earrings,Green,380,999.0,Sale,1,16,15,https://www.daivik.in/products/untitled-jul11_20-28?variant=gid://shopify/ProductVariant/45721350930654
2026-07-23 07:02:36,AD Hasli Ruby Green Necklace with Balis,Default Title,1216,699.0,Sale,1,28,27,https://www.daivik.in/products/ad-hasli-ruby-green-necklace-with-balis?variant=gid://shopify/ProductVariant/46285166837982
2026-07-23 07:17:04,Coral AD Green Stone Necklace with Studs,Default Title,1119,1599.0,Sale,1,29,28,https://www.daivik.in/products/coral-ad-green-stone-necklace-with-studs?variant=gid://shopify/ProductVariant/45915404501214
2026-07-23 07:17:04,Simple Leaf Invisible Chain,Default Title,377,499.0,Sale,1,10,9,https://www.daivik.in/products/simple-leaf-invisible-chain?variant=gid://shopify/ProductVariant/48434484150494
2026-07-23 07:32:25,Invisible Ganesha Chain in Two Colors,Dark Green,672,999.0,Sale,1,22,21,https://www.daivik.in/products/invisible-green-ganesha-chain?variant=gid://shopify/ProductVariant/48447550357726
2026-07-23 07:32:25,Simple Leaf Invisible Chain,Default Title,377,499.0,Sale,2,9,7,https://www.daivik.in/products/simple-leaf-invisible-chain?variant=gid://shopify/ProductVariant/48434484150494
2026-07-23 07:47:03,AD Pendant Mangalsutra with Studs,Default Title,1117,999.0,Sale,1,27,26,https://www.daivik.in/products/ad-pendant-mangalsutra-with-studs?variant=gid://shopify/ProductVariant/45905761435870
2026-07-23 07:47:03,Red Mossanite Antique Bangles,2.8,1516,799.0,Sale,1,30,29,https://www.daivik.in/products/red-mossanite-antique-bangles?variant=gid://shopify/ProductVariant/46122761879774
2026-07-23 07:47:03,Diamond Look Alike Hasli Necklace with Earrings,Default Title,1388,1399.0,Sale,1,32,31,https://www.daivik.in/products/a-31?variant=gid://shopify/ProductVariant/48267346772190
2026-07-23 08:17:09,AD Peacock Long Chain with Earrings,Default Title,1156,2299.0,Sale,1,30,29,https://www.daivik.in/products/ad-peacock-long-chain-with-earrings?variant=gid://shopify/ProductVariant/46076856860894
2026-07-23 08:17:09,Pearl Kemp Pendant Hasli Necklace with Earrings,Default Title,1312,799.0,Sale,1,8,7,https://www.daivik.in/products/pearl-kemp-pendant-hasli-necklace-with-earrings?variant=gid://shopify/ProductVariant/47082104389854
2026-07-23 08:17:09,Antique Designer Watch Bracelet,Default Title,4007,2999.0,Sale,1,29,28,https://www.daivik.in/products/antique-designer-watch-bracelet-6?variant=gid://shopify/ProductVariant/48070962839774
2026-07-23 08:32:21,Matte  Cluster Lakshmi jhumkas,Default Title,45,1449.0,Sale,1,33,32,https://www.daivik.in/products/45?variant=gid://shopify/ProductVariant/32600770707515
2026-07-23 08:32:21,Simple Leaf Invisible Chain,Default Title,377,499.0,Sale,1,7,6,https://www.daivik.in/products/simple-leaf-invisible-chain?variant=gid://shopify/ProductVariant/48434484150494
2026-07-23 08:47:13,Simple Peacock Necklace With Earrings,Default Title,278,1299.0,Sale,1,3,2,https://www.daivik.in/products/simple-peacock-necklace-with-earrings?variant=gid://shopify/ProductVariant/43842126905566
2026-07-23 08:47:13,AD Doublet stone Designer Earrings,Green,102,999.0,Sale,1,22,21,https://www.daivik.in/products/ad-doublet-stone-designer-earrings?variant=gid://shopify/ProductVariant/45291773755614
2026-07-23 09:02:39,Simple AD Peacock Necklace With Balis,Default Title,451,1499.0,Sale,1,12,11,https://www.daivik.in/products/simple-ad-peacock-necklace-with-balis?variant=gid://shopify/ProductVariant/37198393475225
2026-07-23 09:02:39,Simple rose gold Choker necklace with studs,Default Title,810,1499.0,Sale,1,47,46,https://www.daivik.in/products/simple-rose-gold-choker-necklace-with-studs?variant=gid://shopify/ProductVariant/40796864315545
2026-07-23 09:02:39,Small kemp Balis,Default Title,130,899.0,Sale,1,38,37,https://www.daivik.in/products/small-kemp-balis?variant=gid://shopify/ProductVariant/42391386226910
2026-07-23 09:02:39,Pure Kemp Brass Jhumkas,Default Title,171,4499.0,Sale,1,9,8,https://www.daivik.in/products/a?variant=gid://shopify/ProductVariant/42548018446558
2026-07-23 09:02:39,AD Regular wear Floral Bangles,2.6,384,999.0,Sale,1,15,14,https://www.daivik.in/products/ad-regular-wear-floral-bangles?variant=gid://shopify/ProductVariant/44051453411550
2026-07-23 09:02:39,AD Diamond Necklace with earrings in 4 colours,Pink,364,999.0,Sale,1,36,35,https://www.daivik.in/products/untitled-aug24_21-15?variant=gid://shopify/ProductVariant/44323138273502
2026-07-23 09:02:39,Simple Short Necklace with  Earrings,Default Title,707,999.0,Sale,1,40,39,https://www.daivik.in/products/simple-short-necklace-with-earrings?variant=gid://shopify/ProductVariant/45511281246430
2026-07-23 09:02:39,Ruby Green Pendant Mesh Necklace with Earrings,Default Title,1268,999.0,Sale,1,34,33,https://www.daivik.in/products/ruby-green-pendant-mesh-necklace-with-earrings?variant=gid://shopify/ProductVariant/46814149083358
2026-07-23 09:02:39,Diamond Look alike Floral Necklace with Earrings,Default Title,1293,599.0,Sale,1,3,2,https://www.daivik.in/products/diamond-look-alike-floral-necklace-with-earrings?variant=gid://shopify/ProductVariant/47058250170590
2026-07-23 09:02:39,Flexible Kerala Leaf Kada (Price for 2 pcs),Default Title,1657,599.0,Sale,1,40,39,https://www.daivik.in/products/flexible-kerala-leaf-kada-price-for-2-pcs?variant=gid://shopify/ProductVariant/47459274588382
2026-07-23 09:02:39,Invisible Green Flower Chain With Earrings,Default Title,521,799.0,Sale,1,5,4,https://www.daivik.in/products/invisible-green-flower-chain-with-earrings?variant=gid://shopify/ProductVariant/47522415182046
2026-07-23 09:02:39,Pure Kemp Lotus Jhumka with Mattals,Default Title,1763,1499.0,Sale,1,18,17,https://www.daivik.in/products/pure-kemp-lotus-jhumka-with-mattals?variant=gid://shopify/ProductVariant/47777295696094
2026-07-23 09:16:52,Kundan Ghungroo Adjustable Bracelet Watch,Default Title,1890,799.0,Sale,1,21,20,https://www.daivik.in/products/kundan-ghungroo-adjustable-bracelet-watch?variant=gid://shopify/ProductVariant/48278181413086
2026-07-23 09:16:52,Elakkathali Ruby Choker with Earrings,Default Title,485,899.0,Sale,1,42,41,https://www.daivik.in/products/elakkathali-ruby-choker-with-earrings?variant=gid://shopify/ProductVariant/48403799408862
2026-07-23 09:16:52,Simple Leaf Invisible Chain,Default Title,377,499.0,Sale,1,6,5,https://www.daivik.in/products/simple-leaf-invisible-chain?variant=gid://shopify/ProductVariant/48434484150494
2026-07-23 09:32:20,Simple and small pure kemp jhumkas,Default Title,656,1199.0,Sale,1,27,26,https://www.daivik.in/products/simple-and-small-pure-kemp-jhumkas?variant=gid://shopify/ProductVariant/39434836574361
2026-07-23 09:32:20,AD Studs in 2 colours,Green,247,799.0,Sale,1,4,3,https://www.daivik.in/products/ad-studs-in-2-colours?variant=gid://shopify/ProductVariant/44284796600542
2026-07-23 09:32:20,Rice Pearl Kemp Green Beads Jhumkas,Default Title,720,1499.0,Sale,1,24,23,https://www.daivik.in/products/rice-pearl-kemp-green-beads-jhumkas?variant=gid://shopify/ProductVariant/44866326364382
2026-07-23 09:32:20,Pure Kemp Brass Nose Pin in 3 Colors (Price for Each),Ruby,1772,599.0,Sale,1,10,9,https://www.daivik.in/products/pure-kemp-brass-nose-pin-in-3-colors-price-for-each?variant=gid://shopify/ProductVariant/47796909736158
2026-07-23 09:32:20,Kids / Adult Kemp Jhumkas,Default Title,1777,799.0,Sale,1,26,25,https://www.daivik.in/products/kids-adult-kemp-jhumkas?variant=gid://shopify/ProductVariant/47821038485726
2026-07-23 09:32:20,Diamond Look Alike Hasli Necklace with Earrings,Default Title,1388,1399.0,Sale,1,31,30,https://www.daivik.in/products/a-31?variant=gid://shopify/ProductVariant/48267346772190
2026-07-23 09:32:20,Openable Peacock Kada with Interchangeable Colour Bangles (10 Shades),2.6,1924,2299.0,Sale,1,4,3,https://www.daivik.in/products/10-in-1-changeable-bangles?variant=gid://shopify/ProductVariant/48422119506142
2026-07-23 09:47:08,Elakkathali Ruby Choker with Earrings,Default Title,485,899.0,Sale,1,41,40,https://www.daivik.in/products/elakkathali-ruby-choker-with-earrings?variant=gid://shopify/ProductVariant/48403799408862
2026-07-23 10:02:38,Diamond Look Alike Hasli Necklace with Earrings,Default Title,1388,1399.0,Sale,1,30,29,https://www.daivik.in/products/a-31?variant=gid://shopify/ProductVariant/48267346772190
2026-07-23 10:16:55,AD Hasli Ruby Green Necklace with Balis,Default Title,1216,699.0,Sale,1,27,26,https://www.daivik.in/products/ad-hasli-ruby-green-necklace-with-balis?variant=gid://shopify/ProductVariant/46285166837982
2026-07-23 10:46:56,Kemp Jadau Bugadi,Default Title,1601,799.0,Sale,1,26,25,https://www.daivik.in/products/kemp-jadau-bugadi?variant=gid://shopify/ProductVariant/46641514021086
2026-07-23 10:46:56,Parrot Pearl Bugadi/Top Earrings,Default Title,1892,699.0,Sale,1,24,23,https://www.daivik.in/products/parrot-pearl-bugadi-top-earrings?variant=gid://shopify/ProductVariant/48282345799902
2026-07-23 11:17:15,Black Thread Rice Pearl Guttapusalu Necklace with Earrings,Default Title,726,2299.0,Sale,1,15,14,https://www.daivik.in/products/black?variant=gid://shopify/ProductVariant/46636597051614
2026-07-23 11:17:15,Kemp Pearl Ruby Green Necklace,Default Title,696,2799.0,Sale,1,20,19,https://www.daivik.in/products/kemp-pearl-ruby-green-necklace?variant=gid://shopify/ProductVariant/47470276247774
2026-07-23 11:17:15,Simple Leaf Invisible Chain,Default Title,377,499.0,Sale,1,5,4,https://www.daivik.in/products/simple-leaf-invisible-chain?variant=gid://shopify/ProductVariant/48434484150494
2026-07-23 11:47:22,Simple AD Mangalsutra,Default Title,734,1099.0,Sale,1,6,5,https://www.daivik.in/products/a-79?variant=gid://shopify/ProductVariant/42832236970206
2026-07-23 11:47:22,Elakkathali Ruby Choker with Earrings,Default Title,485,899.0,Sale,1,40,39,https://www.daivik.in/products/elakkathali-ruby-choker-with-earrings?variant=gid://shopify/ProductVariant/48403799408862
2026-07-23 12:02:40,Invisible Flower Chain with Earrings,Default Title,871,799.0,Sale,1,33,32,https://www.daivik.in/products/invisible-flower-chain-with-earrings?variant=gid://shopify/ProductVariant/47043956310238
2026-07-23 12:02:40,Elakkathali Coin Ruby Green Choker with Earrings,Default Title,602,899.0,Sale,1,40,39,https://www.daivik.in/products/elakkathali-coin-ruby-green-choker-with-earrings?variant=gid://shopify/ProductVariant/48437245870302
2026-07-23 12:17:11,Heritage Watch Bracelet,Default Title,4029,1699.0,Sale,1,54,53,https://www.daivik.in/products/heritage-watch-bracelet-8?variant=gid://shopify/ProductVariant/48128940736734
2026-07-23 12:47:08,Simple Mangalsutra With stones,Default Title,670,1099.0,Sale,1,45,44,https://www.daivik.in/products/1-4?variant=gid://shopify/ProductVariant/42679325982942
2026-07-23 12:47:08,Simple AD leaf anklets,Default Title,514,799.0,Sale,1,13,12,https://www.daivik.in/products/simple-ad-leaf-anklets?variant=gid://shopify/ProductVariant/44469864267998
2026-07-23 12:47:08,Diwali Sale Earrings D24346,Ruby,D24346,1399.0,Sale,1,3,2,https://www.daivik.in/products/diwali-sale-earrings-d24346?variant=gid://shopify/ProductVariant/45952023167198
2026-07-23 12:47:08,Moissanite Stone Choti/Hair Accessory (Comes in variants: 1 pc / 3 pc / 5 pc),3 pc,1752,1699.0,Sale,1,4,3,https://www.daivik.in/products/moissanite-stone-choti-hair-accessory-comes-in-variants-1-pc-3-pc-5-pc-copy?variant=gid://shopify/ProductVariant/47731041698014
2026-07-23 12:47:08,Elakkathali Ruby Choker with Earrings,Default Title,485,899.0,Sale,1,39,38,https://www.daivik.in/products/elakkathali-ruby-choker-with-earrings?variant=gid://shopify/ProductVariant/48403799408862
2026-07-23 12:47:08,Simple Leaf Invisible Chain,Default Title,377,499.0,Sale,1,4,3,https://www.daivik.in/products/simple-leaf-invisible-chain?variant=gid://shopify/ProductVariant/48434484150494
2026-07-23 13:02:45,Victorian Spiral Green AD Bangles,2.4,1853,1499.0,Sale,1,28,27,https://www.daivik.in/products/victorian-spiral-green-ad-bangles?variant=gid://shopify/ProductVariant/48057307398366
2026-07-23 13:17:07,Pure Kemp Brass Necklace,Default Title,991,3499.0,Sale,1,39,38,https://www.daivik.in/products/pure-kemp-brass-necklace?variant=gid://shopify/ProductVariant/42319003091166
2026-07-23 13:32:31,AD Pendant Flower Necklace with Earrings,Default Title,1266,1699.0,Sale,1,12,11,https://www.daivik.in/products/ad-pendant-flower-necklace-with-earrings?variant=gid://shopify/ProductVariant/46813927243998
2026-07-23 13:32:31,Kemp Pearl Ruby Green Necklace,Default Title,696,2799.0,Sale,1,19,18,https://www.daivik.in/products/kemp-pearl-ruby-green-necklace?variant=gid://shopify/ProductVariant/47470276247774
2026-07-23 13:32:31,Antique Lakshmi Jada Billa (Price for 1 pc),Default Title,1918,499.0,Sale,1,20,19,https://www.daivik.in/products/antique-lakshmi-jada-billa-price-for-1-pc?variant=gid://shopify/ProductVariant/48378829111518
2026-07-23 13:32:31,Elakkathali Ruby Choker with Earrings,Default Title,485,899.0,Sale,1,38,37,https://www.daivik.in/products/elakkathali-ruby-choker-with-earrings?variant=gid://shopify/ProductVariant/48403799408862
2026-07-23 13:47:09,Elephant Antique Kada,2.4,1707,2299.0,Sale,1,7,6,https://www.daivik.in/products/elephant-antique-kada?variant=gid://shopify/ProductVariant/47583925371102
2026-07-23 14:02:41,Two Layered Lakshmi Coin Long Haram With Earrings,Default Title,308,5499.0,Sale,1,18,17,https://www.daivik.in/products/two-layered-lakshmi-coin-long-haram-with-earrings?variant=gid://shopify/ProductVariant/34967949050009
2026-07-23 14:02:41,Simple Rose gold choker/necklace with earrings,Default Title,983,1199.0,Sale,1,31,30,https://www.daivik.in/products/simple-rose-gold-choker-necklace-with-earrings?variant=gid://shopify/ProductVariant/42280457011422
2026-07-23 14:02:41,AD changeable studs,Default Title,106,799.0,Sale,1,30,29,https://www.daivik.in/products/ad-changeable-studs?variant=gid://shopify/ProductVariant/44192837632222
2026-07-23 14:02:41,AD Hasli Ruby Green Necklace with Balis,Default Title,1216,699.0,Sale,1,26,25,https://www.daivik.in/products/ad-hasli-ruby-green-necklace-with-balis?variant=gid://shopify/ProductVariant/46285166837982
2026-07-23 14:02:41,Lakshmi Pendant Beads Choker with Earrings,Default Title,571,1299.0,Sale,1,10,9,https://www.daivik.in/products/lakshmi-pendant-beads-choker-with-earrings?variant=gid://shopify/ProductVariant/47950387085534
2026-07-23 14:02:41,Victorian Spiral AD Bangles,2.8,1855,1499.0,Sale,1,52,51,https://www.daivik.in/products/victorian-spiral-ad-bangles?variant=gid://shopify/ProductVariant/48057312280798
2026-07-23 14:32:32,Diamond Look alike Floral Necklace with Earrings,Default Title,1293,599.0,Sale,1,2,1,https://www.daivik.in/products/diamond-look-alike-floral-necklace-with-earrings?variant=gid://shopify/ProductVariant/47058250170590
2026-07-23 14:32:32,Elakkathali Ruby Choker with Earrings,Default Title,485,899.0,Sale,1,37,36,https://www.daivik.in/products/elakkathali-ruby-choker-with-earrings?variant=gid://shopify/ProductVariant/48403799408862
2026-07-23 14:47:10,Cluster Pearl Necklace with earrings ( Price for each),White Pearl,257,1499.0,Sale,1,16,15,https://www.daivik.in/products/a-2?variant=gid://shopify/ProductVariant/44437456519390
2026-07-23 14:47:10,AD Hasli Ruby Green Necklace with Balis,Default Title,1216,699.0,Sale,3,25,22,https://www.daivik.in/products/ad-hasli-ruby-green-necklace-with-balis?variant=gid://shopify/ProductVariant/46285166837982
2026-07-23 14:47:10,Hasli Victorian Pendant Neckalce with Earrings,Default Title,1342,2999.0,Sale,1,19,18,https://www.daivik.in/products/hasli-victorian-pendant-neckalce-with-earrings?variant=gid://shopify/ProductVariant/47711238815966
2026-07-23 14:47:10,Invisible Ganesha Chain in Two Colors,Baby Pink,672,999.0,Sale,1,20,19,https://www.daivik.in/products/invisible-green-ganesha-chain?variant=gid://shopify/ProductVariant/48447550390494
2026-07-23 14:47:10,Simple Leaf Invisible Chain,Default Title,377,499.0,Sale,1,3,2,https://www.daivik.in/products/simple-leaf-invisible-chain?variant=gid://shopify/ProductVariant/48434484150494
2026-07-23 15:02:36,Non idol Peacock long haram with Jhumkas,Default Title,1125,3499.0,Sale,1,5,4,https://www.daivik.in/products/non-idol-peacock-long-haram-with-jhumkas?variant=gid://shopify/ProductVariant/45971318603998
2026-07-23 15:02:36,Kemp Bangle Combo (Price for Both Hands),2.6,1804,2999.0,Sale,1,4,3,https://www.daivik.in/products/b-3?variant=gid://shopify/ProductVariant/47880825503966
2026-07-23 15:17:06,Simple Ruby and pearl choker with earrings,Default Title,538,999.0,Sale,1,38,37,https://www.daivik.in/products/a-327?variant=gid://shopify/ProductVariant/43546226196702
2026-07-23 15:47:01,Jathi Malli Pink Shade Flower Reusable Gajra,8 Inches String - Half Moolam,3501,1299.0,Sale,1,3,2,https://www.daivik.in/products/jathi-malli-pink-shade-flower-reusable-gajra-16-inches?variant=gid://shopify/ProductVariant/47542602006750
2026-07-23 16:17:04,Kemp studs,Default Title,253,699.0,Sale,1,20,19,https://www.daivik.in/products/kemp-studs?variant=gid://shopify/ProductVariant/44284806037726
2026-07-23 16:17:04,Diamond Look Alike Droplet Hasli Necklace with Earrings,Default Title,1392,1399.0,Sale,1,13,12,https://www.daivik.in/products/diamond-look-alike-droplet-hasli-necklace-with-earrings?variant=gid://shopify/ProductVariant/48349854826718
2026-07-23 16:17:04,Invisible Ganesha Chain in Two Colors,Dark Green,672,999.0,Sale,1,21,20,https://www.daivik.in/products/invisible-green-ganesha-chain?variant=gid://shopify/ProductVariant/48447550357726
2026-07-23 16:47:06,Invisible Ganesha Chain in Two Colors,Baby Pink,672,999.0,Sale,1,19,18,https://www.daivik.in/products/invisible-green-ganesha-chain?variant=gid://shopify/ProductVariant/48447550390494
2026-07-23 16:47:06,Elakkathali Ruby Choker with Earrings,Default Title,485,899.0,Sale,1,36,35,https://www.daivik.in/products/elakkathali-ruby-choker-with-earrings?variant=gid://shopify/ProductVariant/48403799408862
2026-07-23 17:02:46,Antique Lakshmi white stone Bangles,2.8,73,699.0,Sale,1,48,47,https://www.daivik.in/products/antique-lakshmi-white-stone-bangles?variant=gid://shopify/ProductVariant/44369095033054
2026-07-23 17:02:46,Hasli AD Necklace with Earrings in 2 Colors (Price for Each),Green,1229,1399.0,Sale,1,49,48,https://www.daivik.in/products/hasli-ad-necklace-with-earrings-in-2-colors?variant=gid://shopify/ProductVariant/46308331061470
2026-07-23 17:02:46,"Jyothika Mam Inspired AD Green Pendant Necklace (Prices for Short, Long and Combo)",Short,1295,799.0,Sale,1,40,39,https://www.daivik.in/products/jyothika-mam-inspired-ad-green-pendant-necklace?variant=gid://shopify/ProductVariant/47092708573406
2026-07-23 17:02:46,AD Pearl Flower Bangles,2.6,1903,1799.0,Sale,1,3,2,https://www.daivik.in/products/ad-pearl-flower-bangle?variant=gid://shopify/ProductVariant/48306973343966
2026-07-23 17:02:46,Invisible Ganesha Chain in Two Colors,Baby Pink,672,999.0,Sale,1,18,17,https://www.daivik.in/products/invisible-green-ganesha-chain?variant=gid://shopify/ProductVariant/48447550390494
2026-07-23 17:02:46,Pachi Pearl Jali Necklace,Default Title,491,2999.0,Sale,1,21,20,https://www.daivik.in/products/pachi-pearl-jali-necklace?variant=gid://shopify/ProductVariant/48400077258974
2026-07-23 17:02:46,Simple Leaf Invisible Chain,Default Title,377,499.0,Sale,1,2,1,https://www.daivik.in/products/simple-leaf-invisible-chain?variant=gid://shopify/ProductVariant/48434484150494
2026-07-23 17:02:46,Classic AD Droplet Jhumkas,Default Title,1933,699.0,New Arrival,10,0,10,https://www.daivik.in/products/classic-ad-droplet-jhumkas?variant=gid://shopify/ProductVariant/48465634394334
2026-07-23 17:17:11,Simple Mangalsutra With stones,Default Title,670,1099.0,Sale,1,44,43,https://www.daivik.in/products/1-4?variant=gid://shopify/ProductVariant/42679325982942
2026-07-23 17:17:11,Classic AD Droplet Jhumkas,Default Title,1933,699.0,Sale,1,10,9,https://www.daivik.in/products/classic-ad-droplet-jhumkas?variant=gid://shopify/ProductVariant/48465634394334
2026-07-23 17:32:19,Meenakari AD work necklace with earrings,Default Title,458,2999.0,Sale,1,3,2,https://www.daivik.in/products/meenakari-ad-work-necklace-with-earrings?variant=gid://shopify/ProductVariant/37254313279641
2026-07-23 17:32:19,Diamond Look alike Floral Necklace with Earrings,Default Title,1293,599.0,Sold Out,1,1,0,https://www.daivik.in/products/diamond-look-alike-floral-necklace-with-earrings?variant=gid://shopify/ProductVariant/47058250170590
2026-07-23 17:47:21,Kids/Adults mini choker,Default Title,768,1499.0,Sale,1,11,10,https://www.daivik.in/products/kids-mini-choker?variant=gid://shopify/ProductVariant/40510053089433
2026-07-23 18:02:37,AD changeable studs,Default Title,106,799.0,Sale,1,29,28,https://www.daivik.in/products/ad-changeable-studs?variant=gid://shopify/ProductVariant/44192837632222
2026-07-23 18:02:37,Premium AD layered Droplet Earrings,Default Title,1603,1699.0,Sale,1,30,29,https://www.daivik.in/products/premium-ad-layered-droplet-earrings?variant=gid://shopify/ProductVariant/46662363939038
2026-07-23 18:17:00,Classic AD Droplet Jhumkas,Default Title,1933,699.0,Sale,1,9,8,https://www.daivik.in/products/classic-ad-droplet-jhumkas?variant=gid://shopify/ProductVariant/48465634394334
2026-07-23 18:32:28,Classic AD Droplet Jhumkas,Default Title,1933,699.0,Sale,1,8,7,https://www.daivik.in/products/classic-ad-droplet-jhumkas?variant=gid://shopify/ProductVariant/48465634394334
2026-07-23 21:17:08,AD Regular wear Floral Bangles,2.4,384,999.0,Sale,1,2,1,https://www.daivik.in/products/ad-regular-wear-floral-bangles?variant=gid://shopify/ProductVariant/44051451609310
2026-07-23 21:17:08,Pearl Victorian Choker with earrings,Default Title,75,4199.0,Sale,1,48,47,https://www.daivik.in/products/a-75?variant=gid://shopify/ProductVariant/44172631015646
2026-07-23 21:17:08,Peacock Jhumkas with Mattals,Default Title,195,3199.0,Sale,1,29,28,https://www.daivik.in/products/peacock-jhumkas-with-mattals?variant=gid://shopify/ProductVariant/44266482663646
2026-07-23 21:17:08,AD Hasli Ruby Green Necklace with Balis,Default Title,1216,699.0,Sale,1,22,21,https://www.daivik.in/products/ad-hasli-ruby-green-necklace-with-balis?variant=gid://shopify/ProductVariant/46285166837982
2026-07-23 21:17:08,Premium AD Rice Pearl Jada Billa,Default Title,1904,1799.0,Sale,1,2,1,https://www.daivik.in/products/premium-ad-rice-pearl-jada-billa?variant=gid://shopify/ProductVariant/48309043429598
2026-07-23 21:17:08,Elakkathali Ruby Choker with Earrings,Default Title,485,899.0,Sale,1,35,34,https://www.daivik.in/products/elakkathali-ruby-choker-with-earrings?variant=gid://shopify/ProductVariant/48403799408862
2026-07-23 21:17:08,Pure kemp Pearl JadaBillai/ chotti / Hair Accessories,Default Title,1929,2199.0,Sale,1,25,24,https://www.daivik.in/products/pure-kemp-pearl-jadabillai-chotti-hair-accessories-copy?variant=gid://shopify/ProductVariant/48442470236382
2026-07-23 21:32:23,Peacock Jhumkas with Golden beads Mattal,Default Title,414,2299.0,Sale,1,4,3,https://www.daivik.in/products/peacock-jhumkas-with-golden-beads-mattal?variant=gid://shopify/ProductVariant/45443238002910
2026-07-23 22:17:02,Elakkathali Ruby Choker with Earrings,Default Title,485,899.0,Sale,1,34,33,https://www.daivik.in/products/elakkathali-ruby-choker-with-earrings?variant=gid://shopify/ProductVariant/48403799408862
2026-07-24 02:02:37,Lakshmi Pendant Beads Choker with Earrings,Default Title,571,1299.0,Sale,1,9,8,https://www.daivik.in/products/lakshmi-pendant-beads-choker-with-earrings?variant=gid://shopify/ProductVariant/47950387085534
2026-07-24 02:17:13,Invisible Flower Chain with Earrings,Default Title,871,799.0,Sale,1,32,31,https://www.daivik.in/products/invisible-flower-chain-with-earrings?variant=gid://shopify/ProductVariant/47043956310238
2026-07-24 02:17:13,Kemp Pearl Ruby Green Necklace,Default Title,696,2799.0,Sale,1,18,17,https://www.daivik.in/products/kemp-pearl-ruby-green-necklace?variant=gid://shopify/ProductVariant/47470276247774
2026-07-24 02:32:22,Guttapusalu Long and Short Combo,Default Title,293,4999.0,Sale,1,5,4,https://www.daivik.in/products/guttapusalu-long-and-short-combo?variant=gid://shopify/ProductVariant/34664267481241
2026-07-24 03:02:33,Multicolour Pearl chain,Default Title,817,1199.0,Sale,1,40,39,https://www.daivik.in/products/multicolour-pearl-chain?variant=gid://shopify/ProductVariant/44195427713246
2026-07-24 03:16:52,Classic Guttapusalu Cluster Pearl Choker with Balis,Default Title,1383,2399.0,Sale,1,37,36,https://www.daivik.in/products/classic-guttapusalu-cluster-pearl-choker-with-balis?variant=gid://shopify/ProductVariant/48161484210398
2026-07-24 03:32:21,Elakkathali Ruby Choker with Earrings,Default Title,485,899.0,Sale,1,33,32,https://www.daivik.in/products/elakkathali-ruby-choker-with-earrings?variant=gid://shopify/ProductVariant/48403799408862
2026-07-24 04:02:35,AD Hasli Ruby Green Necklace with Balis,Default Title,1216,699.0,Sale,2,21,19,https://www.daivik.in/products/ad-hasli-ruby-green-necklace-with-balis?variant=gid://shopify/ProductVariant/46285166837982
2026-07-24 04:02:35,Pearl Kemp Pendant Hasli Necklace with Earrings,Default Title,1312,799.0,Sale,1,7,6,https://www.daivik.in/products/pearl-kemp-pendant-hasli-necklace-with-earrings?variant=gid://shopify/ProductVariant/47082104389854
2026-07-24 04:02:35,Invisible Ganesha Chain in Two Colors,Baby Pink,672,999.0,Sale,1,17,16,https://www.daivik.in/products/invisible-green-ganesha-chain?variant=gid://shopify/ProductVariant/48447550390494
2026-07-24 04:17:07,Pure Kemp Lotus Jhumka with Mattals,Default Title,1763,1499.0,Sale,1,17,16,https://www.daivik.in/products/pure-kemp-lotus-jhumka-with-mattals?variant=gid://shopify/ProductVariant/47777295696094
2026-07-24 04:17:07,Elakkathali Ruby Choker with Earrings,Default Title,485,899.0,Sale,1,32,31,https://www.daivik.in/products/elakkathali-ruby-choker-with-earrings?variant=gid://shopify/ProductVariant/48403799408862
2026-07-24 04:32:25,Golden Ad bangles,2.8,905,1299.0,Sale,1,33,32,https://www.daivik.in/products/golden-ad-bangles?variant=gid://shopify/ProductVariant/41342831755417
2026-07-24 04:32:25,Elakkathali Ruby Choker with Earrings,Default Title,485,899.0,Sale,1,31,30,https://www.daivik.in/products/elakkathali-ruby-choker-with-earrings?variant=gid://shopify/ProductVariant/48403799408862
2026-07-24 04:32:25,Classic AD Droplet Jhumkas,Default Title,1933,699.0,Sale,1,7,6,https://www.daivik.in/products/classic-ad-droplet-jhumkas?variant=gid://shopify/ProductVariant/48465634394334
2026-07-24 04:47:04,Lakshmi Pendant Beads Choker with Earrings,Default Title,571,1299.0,Sale,1,8,7,https://www.daivik.in/products/lakshmi-pendant-beads-choker-with-earrings?variant=gid://shopify/ProductVariant/47950387085534
2026-07-24 04:47:04,Elakkathali Ruby Choker with Earrings,Default Title,485,899.0,Sale,1,30,29,https://www.daivik.in/products/elakkathali-ruby-choker-with-earrings?variant=gid://shopify/ProductVariant/48403799408862
2026-07-24 05:02:32,Elegant Jasmine/Mullai Flower Artificial Gajra,8 Inches String - Half Moolam,3507,1299.0,Sale,1,28,27,https://www.daivik.in/products/elegant-jasmine-mullai-flower-artificial-gajra-16-inches?variant=gid://shopify/ProductVariant/47542601515230
2026-07-24 05:17:05,Invisible Ganesha Chain in Two Colors,Baby Pink,672,999.0,Sale,2,16,14,https://www.daivik.in/products/invisible-green-ganesha-chain?variant=gid://shopify/ProductVariant/48447550390494
2026-07-24 05:32:18,Pure Kemp Brass Lotus Choti,Default Title,1846,999.0,Sale,1,35,34,https://www.daivik.in/products/pure-kemp-brass-lotus-choti-1?variant=gid://shopify/ProductVariant/48049628709086
2026-07-24 05:32:18,AD Green Pearl Floral Combo,2.4,1910,3199.0,Sale,1,3,2,https://www.daivik.in/products/ad-green-pearl-floral-combo?variant=gid://shopify/ProductVariant/48333256032478
2026-07-24 05:32:18,Double Foam Handmade Artificial Lotus Pink Buds Kunjalam/Hair Extension,Default Title,3543,799.0,Sale,1,24,23,https://www.daivik.in/products/triple-foam-handmade-artificial-lotus-pink-buds-kunjalam-hair-extension?variant=gid://shopify/ProductVariant/48377645465822
2026-07-24 05:32:18,Elakkathali Ruby Choker with Earrings,Default Title,485,899.0,Sale,1,29,28,https://www.daivik.in/products/elakkathali-ruby-choker-with-earrings?variant=gid://shopify/ProductVariant/48403799408862
2026-07-24 05:32:18,Premium AD & Pearl Kada,Default Title,1923,1199.0,Sale,1,8,7,https://www.daivik.in/products/premium-ad-pearl-kada?variant=gid://shopify/ProductVariant/48415689113822
2026-07-24 05:47:07,Gold Toned Pure Kemp Bangles,2.4,63,2699.0,Restock,16,14,30,https://www.daivik.in/products/64?variant=gid://shopify/ProductVariant/35563213521049
2026-07-24 05:47:07,Gold Toned Pure Kemp Bangles,2.6,63,2699.0,Restock,14,12,26,https://www.daivik.in/products/64?variant=gid://shopify/ProductVariant/35563213553817
2026-07-24 05:47:07,Gold Toned Pure Kemp Bangles,2.8,63,2699.0,Restock,17,13,30,https://www.daivik.in/products/64?variant=gid://shopify/ProductVariant/35563213586585
2026-07-24 05:47:07,Uncut Kemp Vintage Necklace With Earrings,Default Title,400,1749.0,Sale,1,52,51,https://www.daivik.in/products/pure-uncut-kemp-vintage-necklace-with-earrings?variant=gid://shopify/ProductVariant/44178228478174
2026-07-24 05:47:07,Light weight long Kemp Balis,Default Title,822,1599.0,Sale,1,28,27,https://www.daivik.in/products/light-weight-long-kemp-balis?variant=gid://shopify/ProductVariant/40878997438617
2026-07-24 05:47:07,Set of 6 Kemp AD bangles,2.8,988,1699.0,Sale,1,23,22,https://www.daivik.in/products/set-of-6-kemp-ad-bangles?variant=gid://shopify/ProductVariant/42314254450910
2026-07-24 05:47:07,3 Line Multicolour Mala with earrings,Default Title,898,2499.0,Sale,1,19,18,https://www.daivik.in/products/3-line-multicolour-mala-with-earrings?variant=gid://shopify/ProductVariant/44212089585886
2026-07-24 05:47:07,Hasli Choker with Jhumkas,Ruby Green,510,1199.0,Sale,1,5,4,https://www.daivik.in/products/untitled-may26_18-32?variant=gid://shopify/ProductVariant/45429015445726
2026-07-24 05:47:07,Victorian AD Necklace with Earrings in Four Colors,Ruby,190,1799.0,Sale,1,11,10,https://www.daivik.in/products/victorian-ad-necklace-with-earrings-in-two-colors?variant=gid://shopify/ProductVariant/45910584525022
2026-07-24 05:47:07,Diwali Sale Bangles D24403,2.6,D24403,1299.0,Sale,1,2,1,https://www.daivik.in/products/diwali-sale-bangles-d24403?variant=gid://shopify/ProductVariant/45950543364318
2026-07-24 05:47:07,Kemp Jadau Layered Earrings,Default Title,1595,1099.0,Sale,1,54,53,https://www.daivik.in/products/kemp-jadau-layered-earrings?variant=gid://shopify/ProductVariant/46640708354270
2026-07-24 05:47:07,Simple Antique Thin Hipchain in 5 Variants ( Price for Each ),4,1602,1299.0,Sale,1,10,9,https://www.daivik.in/products/simple-antique-thin-hipchain-in-5-variants-price-for-each?variant=gid://shopify/ProductVariant/46643685359838
2026-07-24 05:47:07,Pure Kemp Brass Nose Pin in 3 Colors (Price for Each),Green,1772,599.0,Sale,1,44,43,https://www.daivik.in/products/pure-kemp-brass-nose-pin-in-3-colors-price-for-each?variant=gid://shopify/ProductVariant/47796909768926
2026-07-24 05:47:07,Victorian Spiral Ruby AD Bangles,2.4,1854,1499.0,Restock,28,25,53,https://www.daivik.in/products/victorian-spiral-ruby-ad-bangles?variant=gid://shopify/ProductVariant/48057311953118
2026-07-24 05:47:07,Victorian Spiral Ruby AD Bangles,2.6,1854,1499.0,Restock,46,0,46,https://www.daivik.in/products/victorian-spiral-ruby-ad-bangles?variant=gid://shopify/ProductVariant/48057311985886
2026-07-24 05:47:07,Victorian Spiral Ruby AD Bangles,2.8,1854,1499.0,Restock,30,20,50,https://www.daivik.in/products/victorian-spiral-ruby-ad-bangles?variant=gid://shopify/ProductVariant/48057312018654
2026-07-24 05:47:07,Victorian Spiral AD Bangles,2.4,1855,1499.0,Restock,23,33,56,https://www.daivik.in/products/victorian-spiral-ad-bangles?variant=gid://shopify/ProductVariant/48057312215262
2026-07-24 05:47:07,Victorian Spiral AD Bangles,2.8,1855,1499.0,Restock,5,51,56,https://www.daivik.in/products/victorian-spiral-ad-bangles?variant=gid://shopify/ProductVariant/48057312280798
2026-07-24 05:47:07,AD Pearl Flower Bangles,2.4,1903,1799.0,Restock,36,3,39,https://www.daivik.in/products/ad-pearl-flower-bangle?variant=gid://shopify/ProductVariant/48306973311198
2026-07-24 05:47:07,AD Pearl Flower Bangles,2.6,1903,1799.0,Restock,15,2,17,https://www.daivik.in/products/ad-pearl-flower-bangle?variant=gid://shopify/ProductVariant/48306973343966
2026-07-24 05:47:07,AD Pearl Flower Bangles,2.8,1903,1799.0,Restock,24,3,27,https://www.daivik.in/products/ad-pearl-flower-bangle?variant=gid://shopify/ProductVariant/48306973376734
2026-07-24 05:47:07,Openable Peacock Kada with Interchangeable Colour Bangles (10 Shades),2.4,1924,2299.0,Restock,9,9,18,https://www.daivik.in/products/10-in-1-changeable-bangles?variant=gid://shopify/ProductVariant/48422119473374
2026-07-24 05:47:07,Openable Peacock Kada with Interchangeable Colour Bangles (10 Shades),2.6,1924,2299.0,Restock,2,3,5,https://www.daivik.in/products/10-in-1-changeable-bangles?variant=gid://shopify/ProductVariant/48422119506142
2026-07-24 06:17:07,Elakkathali Ruby Choker with Earrings,Default Title,485,899.0,Sale,2,28,26,https://www.daivik.in/products/elakkathali-ruby-choker-with-earrings?variant=gid://shopify/ProductVariant/48403799408862
2026-07-24 06:32:19,Hasli AD Necklace with Earrings in 2 Colors (Price for Each),Green,1229,1399.0,Sale,1,48,47,https://www.daivik.in/products/hasli-ad-necklace-with-earrings-in-2-colors?variant=gid://shopify/ProductVariant/46308331061470
2026-07-24 06:32:19,Two Line Antique Lakshmi Chain with Earrings,Coral,1330,699.0,Sale,1,16,15,https://www.daivik.in/products/two-line-antique-lakshmi-chain-with-earrings?variant=gid://shopify/ProductVariant/47652470063326
2026-07-24 06:32:19,Invisible Ganesha Chain in Two Colors,Dark Green,672,999.0,Sale,1,20,19,https://www.daivik.in/products/invisible-green-ganesha-chain?variant=gid://shopify/ProductVariant/48447550357726
2026-07-24 06:32:19,Elakkathali Coin Ruby Green Choker with Earrings,Default Title,602,899.0,Sale,1,39,38,https://www.daivik.in/products/elakkathali-coin-ruby-green-choker-with-earrings?variant=gid://shopify/ProductVariant/48437245870302
2026-07-24 06:47:33,3D Lakshmi Hanging Golden Pearl Balis in Two Colors,Ruby,1652,999.0,Sale,1,17,16,https://www.daivik.in/products/3d-lakshmi-hanging-golden-pearl-balis-in-two-colors?variant=gid://shopify/ProductVariant/47445676622046
2026-07-24 07:02:32,White stone bangles (4 bangles),2.4,951,999.0,Sale,1,46,45,https://www.daivik.in/products/white-stone-bangles-4-bangles?variant=gid://shopify/ProductVariant/42060601163998
2026-07-24 07:02:32,Two Line Pearl Choker with Earrings in 3 Colors (Price for Each),Dark Green,523,799.0,Sale,1,8,7,https://www.daivik.in/products/two-like-pearl-choker-with-earrings?variant=gid://shopify/ProductVariant/46323231785182
2026-07-24 07:16:59,Cluster Pearl Necklace with earrings ( Price for each),White Pearl,257,1499.0,Sale,1,15,14,https://www.daivik.in/products/a-2?variant=gid://shopify/ProductVariant/44437456519390
2026-07-24 07:16:59,Flexible Kerala Leaf Kada (Price for 2 pcs),Default Title,1657,599.0,Sale,1,39,38,https://www.daivik.in/products/flexible-kerala-leaf-kada-price-for-2-pcs?variant=gid://shopify/ProductVariant/47459274588382
2026-07-24 07:16:59,Antique Flexible Free size Kada,Default Title,1897,499.0,Sale,1,15,14,https://www.daivik.in/products/antique-flexible-free-size-kada?variant=gid://shopify/ProductVariant/48287951978718
2026-07-24 07:46:58,Kids / Adult Kemp Jhumkas,Default Title,1777,799.0,Sale,1,25,24,https://www.daivik.in/products/kids-adult-kemp-jhumkas?variant=gid://shopify/ProductVariant/47821038485726
2026-07-24 08:02:44,Lakshmi Coin Chain,Default Title,1286,599.0,Sale,1,56,55,https://www.daivik.in/products/lakshmi-coin-chain?variant=gid://shopify/ProductVariant/47042689433822
2026-07-24 08:02:44,Elakkathali Ruby Choker with Earrings,Default Title,485,899.0,Sale,1,26,25,https://www.daivik.in/products/elakkathali-ruby-choker-with-earrings?variant=gid://shopify/ProductVariant/48403799408862
2026-07-24 08:02:44,Classic AD Droplet Jhumkas,Default Title,1933,699.0,Sale,1,6,5,https://www.daivik.in/products/classic-ad-droplet-jhumkas?variant=gid://shopify/ProductVariant/48465634394334
2026-07-24 08:17:00,Lakshmi Coin Chain,Default Title,1286,599.0,Sale,1,55,54,https://www.daivik.in/products/lakshmi-coin-chain?variant=gid://shopify/ProductVariant/47042689433822
2026-07-24 08:17:00,Sri Balaji Heritage Choker with Studs,Default Title,841,799.0,Sale,1,23,22,https://www.daivik.in/products/sri-balaji-heritage-choker-with-studs?variant=gid://shopify/ProductVariant/48289643102430
2026-07-24 08:17:00,Invisible Ganesha Chain in Two Colors,Baby Pink,672,999.0,Sale,1,14,13,https://www.daivik.in/products/invisible-green-ganesha-chain?variant=gid://shopify/ProductVariant/48447550390494
2026-07-24 08:47:07,Uncut Kemp Vintage Necklace With Earrings,Default Title,400,1749.0,Sale,1,51,50,https://www.daivik.in/products/pure-uncut-kemp-vintage-necklace-with-earrings?variant=gid://shopify/ProductVariant/44178228478174
2026-07-24 08:47:07,Elakkathali Ruby Choker with Earrings,Default Title,485,899.0,Sale,1,25,24,https://www.daivik.in/products/elakkathali-ruby-choker-with-earrings?variant=gid://shopify/ProductVariant/48403799408862
2026-07-24 09:02:49,Simple Lakshmi choker with pearl hangings,Default Title,381,1099.0,Sale,1,20,19,https://www.daivik.in/products/simple-lakshmi-choker-with-pearl-hangings?variant=gid://shopify/ProductVariant/36398494351513
2026-07-24 09:02:49,Lakshmi AD Kada (Price for a Pair),Default Title,1734,499.0,Sale,1,15,14,https://www.daivik.in/products/lakshmi-ad-kada-price-for-a-pair?variant=gid://shopify/ProductVariant/47678095163614
2026-07-24 09:02:49,Parrot Pearl Bugadi/Top Earrings,Default Title,1892,699.0,Sale,1,23,22,https://www.daivik.in/products/parrot-pearl-bugadi-top-earrings?variant=gid://shopify/ProductVariant/48282345799902
2026-07-24 09:02:49,Classic AD Droplet Jhumkas,Default Title,1933,699.0,Sale,1,5,4,https://www.daivik.in/products/classic-ad-droplet-jhumkas?variant=gid://shopify/ProductVariant/48465634394334
2026-07-24 09:17:10,"Jyothika Mam Inspired AD Green Pendant Necklace (Prices for Short, Long and Combo)",Short,1295,799.0,Sale,1,39,38,https://www.daivik.in/products/jyothika-mam-inspired-ad-green-pendant-necklace?variant=gid://shopify/ProductVariant/47092708573406
2026-07-24 09:17:10,Elakkathali Coin Ruby Green Choker with Earrings,Default Title,602,899.0,Sale,1,38,37,https://www.daivik.in/products/elakkathali-coin-ruby-green-choker-with-earrings?variant=gid://shopify/ProductVariant/48437245870302
2026-07-24 09:47:12,AD Hasli Ruby Green Necklace with Balis,Default Title,1216,699.0,Sale,1,19,18,https://www.daivik.in/products/ad-hasli-ruby-green-necklace-with-balis?variant=gid://shopify/ProductVariant/46285166837982
2026-07-24 09:47:12,Kemp Jadau Bugadi,Default Title,1601,799.0,Sale,1,25,24,https://www.daivik.in/products/kemp-jadau-bugadi?variant=gid://shopify/ProductVariant/46641514021086
2026-07-24 09:47:12,Heritage Watch Bracelet,Default Title,4029,1699.0,Sale,1,53,52,https://www.daivik.in/products/heritage-watch-bracelet-8?variant=gid://shopify/ProductVariant/48128940736734
2026-07-24 10:02:50,AD Stone Baby Pink Bangles (Price for a Pair),2.8,1578,1499.0,Sale,1,6,5,https://www.daivik.in/products/ad-stone-baby-pink-bangles-price-for-a-pair?variant=gid://shopify/ProductVariant/46401150058718
2026-07-24 10:02:50,AD Flower Invisible Chain with Earrings,Default Title,999,499.0,Sale,1,51,50,https://www.daivik.in/products/ad-flower-invisible-chain-with-earrings?variant=gid://shopify/ProductVariant/47868705702110
2026-07-24 10:02:50,AD Ruby Pearl Floral Combo,2.8,1906,3199.0,Sale,1,4,3,https://www.daivik.in/products/ad-ruby-pearl-floral-combo?variant=gid://shopify/ProductVariant/48315170947294
2026-07-24 10:17:34,Traditional Teeka in 2 variants,1,756,799.0,Sale,2,16,14,https://www.daivik.in/products/traditional-teeka-in-2-variants-1?variant=gid://shopify/ProductVariant/40399475277977
2026-07-24 10:17:34,Gold Tone AD Necklace with Earrings,Default Title,1396,1299.0,Sale,1,10,9,https://www.daivik.in/products/d-1?variant=gid://shopify/ProductVariant/48353947877598
2026-07-24 10:17:34,Invisible Ganesha Chain in Two Colors,Dark Green,672,999.0,Sale,2,19,17,https://www.daivik.in/products/invisible-green-ganesha-chain?variant=gid://shopify/ProductVariant/48447550357726
2026-07-24 10:32:15,Cluster Pearl Necklace with earrings ( Price for each),Golden Pearl,257,1499.0,Sale,1,28,27,https://www.daivik.in/products/a-2?variant=gid://shopify/ProductVariant/44437456486622
2026-07-24 10:32:15,Cluster Pearl Necklace with earrings ( Price for each),White Pearl,257,1499.0,Sale,1,14,13,https://www.daivik.in/products/a-2?variant=gid://shopify/ProductVariant/44437456519390
2026-07-24 10:32:15,Elakkathali Ruby Choker with Earrings,Default Title,485,899.0,Sale,1,24,23,https://www.daivik.in/products/elakkathali-ruby-choker-with-earrings?variant=gid://shopify/ProductVariant/48403799408862
2026-07-24 10:47:01,Victorian Flower Pendant Necklace with Earrings,Default Title,283,3499.0,Sale,1,6,5,https://www.daivik.in/products/victorian-flower-pendant-necklace-with-earrings?variant=gid://shopify/ProductVariant/48423947796702
2026-07-24 10:47:01,Classic AD Droplet Jhumkas,Default Title,1933,699.0,Sale,1,4,3,https://www.daivik.in/products/classic-ad-droplet-jhumkas?variant=gid://shopify/ProductVariant/48465634394334
2026-07-24 11:03:28,Classic AD Droplet Jhumkas,Default Title,1933,699.0,Sale,1,3,2,https://www.daivik.in/products/classic-ad-droplet-jhumkas?variant=gid://shopify/ProductVariant/48465634394334
2026-07-24 11:17:01,Two Line swarovski pearl mala,Default Title,1327,999.0,Sale,1,54,53,https://www.daivik.in/products/two-line-swarovski-pearl-mala?variant=gid://shopify/ProductVariant/47621545787614
2026-07-24 11:17:01,Premium AD & Pearl Kada,Default Title,1923,1199.0,Sale,1,7,6,https://www.daivik.in/products/premium-ad-pearl-kada?variant=gid://shopify/ProductVariant/48415689113822
2026-07-24 11:32:15,Elakkathali Ruby Choker with Earrings,Default Title,485,899.0,Sale,1,23,22,https://www.daivik.in/products/elakkathali-ruby-choker-with-earrings?variant=gid://shopify/ProductVariant/48403799408862
2026-07-24 11:47:12,Gold Finish Motif necklace with earrings,Default Title,910,1099.0,Sale,1,28,27,https://www.daivik.in/products/untitled-sep7_21-09?variant=gid://shopify/ProductVariant/44338668208350
2026-07-24 12:02:38,Lakshmi Short Haram With Earrings,Default Title,93,1799.0,Sale,1,7,6,https://www.daivik.in/products/93?variant=gid://shopify/ProductVariant/32623756542011
2026-07-24 12:02:38,Rose gold Leaf Necklace with Earrings,Default Title,960,1099.0,Sale,1,17,16,https://www.daivik.in/products/rose-gold-leaf-necklace-with-earrings?variant=gid://shopify/ProductVariant/42098229051614
2026-07-24 12:02:38,AD pendant Necklace With Earring,Default Title,896,1699.0,Sale,1,26,25,https://www.daivik.in/products/ad-pendant-necklace-with-earrings?variant=gid://shopify/ProductVariant/44690078073054
2026-07-24 12:02:38,Lakshmi AD Kada (Price for a Pair),Default Title,1734,499.0,Sale,1,14,13,https://www.daivik.in/products/lakshmi-ad-kada-price-for-a-pair?variant=gid://shopify/ProductVariant/47678095163614
2026-07-24 12:02:38,Lotus Kemp Pearl Earrings,Default Title,1802,799.0,Sale,1,47,46,https://www.daivik.in/products/lotus-kemp-pearl-earrings?variant=gid://shopify/ProductVariant/47872192151774
2026-07-24 12:02:38,Lakshmi Pendant Beads Choker with Earrings,Default Title,571,1299.0,Sale,1,7,6,https://www.daivik.in/products/lakshmi-pendant-beads-choker-with-earrings?variant=gid://shopify/ProductVariant/47950387085534
2026-07-24 12:02:38,AD Multi Pendant Necklace with Earrings,Default Title,877,2199.0,Sale,1,17,16,https://www.daivik.in/products/ad-multi-pendant-necklace-with-earrings?variant=gid://shopify/ProductVariant/48312504844510
2026-07-24 12:17:01,Half Moon AD Necklace with Earrings,Default Title,1258,999.0,Sale,1,49,48,https://www.daivik.in/products/half-moon-ad-necklace-with-earrings?variant=gid://shopify/ProductVariant/46675256312030
2026-07-24 12:17:01,Elakkathali Ruby Choker with Earrings,Default Title,485,899.0,Sale,1,22,21,https://www.daivik.in/products/elakkathali-ruby-choker-with-earrings?variant=gid://shopify/ProductVariant/48403799408862
2026-07-24 12:32:20,Elephant Leaf Short Haram with Earrings,Default Title,891,1899.0,Sale,1,17,16,https://www.daivik.in/products/elephant-leaf-short-haram-with-earrings?variant=gid://shopify/ProductVariant/41272155963545
2026-07-24 12:47:01,Moon / Chandiran Kemp Jadau Bugadi in Two Colors,White,1600,1299.0,Sale,1,49,48,https://www.daivik.in/products/moon-chandiran-kemp-jadau-bugadi?variant=gid://shopify/ProductVariant/47941914231006
2026-07-24 12:47:01,Elakkathali Ruby Choker with Earrings,Default Title,485,899.0,Sale,1,21,20,https://www.daivik.in/products/elakkathali-ruby-choker-with-earrings?variant=gid://shopify/ProductVariant/48403799408862
2026-07-24 13:02:51,AD RubyGreen Jhumkas with attached Mattals,Default Title,920,999.0,Sale,1,31,30,https://www.daivik.in/products/ad-rubygreen-jhumkas-with-attached-mattel-s?variant=gid://shopify/ProductVariant/45363709771998
2026-07-24 13:02:51,Victorian AD Stone Earrings by,Green,108,1999.0,Sale,1,29,28,https://www.daivik.in/products/ad-stone-earrings?variant=gid://shopify/ProductVariant/45628588228830
2026-07-24 13:17:10,Simple Mangalsutra With stones,Default Title,670,1099.0,Sale,1,43,42,https://www.daivik.in/products/1-4?variant=gid://shopify/ProductVariant/42679325982942
2026-07-24 13:17:10,Simple Ruby and pearl choker with earrings,Default Title,538,999.0,Sale,1,37,36,https://www.daivik.in/products/a-327?variant=gid://shopify/ProductVariant/43546226196702
2026-07-24 13:17:10,Kemp lotus Jhumkas in 2 colours,Default Title,1562,1299.0,Sale,1,18,17,https://www.daivik.in/products/kemp-lotus-jhumkas-in-2-colours?variant=gid://shopify/ProductVariant/46309259018462
2026-07-24 13:17:10,Heritage Watch Bracelet,Default Title,4029,1699.0,Sale,1,52,51,https://www.daivik.in/products/heritage-watch-bracelet-8?variant=gid://shopify/ProductVariant/48128940736734
2026-07-24 13:47:04,Simple Ruby Ghungroo Chain,Default Title,498,799.0,Sale,1,2,1,https://www.daivik.in/products/simple-ruby-ball-chain?variant=gid://shopify/ProductVariant/46205549347038
2026-07-24 13:47:04,Invisible Circle AD Chain with Earrings,Ruby Green,1298,699.0,Sale,1,4,3,https://www.daivik.in/products/invisible-circle-ad-chain-with-earrings?variant=gid://shopify/ProductVariant/47653875679454
2026-07-24 13:47:04,Simple AD Freesize Kada,Default Title,1679,799.0,Sale,1,15,14,https://www.daivik.in/products/simple-ad-freesize-kada?variant=gid://shopify/ProductVariant/47505780637918
2026-07-24 13:47:04,AD Designer Openable Kada,Default Title,1700,499.0,Sale,1,53,52,https://www.daivik.in/products/ad-designer-openable-kada?variant=gid://shopify/ProductVariant/47564482576606
2026-07-24 13:47:04,Butta Antique Jadau Necklace set ( price for Each ),Only Short Haram,598,1999.0,Sale,1,19,18,https://www.daivik.in/products/butta-antique-jadau-necklace-set-price-for-each?variant=gid://shopify/ProductVariant/47583155421406
2026-07-24 13:47:04,Moissanite Mesh Bracelet in 3 Colors (Price for each),White,1770,999.0,Sale,1,49,48,https://www.daivik.in/products/moissanite-mesh-bracelet-in-3-colors-price-for-each?variant=gid://shopify/ProductVariant/47793500127454
2026-07-24 13:47:04,Premium AD Curve Diamond Look Alike Kada,Default Title,1922,699.0,Sale,1,31,30,https://www.daivik.in/products/premium-ad-curve-design-kada?variant=gid://shopify/ProductVariant/48415688229086
2026-07-24 13:47:04,Classic AD Droplet Jhumkas,Default Title,1933,699.0,Sale,1,2,1,https://www.daivik.in/products/classic-ad-droplet-jhumkas?variant=gid://shopify/ProductVariant/48465634394334
2026-07-24 14:17:14,Simple Pearl Kemp choker with Earrings in 2 variants,Green,327,649.0,Sale,1,28,27,https://www.daivik.in/products/simple-pearl-kemp-choker-with-earrings-in-2-variants?variant=gid://shopify/ProductVariant/44661107065054
2026-07-24 14:17:14,Pearl Kemp Pendant Hasli Necklace with Earrings,Default Title,1312,799.0,Sale,1,6,5,https://www.daivik.in/products/pearl-kemp-pendant-hasli-necklace-with-earrings?variant=gid://shopify/ProductVariant/47082104389854
2026-07-24 14:47:03,Jathi Malli Pink Shade Flower Reusable Gajra,16 Inches String - Full Moolam,3501,2499.0,Sale,1,2,1,https://www.daivik.in/products/jathi-malli-pink-shade-flower-reusable-gajra-16-inches?variant=gid://shopify/ProductVariant/47542602039518
2026-07-24 14:47:03,Elegant Bloomed Jasmine Flower Artificial Gajra,8 Inches String - Half Moolam,3502,1299.0,Sale,1,13,12,https://www.daivik.in/products/elegant-bloomed-jasmine-flower-artificial-gajra-16-inches?variant=gid://shopify/ProductVariant/47542601154782
2026-07-24 14:47:03,Victorian Spiral Green AD Bangles,2.8,1853,1499.0,Sale,1,24,23,https://www.daivik.in/products/victorian-spiral-green-ad-bangles?variant=gid://shopify/ProductVariant/48057311559902
2026-07-24 15:02:37,Openable Peacock Kada with Interchangeable Colour Bangles (10 Shades),2.4,1924,2299.0,Sale,1,18,17,https://www.daivik.in/products/10-in-1-changeable-bangles?variant=gid://shopify/ProductVariant/48422119473374
2026-07-24 15:17:18,Antique 3D Design Bridal Necklace with Jhumkas,Default Title,438,6999.0,Sale,1,10,9,https://www.daivik.in/products/a-227?variant=gid://shopify/ProductVariant/43223792648414
2026-07-24 15:17:18,Peacock Lakshmi Long Chain with Jhumkas in Two Colors (Prices for Each),Dark Green,1270,1099.0,Sale,1,56,55,https://www.daivik.in/products/peacock-lakshmi-long-chain-with-jhumkas?variant=gid://shopify/ProductVariant/46838455369950
2026-07-24 15:20:02,Premium AD Floral Hipchain in 4 colours (Price for Each),Green,1582,2499.0,Sale,1,18,17,https://www.daivik.in/products/premium-ad-floral-hipchain-in-4-colours-price-for-each?variant=gid://shopify/ProductVariant/46473885647070
2026-07-24 15:32:25,Simple Lakshmi choker with pearl hangings,Default Title,381,1099.0,Sale,1,19,18,https://www.daivik.in/products/simple-lakshmi-choker-with-pearl-hangings?variant=gid://shopify/ProductVariant/36398494351513
2026-07-24 15:32:25,Diamond Look Alike Hasli Necklace with Earrings,Default Title,1388,1399.0,Sale,1,29,28,https://www.daivik.in/products/a-31?variant=gid://shopify/ProductVariant/48267346772190
2026-07-24 15:32:25,Diamond Look Alike Droplet Hasli Necklace with Earrings,Default Title,1392,1399.0,Sale,1,12,11,https://www.daivik.in/products/diamond-look-alike-droplet-hasli-necklace-with-earrings?variant=gid://shopify/ProductVariant/48349854826718
2026-07-24 15:32:25,Elephant Pendant Pearl Mala in Two Colors (Price for Each),Ruby,1394,1299.0,Sale,1,11,10,https://www.daivik.in/products/a-48?variant=gid://shopify/ProductVariant/48353993392350
2026-07-24 15:32:25,Designer Ballet Butterfly Dancing Girl Necklace with Earrings,Default Title,393,11599.0,Sale,1,2,1,https://www.daivik.in/products/designer-ballet-butterfly-dancing-girl-necklace-with-earrings?variant=gid://shopify/ProductVariant/48417440071902
2026-07-24 16:02:39,Lotus kemp rice pearl Necklace with Earrings,Ruby,121,599.0,Sale,1,56,55,https://www.daivik.in/products/lotus-kemp-rice-pearl-necklace-with-earrings?variant=gid://shopify/ProductVariant/45036923486430
2026-07-24 16:02:39,Embossed AD Lakshmi Hipbelt,Default Title,706,2799.0,Sale,1,52,51,https://www.daivik.in/products/embossed-ad-lakshmi-hipbelt?variant=gid://shopify/ProductVariant/45777368711390
2026-07-24 16:02:39,"Guttaspusalu Pearl Necklace set with Earrings (Available in Combo, Short and Long)",Long,1187,2499.0,Sale,1,41,40,https://www.daivik.in/products/1187?variant=gid://shopify/ProductVariant/46162809487582
2026-07-24 16:02:39,Invisible Golden Flower Chain with Earrings,Default Title,953,499.0,Sale,1,26,25,https://www.daivik.in/products/invisible-flower-chain-with-earrings-1?variant=gid://shopify/ProductVariant/47051613241566
2026-07-24 16:37:44,Uncut Kemp Haram with Balis,Default Title,29,1999.0,Sale,1,11,10,https://www.daivik.in/products/29?variant=gid://shopify/ProductVariant/32600664506427
2026-07-24 16:37:44,Guttapusalu Long and Short Combo,Default Title,293,4999.0,Sale,1,4,3,https://www.daivik.in/products/guttapusalu-long-and-short-combo?variant=gid://shopify/ProductVariant/34664267481241
2026-07-24 16:37:44,Floral Mattals and Anklets combo,Default Title,977,1999.0,Sale,1,3,2,https://www.daivik.in/products/floral-mattals-and-anklets-combo?variant=gid://shopify/ProductVariant/42255222309086
2026-07-24 16:37:44,Kemp Bridal Jhumkas,Default Title,1919,1999.0,Sale,1,14,13,https://www.daivik.in/products/kemp-bridal-jhumkas?variant=gid://shopify/ProductVariant/48390743458014
2026-07-24 17:02:49,AD Pendant Mangalsutra with Studs,Default Title,1117,999.0,Sale,1,26,25,https://www.daivik.in/products/ad-pendant-mangalsutra-with-studs?variant=gid://shopify/ProductVariant/45905761435870
2026-07-24 17:02:49,"Jyothika Mam Inspired AD Green Pendant Necklace (Prices for Short, Long and Combo)",Short,1295,799.0,Sale,1,38,37,https://www.daivik.in/products/jyothika-mam-inspired-ad-green-pendant-necklace?variant=gid://shopify/ProductVariant/47092708573406
2026-07-24 17:02:49,Ganesha Small Antique 3D Kukum Box,Default Title,1934,1299.0,New Arrival,5,0,5,https://www.daivik.in/products/ganesha-small-antique-3d-kukum-box?variant=gid://shopify/ProductVariant/48479526060254
2026-07-24 17:17:04,Simple Pastel Green Strawberry Beads Necklace with Earrings,Default Title,535,1499.0,Sale,1,3,2,https://www.daivik.in/products/simple-pastel-green-premium-beads-choker-with-earrings?variant=gid://shopify/ProductVariant/44648110260446
2026-07-24 17:17:04,AD Designer Openable Kada,Default Title,1700,499.0,Sale,1,52,51,https://www.daivik.in/products/ad-designer-openable-kada?variant=gid://shopify/ProductVariant/47564482576606
2026-07-24 17:17:04,AD Bangle Combo,2.6,1916,2999.0,Sale,1,4,3,https://www.daivik.in/products/bangles-1?variant=gid://shopify/ProductVariant/48353994080478
2026-07-24 17:32:22,Ganesha Small Antique 3D Kukum Box,Default Title,1934,1299.0,Sale,1,5,4,https://www.daivik.in/products/ganesha-small-antique-3d-kukum-box?variant=gid://shopify/ProductVariant/48479526060254
2026-07-24 17:47:14,Kemp Bugadi Top Earrings,5,1569,1299.0,Sale,1,23,22,https://www.daivik.in/products/kemp-bugadi-side-earrings?variant=gid://shopify/ProductVariant/46340555440350
2026-07-24 18:02:38,Heritage Watch Bracelet,Default Title,4029,1699.0,Sale,1,51,50,https://www.daivik.in/products/heritage-watch-bracelet-8?variant=gid://shopify/ProductVariant/48128940736734
2026-07-24 18:17:04,Uncut Kemp Vintage Necklace With Earrings,Default Title,400,1749.0,Sale,1,50,49,https://www.daivik.in/products/pure-uncut-kemp-vintage-necklace-with-earrings?variant=gid://shopify/ProductVariant/44178228478174
2026-07-24 18:17:04,Simple AD Peacock Necklace With Balis,Default Title,451,1499.0,Sale,1,11,10,https://www.daivik.in/products/simple-ad-peacock-necklace-with-balis?variant=gid://shopify/ProductVariant/37198393475225
2026-07-24 18:17:04,Two Layered Stone Necklace with Earrings,Pink,244,2499.0,Sale,1,38,37,https://www.daivik.in/products/two-layered-stone-necklace-with-earrings?variant=gid://shopify/ProductVariant/44875433083102
2026-07-24 18:47:09,Elakkathali Ruby Choker with Earrings,Default Title,485,899.0,Sale,1,20,19,https://www.daivik.in/products/elakkathali-ruby-choker-with-earrings?variant=gid://shopify/ProductVariant/48403799408862
2026-07-24 18:47:09,Simple Leaf Invisible Chain,Default Title,377,499.0,Sold Out,1,1,0,https://www.daivik.in/products/simple-leaf-invisible-chain?variant=gid://shopify/ProductVariant/48434484150494
2026-07-24 19:32:18,Victorian Green Beads Necklace with Earrings,Default Title,949,2399.0,Sale,1,21,20,https://www.daivik.in/products/victorian-green-beads-necklace-with-earrings?variant=gid://shopify/ProductVariant/44831932023006
2026-07-24 19:32:18,Lakshmi Peacock Balis in 4 Colors (Price for Each Pair),Dark Green,1556,2299.0,Sale,1,11,10,https://www.daivik.in/products/e?variant=gid://shopify/ProductVariant/46261310587102
2026-07-24 19:32:18,Xuping Peacock Lakshmi Green Beads Chain,Default Title,1282,2599.0,Sale,1,29,28,https://www.daivik.in/products/xuping-peacock-lakshmi-green-beads-chain?variant=gid://shopify/ProductVariant/47024408494302
2026-07-24 19:32:18,AD Designer Openable Kada,Default Title,1700,499.0,Sale,1,51,50,https://www.daivik.in/products/ad-designer-openable-kada?variant=gid://shopify/ProductVariant/47564482576606
2026-07-24 19:47:14,Victorian Premium Ruby Bangle,2.8,935,1799.0,Sale,1,22,21,https://www.daivik.in/products/victorian-premium-bangles-in-2-colours?variant=gid://shopify/ProductVariant/44670778114270
2026-07-24 19:47:14,Dainty AD Pendant Necklace with Earrings in 3 Colors,Ruby,944,1699.0,Sale,1,3,2,https://www.daivik.in/products/dainty-ad-pendant-necklace-with-earrings-in-3-colors?variant=gid://shopify/ProductVariant/45848883232990
2026-07-24 20:32:24,AD RubyGreen Jhumkas with attached Mattals,Default Title,920,999.0,Sale,1,30,29,https://www.daivik.in/products/ad-rubygreen-jhumkas-with-attached-mattel-s?variant=gid://shopify/ProductVariant/45363709771998
2026-07-24 20:32:24,AD Peacock Antique Earcuff,Default Title,1538,1199.0,Sale,1,6,5,https://www.daivik.in/products/ad-peacock-textured-earcuff?variant=gid://shopify/ProductVariant/46211794075870
2026-07-24 20:32:24,Kemp Bugadi Top Earrings,1,1569,1399.0,Sale,1,40,39,https://www.daivik.in/products/kemp-bugadi-side-earrings?variant=gid://shopify/ProductVariant/46340555309278
2026-07-24 20:32:24,Diamond Look-Alike Flower Studs (Price for Each),Pink,1767,499.0,Sale,1,3,2,https://www.daivik.in/products/diamond-look-alike-flower-studs-price-for-each?variant=gid://shopify/ProductVariant/47791841607902
2026-07-24 20:32:24,Peacock Ruby Earcuff Jhumkas,Default Title,1771,1199.0,Sale,1,32,31,https://www.daivik.in/products/peacock-ruby-earcuff?variant=gid://shopify/ProductVariant/47794755829982
2026-07-24 20:32:24,Lotus Ruby Green Pure kemp Invisible chain with Earrings,Default Title,1391,1999.0,Sale,1,12,11,https://www.daivik.in/products/lotus-ruby-green-invisible-chain-with-earrings?variant=gid://shopify/ProductVariant/48308560658654
2026-07-24 22:33:28,Simple AD Peacock Necklace With Balis,Default Title,451,1499.0,Sale,1,10,9,https://www.daivik.in/products/simple-ad-peacock-necklace-with-balis?variant=gid://shopify/ProductVariant/37198393475225
2026-07-24 22:33:28,Simple Ruby and pearl choker with earrings,Default Title,538,999.0,Sale,1,36,35,https://www.daivik.in/products/a-327?variant=gid://shopify/ProductVariant/43546226196702
2026-07-24 22:33:28,Simple lotus kemp anklets,Default Title,622,899.0,Sale,1,7,6,https://www.daivik.in/products/a-120?variant=gid://shopify/ProductVariant/44243143786718
2026-07-24 22:33:28,Simple Leaf Pearl Anklets,Default Title,1793,699.0,Sale,1,35,34,https://www.daivik.in/products/simple-leaf-pearl-anklets?variant=gid://shopify/ProductVariant/47849929572574
2026-07-25 00:03:59,Simple AD necklace with earrings,Default Title,728,1299.0,Sale,1,46,45,https://www.daivik.in/products/simple-ad-necklace-with-earrings?variant=gid://shopify/ProductVariant/40134303842457
2026-07-25 00:03:59,Simple AD necklace with earrings,Default Title,741,1199.0,Sale,1,33,32,https://www.daivik.in/products/simple-kemp-necklace-with-earrings?variant=gid://shopify/ProductVariant/40258421686425
2026-07-25 00:03:59,Lotus kemp rice pearl Necklace with Earrings,Ruby,121,599.0,Sale,1,55,54,https://www.daivik.in/products/lotus-kemp-rice-pearl-necklace-with-earrings?variant=gid://shopify/ProductVariant/45036923486430
2026-07-25 00:03:59,Pearl Kemp Pendant Hasli Necklace with Earrings,Default Title,1312,799.0,Sale,1,5,4,https://www.daivik.in/products/pearl-kemp-pendant-hasli-necklace-with-earrings?variant=gid://shopify/ProductVariant/47082104389854
2026-07-25 02:02:30,Kids/Adults mini choker,Default Title,768,1499.0,Sale,1,10,9,https://www.daivik.in/products/kids-mini-choker?variant=gid://shopify/ProductVariant/40510053089433
2026-07-25 02:32:21,Diwali Sale Necklace D25009,Ruby,D25009,1999.0,Sale,1,4,3,https://www.daivik.in/products/diwali-sale-necklace-d250-8?variant=gid://shopify/ProductVariant/47543068131550
2026-07-25 02:32:21,Elakkathali Ruby Choker with Earrings,Default Title,485,899.0,Sale,1,19,18,https://www.daivik.in/products/elakkathali-ruby-choker-with-earrings?variant=gid://shopify/ProductVariant/48403799408862
2026-07-25 02:32:21,Victorian Green Bangle Combo (Price for Both Hands),2.6,1931,3299.0,Sale,1,3,2,https://www.daivik.in/products/victorian-green-bangle-combo?variant=gid://shopify/ProductVariant/48453374378206
2026-07-25 02:47:06,Elakkathali Ruby Choker with Earrings,Default Title,485,899.0,Sale,1,18,17,https://www.daivik.in/products/elakkathali-ruby-choker-with-earrings?variant=gid://shopify/ProductVariant/48403799408862
2026-07-25 03:02:33,Tribal Kemp Dangles,Default Title,146,1399.0,Sold Out,1,1,0,https://www.daivik.in/products/146?variant=gid://shopify/ProductVariant/44177048076510
2026-07-25 03:18:44,Sri Balaji Heritage Choker with Studs,Default Title,841,799.0,Sale,1,22,21,https://www.daivik.in/products/sri-balaji-heritage-choker-with-studs?variant=gid://shopify/ProductVariant/48289643102430
2026-07-25 03:18:44,Elakkathali Ruby Choker with Earrings,Default Title,485,899.0,Sale,1,17,16,https://www.daivik.in/products/elakkathali-ruby-choker-with-earrings?variant=gid://shopify/ProductVariant/48403799408862
2026-07-25 04:03:51,Ad Short Haram with earrings,Default Title,780,2799.0,Sale,1,13,12,https://www.daivik.in/products/ad-short-haram-with-earrings?variant=gid://shopify/ProductVariant/40591824093337
2026-07-25 04:03:51,AD Premium Stone Mangalsutra with Rice pearl - 18 Inch  in 2 Colors (Price for each),Ruby,467,999.0,Sale,1,16,15,https://www.daivik.in/products/ad-pendant-mangalsutra-in-2-colors-price-for-each?variant=gid://shopify/ProductVariant/44610372960478
2026-07-25 04:03:51,Classic AD Droplet Jhumkas,Default Title,1933,699.0,Restock,38,1,39,https://www.daivik.in/products/classic-ad-droplet-jhumkas?variant=gid://shopify/ProductVariant/48465634394334
2026-07-25 04:48:12,Kemp Pearl Ruby Green Necklace,Default Title,696,2799.0,Sale,1,17,16,https://www.daivik.in/products/kemp-pearl-ruby-green-necklace?variant=gid://shopify/ProductVariant/47470276247774
2026-07-25 05:03:44,AD Studs in 2 colours,Green,247,799.0,Sale,1,3,2,https://www.daivik.in/products/ad-studs-in-2-colours?variant=gid://shopify/ProductVariant/44284796600542
2026-07-25 05:18:53,Simple Ruby and pearl choker with earrings,Default Title,538,999.0,Sale,1,35,34,https://www.daivik.in/products/a-327?variant=gid://shopify/ProductVariant/43546226196702
2026-07-25 05:18:53,Elegant Jasmine/Mullai Flower Artificial Gajra,8 Inches String - Half Moolam,3507,1299.0,Sale,1,27,26,https://www.daivik.in/products/elegant-jasmine-mullai-flower-artificial-gajra-16-inches?variant=gid://shopify/ProductVariant/47542601515230
2026-07-25 05:18:53,Jathi Malli Pink Shade Flower Reusable Gajra,8 Inches String - Half Moolam,3501,1299.0,Sold Out,2,2,0,https://www.daivik.in/products/jathi-malli-pink-shade-flower-reusable-gajra-16-inches?variant=gid://shopify/ProductVariant/47542602006750
2026-07-25 05:33:28,Suryan & Chandran Jada Billai in 3 Variants (Price for a Pair),Ruby Green,1537,1099.0,Sale,1,30,29,https://www.daivik.in/products/sun-moon-jada-billai-in-3-variants-price-for-a-pair?variant=gid://shopify/ProductVariant/46211783983326
2026-07-25 05:48:41,Invisible Ganesha Chain in Two Colors,Baby Pink,672,999.0,Sale,1,13,12,https://www.daivik.in/products/invisible-green-ganesha-chain?variant=gid://shopify/ProductVariant/48447550390494
2026-07-25 06:03:58,Simple Ghungroo Box Anklets,Default Title,974,799.0,Sale,1,16,15,https://www.daivik.in/products/simple-ghungroo-box-anklets?variant=gid://shopify/ProductVariant/44626224054494
2026-07-25 06:03:58,Designer Pearl Two Line Chain,Default Title,1227,599.0,Sale,1,47,46,https://www.daivik.in/products/simple-two-line-chain?variant=gid://shopify/ProductVariant/46301650485470
2026-07-25 06:17:07,Pearl Kemp Pendant Hasli Necklace with Earrings,Default Title,1312,799.0,Sale,1,4,3,https://www.daivik.in/products/pearl-kemp-pendant-hasli-necklace-with-earrings?variant=gid://shopify/ProductVariant/47082104389854
2026-07-25 06:17:07,Diwali Sale Necklace D25076,Default Title,D25076,1499.0,Sale,1,3,2,https://www.daivik.in/products/diwali-sale-necklace-d25076?variant=gid://shopify/ProductVariant/47535317516510
2026-07-25 06:17:07,Lotus Pearl Bugadi/Top Earrings,Default Title,1891,499.0,Sale,1,16,15,https://www.daivik.in/products/lotus-pearl-bugadi-top-earrings?variant=gid://shopify/ProductVariant/48282335379678
2026-07-25 06:37:31,Moon / Chandiran Kemp Jadau Bugadi in Two Colors,Ruby Green,1600,1299.0,Sale,1,28,27,https://www.daivik.in/products/moon-chandiran-kemp-jadau-bugadi?variant=gid://shopify/ProductVariant/47941914198238
2026-07-25 06:37:31,Flower Pendant Long Pearl Mala with Earringsin 3 Colors (Price for Each),Green White,618,3199.0,Sale,1,2,1,https://www.daivik.in/products/a-29?variant=gid://shopify/ProductVariant/47832187076830
2026-07-25 06:46:59,Ganesha Small Antique 3D Kukum Box,Default Title,1934,1299.0,Restock,6,4,10,https://www.daivik.in/products/ganesha-small-antique-3d-kukum-box?variant=gid://shopify/ProductVariant/48479526060254
2026-07-25 07:02:46,Sri Balaji Heritage Choker with Studs,Default Title,841,799.0,Sale,1,21,20,https://www.daivik.in/products/sri-balaji-heritage-choker-with-studs?variant=gid://shopify/ProductVariant/48289643102430
2026-07-25 07:02:46,Invisible Ganesha Chain in Two Colors,Baby Pink,672,999.0,Sale,1,12,11,https://www.daivik.in/products/invisible-green-ganesha-chain?variant=gid://shopify/ProductVariant/48447550390494
2026-07-25 07:32:14,Matte  Cluster Lakshmi jhumkas,Default Title,45,1449.0,Sale,1,32,31,https://www.daivik.in/products/45?variant=gid://shopify/ProductVariant/32600770707515
2026-07-25 07:32:14,Pearl Kemp Pendant Short Haram with Earrings,Default Title,441,1299.0,Sale,1,54,53,https://www.daivik.in/products/pearl-kemp-pendant-short-haram-with-earrings?variant=gid://shopify/ProductVariant/42596492411102
2026-07-25 08:17:06,Simple and small kemp Jhumkas,Default Title,907,999.0,Sale,2,8,6,https://www.daivik.in/products/simple-and-small-kemp-jhumkas?variant=gid://shopify/ProductVariant/41347627843737
2026-07-25 08:17:06,Designer Pearl Two Line Chain,Default Title,1227,599.0,Sale,1,46,45,https://www.daivik.in/products/simple-two-line-chain?variant=gid://shopify/ProductVariant/46301650485470
2026-07-25 08:17:06,Simple Kemp Pearl Side Chain / Mattal in 4 Colors (Price for a Pair),Ruby Green,1588,999.0,Sale,1,41,40,https://www.daivik.in/products/simple-ad-pearl-side-chain-in-4-colors-price-for-a-pair?variant=gid://shopify/ProductVariant/46584049762526
2026-07-25 08:17:06,Lakshmi Coin Ruby Necklac,Default Title,1251,999.0,Sale,1,51,50,https://www.daivik.in/products/lakshmi-coin-ruby-necklace?variant=gid://shopify/ProductVariant/46618661748958
2026-07-25 08:17:06,Openable Peacock Kada with Interchangeable Colour Bangles (10 Shades),2.4,1924,2299.0,Sale,1,17,16,https://www.daivik.in/products/10-in-1-changeable-bangles?variant=gid://shopify/ProductVariant/48422119473374
2026-07-25 09:05:21,Invisible Lakshmi Chain in Two Colors (Price for Each),Green,1225,499.0,Sale,1,39,38,https://www.daivik.in/products/invisible-lakshmi-chain-in-two-colors-price-for-each?variant=gid://shopify/ProductVariant/46298755334366
2026-07-25 09:05:21,Kids Antique Jhumkas,Default Title,1644,599.0,Sale,1,4,3,https://www.daivik.in/products/antique-kids-jhumkas?variant=gid://shopify/ProductVariant/47392254066910
2026-07-25 09:05:21,Sri Balaji Heritage Choker with Studs,Default Title,841,799.0,Sale,1,20,19,https://www.daivik.in/products/sri-balaji-heritage-choker-with-studs?variant=gid://shopify/ProductVariant/48289643102430
2026-07-25 10:04:04,Multi-Color AD Pattern Necklace with Earrings,Default Title,812,1899.0,Sale,1,18,17,https://www.daivik.in/products/multi-color-ad-pattern-necklace-with-earrings?variant=gid://shopify/ProductVariant/46211734667486
2026-07-25 10:17:00,Floral kemp bangles,2.8,519,1399.0,Sale,1,24,23,https://www.daivik.in/products/floral-kemp-bangles?variant=gid://shopify/ProductVariant/37587461374105
2026-07-25 10:17:00,Ruby AD Jhumkas with Attached Mattal,Default Title,589,1199.0,Sale,1,48,47,https://www.daivik.in/products/ruby-ad-jhumkas-with-attached-mattal?variant=gid://shopify/ProductVariant/44358526632158
2026-07-25 10:17:00,Coral AD Green Stone Necklace with Studs,Default Title,1119,1599.0,Sale,1,28,27,https://www.daivik.in/products/coral-ad-green-stone-necklace-with-studs?variant=gid://shopify/ProductVariant/45915404501214
2026-07-25 10:17:00,Invisible Flower Chain with Earrings,Default Title,871,799.0,Sale,1,31,30,https://www.daivik.in/products/invisible-flower-chain-with-earrings?variant=gid://shopify/ProductVariant/47043956310238
2026-07-25 10:17:00,Handmade Lotus Flower U Pin,3,3539,499.0,Sale,1,13,12,https://www.daivik.in/products/handmade-lotus-flower-u-pin?variant=gid://shopify/ProductVariant/48294879264990
2026-07-25 10:32:23,Lakshmi Golden and White Pearl Jhumkas,Default Title,1730,699.0,Sale,1,9,8,https://www.daivik.in/products/lakshmi-golden-and-white-pearl-jhumkas?variant=gid://shopify/ProductVariant/47670974021854
2026-07-25 10:32:23,Kundan Ghungroo Adjustable Bracelet Watch,Default Title,1890,799.0,Sale,1,20,19,https://www.daivik.in/products/kundan-ghungroo-adjustable-bracelet-watch?variant=gid://shopify/ProductVariant/48278181413086
2026-07-25 10:48:05,AD Kemp Studs,Default Title,866,699.0,Sale,1,28,27,https://www.daivik.in/products/ad-kemp-studs?variant=gid://shopify/ProductVariant/41139977191577
2026-07-25 11:48:09,AD Hasli Ruby Green Necklace with Balis,Default Title,1216,699.0,Sale,1,18,17,https://www.daivik.in/products/ad-hasli-ruby-green-necklace-with-balis?variant=gid://shopify/ProductVariant/46285166837982
2026-07-25 11:48:09,Elakkathali Ruby Choker with Earrings,Default Title,485,899.0,Sale,1,16,15,https://www.daivik.in/products/elakkathali-ruby-choker-with-earrings?variant=gid://shopify/ProductVariant/48403799408862
2026-07-25 11:53:04,Half Moon Kemp Choker with Earrings,Default Title,1198,1199.0,Sale,1,23,22,https://www.daivik.in/products/half-moon-kemp-choker-with-earrings?variant=gid://shopify/ProductVariant/46209499267294
2026-07-25 11:53:04,Classic AD Droplet Jhumkas,Default Title,1933,699.0,Sale,1,39,38,https://www.daivik.in/products/classic-ad-droplet-jhumkas?variant=gid://shopify/ProductVariant/48465634394334
2026-07-25 12:03:54,Victorian Green Bangle Combo (Price for Both Hands),2.4,1931,3299.0,Sale,1,3,2,https://www.daivik.in/products/victorian-green-bangle-combo?variant=gid://shopify/ProductVariant/48453374345438
2026-07-25 12:17:12,Simple Floral Antique Bugadi in 2 Colours,Ruby,1799,499.0,Sale,1,48,47,https://www.daivik.in/products/simple-floral-antique-bugadi-in-2-colours?variant=gid://shopify/ProductVariant/47858169479390
2026-07-25 12:47:06,AD Changeable Gold Finish Necklace with Changeable Earrings,Default Title,490,2499.0,Sale,1,7,6,https://www.daivik.in/products/changeable?variant=gid://shopify/ProductVariant/44551102529758
2026-07-25 12:47:06,Antique Coral Lakshmi Jhumkas,Default Title,590,1299.0,Sale,2,47,45,https://www.daivik.in/products/antique-coral-lakshmi-jhumkas?variant=gid://shopify/ProductVariant/45820095430878
2026-07-25 12:47:06,Coral Lakshmi Necklace with Earrings,Default Title,1168,2199.0,Sale,1,6,5,https://www.daivik.in/products/coral-lakshmi-necklace-with-earrings?variant=gid://shopify/ProductVariant/46120641265886
2026-07-25 12:47:06,Lakshmi AD Chotti/Jada Billai,Default Title,1884,1099.0,Sale,1,34,33,https://www.daivik.in/products/lakshmi-ad-chotti-jada-billai?variant=gid://shopify/ProductVariant/48234497802462
2026-07-25 12:47:06,Kundan Layered Pearl Premium Hair Pin/Chotti,Default Title,1912,1799.0,Sale,1,23,22,https://www.daivik.in/products/kundan-layered-pearl-premium-hair-pin-chotti?variant=gid://shopify/ProductVariant/48337208475870
2026-07-25 13:17:12,Designer Leaf Stone Necklace with earrings,Default Title,796,1299.0,Sale,1,28,27,https://www.daivik.in/products/designer-leaf-stone-necklace-with-earrings?variant=gid://shopify/ProductVariant/40700565422233
2026-07-25 13:32:16,Multicolour Kundan Layered Haram with earrings,Default Title,374,1999.0,Sale,1,31,30,https://www.daivik.in/products/multicolour-kundan-layered-haram-with-earrings?variant=gid://shopify/ProductVariant/44181787771102
2026-07-25 13:32:16,Designer AD Necklace with Earrings,Default Title,732,1899.0,Sale,1,45,44,https://www.daivik.in/products/designer-ad-necklace-with-earrings?variant=gid://shopify/ProductVariant/45760593232094
2026-07-25 13:32:16,Diamond Look Alike Hasli Necklace with Earrings,Default Title,1388,1399.0,Sale,1,28,27,https://www.daivik.in/products/a-31?variant=gid://shopify/ProductVariant/48267346772190
2026-07-25 13:47:06,Simple Ruby and pearl choker with earrings,Default Title,538,999.0,Sale,1,34,33,https://www.daivik.in/products/a-327?variant=gid://shopify/ProductVariant/43546226196702
2026-07-25 13:47:06,Invisible Flower Chain with Earrings in Two Variants (Price for Each),Purple,309,799.0,Sale,1,51,50,https://www.daivik.in/products/invisible-flower-chain-with-earrings-in-two-vaiants-price-for-each?variant=gid://shopify/ProductVariant/46622024335582
2026-07-25 14:03:11,Invisible Ganesha Chain in Two Colors,Dark Green,672,999.0,Sale,1,17,16,https://www.daivik.in/products/invisible-green-ganesha-chain?variant=gid://shopify/ProductVariant/48447550357726
2026-07-25 14:03:11,Classic AD Droplet Jhumkas,Default Title,1933,699.0,Sale,1,38,37,https://www.daivik.in/products/classic-ad-droplet-jhumkas?variant=gid://shopify/ProductVariant/48465634394334
2026-07-25 14:17:56,Invisible Flower Chain with Earrings,Default Title,871,799.0,Sale,1,30,29,https://www.daivik.in/products/invisible-flower-chain-with-earrings?variant=gid://shopify/ProductVariant/47043956310238
2026-07-25 14:32:14,White stone bangles (4 bangles),2.4,951,999.0,Sale,1,45,44,https://www.daivik.in/products/white-stone-bangles-4-bangles?variant=gid://shopify/ProductVariant/42060601163998
2026-07-25 14:32:14,Multicolour Pearl chain,Default Title,817,1199.0,Sale,1,39,38,https://www.daivik.in/products/multicolour-pearl-chain?variant=gid://shopify/ProductVariant/44195427713246
2026-07-25 14:32:14,3 Line Single-colour Mala with earrings in 3 Colors,Pink,444,2249.0,Sale,1,52,51,https://www.daivik.in/products/3-line-single-colour-mala-with-earrings-in-3-colors?variant=gid://shopify/ProductVariant/45696427622622
2026-07-25 14:32:14,Pearl Kemp Pendant Hasli Necklace with Earrings,Default Title,1312,799.0,Sale,1,3,2,https://www.daivik.in/products/pearl-kemp-pendant-hasli-necklace-with-earrings?variant=gid://shopify/ProductVariant/47082104389854
2026-07-25 14:32:14,Kids / Adult Kemp Jhumkas,Default Title,1777,799.0,Sale,1,24,23,https://www.daivik.in/products/kids-adult-kemp-jhumkas?variant=gid://shopify/ProductVariant/47821038485726
2026-07-25 14:32:14,Lakshmi Pendant Beads Choker with Earrings,Default Title,571,1299.0,Sale,1,6,5,https://www.daivik.in/products/lakshmi-pendant-beads-choker-with-earrings?variant=gid://shopify/ProductVariant/47950387085534
2026-07-25 14:32:14,Elakkathali Ruby Choker with Earrings,Default Title,485,899.0,Sale,1,15,14,https://www.daivik.in/products/elakkathali-ruby-choker-with-earrings?variant=gid://shopify/ProductVariant/48403799408862
2026-07-25 15:33:52,Simple Pink Pearl choker with Earrings,Default Title,803,1099.0,Sale,1,42,41,https://www.daivik.in/products/simple-pink-pearl-choker-with-earrings?variant=gid://shopify/ProductVariant/45468034629854
2026-07-25 15:33:52,Elakkathali Ruby Choker with Earrings,Default Title,485,899.0,Sale,1,14,13,https://www.daivik.in/products/elakkathali-ruby-choker-with-earrings?variant=gid://shopify/ProductVariant/48403799408862
2026-07-25 15:47:09,Antique Lakshmi Necklace with jhumkas,Default Title,155,3999.0,Sale,1,12,11,https://www.daivik.in/products/a-222?variant=gid://shopify/ProductVariant/43772955164894
2026-07-25 15:47:09,Rice Pearl Guttapusalu Necklace with Earrings,Default Title,828,999.0,Sale,1,15,14,https://www.daivik.in/products/rice-pearl-guttapusalu-necklace-with-earrings?variant=gid://shopify/ProductVariant/44857554567390
2026-07-25 15:47:09,Simple Antique Thin Hipchain in 5 Variants ( Price for Each ),1,1602,1299.0,Sale,1,8,7,https://www.daivik.in/products/simple-antique-thin-hipchain-in-5-variants-price-for-each?variant=gid://shopify/ProductVariant/46643685261534
2026-07-25 15:47:09,Elakkathali Ruby Choker with Earrings,Default Title,485,899.0,Sale,2,13,11,https://www.daivik.in/products/elakkathali-ruby-choker-with-earrings?variant=gid://shopify/ProductVariant/48403799408862
2026-07-25 16:17:01,AD Droplet Pendant Mangalsutra with Studs,Default Title,1243,799.0,Sale,1,56,55,https://www.daivik.in/products/ad-droplet-pendant-mangalsutra-with-studs?variant=gid://shopify/ProductVariant/46508274385118
2026-07-25 16:33:12,Manasilaayo Manju Warrier Inspired Hasli Necklace set,Dark Green,1170,1499.0,Sale,1,44,43,https://www.daivik.in/products/manasilaayo-manju-warrier-inspired-hasli-necklace-set?variant=gid://shopify/ProductVariant/46929456431326
2026-07-25 16:33:12,Kids / Adult Kemp Jhumkas,Default Title,1777,799.0,Sale,1,23,22,https://www.daivik.in/products/kids-adult-kemp-jhumkas?variant=gid://shopify/ProductVariant/47821038485726
2026-07-25 16:47:22,Simple Anklets Designs in 4 Styles (Price for Each),1,1632,499.0,Sale,1,25,24,https://www.daivik.in/products/simple-anklets-designs-in-4-styles-price-for-each?variant=gid://shopify/ProductVariant/47088044835038
2026-07-25 17:03:45,Antique kids Jhumkas,Default Title,1683,799.0,Sale,1,13,12,https://www.daivik.in/products/antique-kids-jhumkas-1?variant=gid://shopify/ProductVariant/47521442529502
2026-07-25 17:03:45,AD Bangles Combo (Price for Both Hands),2.4,1812,4499.0,Sale,1,5,4,https://www.daivik.in/products/b-4?variant=gid://shopify/ProductVariant/47908585963742
2026-07-25 17:03:45,AD Non Piercing Nosepin in 3 Colors (Price for Each),Ruby,1913,299.0,Sale,1,55,54,https://www.daivik.in/products/ad-non-piercing-nosepin-in-3-colors-price-for-each?variant=gid://shopify/ProductVariant/48341912387806
2026-07-25 17:03:45,Classic AD Droplet Jhumkas,Default Title,1933,699.0,Sale,1,37,36,https://www.daivik.in/products/classic-ad-droplet-jhumkas?variant=gid://shopify/ProductVariant/48465634394334
2026-07-25 17:17:03,"Microplating Ruby coin Kasumalai (Short , long , Combo - Prices for Each)",Combo,645,5299.0,Sold Out,1,1,0,https://www.daivik.in/products/microplating-ruby-coin-kasumalai-short-long-combo-price-for-each?variant=gid://shopify/ProductVariant/46677659549918
2026-07-25 17:33:43,Designer Watch Bracelet,Default Title,4010,4499.0,Sale,1,28,27,https://www.daivik.in/products/antique-designer-watch-bracelet-9?variant=gid://shopify/ProductVariant/48070964576478
2026-07-25 17:48:21,Floral Mattals and Anklets combo,Default Title,977,1999.0,Sale,1,2,1,https://www.daivik.in/products/floral-mattals-and-anklets-combo?variant=gid://shopify/ProductVariant/42255222309086
2026-07-25 17:48:21,Lakshmi Ruby Green bangles (Set of 4),2.8,908,1299.0,Sale,1,14,13,https://www.daivik.in/products/lakshmi-rubygreen-bangles-set-of-4?variant=gid://shopify/ProductVariant/45355639963870
2026-07-25 17:48:21,Antique Bridal Jhumkas with Three Line Mattals,Default Title,1641,3499.0,Sale,1,5,4,https://www.daivik.in/products/antique-bridal-jhumkas-with-three-line-mattals?variant=gid://shopify/ProductVariant/47259631878366
2026-07-25 17:48:21,Heritage Watch Bracelet,Default Title,4023,3799.0,Sale,1,15,14,https://www.daivik.in/products/heritage-watch-bracelet-4?variant=gid://shopify/ProductVariant/48128940540126
2026-07-25 18:03:34,Reversible 2 Sides Lakshmi Golden Beads long chain with Extra links,Default Title,427,999.0,Sale,1,8,7,https://www.daivik.in/products/reversible-2-sides-lakshmi-golden-beads-long-chain-with-extra-links?variant=gid://shopify/ProductVariant/44644046176478
2026-07-25 18:03:34,Openable Peacock Kada with Interchangeable Colour Bangles (10 Shades),2.6,1924,2299.0,Sale,1,5,4,https://www.daivik.in/products/10-in-1-changeable-bangles?variant=gid://shopify/ProductVariant/48422119506142
2026-07-25 18:33:29,Ruby AD Jhumkas with Attached Mattal,Default Title,589,1199.0,Sale,1,47,46,https://www.daivik.in/products/ruby-ad-jhumkas-with-attached-mattal?variant=gid://shopify/ProductVariant/44358526632158
2026-07-25 18:47:45,Antique AD vadanam (pair),Default Title,794,5199.0,Sale,1,6,5,https://www.daivik.in/products/a-277?variant=gid://shopify/ProductVariant/43772970107102
2026-07-25 18:47:45,Gold Finish Motif necklace with earrings,Default Title,910,1099.0,Sale,1,27,26,https://www.daivik.in/products/untitled-sep7_21-09?variant=gid://shopify/ProductVariant/44338668208350
2026-07-25 18:47:45,Invisible Green Flower Chain With Earrings,Default Title,521,799.0,Sale,1,4,3,https://www.daivik.in/products/invisible-green-flower-chain-with-earrings?variant=gid://shopify/ProductVariant/47522415182046
2026-07-25 18:47:45,Diwali Sale Bangles D25717,2.6,D25717,1599.0,Sale,1,13,12,https://www.daivik.in/products/diwali-sale-bangles-d25717?variant=gid://shopify/ProductVariant/47542915727582
2026-07-25 18:47:45,Non idol kemp Peacock Earcuff with Jhumkas,Default Title,1788,6499.0,Sale,1,2,1,https://www.daivik.in/products/non-idol-kemp-peacock-earcuff-with-jhumkas?variant=gid://shopify/ProductVariant/47839039095006
2026-07-25 18:47:45,Victorian Flower Pendant Necklace with Earrings,Default Title,283,3499.0,Sale,1,5,4,https://www.daivik.in/products/victorian-flower-pendant-necklace-with-earrings?variant=gid://shopify/ProductVariant/48423947796702
2026-07-25 18:47:45,Ruby Lakshmi Bangle Combo (Price for Both Hands),2.6,1930,4999.0,Sale,1,3,2,https://www.daivik.in/products/ruby-lakshmi-bangle-combo?variant=gid://shopify/ProductVariant/48446047060190
2026-07-25 19:03:53,AD Hasli Ruby Green Necklace with Balis,Default Title,1216,699.0,Sale,1,17,16,https://www.daivik.in/products/ad-hasli-ruby-green-necklace-with-balis?variant=gid://shopify/ProductVariant/46285166837982
2026-07-25 19:03:53,"Jyothika Mam Inspired AD Green Pendant Necklace (Prices for Short, Long and Combo)",Short,1295,799.0,Sale,1,37,36,https://www.daivik.in/products/jyothika-mam-inspired-ad-green-pendant-necklace?variant=gid://shopify/ProductVariant/47092708573406
2026-07-25 19:03:53,Victorian Elephant Simple choker in 3 Colours,Purple,1324,1399.0,Sale,1,8,7,https://www.daivik.in/products/victorian-elephant-simple-choker-in-3-colours?variant=gid://shopify/ProductVariant/47550046240990
2026-07-25 19:03:53,Victorian Spiral Ruby AD Bangles,2.4,1854,1499.0,Sale,1,53,52,https://www.daivik.in/products/victorian-spiral-ruby-ad-bangles?variant=gid://shopify/ProductVariant/48057311953118
2026-07-25 19:32:15,Elephant Leaf Short Haram with Earrings,Default Title,891,1899.0,Sale,1,16,15,https://www.daivik.in/products/elephant-leaf-short-haram-with-earrings?variant=gid://shopify/ProductVariant/41272155963545
2026-07-25 20:15:46,AD RubyGreen Jhumkas with attached Mattals,Default Title,920,999.0,Sale,1,29,28,https://www.daivik.in/products/ad-rubygreen-jhumkas-with-attached-mattel-s?variant=gid://shopify/ProductVariant/45363709771998
2026-07-25 20:33:18,Lakshmi Nagasi teeka,Default Title,551,1099.0,Sale,1,19,18,https://www.daivik.in/products/lakshmi-nagasi-teeka?variant=gid://shopify/ProductVariant/37826167636121
2026-07-25 20:33:18,Ghungroo Hipbelt in 2 variants,Golden pearl,967,2099.0,Sale,1,31,30,https://www.daivik.in/products/ghungroo-hipbelt-in-2-variants?variant=gid://shopify/ProductVariant/42121223176414
2026-07-25 20:33:18,Antique Kemp Lakshmi Hair Clip,Default Title,1895,1499.0,Sale,1,19,18,https://www.daivik.in/products/antique-kemp-lakshmi-hair-clip?variant=gid://shopify/ProductVariant/48285324181726
2026-07-25 21:47:26,AD Droplet Pendant Mangalsutra with Studs,Default Title,1243,799.0,Sale,1,55,54,https://www.daivik.in/products/ad-droplet-pendant-mangalsutra-with-studs?variant=gid://shopify/ProductVariant/46508274385118
2026-07-25 22:03:56,Simple Gold finish pearl AD necklace with earrings,Default Title,461,1199.0,Sale,1,51,50,https://www.daivik.in/products/simple-gold-finish-pearl-ad-necklace-with-earrings?variant=gid://shopify/ProductVariant/44240299622622
2026-07-26 00:48:19,Multilayered Rice Pearls Green Beads Necklace with Earrings,Default Title,177,999.0,Sale,1,30,29,https://www.daivik.in/products/diwali-sale-necklace-d24009?variant=gid://shopify/ProductVariant/45937266262238
2026-07-26 00:48:19,Real Look alike Foam Handmade Pink Lotus Buds Kunjalam and Malli Lotus Center Hair Clip Combo,Default Title,3541,1599.0,Sale,1,16,15,https://www.daivik.in/products/real-look-alike-foam-handmade-pink-lotus-buds-kunjalam-and-malli-lotus-center-hair-clip-combo?variant=gid://shopify/ProductVariant/48377569640670
2026-07-26 01:03:32,Real Look alike Foam Handmade Pink Lotus Buds Kunjalam and Malli Lotus Center Hair Clip Combo,Default Title,3541,1599.0,Sale,1,15,14,https://www.daivik.in/products/real-look-alike-foam-handmade-pink-lotus-buds-kunjalam-and-malli-lotus-center-hair-clip-combo?variant=gid://shopify/ProductVariant/48377569640670
2026-07-26 01:32:21,Simple Ruby and pearl choker with earrings,Default Title,538,999.0,Sale,1,33,32,https://www.daivik.in/products/a-327?variant=gid://shopify/ProductVariant/43546226196702
2026-07-26 01:32:21,Lakshmi AD Choker with Jhumkas,Default Title,494,1199.0,Sale,1,40,39,https://www.daivik.in/products/lakshmi-ad-choker-with-jhumkas?variant=gid://shopify/ProductVariant/44633010929886
2026-07-26 01:32:21,"Bridal Lakshmi Combo (Available in Short, Long, HipBelt and Combo)",Short Necklace,1334,6499.0,Sale,1,4,3,https://www.daivik.in/products/bridal-lakshmi-combo-available-in-short-long-hipbelt-and-combo?variant=gid://shopify/ProductVariant/47665374658782
2026-07-26 01:32:21,AD Flower Invisible Chain with Earrings,Default Title,999,499.0,Sale,1,50,49,https://www.daivik.in/products/ad-flower-invisible-chain-with-earrings?variant=gid://shopify/ProductVariant/47868705702110
2026-07-26 02:03:38,Kids/Adults mini choker,Default Title,768,1499.0,Sale,1,9,8,https://www.daivik.in/products/kids-mini-choker?variant=gid://shopify/ProductVariant/40510053089433
2026-07-26 02:03:38,Victorian Spiral Green AD Bangles,2.6,1853,1499.0,Sale,1,4,3,https://www.daivik.in/products/victorian-spiral-green-ad-bangles?variant=gid://shopify/ProductVariant/48057311527134
2026-07-26 02:17:03,AD White Stone bangles (Price for a pair),2.6,689,699.0,Sale,1,30,29,https://www.daivik.in/products/ad-white-stone-bangles-price-for-a-pair?variant=gid://shopify/ProductVariant/44353752826078
2026-07-26 02:17:03,Simple Pendant Ruby Green Hasli Necklace with Earrings,Default Title,744,799.0,Sale,1,5,4,https://www.daivik.in/products/simple-pendant-ruby-green-hasli-necklace-with-earrings?variant=gid://shopify/ProductVariant/46583087268062
2026-07-26 02:17:03,Half Moon AD Necklace with Earrings,Default Title,1258,999.0,Sale,1,48,47,https://www.daivik.in/products/half-moon-ad-necklace-with-earrings?variant=gid://shopify/ProductVariant/46675256312030
2026-07-26 02:33:13,Pure Kemp Brass Necklace,Default Title,991,3499.0,Sale,1,38,37,https://www.daivik.in/products/pure-kemp-brass-necklace?variant=gid://shopify/ProductVariant/42319003091166
2026-07-26 03:02:29,Simple Peacock pendant long chain in 2 colours,Purple,1148,1299.0,Sale,1,14,13,https://www.daivik.in/products/simple-peacock-pendant-long-chain-in-2-colours?variant=gid://shopify/ProductVariant/46024692564190
2026-07-26 03:02:29,Openable Peacock Kada with Interchangeable Colour Bangles (10 Shades),2.6,1924,2299.0,Sale,1,4,3,https://www.daivik.in/products/10-in-1-changeable-bangles?variant=gid://shopify/ProductVariant/48422119506142
2026-07-26 03:02:29,Elakkathali Coin Ruby Green Choker with Earrings,Default Title,602,899.0,Sale,1,37,36,https://www.daivik.in/products/elakkathali-coin-ruby-green-choker-with-earrings?variant=gid://shopify/ProductVariant/48437245870302
2026-07-26 03:18:28,Peacock Lakshmi Long Chain with Jhumkas in Two Colors (Prices for Each),Ruby,1270,1099.0,Sale,1,48,47,https://www.daivik.in/products/peacock-lakshmi-long-chain-with-jhumkas?variant=gid://shopify/ProductVariant/46838455337182
2026-07-26 03:18:28,Elakkathali Ruby Choker with Earrings,Default Title,485,899.0,Sale,1,11,10,https://www.daivik.in/products/elakkathali-ruby-choker-with-earrings?variant=gid://shopify/ProductVariant/48403799408862
2026-07-26 03:33:28,Rice Pearl Guttapusalu Necklace with Earrings,Default Title,828,999.0,Sale,1,14,13,https://www.daivik.in/products/rice-pearl-guttapusalu-necklace-with-earrings?variant=gid://shopify/ProductVariant/44857554567390
2026-07-26 03:33:28,Elakkathali Ruby Choker with Earrings,Default Title,485,899.0,Sale,1,10,9,https://www.daivik.in/products/elakkathali-ruby-choker-with-earrings?variant=gid://shopify/ProductVariant/48403799408862
2026-07-26 03:46:58,Sri Balaji 5 Layer Mope Chain,Default Title,958,1199.0,Sale,1,11,10,https://www.daivik.in/products/sri-balaji-5-layer-mope-chain?variant=gid://shopify/ProductVariant/48297913155806
2026-07-26 03:46:58,Classic AD Droplet Jhumkas,Default Title,1933,699.0,Sale,1,36,35,https://www.daivik.in/products/classic-ad-droplet-jhumkas?variant=gid://shopify/ProductVariant/48465634394334
2026-07-26 04:04:01,Multi Color Floral Antique Bangles,2.8,391,1299.0,Sale,1,44,43,https://www.daivik.in/products/multi-color-floral-antique-bangles?variant=gid://shopify/ProductVariant/36547078193305
2026-07-26 04:04:01,AD Golden bangles,2.8,929,1199.0,Sale,1,38,37,https://www.daivik.in/products/a-302?variant=gid://shopify/ProductVariant/43479581163742
2026-07-26 04:04:01,AD Stone Bangles (Price for a Pair),2.6,1579,1499.0,Sale,1,45,44,https://www.daivik.in/products/ad-stone-bangles-price-for-a-pair?variant=gid://shopify/ProductVariant/46401150222558
2026-07-26 04:04:01,AD Multi Layered Big Balis in 3 Colors (Price for Each),Ruby Green,1619,1999.0,Sale,1,13,12,https://www.daivik.in/products/ad-multi-layered-big-balis-in-3-colors-price-for-each?variant=gid://shopify/ProductVariant/47018651091166
2026-07-26 04:04:01,Invisible Flower Chain with Earrings,Default Title,871,799.0,Sale,1,29,28,https://www.daivik.in/products/invisible-flower-chain-with-earrings?variant=gid://shopify/ProductVariant/47043956310238
2026-07-26 04:04:01,AD Mesh Necklace with Studs in 5 Colours ( Price for Each ),Baby pink,1335,649.0,Sale,1,29,28,https://www.daivik.in/products/ad-mesh-necklace-with-studs-in-5-colours-price-for-each?variant=gid://shopify/ProductVariant/47669942091998
2026-07-26 04:04:01,Heritage Jaipuri Stone Watch Bracelet,Default Title,4037,1999.0,Sale,1,7,6,https://www.daivik.in/products/heritage-jaipuri-stone-watch-bracelet?variant=gid://shopify/ProductVariant/48266836050142
2026-07-26 04:04:01,Diamond look Alike Floral Hasli with Earrings,Default Title,1399,1399.0,Sale,1,10,9,https://www.daivik.in/products/diamond-look-alike-rose-floral-hasli-with-earrings?variant=gid://shopify/ProductVariant/48353948467422
2026-07-26 04:33:14,AD Pendant Flower Necklace with Earrings,Default Title,1266,1699.0,Sale,1,11,10,https://www.daivik.in/products/ad-pendant-flower-necklace-with-earrings?variant=gid://shopify/ProductVariant/46813927243998
2026-07-26 04:33:14,Elegant Jasmine/Mullai Flower Artificial Gajra,8 Inches String - Half Moolam,3507,1299.0,Sale,1,26,25,https://www.daivik.in/products/elegant-jasmine-mullai-flower-artificial-gajra-16-inches?variant=gid://shopify/ProductVariant/47542601515230
2026-07-26 04:48:14,Ruby Green Kemp Choker with Earrings,Default Title,227,1299.0,Sale,1,55,54,https://www.daivik.in/products/ruby-green-kemp-choker-with-earrings?variant=gid://shopify/ProductVariant/44913188077790
2026-07-26 04:48:14,Designer Pearl Two Line Chain,Default Title,1227,599.0,Sale,1,45,44,https://www.daivik.in/products/simple-two-line-chain?variant=gid://shopify/ProductVariant/46301650485470
2026-07-26 04:48:14,Invisible Flower Chain with Earrings,Default Title,871,799.0,Sale,1,28,27,https://www.daivik.in/products/invisible-flower-chain-with-earrings?variant=gid://shopify/ProductVariant/47043956310238
2026-07-26 04:48:14,"Jyothika Mam Inspired AD Green Pendant Necklace (Prices for Short, Long and Combo)",Short,1295,799.0,Sale,1,36,35,https://www.daivik.in/products/jyothika-mam-inspired-ad-green-pendant-necklace?variant=gid://shopify/ProductVariant/47092708573406
2026-07-26 04:48:14,Jathi Malli Pink Shade Flower Reusable Gajra,8 Inches String - Half Moolam,3501,1299.0,Restock,30,0,30,https://www.daivik.in/products/jathi-malli-pink-shade-flower-reusable-gajra-16-inches?variant=gid://shopify/ProductVariant/47542602006750
2026-07-26 04:48:14,Jathi Malli Pink Shade Flower Reusable Gajra,16 Inches String - Full Moolam,3501,2499.0,Restock,9,1,10,https://www.daivik.in/products/jathi-malli-pink-shade-flower-reusable-gajra-16-inches?variant=gid://shopify/ProductVariant/47542602039518
2026-07-26 04:48:14,Lakshmi Pendant Beads Choker with Earrings,Default Title,571,1299.0,Sale,1,5,4,https://www.daivik.in/products/lakshmi-pendant-beads-choker-with-earrings?variant=gid://shopify/ProductVariant/47950387085534
2026-07-26 04:48:14,Heritage Watch Bracelet,Default Title,4029,1699.0,Sale,1,50,49,https://www.daivik.in/products/heritage-watch-bracelet-8?variant=gid://shopify/ProductVariant/48128940736734
2026-07-26 04:48:14,AD Pearl Flower Bangles,2.8,1903,1799.0,Sale,1,27,26,https://www.daivik.in/products/ad-pearl-flower-bangle?variant=gid://shopify/ProductVariant/48306973376734
2026-07-26 04:48:14,3D Ganesha Invisible chain with Earrings,Default Title,562,799.0,Sale,1,13,12,https://www.daivik.in/products/3d-ganesha-invisible-chain-with-earrings?variant=gid://shopify/ProductVariant/48337665851614
2026-07-26 05:03:33,Elakkathali Ruby Choker with Earrings,Default Title,485,899.0,Sale,2,9,7,https://www.daivik.in/products/elakkathali-ruby-choker-with-earrings?variant=gid://shopify/ProductVariant/48403799408862
2026-07-26 05:03:33,Openable Peacock Kada with Interchangeable Colour Bangles (10 Shades),2.8,1924,2299.0,Sale,1,4,3,https://www.daivik.in/products/10-in-1-changeable-bangles?variant=gid://shopify/ProductVariant/48422119538910
2026-07-26 05:47:02,Cluster Pearl Necklace with earrings ( Price for each),Golden Pearl,257,1499.0,Sale,1,27,26,https://www.daivik.in/products/a-2?variant=gid://shopify/ProductVariant/44437456486622
2026-07-26 05:47:02,Simple Purple Stone Bangles,2.6,705,799.0,Sale,1,44,43,https://www.daivik.in/products/simple-purple-stone-bangles?variant=gid://shopify/ProductVariant/45478438371550
2026-07-26 05:47:02,Kemp Jadau Bugadi,Default Title,1601,799.0,Sale,1,24,23,https://www.daivik.in/products/kemp-jadau-bugadi?variant=gid://shopify/ProductVariant/46641514021086
2026-07-26 06:03:25,Peacock Pure Kemp Balis,Ruby Green,965,1799.0,Sale,1,9,8,https://www.daivik.in/products/peacock-pure-kemp-balis?variant=gid://shopify/ProductVariant/42115154084062
2026-07-26 06:03:25,Kemp Pearl Ruby Green Necklace,Default Title,696,2799.0,Sale,1,16,15,https://www.daivik.in/products/kemp-pearl-ruby-green-necklace?variant=gid://shopify/ProductVariant/47470276247774
2026-07-26 06:03:25,3D Ganesha Invisible chain with Earrings,Default Title,562,799.0,Sale,1,12,11,https://www.daivik.in/products/3d-ganesha-invisible-chain-with-earrings?variant=gid://shopify/ProductVariant/48337665851614
2026-07-26 06:03:25,Peacock Necklace With Jhumkas,Default Title,245,1499.0,Sold Out,1,1,0,https://www.daivik.in/products/peacock-necklace-with-jhumkas?variant=gid://shopify/ProductVariant/34474361782425
2026-07-26 06:18:19,Real Look alike Foam Handmade Jasmine U Pin ( Price for 1 pc ),1 Pc,3508,249.0,Restock,50,0,50,https://www.daivik.in/products/a-32?variant=gid://shopify/ProductVariant/48347915288798
2026-07-26 06:18:19,Real Look alike Foam Handmade Jasmine U Pin ( Price for 1 pc ),5 Pc,3508,1099.0,Restock,10,0,10,https://www.daivik.in/products/a-32?variant=gid://shopify/ProductVariant/48347915321566
2026-07-26 06:18:19,Kids / Adult Antique Jhumkas,Default Title,1870,699.0,Sale,1,22,21,https://www.daivik.in/products/kids-adult-antique-jhumkas?variant=gid://shopify/ProductVariant/48129394671838
2026-07-26 06:33:11,AD Pendant Mangalsutra with Studs,Default Title,1117,999.0,Sale,1,25,24,https://www.daivik.in/products/ad-pendant-mangalsutra-with-studs?variant=gid://shopify/ProductVariant/45905761435870
2026-07-26 06:33:11,AD Mesh Necklace with Studs in 5 Colours ( Price for Each ),Dark Green,1335,649.0,Sale,1,6,5,https://www.daivik.in/products/ad-mesh-necklace-with-studs-in-5-colours-price-for-each?variant=gid://shopify/ProductVariant/47669942223070
2026-07-26 06:47:14,Antique Lakshmi Short and Long Haram with Teeka and Jhumkas,Default Title,659,12999.0,Sold Out,1,1,0,https://www.daivik.in/products/antique-lakshmi-short-and-long-haram-with-teeka-and-jhumkas?variant=gid://shopify/ProductVariant/44505121358046
2026-07-26 07:03:28,Green Mosanite Antique Bangles,2.6,1517,799.0,Sale,1,12,11,https://www.daivik.in/products/green-mosanite-antique-bangles?variant=gid://shopify/ProductVariant/46122762535134
2026-07-26 07:03:28,"Jyothika Mam Inspired AD Green Pendant Necklace (Prices for Short, Long and Combo)",Short,1295,799.0,Sale,1,35,34,https://www.daivik.in/products/jyothika-mam-inspired-ad-green-pendant-necklace?variant=gid://shopify/ProductVariant/47092708573406
2026-07-26 07:03:28,Jathi Malli Pink Shade Flower Reusable Gajra,8 Inches String - Half Moolam,3501,1299.0,Sale,1,30,29,https://www.daivik.in/products/jathi-malli-pink-shade-flower-reusable-gajra-16-inches?variant=gid://shopify/ProductVariant/47542602006750
2026-07-26 07:03:28,Elegant Bloomed Jasmine Flower Artificial Gajra,8 Inches String - Half Moolam,3502,1299.0,Sale,1,12,11,https://www.daivik.in/products/elegant-bloomed-jasmine-flower-artificial-gajra-16-inches?variant=gid://shopify/ProductVariant/47542601154782
2026-07-26 07:03:28,Real Look alike Foam Handmade Jasmine U Pin ( Price for 1 pc ),5 Pc,3508,1099.0,Sale,1,10,9,https://www.daivik.in/products/a-32?variant=gid://shopify/ProductVariant/48347915321566
2026-07-26 07:03:28,Invisible Ganesha Chain in Two Colors,Baby Pink,672,999.0,Sale,1,11,10,https://www.daivik.in/products/invisible-green-ganesha-chain?variant=gid://shopify/ProductVariant/48447550390494
2026-07-26 07:03:28,Elakkathali Ruby Choker with Earrings,Default Title,485,899.0,Sale,1,7,6,https://www.daivik.in/products/elakkathali-ruby-choker-with-earrings?variant=gid://shopify/ProductVariant/48403799408862
2026-07-26 07:17:04,Elakkathali Ruby Choker with Earrings,Default Title,485,899.0,Sale,1,6,5,https://www.daivik.in/products/elakkathali-ruby-choker-with-earrings?variant=gid://shopify/ProductVariant/48403799408862
2026-07-26 07:32:24,Simple Kemp Pearl Side Chain / Mattal in 4 Colors (Price for a Pair),Ruby Green,1588,999.0,Sale,1,40,39,https://www.daivik.in/products/simple-ad-pearl-side-chain-in-4-colors-price-for-a-pair?variant=gid://shopify/ProductVariant/46584049762526
2026-07-26 07:32:24,Simple Textured Hipbelt,Default Title,224,1999.0,Sold Out,1,1,0,https://www.daivik.in/products/simple-textured-hipbelt?variant=gid://shopify/ProductVariant/42432402358494
2026-07-26 07:47:05,Jathi Malli Pink Shade Flower Reusable Gajra,8 Inches String - Half Moolam,3501,1299.0,Sale,1,29,28,https://www.daivik.in/products/jathi-malli-pink-shade-flower-reusable-gajra-16-inches?variant=gid://shopify/ProductVariant/47542602006750
2026-07-26 07:47:05,Elegant Bloomed Jasmine Flower Artificial Gajra,8 Inches String - Half Moolam,3502,1299.0,Sale,2,11,9,https://www.daivik.in/products/elegant-bloomed-jasmine-flower-artificial-gajra-16-inches?variant=gid://shopify/ProductVariant/47542601154782
2026-07-26 07:47:05,Real Look alike Foam Handmade Jasmine U Pin ( Price for 1 pc ),1 Pc,3508,249.0,Sale,4,50,46,https://www.daivik.in/products/a-32?variant=gid://shopify/ProductVariant/48347915288798
2026-07-26 07:47:05,Lakshmi AD Chotti/Jada Billai,Default Title,1884,1099.0,Sale,1,33,32,https://www.daivik.in/products/lakshmi-ad-chotti-jada-billai?variant=gid://shopify/ProductVariant/48234497802462
2026-07-26 07:47:05,Handmade Lotus Flower U Pin,3,3539,499.0,Sale,1,12,11,https://www.daivik.in/products/handmade-lotus-flower-u-pin?variant=gid://shopify/ProductVariant/48294879264990
2026-07-26 08:02:36,Simple Anklets Designs in 4 Styles (Price for Each),1,1632,499.0,Sale,1,24,23,https://www.daivik.in/products/simple-anklets-designs-in-4-styles-price-for-each?variant=gid://shopify/ProductVariant/47088044835038
2026-07-26 08:02:36,Elakkathali Ruby Choker with Earrings,Default Title,485,899.0,Sale,1,5,4,https://www.daivik.in/products/elakkathali-ruby-choker-with-earrings?variant=gid://shopify/ProductVariant/48403799408862
2026-07-26 08:16:55,Golden Pearl Peacock Balis,Default Title,402,849.0,Sold Out,1,1,0,https://www.daivik.in/products/golden-pearl-peacock-balis?variant=gid://shopify/ProductVariant/36692498677913
2026-07-26 08:32:12,AD Hasli Ruby Green Necklace with Balis,Default Title,1216,699.0,Sale,1,16,15,https://www.daivik.in/products/ad-hasli-ruby-green-necklace-with-balis?variant=gid://shopify/ProductVariant/46285166837982
2026-07-26 08:47:09,Two Layered Stone Necklace with Earrings,Pink,244,2499.0,Sale,1,37,36,https://www.daivik.in/products/two-layered-stone-necklace-with-earrings?variant=gid://shopify/ProductVariant/44875433083102
2026-07-26 08:47:09,Simple Copper Pearl Necklace with Earrings,Default Title,855,999.0,Sale,1,52,51,https://www.daivik.in/products/simple-copper-pearl-necklace-with-earrings?variant=gid://shopify/ProductVariant/45158978093278
2026-07-26 08:47:09,Flower pendant Ghungroo Chain with Earrings,Default Title,1186,1099.0,Sale,1,4,3,https://www.daivik.in/products/flower-pendant-ghungroo-chain-with-earrings?variant=gid://shopify/ProductVariant/46155031380190
2026-07-26 08:47:09,Ruby Green Golden Beads Necklace with Earrings,Default Title,1304,1899.0,Sale,1,32,31,https://www.daivik.in/products/ruby-green-golden-beads-necklace-with-earrings?variant=gid://shopify/ProductVariant/47082102980830
2026-07-26 08:47:09,Two Line Antique Lakshmi Chain with Earrings,Coral,1330,699.0,Sale,1,15,14,https://www.daivik.in/products/two-line-antique-lakshmi-chain-with-earrings?variant=gid://shopify/ProductVariant/47652470063326
2026-07-26 08:47:09,Antique Non Idol Purple Long Necklace with Earrings,Default Title,665,5999.0,Sale,1,14,13,https://www.daivik.in/products/antique-non-idol-purple-long-necklace-with-earrings?variant=gid://shopify/ProductVariant/47917168230622
2026-07-26 08:47:09,Handmade Lotus Flower U Pin,5,3539,799.0,Sale,1,14,13,https://www.daivik.in/products/handmade-lotus-flower-u-pin?variant=gid://shopify/ProductVariant/48294879297758
2026-07-26 09:03:04,Kemp Lotus Ghungroo beads Adigai with Jhumkas,Default Title,111,1399.0,Sale,1,13,12,https://www.daivik.in/products/kemp-lotus-ghungroo-beads-adigai-with-jhumkas?variant=gid://shopify/ProductVariant/45453369540830
2026-07-26 09:03:04,Jathi Malli Pink Shade Flower Reusable Gajra,8 Inches String - Half Moolam,3501,1299.0,Sale,1,28,27,https://www.daivik.in/products/jathi-malli-pink-shade-flower-reusable-gajra-16-inches?variant=gid://shopify/ProductVariant/47542602006750
2026-07-26 09:03:04,Elegant Bloomed Jasmine Flower Artificial Gajra,8 Inches String - Half Moolam,3502,1299.0,Sale,1,9,8,https://www.daivik.in/products/elegant-bloomed-jasmine-flower-artificial-gajra-16-inches?variant=gid://shopify/ProductVariant/47542601154782
2026-07-26 09:17:14,Jathi Malli Pink Shade Flower Reusable Gajra,8 Inches String - Half Moolam,3501,1299.0,Sale,1,27,26,https://www.daivik.in/products/jathi-malli-pink-shade-flower-reusable-gajra-16-inches?variant=gid://shopify/ProductVariant/47542602006750
2026-07-26 09:33:43,Big and Long Cluster pearl Jhumkas,Default Title,792,2499.0,Sale,1,37,36,https://www.daivik.in/products/long-cluster-pearl-jhumkas?variant=gid://shopify/ProductVariant/40668971073689
2026-07-26 09:33:43,White stone bangles (4 bangles),2.8,951,999.0,Sale,1,10,9,https://www.daivik.in/products/white-stone-bangles-4-bangles?variant=gid://shopify/ProductVariant/42060609192158
2026-07-26 09:33:43,Pure premium Kemp Brass Jhumkas,Default Title,993,1499.0,Sale,1,44,43,https://www.daivik.in/products/pure-premium-kemp-brass-jhumkas?variant=gid://shopify/ProductVariant/42328076943582
2026-07-26 09:33:43,Moon / Chandiran Kemp Jadau Bugadi in Two Colors,Ruby Green,1600,1299.0,Sale,1,27,26,https://www.daivik.in/products/moon-chandiran-kemp-jadau-bugadi?variant=gid://shopify/ProductVariant/47941914198238
2026-07-26 09:48:36,Lotus kemp rice pearl Necklace with Earrings,Ruby,121,599.0,Sale,1,54,53,https://www.daivik.in/products/lotus-kemp-rice-pearl-necklace-with-earrings?variant=gid://shopify/ProductVariant/45036923486430
2026-07-26 09:48:36,Simple AD Choker with Studds (Price for Each),Pink,620,399.0,Sale,1,53,52,https://www.daivik.in/products/simple-ad-choker-with-studds?variant=gid://shopify/ProductVariant/47448853938398
2026-07-26 10:05:13,Peacock Lakshmi Long Chain with Jhumkas in Two Colors (Prices for Each),Ruby,1270,1099.0,Sale,1,47,46,https://www.daivik.in/products/peacock-lakshmi-long-chain-with-jhumkas?variant=gid://shopify/ProductVariant/46838455337182
2026-07-26 10:05:13,Butterfly Pearl Anklets in Two Colors (Price for a Pair),Ruby Green,1684,799.0,Sale,1,33,32,https://www.daivik.in/products/butterfly-pearl-anklets-in-two-colors-price-for-a-pair?variant=gid://shopify/ProductVariant/47522867249374
2026-07-26 10:05:13,Elakkathali Ruby Choker with Earrings,Default Title,485,899.0,Sale,1,4,3,https://www.daivik.in/products/elakkathali-ruby-choker-with-earrings?variant=gid://shopify/ProductVariant/48403799408862
2026-07-26 10:18:18,AD Mesh Necklace with Studs in 5 Colours ( Price for Each ),White,1335,649.0,Sale,1,25,24,https://www.daivik.in/products/ad-mesh-necklace-with-studs-in-5-colours-price-for-each?variant=gid://shopify/ProductVariant/47669942157534
2026-07-26 10:32:55,Elephant Lakshmi Antique bangles( set of 2),2.4,685,1699.0,Sale,1,13,12,https://www.daivik.in/products/elephant-antique-bangles?variant=gid://shopify/ProductVariant/44464669294814
2026-07-26 10:32:55,Jathi Malli Pink Shade Flower Reusable Gajra,8 Inches String - Half Moolam,3501,1299.0,Sale,1,26,25,https://www.daivik.in/products/jathi-malli-pink-shade-flower-reusable-gajra-16-inches?variant=gid://shopify/ProductVariant/47542602006750
2026-07-26 10:32:55,Elegant Bloomed Jasmine Flower Artificial Gajra,8 Inches String - Half Moolam,3502,1299.0,Sale,1,8,7,https://www.daivik.in/products/elegant-bloomed-jasmine-flower-artificial-gajra-16-inches?variant=gid://shopify/ProductVariant/47542601154782
2026-07-26 10:32:55,Elegant Jasmine/Mullai Flower Artificial Gajra,8 Inches String - Half Moolam,3507,1299.0,Sale,1,25,24,https://www.daivik.in/products/elegant-jasmine-mullai-flower-artificial-gajra-16-inches?variant=gid://shopify/ProductVariant/47542601515230
2026-07-26 10:32:55,Pure Kemp Brass Nose Pin in 3 Colors (Price for Each),Ruby,1772,599.0,Sale,1,9,8,https://www.daivik.in/products/pure-kemp-brass-nose-pin-in-3-colors-price-for-each?variant=gid://shopify/ProductVariant/47796909736158
2026-07-26 11:02:33,Jathi Malli Pink Shade Flower Reusable Gajra,8 Inches String - Half Moolam,3501,1299.0,Sale,1,25,24,https://www.daivik.in/products/jathi-malli-pink-shade-flower-reusable-gajra-16-inches?variant=gid://shopify/ProductVariant/47542602006750
2026-07-26 11:17:26,Flower uncut kemp Mattals,Default Title,688,1499.0,Sale,1,6,5,https://www.daivik.in/products/flower-uncut-kemp-mattals?variant=gid://shopify/ProductVariant/39665913430169
2026-07-26 11:32:19,Victorian Flower Pendant Necklace with Earrings,Default Title,283,3499.0,Sale,1,4,3,https://www.daivik.in/products/victorian-flower-pendant-necklace-with-earrings?variant=gid://shopify/ProductVariant/48423947796702
2026-07-26 11:48:07,AD Lakshmi Jhumkas,Default Title,192,799.0,Sale,1,22,21,https://www.daivik.in/products/ad-lakshmi-jhumkas?variant=gid://shopify/ProductVariant/44262122389726
2026-07-26 11:48:07,Jathi Malli Pink Shade Flower Reusable Gajra,8 Inches String - Half Moolam,3501,1299.0,Sale,1,24,23,https://www.daivik.in/products/jathi-malli-pink-shade-flower-reusable-gajra-16-inches?variant=gid://shopify/ProductVariant/47542602006750
2026-07-26 11:48:07,Elegant Bloomed Jasmine Flower Artificial Gajra,8 Inches String - Half Moolam,3502,1299.0,Sale,1,7,6,https://www.daivik.in/products/elegant-bloomed-jasmine-flower-artificial-gajra-16-inches?variant=gid://shopify/ProductVariant/47542601154782
2026-07-26 12:03:10,Gold finish AD necklace with earrings,Default Title,1005,1799.0,Sale,1,37,36,https://www.daivik.in/products/a-96?variant=gid://shopify/ProductVariant/44200836563166
2026-07-26 12:03:10,Antique Ruby Green Hasli with Balis,Default Title,862,1299.0,Sale,1,16,15,https://www.daivik.in/products/antique-ruby-green-necklace-with-balis?variant=gid://shopify/ProductVariant/44960557859038
2026-07-26 12:03:10,AD Peacock HipBelt with Mesh Chain,Default Title,1639,2299.0,Sale,1,22,21,https://www.daivik.in/products/ad-peacock-hipbelt-with-mesh-chain?variant=gid://shopify/ProductVariant/47088023896286
2026-07-26 12:03:10,Real Look alike Foam Handmade Jasmine U Pin ( Price for 1 pc ),1 Pc,3508,249.0,Sale,1,46,45,https://www.daivik.in/products/a-32?variant=gid://shopify/ProductVariant/48347915288798
2026-07-26 12:03:10,Antique Temple Style Short and Long Lakshmi Haram with Earringss,Combo,446,5999.0,Sold Out,1,1,0,https://www.daivik.in/products/antique-temple-style-short-and-long-lakshmi-haram-with-earringss?variant=gid://shopify/ProductVariant/48079406596318
2026-07-26 12:18:03,Simple lotus kemp anklets,Default Title,622,899.0,Sale,1,6,5,https://www.daivik.in/products/a-120?variant=gid://shopify/ProductVariant/44243143786718
2026-07-26 12:33:23,Simple Kemp Pearl Side Chain / Mattal in 4 Colors (Price for a Pair),Ruby Green,1588,999.0,Sale,1,39,38,https://www.daivik.in/products/simple-ad-pearl-side-chain-in-4-colors-price-for-a-pair?variant=gid://shopify/ProductVariant/46584049762526
2026-07-26 12:47:57,Pearl Kemp Pendant Short Haram with Earrings,Default Title,441,1299.0,Sale,1,53,52,https://www.daivik.in/products/pearl-kemp-pendant-short-haram-with-earrings?variant=gid://shopify/ProductVariant/42596492411102
2026-07-26 12:47:57,AD Multi Layered Big Balis in 3 Colors (Price for Each),Ruby Green,1619,1999.0,Sale,1,12,11,https://www.daivik.in/products/ad-multi-layered-big-balis-in-3-colors-price-for-each?variant=gid://shopify/ProductVariant/47018651091166
2026-07-26 12:47:57,Butta Antique Jadau Necklace set ( price for Each ),Only Short Haram,598,1999.0,Sale,1,18,17,https://www.daivik.in/products/butta-antique-jadau-necklace-set-price-for-each?variant=gid://shopify/ProductVariant/47583155421406
2026-07-26 12:47:57,Simple Leaf Pendant set with Chain,Default Title,1355,899.0,Sale,1,8,7,https://www.daivik.in/products/simple-leaf-pendant-set-with-chain?variant=gid://shopify/ProductVariant/47859902054622
2026-07-26 13:17:15,Changeable pearl studs in 2 variants,White pearl,712,1099.0,Sale,1,12,11,https://www.daivik.in/products/changeable-pearl-studs?variant=gid://shopify/ProductVariant/39960882184345
2026-07-26 13:32:15,Kemp studs with pearl detailing,Default Title,251,699.0,Sale,1,5,4,https://www.daivik.in/products/kemp-studs-with-pearl-detailing?variant=gid://shopify/ProductVariant/44284805513438
2026-07-26 13:32:15,Lakshmi AD Kada (Price for a Pair),Default Title,1734,499.0,Sale,1,13,12,https://www.daivik.in/products/lakshmi-ad-kada-price-for-a-pair?variant=gid://shopify/ProductVariant/47678095163614
2026-07-26 13:32:15,Premium AD Curve Diamond Look Alike Kada,Default Title,1922,699.0,Sale,1,30,29,https://www.daivik.in/products/premium-ad-curve-design-kada?variant=gid://shopify/ProductVariant/48415688229086
2026-07-26 13:47:05,Elegant Bloomed Jasmine Flower Artificial Gajra,16 Inches String - Full Moolam,3502,2599.0,Sale,1,9,8,https://www.daivik.in/products/elegant-bloomed-jasmine-flower-artificial-gajra-16-inches?variant=gid://shopify/ProductVariant/47542601187550
2026-07-26 14:03:57,Simple and small kemp Jhumkas,Default Title,907,999.0,Sale,1,6,5,https://www.daivik.in/products/simple-and-small-kemp-jhumkas?variant=gid://shopify/ProductVariant/41347627843737
2026-07-26 14:03:57,AD Stone Ruby Bangles (Price for a Pair),2.4,1576,1499.0,Sale,1,47,46,https://www.daivik.in/products/ad-stone-ruby-bangles-price-for-a-pair?variant=gid://shopify/ProductVariant/46401149731038
2026-07-26 14:03:57,Invisible Green Flower Chain With Earrings,Default Title,521,799.0,Sale,1,3,2,https://www.daivik.in/products/invisible-green-flower-chain-with-earrings?variant=gid://shopify/ProductVariant/47522415182046
2026-07-26 14:03:57,Elegant Jasmine/Mullai Flower Artificial Gajra,8 Inches String - Half Moolam,3507,1299.0,Sale,1,24,23,https://www.daivik.in/products/elegant-jasmine-mullai-flower-artificial-gajra-16-inches?variant=gid://shopify/ProductVariant/47542601515230
2026-07-26 14:03:57,Elakkathali Ruby Choker with Earrings,Default Title,485,899.0,Sale,2,3,1,https://www.daivik.in/products/elakkathali-ruby-choker-with-earrings?variant=gid://shopify/ProductVariant/48403799408862
2026-07-26 14:03:57,Elakkathali Coin Ruby Green Choker with Earrings,Default Title,602,899.0,Sale,1,36,35,https://www.daivik.in/products/elakkathali-coin-ruby-green-choker-with-earrings?variant=gid://shopify/ProductVariant/48437245870302
2026-07-26 14:33:11,CZ Designer Leaf Earrings,Green,380,999.0,Sale,1,15,14,https://www.daivik.in/products/untitled-jul11_20-28?variant=gid://shopify/ProductVariant/45721350930654
2026-07-26 14:33:11,Lakshmi Cluster Pearl Hasli Necklace with Earrings,Default Title,1219,1299.0,Sale,1,27,26,https://www.daivik.in/products/lakshmi-cluster-pearl-hasli-necklace-with-earrings?variant=gid://shopify/ProductVariant/46293338882270
2026-07-26 15:17:08,Antique Lakshmi Green Beads Jhumkas,Default Title,1662,3199.0,Sale,1,16,15,https://www.daivik.in/products/antique-lakshmi-green-beads-jhumkas?variant=gid://shopify/ProductVariant/47469682884830
2026-07-26 15:17:08,Antique Lakshmi Long Chain,Default Title,644,3199.0,Sale,1,6,5,https://www.daivik.in/products/antique-lakshmi-long-chain?variant=gid://shopify/ProductVariant/47931213643998
2026-07-26 15:34:08,Kids/Adults mini choker,Default Title,768,1499.0,Sale,1,8,7,https://www.daivik.in/products/kids-mini-choker?variant=gid://shopify/ProductVariant/40510053089433
2026-07-26 15:47:54,Elegant Jasmine/Mullai Flower Artificial Gajra,8 Inches String - Half Moolam,3507,1299.0,Sale,1,23,22,https://www.daivik.in/products/elegant-jasmine-mullai-flower-artificial-gajra-16-inches?variant=gid://shopify/ProductVariant/47542601515230
2026-07-26 15:47:54,Unisex Reversible 2 in 1 Peacock Pure kemp Jadau HipBelt ( Upto 46 inch ),Default Title,1867,7999.0,Sale,1,2,1,https://www.daivik.in/products/reversible-2-in-1-peacock-pure-kemp-jadau-hipbelt?variant=gid://shopify/ProductVariant/48099484696798
2026-07-26 16:03:34,AD Hasli Ruby Green Necklace with Balis,Default Title,1216,699.0,Sale,1,15,14,https://www.daivik.in/products/ad-hasli-ruby-green-necklace-with-balis?variant=gid://shopify/ProductVariant/46285166837982
2026-07-26 16:17:03,Invisible Flower Chain with Earrings in Two Variants (Price for Each),Purple,309,799.0,Sale,1,50,49,https://www.daivik.in/products/invisible-flower-chain-with-earrings-in-two-vaiants-price-for-each?variant=gid://shopify/ProductVariant/46622024335582
2026-07-26 16:17:03,"Jyothika Mam Inspired AD Green Pendant Necklace (Prices for Short, Long and Combo)",Short,1295,799.0,Sale,1,34,33,https://www.daivik.in/products/jyothika-mam-inspired-ad-green-pendant-necklace?variant=gid://shopify/ProductVariant/47092708573406
2026-07-26 16:32:21,Lotus kemp rice pearl Necklace with Earrings,Ruby,121,599.0,Sale,1,53,52,https://www.daivik.in/products/lotus-kemp-rice-pearl-necklace-with-earrings?variant=gid://shopify/ProductVariant/45036923486430
2026-07-26 16:32:21,Flower Pearl Ruby Choker with Earrings,Default Title,739,1299.0,Sale,1,54,53,https://www.daivik.in/products/flower-pearl-ruby-choker-with-earrings?variant=gid://shopify/ProductVariant/47743520768222
2026-07-26 16:32:21,AD Non Piercing Nosepin in 3 Colors (Price for Each),Ruby,1913,299.0,Sale,1,54,53,https://www.daivik.in/products/ad-non-piercing-nosepin-in-3-colors-price-for-each?variant=gid://shopify/ProductVariant/48341912387806
2026-07-26 16:47:23,AD Diamond Necklace with earrings in 4 colours,Pink,364,999.0,Sale,1,35,34,https://www.daivik.in/products/untitled-aug24_21-15?variant=gid://shopify/ProductVariant/44323138273502
2026-07-26 17:03:07,Flower Pendant Long Pearl Mala with Earringsin 3 Colors (Price for Each),Ruby,618,3199.0,Sale,1,10,9,https://www.daivik.in/products/a-29?variant=gid://shopify/ProductVariant/47832187109598
2026-07-26 17:17:04,Simple Mangalsutra With stones,Default Title,670,1099.0,Sale,1,42,41,https://www.daivik.in/products/1-4?variant=gid://shopify/ProductVariant/42679325982942
2026-07-26 17:17:04,Moon / Chandiran Kemp Jadau Bugadi in Two Colors,Ruby Green,1600,1299.0,Sale,1,26,25,https://www.daivik.in/products/moon-chandiran-kemp-jadau-bugadi?variant=gid://shopify/ProductVariant/47941914198238
2026-07-26 17:17:04,Invisible Circle AD Chain with Earrings,Ruby Green,1298,699.0,Sale,1,3,2,https://www.daivik.in/products/invisible-circle-ad-chain-with-earrings?variant=gid://shopify/ProductVariant/47653875679454
2026-07-26 17:17:04,Elegant Bloomed Jasmine Flower Artificial Gajra,8 Inches String - Half Moolam,3502,1299.0,Sale,1,6,5,https://www.daivik.in/products/elegant-bloomed-jasmine-flower-artificial-gajra-16-inches?variant=gid://shopify/ProductVariant/47542601154782
2026-07-26 17:17:04,Elakkathali Ruby Choker with Earrings,Default Title,485,899.0,Sold Out,1,1,0,https://www.daivik.in/products/elakkathali-ruby-choker-with-earrings?variant=gid://shopify/ProductVariant/48403799408862
2026-07-26 17:33:56,Carved Lion Stone Coin Haram with Earrings,Default Title,563,4499.0,Sale,1,43,42,https://www.daivik.in/products/carved-lion-stone-coin-haram-with-earrings?variant=gid://shopify/ProductVariant/47634419417310
2026-07-26 17:48:06,Kundan Ghungroo Adjustable Bracelet Watch,Default Title,1890,799.0,Sale,1,19,18,https://www.daivik.in/products/kundan-ghungroo-adjustable-bracelet-watch?variant=gid://shopify/ProductVariant/48278181413086
2026-07-26 18:03:29,Small AD Jhumkas in 2 colours,Ruby green,72,899.0,Sale,1,12,11,https://www.daivik.in/products/small-ad-jhumkas?variant=gid://shopify/ProductVariant/43537462460638
2026-07-26 18:03:29,Kids / Adult Kemp Jhumkas,Default Title,1777,799.0,Sale,1,22,21,https://www.daivik.in/products/kids-adult-kemp-jhumkas?variant=gid://shopify/ProductVariant/47821038485726
2026-07-26 18:03:29,Invisible Ganesha Chain in Two Colors,Dark Green,672,999.0,Sale,1,16,15,https://www.daivik.in/products/invisible-green-ganesha-chain?variant=gid://shopify/ProductVariant/48447550357726
2026-07-26 19:02:29,Elegant Bloomed Jasmine Flower Artificial Gajra,16 Inches String - Full Moolam,3502,2599.0,Sale,1,8,7,https://www.daivik.in/products/elegant-bloomed-jasmine-flower-artificial-gajra-16-inches?variant=gid://shopify/ProductVariant/47542601187550
2026-07-26 19:17:43,Lakshmi Coin Ruby Necklac,Default Title,1251,999.0,Sale,1,50,49,https://www.daivik.in/products/lakshmi-coin-ruby-necklace?variant=gid://shopify/ProductVariant/46618661748958
2026-07-26 21:03:36,Elegant Jasmine/Mullai Flower Artificial Gajra,8 Inches String - Half Moolam,3507,1299.0,Sale,1,22,21,https://www.daivik.in/products/elegant-jasmine-mullai-flower-artificial-gajra-16-inches?variant=gid://shopify/ProductVariant/47542601515230
2026-07-26 22:03:30,Floral Uncut Kemp jhumkas,Default Title,865,1499.0,Sale,1,52,51,https://www.daivik.in/products/floral-uncut-kemp-jhumkas?variant=gid://shopify/ProductVariant/41139968311449
2026-07-26 22:03:30,Peacock White Pearl Jhumkas,Default Title,1525,1299.0,Sale,1,32,31,https://www.daivik.in/products/peacock-white-pearl-jhumkas?variant=gid://shopify/ProductVariant/46171746336990
2026-07-26 22:03:30,Diamond Look Alike Hasli Necklace with Earrings,Default Title,1388,1399.0,Sale,1,27,26,https://www.daivik.in/products/a-31?variant=gid://shopify/ProductVariant/48267346772190
2026-07-26 22:33:42,Jathi Malli Pink Shade Flower Reusable Gajra,8 Inches String - Half Moolam,3501,1299.0,Sale,1,23,22,https://www.daivik.in/products/jathi-malli-pink-shade-flower-reusable-gajra-16-inches?variant=gid://shopify/ProductVariant/47542602006750
2026-07-26 22:33:42,Elegant Bloomed Jasmine Flower Artificial Gajra,8 Inches String - Half Moolam,3502,1299.0,Sale,1,5,4,https://www.daivik.in/products/elegant-bloomed-jasmine-flower-artificial-gajra-16-inches?variant=gid://shopify/ProductVariant/47542601154782
2026-07-26 22:33:42,Real Look alike Foam Handmade Jasmine U Pin ( Price for 1 pc ),1 Pc,3508,249.0,Sale,1,45,44,https://www.daivik.in/products/a-32?variant=gid://shopify/ProductVariant/48347915288798
2026-07-26 23:47:05,Simple Kemp Mattals in 2 colours,Default Title,202,1299.0,Sale,1,18,17,https://www.daivik.in/products/a-27?variant=gid://shopify/ProductVariant/45963428561118
2026-07-26 23:47:05,Antique AD Stone Lakshmi Kada,2.8,553,1799.0,Sale,1,31,30,https://www.daivik.in/products/antique-ad-stone-lakshmi-kada?variant=gid://shopify/ProductVariant/44607304138974
2026-07-26 23:47:05,Invisible Golden Flower Chain with Earrings,Default Title,953,499.0,Sale,1,25,24,https://www.daivik.in/products/invisible-flower-chain-with-earrings-1?variant=gid://shopify/ProductVariant/47051613241566
2026-07-26 23:47:05,Jathi Malli Pink Shade Flower Reusable Gajra,8 Inches String - Half Moolam,3501,1299.0,Sale,1,22,21,https://www.daivik.in/products/jathi-malli-pink-shade-flower-reusable-gajra-16-inches?variant=gid://shopify/ProductVariant/47542602006750
2026-07-26 23:47:05,Kemp Small Loop Earrings in 2 Colors (Price for Each),Green,1868,999.0,Sale,1,19,18,https://www.daivik.in/products/kemp-small-loop-earrings-in-2-colors-price-for-each?variant=gid://shopify/ProductVariant/48116579565790
2026-07-26 23:47:05,Floral Simple Invisible chain,Default Title,207,499.0,Sale,1,22,21,https://www.daivik.in/products/floral-simple-invisible-chain?variant=gid://shopify/ProductVariant/48335603433694
2026-07-26 23:47:05,AD Non Piercing Nosepin in 3 Colors (Price for Each),Ruby,1913,299.0,Sale,1,53,52,https://www.daivik.in/products/ad-non-piercing-nosepin-in-3-colors-price-for-each?variant=gid://shopify/ProductVariant/48341912387806
2026-07-27 00:34:12,Traditional Teeka in 2 variants,2,756,699.0,Sale,1,16,15,https://www.daivik.in/products/traditional-teeka-in-2-variants-1?variant=gid://shopify/ProductVariant/40399475310745
2026-07-27 00:34:12,Ruby Green Kemp Choker with Earrings,Default Title,227,1299.0,Sale,1,54,53,https://www.daivik.in/products/ruby-green-kemp-choker-with-earrings?variant=gid://shopify/ProductVariant/44913188077790
2026-07-27 00:34:12,Two line Necklace with Earrings,Default Title,708,2299.0,Sale,1,17,16,https://www.daivik.in/products/two-line-necklace-with-earrings?variant=gid://shopify/ProductVariant/45333722759390
2026-07-27 00:34:12,Simple Antique Thin Hipchain in 5 Variants ( Price for Each ),1,1602,1299.0,Sale,1,7,6,https://www.daivik.in/products/simple-antique-thin-hipchain-in-5-variants-price-for-each?variant=gid://shopify/ProductVariant/46643685261534
2026-07-27 00:48:14,Lakshmi Coin Chain,Default Title,1286,599.0,Sale,1,54,53,https://www.daivik.in/products/lakshmi-coin-chain?variant=gid://shopify/ProductVariant/47042689433822
2026-07-27 01:17:05,Matte  Cluster Lakshmi jhumkas,Default Title,45,1449.0,Sale,1,31,30,https://www.daivik.in/products/45?variant=gid://shopify/ProductVariant/32600770707515
2026-07-27 01:17:05,Kids/Adults mini choker,Default Title,768,1499.0,Sale,1,7,6,https://www.daivik.in/products/kids-mini-choker?variant=gid://shopify/ProductVariant/40510053089433
2026-07-27 01:17:05,Simple Kemp Choker Necklace in 5 variants,Ruby green,911,1299.0,Sale,1,7,6,https://www.daivik.in/products/simple-kemp-choker-necklace-in-5-variants?variant=gid://shopify/ProductVariant/41372165898393
2026-07-27 01:17:05,Antique Nagasi Kada (for a pair),2.4,314,1399.0,Sale,1,29,28,https://www.daivik.in/products/antique-nagasi-openable-kada-pair-of-2?variant=gid://shopify/ProductVariant/44136098889950
2026-07-27 01:17:05,Ruby AD Jhumkas with Attached Mattal,Default Title,589,1199.0,Sale,1,46,45,https://www.daivik.in/products/ruby-ad-jhumkas-with-attached-mattal?variant=gid://shopify/ProductVariant/44358526632158
2026-07-27 01:17:05,Simple Ruby Green Flower Anklet,Default Title,1504,599.0,Sale,1,23,22,https://www.daivik.in/products/simple-ruby-green-flower-anklet?variant=gid://shopify/ProductVariant/45977990037726
2026-07-27 01:17:05,"Guttaspusalu Pearl Necklace set with Earrings (Available in Combo, Short and Long)",Long,1187,2499.0,Sale,1,40,39,https://www.daivik.in/products/1187?variant=gid://shopify/ProductVariant/46162809487582
2026-07-27 01:17:05,Two Line Pearl Choker with Earrings in 3 Colors (Price for Each),Dark Green,523,799.0,Sale,1,7,6,https://www.daivik.in/products/two-like-pearl-choker-with-earrings?variant=gid://shopify/ProductVariant/46323231785182
2026-07-27 01:17:05,Green AD Three line Choker with Studs,Default Title,1249,1499.0,Sale,1,8,7,https://www.daivik.in/products/green-ad-three-line-choker-with-studs?variant=gid://shopify/ProductVariant/46605022134494
2026-07-27 01:17:05,Lakshmi Antique Choker with Studs,Default Title,1319,1299.0,Sale,1,17,16,https://www.daivik.in/products/lakshmi-antique-choker-with-studs?variant=gid://shopify/ProductVariant/47461641388254
2026-07-27 01:17:05,Antique White Pearl Kada,2.4,1696,3499.0,Sale,1,19,18,https://www.daivik.in/products/antique-white-pearl-kada?variant=gid://shopify/ProductVariant/47549254467806
2026-07-27 01:17:05,Lakshmi Golden and White Pearl Jhumkas,Default Title,1730,699.0,Sale,1,8,7,https://www.daivik.in/products/lakshmi-golden-and-white-pearl-jhumkas?variant=gid://shopify/ProductVariant/47670974021854
2026-07-27 01:17:05,Antique Lakshmi Choker with Earrings,Default Title,1372,1199.0,Sale,1,2,1,https://www.daivik.in/products/antique-lakshmi-choker-with-earrings-1?variant=gid://shopify/ProductVariant/47990312534238
2026-07-27 01:17:05,Openable Peacock Kada with Interchangeable Colour Bangles (10 Shades),2.4,1924,2299.0,Sale,1,16,15,https://www.daivik.in/products/10-in-1-changeable-bangles?variant=gid://shopify/ProductVariant/48422119473374
2026-07-27 02:17:08,Kemp Pearl Ruby Green Necklace,Default Title,696,2799.0,Sale,1,15,14,https://www.daivik.in/products/kemp-pearl-ruby-green-necklace?variant=gid://shopify/ProductVariant/47470276247774
2026-07-27 02:17:08,Openable Peacock Kada with Interchangeable Colour Bangles (10 Shades),2.6,1924,2299.0,Sale,1,3,2,https://www.daivik.in/products/10-in-1-changeable-bangles?variant=gid://shopify/ProductVariant/48422119506142
2026-07-27 02:47:00,Handmade Lotus Flower U Pin,5,3539,799.0,Sale,1,13,12,https://www.daivik.in/products/handmade-lotus-flower-u-pin?variant=gid://shopify/ProductVariant/48294879297758
2026-07-27 03:02:32,Mini version of cluster pearl Lakshmi jhumkas,Default Title,847,1199.0,Sale,1,32,31,https://www.daivik.in/products/mini-version-of-cluster-pearl-lakshmi-jhumkas?variant=gid://shopify/ProductVariant/41004873908377
2026-07-27 03:02:32,Temple Teeka in 4 variants,1.,596,999.0,Sale,1,51,50,https://www.daivik.in/products/a-44?variant=gid://shopify/ProductVariant/44131700048094
2026-07-27 03:02:32,Simple Pearl Jadabillai (Price for Each),2,1563,549.0,Sale,1,31,30,https://www.daivik.in/products/single-pearl-jadabillai?variant=gid://shopify/ProductVariant/46312480342238
2026-07-27 03:02:32,Simple Kemp Pearl Side Chain / Mattal in 4 Colors (Price for a Pair),Ruby Green,1588,999.0,Sale,1,38,37,https://www.daivik.in/products/simple-ad-pearl-side-chain-in-4-colors-price-for-a-pair?variant=gid://shopify/ProductVariant/46584049762526
2026-07-27 03:02:32,"Mango Lakshmi Short and Long Coin Necklace with Earrings (Separate Prices for Short, Long and Combo)",Combo,687,1799.0,Sale,1,39,38,https://www.daivik.in/products/mango-lakshmi-short-and-long-coin-necklace-with-earrings?variant=gid://shopify/ProductVariant/47005411377374
2026-07-27 03:02:32,Lotus Ruby Green Pure kemp Invisible chain with Earrings,Default Title,1391,1999.0,Sale,2,11,9,https://www.daivik.in/products/lotus-ruby-green-invisible-chain-with-earrings?variant=gid://shopify/ProductVariant/48308560658654
2026-07-27 03:02:32,3D Lakshmi Jada/Hair Accessory,Default Title,1108,3999.0,Sold Out,1,1,0,https://www.daivik.in/products/3d-lakshmi-jada-hair-accessory?variant=gid://shopify/ProductVariant/45851569979614
2026-07-27 03:18:26,Simple Lakshmi choker with pearl hangings,Default Title,381,1099.0,Sale,1,18,17,https://www.daivik.in/products/simple-lakshmi-choker-with-pearl-hangings?variant=gid://shopify/ProductVariant/36398494351513
2026-07-27 03:18:26,Antique Lakshmi Choker with Earrings,Default Title,1372,1199.0,Sold Out,1,1,0,https://www.daivik.in/products/antique-lakshmi-choker-with-earrings-1?variant=gid://shopify/ProductVariant/47990312534238
2026-07-27 03:32:13,Simple Flower Pearl Anklets,Default Title,1694,999.0,Sale,1,20,19,https://www.daivik.in/products/simple-flower-pearl-anklets?variant=gid://shopify/ProductVariant/47541970927838
2026-07-27 03:47:03,Elegant Bloomed Jasmine Flower Artificial Gajra,16 Inches String - Full Moolam,3502,2599.0,Sale,1,7,6,https://www.daivik.in/products/elegant-bloomed-jasmine-flower-artificial-gajra-16-inches?variant=gid://shopify/ProductVariant/47542601187550
2026-07-27 03:47:03,Real Look alike Foam Handmade Jasmine U Pin ( Price for 1 pc ),1 Pc,3508,249.0,Sale,1,44,43,https://www.daivik.in/products/a-32?variant=gid://shopify/ProductVariant/48347915288798
2026-07-27 04:33:37,Pearl Kemp Pendant Short Haram with Earrings,Default Title,441,1299.0,Sale,1,52,51,https://www.daivik.in/products/pearl-kemp-pendant-short-haram-with-earrings?variant=gid://shopify/ProductVariant/42596492411102
2026-07-27 04:33:37,Premium GJ Polish AD Flower Necklace with Earrings,Default Title,180,1499.0,Sale,1,37,36,https://www.daivik.in/products/premium-gj-polish-ad-flower-necklace-with-earrings?variant=gid://shopify/ProductVariant/47530112188638
2026-07-27 04:33:37,Butta Antique Jadau Necklace set ( price for Each ),Only Long Haram,598,3999.0,Sale,1,2,1,https://www.daivik.in/products/butta-antique-jadau-necklace-set-price-for-each?variant=gid://shopify/ProductVariant/47583155454174
2026-07-27 04:47:03,Bridal Brass Kemp Mango Haram with Jhumkas,Default Title,173,11499.0,Restock,1,7,8,https://www.daivik.in/products/bridal-brass-kemp-mango-haram-with-jhumkas?variant=gid://shopify/ProductVariant/42552079319262
2026-07-27 04:47:03,Multi-Color AD Pattern Necklace with Earrings,Default Title,812,1899.0,Sale,1,17,16,https://www.daivik.in/products/multi-color-ad-pattern-necklace-with-earrings?variant=gid://shopify/ProductVariant/46211734667486
2026-07-27 04:47:03,Jathi Malli Pink Shade Flower Reusable Gajra,8 Inches String - Half Moolam,3501,1299.0,Sale,1,21,20,https://www.daivik.in/products/jathi-malli-pink-shade-flower-reusable-gajra-16-inches?variant=gid://shopify/ProductVariant/47542602006750
2026-07-27 04:47:03,Elegant Bloomed Jasmine Flower Artificial Gajra,16 Inches String - Full Moolam,3502,2599.0,Sale,1,6,5,https://www.daivik.in/products/elegant-bloomed-jasmine-flower-artificial-gajra-16-inches?variant=gid://shopify/ProductVariant/47542601187550
2026-07-27 04:47:03,Lakshmi Pendant Simple Chain with Earrings,Default Title,1390,1199.0,Sale,1,13,12,https://www.daivik.in/products/lakshmi-pendant-simple-chain-with-earrings?variant=gid://shopify/ProductVariant/48287644614878
2026-07-27 05:02:38,Simple and small pure kemp jhumkas,Default Title,656,1199.0,Sale,1,26,25,https://www.daivik.in/products/simple-and-small-pure-kemp-jhumkas?variant=gid://shopify/ProductVariant/39434836574361
2026-07-27 05:02:38,Pure kemp Nagasi hipbelt,Default Title,617,5999.0,Sale,1,2,1,https://www.daivik.in/products/pure-kemp-nagasi-hipbelt?variant=gid://shopify/ProductVariant/42396464087262
2026-07-27 05:02:38,Pearl Victorian Choker with earrings,Default Title,75,4199.0,Sale,1,47,46,https://www.daivik.in/products/a-75?variant=gid://shopify/ProductVariant/44172631015646
2026-07-27 05:02:38,Victorian Green Beads Necklace with Earrings,Default Title,949,2399.0,Sale,1,20,19,https://www.daivik.in/products/victorian-green-beads-necklace-with-earrings?variant=gid://shopify/ProductVariant/44831932023006
2026-07-27 05:02:38,Victorian Pendant Mesh Choker with Earrings,Green,1149,1999.0,Sale,1,6,5,https://www.daivik.in/products/victorian-pendant-mesh-choker-with-earrings?variant=gid://shopify/ProductVariant/46036901101790
2026-07-27 05:02:38,Antique Temple Style Short and Long Lakshmi Haram with Earringss,Short,446,2799.0,Sale,1,3,2,https://www.daivik.in/products/antique-temple-style-short-and-long-lakshmi-haram-with-earringss?variant=gid://shopify/ProductVariant/48079406530782
2026-07-27 05:02:38,Victorian Moissanite Multi-Layered Pearl Hanging Choker with Earrings,Default Title,1245,8499.0,Sold Out,1,1,0,https://www.daivik.in/products/victorian-moissanite-multi-layered-pearl-hanging-choker-with-earrings?variant=gid://shopify/ProductVariant/46508788023518
2026-07-27 05:02:38,Moissanite Layered Hydrodoublet Stone Pearl Choker with Earrings,Default Title,266,5499.0,Sold Out,1,1,0,https://www.daivik.in/products/mossanite-layered-hydrodoublet-stone-pearl-choker?variant=gid://shopify/ProductVariant/46627285663966
2026-07-27 05:02:38,Victorian Bridal Combo,Hip Chain,405,6999.0,Sold Out,1,1,0,https://www.daivik.in/products/victorian-bridal-combo?variant=gid://shopify/ProductVariant/47015757807838
2026-07-27 05:02:38,Diamond Look-Alike Flower Studs (Price for Each),Pink,1767,499.0,Sold Out,2,2,0,https://www.daivik.in/products/diamond-look-alike-flower-studs-price-for-each?variant=gid://shopify/ProductVariant/47791841607902
2026-07-27 05:02:38,AD Bangle Combo,2.6,1916,2999.0,Sold Out,3,3,0,https://www.daivik.in/products/bangles-1?variant=gid://shopify/ProductVariant/48353994080478
2026-07-27 05:18:16,Lakshmi Brass bangles,2.4,322,1699.0,Sale,1,5,4,https://www.daivik.in/products/lakshmi-brass-bangles?variant=gid://shopify/ProductVariant/43531407884510
2026-07-27 05:18:16,Jathi Malli Pink Shade Flower Reusable Gajra,8 Inches String - Half Moolam,3501,1299.0,Sale,1,20,19,https://www.daivik.in/products/jathi-malli-pink-shade-flower-reusable-gajra-16-inches?variant=gid://shopify/ProductVariant/47542602006750
2026-07-27 05:18:16,Elegant Bloomed Jasmine Flower Artificial Gajra,8 Inches String - Half Moolam,3502,1299.0,Sale,1,4,3,https://www.daivik.in/products/elegant-bloomed-jasmine-flower-artificial-gajra-16-inches?variant=gid://shopify/ProductVariant/47542601154782
2026-07-27 05:18:16,Diamond look Alike Floral Hasli with Earrings,Default Title,1399,1399.0,Sale,1,9,8,https://www.daivik.in/products/diamond-look-alike-rose-floral-hasli-with-earrings?variant=gid://shopify/ProductVariant/48353948467422
2026-07-27 05:47:58,Peacock Kemp Earcuffs,Default Title,823,1299.0,Sale,1,10,9,https://www.daivik.in/products/peacock-kemp-earcuffs?variant=gid://shopify/ProductVariant/40886249291929
2026-07-27 05:47:58,Kemp studs with pearl detailing,Default Title,251,699.0,Sale,1,4,3,https://www.daivik.in/products/kemp-studs-with-pearl-detailing?variant=gid://shopify/ProductVariant/44284805513438
2026-07-27 06:04:16,Kids/Adults mini choker,Default Title,768,1499.0,Sale,1,6,5,https://www.daivik.in/products/kids-mini-choker?variant=gid://shopify/ProductVariant/40510053089433
2026-07-27 06:04:16,Five Line swarovski pearl mala,Default Title,1329,2099.0,Sale,1,2,1,https://www.daivik.in/products/copy-three-line-swarovski-pearl-mala?variant=gid://shopify/ProductVariant/47621546508510
2026-07-27 06:18:17,Kemp Guttaspusalu short Necklace with earrings,Default Title,856,1699.0,Sale,1,17,16,https://www.daivik.in/products/kemp-guttaspusalu-short-necklace-with-earrings?variant=gid://shopify/ProductVariant/41060116988057
2026-07-27 06:18:17,Jathi Malli Pink Shade Flower Reusable Gajra,8 Inches String - Half Moolam,3501,1299.0,Sale,1,19,18,https://www.daivik.in/products/jathi-malli-pink-shade-flower-reusable-gajra-16-inches?variant=gid://shopify/ProductVariant/47542602006750
2026-07-27 06:18:17,Elegant Bloomed Jasmine Flower Artificial Gajra,8 Inches String - Half Moolam,3502,1299.0,Sale,2,3,1,https://www.daivik.in/products/elegant-bloomed-jasmine-flower-artificial-gajra-16-inches?variant=gid://shopify/ProductVariant/47542601154782
2026-07-27 06:18:17,Pure Kemp Lotus Jhumka with Mattals,Default Title,1763,1499.0,Sale,1,16,15,https://www.daivik.in/products/pure-kemp-lotus-jhumka-with-mattals?variant=gid://shopify/ProductVariant/47777295696094
2026-07-27 06:18:17,Pachi Pearl Jali Necklace,Default Title,491,2999.0,Sale,1,20,19,https://www.daivik.in/products/pachi-pearl-jali-necklace?variant=gid://shopify/ProductVariant/48400077258974
2026-07-27 06:48:43,Non idol kemp Peacock Earcuff with Jhumkas,Default Title,1788,6499.0,Sold Out,1,1,0,https://www.daivik.in/products/non-idol-kemp-peacock-earcuff-with-jhumkas?variant=gid://shopify/ProductVariant/47839039095006
2026-07-27 07:03:07,Layered Antique Long chain,Default Title,341,1399.0,Sale,1,54,53,https://www.daivik.in/products/a-150?variant=gid://shopify/ProductVariant/42954175447262
2026-07-27 07:03:07,3 Line Multicolour Mala with earrings,Default Title,898,2499.0,Sale,1,18,17,https://www.daivik.in/products/3-line-multicolour-mala-with-earrings?variant=gid://shopify/ProductVariant/44212089585886
2026-07-27 07:03:07,Multi-Color AD Pattern Necklace with Earrings,Default Title,812,1899.0,Sale,1,16,15,https://www.daivik.in/products/multi-color-ad-pattern-necklace-with-earrings?variant=gid://shopify/ProductVariant/46211734667486
2026-07-27 07:03:07,Invisible Flower Chain with Earrings in Two Variants (Price for Each),Purple,309,799.0,Sale,1,49,48,https://www.daivik.in/products/invisible-flower-chain-with-earrings-in-two-vaiants-price-for-each?variant=gid://shopify/ProductVariant/46622024335582
2026-07-27 07:32:27,Pearl Designer Watch Bracelet,Default Title,4011,4499.0,Sale,1,23,22,https://www.daivik.in/products/antique-designer-watch-bracelet-10?variant=gid://shopify/ProductVariant/48070965264606
2026-07-27 07:32:27,Unisex Reversible 2 in 1 Peacock Pure kemp Jadau HipBelt ( Upto 46 inch ),Default Title,1867,7999.0,Sold Out,1,1,0,https://www.daivik.in/products/reversible-2-in-1-peacock-pure-kemp-jadau-hipbelt?variant=gid://shopify/ProductVariant/48099484696798
2026-07-27 07:47:03,"Antique Bridal Lakshmi Short and Long Necklace with Jhumkas (Available in Short, Long and Combo)3",Long,748,5999.0,Sale,1,53,52,https://www.daivik.in/products/antique-bridal-lakshmi-short-and-long-necklace-with-jhumkas-available-in-short-long-and-combo?variant=gid://shopify/ProductVariant/45782284796126
2026-07-27 07:47:03,Mossanite Kundan Balis in 2 colours,Green,1503,1299.0,Sale,1,37,36,https://www.daivik.in/products/mossanite-kundan-balis-in-2-colours?variant=gid://shopify/ProductVariant/45889343553758
2026-07-27 07:47:03,Kemp pastel Beads Necklace with Earrings,Default Title,1221,999.0,Sale,1,56,55,https://www.daivik.in/products/kemp-pastel-beads-necklace-with-earrings?variant=gid://shopify/ProductVariant/46297625559262
2026-07-27 07:47:03,Simple AD Flower Necklace with Earrings,Default Title,1397,1499.0,Sale,1,13,12,https://www.daivik.in/products/e-2?variant=gid://shopify/ProductVariant/48353947943134
2026-07-27 08:02:42,Jathi Malli Pink Shade Flower Reusable Gajra,8 Inches String - Half Moolam,3501,1299.0,Sale,1,18,17,https://www.daivik.in/products/jathi-malli-pink-shade-flower-reusable-gajra-16-inches?variant=gid://shopify/ProductVariant/47542602006750
2026-07-27 08:02:42,Elegant Jasmine/Mullai Flower Artificial Gajra,8 Inches String - Half Moolam,3507,1299.0,Sale,1,21,20,https://www.daivik.in/products/elegant-jasmine-mullai-flower-artificial-gajra-16-inches?variant=gid://shopify/ProductVariant/47542601515230
2026-07-27 08:02:42,Pearl Kemp Pendant Hasli Necklace with Earrings,Default Title,1312,799.0,Sold Out,2,2,0,https://www.daivik.in/products/pearl-kemp-pendant-hasli-necklace-with-earrings?variant=gid://shopify/ProductVariant/47082104389854
2026-07-27 08:02:42,Elegant Bloomed Jasmine Flower Artificial Gajra,8 Inches String - Half Moolam,3502,1299.0,Sold Out,1,1,0,https://www.daivik.in/products/elegant-bloomed-jasmine-flower-artificial-gajra-16-inches?variant=gid://shopify/ProductVariant/47542601154782
2026-07-27 08:17:02,Kids/Adults mini choker,Default Title,768,1499.0,Sale,1,5,4,https://www.daivik.in/products/kids-mini-choker?variant=gid://shopify/ProductVariant/40510053089433
2026-07-27 08:17:02,Rice Pearl Guttapusalu Necklace with Earrings,Default Title,828,999.0,Sale,1,13,12,https://www.daivik.in/products/rice-pearl-guttapusalu-necklace-with-earrings?variant=gid://shopify/ProductVariant/44857554567390
2026-07-27 08:17:02,Kemp Pearl Ruby Green Necklace,Default Title,696,2799.0,Sale,1,14,13,https://www.daivik.in/products/kemp-pearl-ruby-green-necklace?variant=gid://shopify/ProductVariant/47470276247774
2026-07-27 08:17:02,Victorian Spiral Green AD Bangles,2.8,1853,1499.0,Sale,1,23,22,https://www.daivik.in/products/victorian-spiral-green-ad-bangles?variant=gid://shopify/ProductVariant/48057311559902
2026-07-27 08:17:02,AD Pearl Flower Bangles,2.8,1903,1799.0,Sale,1,26,25,https://www.daivik.in/products/ad-pearl-flower-bangle?variant=gid://shopify/ProductVariant/48306973376734
2026-07-27 08:17:02,Invisible Ganesha Chain in Two Colors,Dark Green,672,999.0,Sale,1,15,14,https://www.daivik.in/products/invisible-green-ganesha-chain?variant=gid://shopify/ProductVariant/48447550357726
2026-07-27 09:02:23,Simple Anklets Designs in 4 Styles (Price for Each),1,1632,499.0,Sale,1,23,22,https://www.daivik.in/products/simple-anklets-designs-in-4-styles-price-for-each?variant=gid://shopify/ProductVariant/47088044835038
2026-07-27 09:02:23,Openable Peacock Kada with Interchangeable Colour Bangles (10 Shades),2.4,1924,2299.0,Sale,1,15,14,https://www.daivik.in/products/10-in-1-changeable-bangles?variant=gid://shopify/ProductVariant/48422119473374
2026-07-27 09:16:56,AD Pendant Mangalsutra with Studs,Default Title,1117,999.0,Sale,1,24,23,https://www.daivik.in/products/ad-pendant-mangalsutra-with-studs?variant=gid://shopify/ProductVariant/45905761435870
2026-07-27 09:47:01,Simple Kemp Choker Necklace in 5 variants,Ruby green,911,1299.0,Sale,1,6,5,https://www.daivik.in/products/simple-kemp-choker-necklace-in-5-variants?variant=gid://shopify/ProductVariant/41372165898393
2026-07-27 09:47:01,3 Line Multicolour Mala with earrings,Default Title,898,2499.0,Sale,1,17,16,https://www.daivik.in/products/3-line-multicolour-mala-with-earrings?variant=gid://shopify/ProductVariant/44212089585886
2026-07-27 09:47:01,Affordable Meenakari Lotus Lakshmi Long Chain with Earrings,Default Title,1364,799.0,Sale,1,19,18,https://www.daivik.in/products/affordable-meenakari-lotus-lakshmi-long-chain-with-earrings?variant=gid://shopify/ProductVariant/47961521848542
2026-07-27 09:47:01,Peacock Pearl Bugadi/Top Earrings,Default Title,1894,699.0,Sale,1,26,25,https://www.daivik.in/products/peacock-pearl-bugadi-top-earrings?variant=gid://shopify/ProductVariant/48282361069790
2026-07-27 10:02:36,Simple Kemp Choker Necklace in 5 variants,Ruby green,911,1299.0,Sale,1,5,4,https://www.daivik.in/products/simple-kemp-choker-necklace-in-5-variants?variant=gid://shopify/ProductVariant/41372165898393
2026-07-27 10:32:14,Simple Lakshmi choker with pearl hangings,Default Title,381,1099.0,Sale,1,17,16,https://www.daivik.in/products/simple-lakshmi-choker-with-pearl-hangings?variant=gid://shopify/ProductVariant/36398494351513
2026-07-27 10:32:14,Lotus kemp rice pearl Necklace with Earrings,Ruby,121,599.0,Sale,1,52,51,https://www.daivik.in/products/lotus-kemp-rice-pearl-necklace-with-earrings?variant=gid://shopify/ProductVariant/45036923486430
2026-07-27 10:32:14,Lakshmi Jhumka with Golden and White Pearls Mattal,Default Title,1642,3499.0,Sale,1,44,43,https://www.daivik.in/products/lakshmi-jhumka-with-golden-and-white-pearls-mattal?variant=gid://shopify/ProductVariant/47349828747486
2026-07-27 10:47:03,Kemp Antique Jadau Choker set with Studs,Default Title,893,2999.0,Sale,1,29,28,https://www.daivik.in/products/kemp-antique-jadau-choker-set-with-studs?variant=gid://shopify/ProductVariant/44575726502110
2026-07-27 10:47:03,Lakshmi AD RubyGreen Bangles,2.4,542,1099.0,Sale,1,17,16,https://www.daivik.in/products/lakshmi-ad-rubygreen-bangles?variant=gid://shopify/ProductVariant/45058364440798
2026-07-27 11:32:12,AD peacock jhumkas,Default Title,604,1399.0,Sale,2,56,54,https://www.daivik.in/products/ad-peacock-jhumkas-1?variant=gid://shopify/ProductVariant/38058936402073
2026-07-27 11:46:59,Lakshmi Coin Necklace\,Default Title,1252,1599.0,Sale,1,24,23,https://www.daivik.in/products/lakshmi-coin-necklace?variant=gid://shopify/ProductVariant/46618663911646
2026-07-27 12:17:11,Antique Temple Necklace with jhumkas,Default Title,806,4999.0,Sale,1,22,21,https://www.daivik.in/products/antique-temple-necklace-with-jhumkas?variant=gid://shopify/ProductVariant/43510525133022
2026-07-27 12:17:11,Mossanite Double Line Chain with Studs,Default Title,938,1999.0,Sale,1,6,5,https://www.daivik.in/products/mossanite-double-line-chain-with-studs?variant=gid://shopify/ProductVariant/44346079740126
2026-07-27 12:17:11,Moissanite Flower Necklace with Earrings,Default Title,1380,1299.0,Sale,1,25,24,https://www.daivik.in/products/moissanite-flower-necklace-with-earrings?variant=gid://shopify/ProductVariant/48149264629982
2026-07-27 12:17:11,Diamond Look Alike AD Kada in Two Colors (Price for each),Green,1917,1499.0,Sale,1,15,14,https://www.daivik.in/products/untitled-jun22_11-39-48?variant=gid://shopify/ProductVariant/48375886086366
2026-07-27 12:47:18,AD Non Piercing Nosepin in 3 Colors (Price for Each),Ruby,1913,299.0,Sale,1,52,51,https://www.daivik.in/products/ad-non-piercing-nosepin-in-3-colors-price-for-each?variant=gid://shopify/ProductVariant/48341912387806
2026-07-27 13:02:37,Ruby AD Jhumkas with Attached Mattal,Default Title,589,1199.0,Sale,1,45,44,https://www.daivik.in/products/ruby-ad-jhumkas-with-attached-mattal?variant=gid://shopify/ProductVariant/44358526632158
2026-07-27 13:17:24,Invisible Flower Chain with Earrings,Default Title,871,799.0,Sale,1,27,26,https://www.daivik.in/products/invisible-flower-chain-with-earrings?variant=gid://shopify/ProductVariant/47043956310238
2026-07-27 13:17:24,Elakkathali Ruby Choker with Earrings,Default Title,485,899.0,Restock,30,0,30,https://www.daivik.in/products/elakkathali-ruby-choker-with-earrings?variant=gid://shopify/ProductVariant/48403799408862
2026-07-27 13:17:24,Trisha Mam Inspired AD Necklace with Earrings in Two Colors (Price for Each),Ruby,975,1299.0,Restock,10,0,10,https://www.daivik.in/products/trisha-mam-inspired-ad-necklace-with-earrings-in-two-colors-price-for-each?variant=gid://shopify/ProductVariant/48417802584286
2026-07-27 13:47:11,Elegant Jasmine/Mullai Flower Artificial Gajra,8 Inches String - Half Moolam,3507,1299.0,Sale,1,20,19,https://www.daivik.in/products/elegant-jasmine-mullai-flower-artificial-gajra-16-inches?variant=gid://shopify/ProductVariant/47542601515230
2026-07-27 14:17:09,Set of 6 AD Bangles,2.8,516,1799.0,Sale,1,8,7,https://www.daivik.in/products/set-of-6-ad-bangles?variant=gid://shopify/ProductVariant/42181007704286
2026-07-27 14:17:09,Elephant Lakshmi Antique bangles( set of 2),2.8,685,1699.0,Sale,1,35,34,https://www.daivik.in/products/elephant-antique-bangles?variant=gid://shopify/ProductVariant/44464669360350
2026-07-27 14:17:09,Antique RubyGreen AD Bangles,2.8,475,999.0,Sale,1,16,15,https://www.daivik.in/products/antique-rubygreen-ad-bangles?variant=gid://shopify/ProductVariant/44985289933022
2026-07-27 14:17:09,Antique Jadau Green Beads Long chain with Earrings,Default Title,830,1799.0,Sale,1,31,30,https://www.daivik.in/products/antique-jadau-green-beads-long-chain-with-earrings?variant=gid://shopify/ProductVariant/47047999455454
2026-07-27 14:32:30,Carved Moissanite Necklace with Earrings,Default Title,282,1299.0,Sale,1,34,33,https://www.daivik.in/products/carved-moissanite-necklace-with-earrings?variant=gid://shopify/ProductVariant/47758182514910
2026-07-27 15:17:20,AD RubyGreen Jhumkas with attached Mattals,Default Title,920,999.0,Sale,1,28,27,https://www.daivik.in/products/ad-rubygreen-jhumkas-with-attached-mattel-s?variant=gid://shopify/ProductVariant/45363709771998
2026-07-27 15:17:20,Mossanite Kundan Balis in 2 colours,Green,1503,1299.0,Sale,1,36,35,https://www.daivik.in/products/mossanite-kundan-balis-in-2-colours?variant=gid://shopify/ProductVariant/45889343553758
2026-07-27 15:17:20,Lotus Ruby Necklace and Bangles Combo,2.4,1628,999.0,Sale,1,3,2,https://www.daivik.in/products/lotus-ruby-necklace-and-bangles-combo?variant=gid://shopify/ProductVariant/47087215050974
2026-07-27 15:32:32,Simple Copper Pearl Necklace with Earrings,Default Title,855,999.0,Sale,1,51,50,https://www.daivik.in/products/simple-copper-pearl-necklace-with-earrings?variant=gid://shopify/ProductVariant/45158978093278
2026-07-27 15:47:08,Kemp Lotus Ghungroo beads Adigai with Jhumkas,Default Title,111,1399.0,Sale,1,12,11,https://www.daivik.in/products/kemp-lotus-ghungroo-beads-adigai-with-jhumkas?variant=gid://shopify/ProductVariant/45453369540830
2026-07-27 15:47:08,Premium GJ Polish AD Flower Necklace with Earrings,Default Title,180,1499.0,Sale,1,36,35,https://www.daivik.in/products/premium-gj-polish-ad-flower-necklace-with-earrings?variant=gid://shopify/ProductVariant/47530112188638
2026-07-27 16:02:42,Gold Finish AD Moap Chain (26 Inches),Default Title,1285,1599.0,Sale,1,16,15,https://www.daivik.in/products/gold-finish-ad-moap-chain-26-inches?variant=gid://shopify/ProductVariant/47034436813022
2026-07-27 16:02:42,Invisible Ganesha Chain in Two Colors,Dark Green,672,999.0,Sale,1,14,13,https://www.daivik.in/products/invisible-green-ganesha-chain?variant=gid://shopify/ProductVariant/48447550357726
2026-07-27 16:17:07,AD peacock jhumkas,Default Title,604,1399.0,Sale,1,54,53,https://www.daivik.in/products/ad-peacock-jhumkas-1?variant=gid://shopify/ProductVariant/38058936402073
2026-07-27 16:17:07,Set of 6 Kemp AD bangles,2.4,988,1699.0,Sale,1,11,10,https://www.daivik.in/products/set-of-6-kemp-ad-bangles?variant=gid://shopify/ProductVariant/42314249076958
2026-07-27 16:32:34,AD RubyGreen Jhumkas with attached Mattals,Default Title,920,999.0,Sale,1,27,26,https://www.daivik.in/products/ad-rubygreen-jhumkas-with-attached-mattel-s?variant=gid://shopify/ProductVariant/45363709771998
2026-07-27 16:32:34,AD Multi Pendant Necklace with Earrings,Default Title,877,2199.0,Sale,1,16,15,https://www.daivik.in/products/ad-multi-pendant-necklace-with-earrings?variant=gid://shopify/ProductVariant/48312504844510
2026-07-27 16:32:34,Elakkathali Ruby Choker with Earrings,Default Title,485,899.0,Sale,2,30,28,https://www.daivik.in/products/elakkathali-ruby-choker-with-earrings?variant=gid://shopify/ProductVariant/48403799408862
2026-07-27 16:47:16,Jathi Malli Pink Shade Flower Reusable Gajra,8 Inches String - Half Moolam,3501,1299.0,Sale,1,17,16,https://www.daivik.in/products/jathi-malli-pink-shade-flower-reusable-gajra-16-inches?variant=gid://shopify/ProductVariant/47542602006750
2026-07-27 16:47:16,Real Look alike Foam Handmade Jasmine U Pin ( Price for 1 pc ),1 Pc,3508,249.0,Sale,1,43,42,https://www.daivik.in/products/a-32?variant=gid://shopify/ProductVariant/48347915288798
2026-07-27 16:47:16,Elakkathali Ruby Choker with Earrings,Default Title,485,899.0,Sale,2,28,26,https://www.daivik.in/products/elakkathali-ruby-choker-with-earrings?variant=gid://shopify/ProductVariant/48403799408862
2026-07-27 17:17:13,Elakkathali Ruby Choker with Earrings,Default Title,485,899.0,Sale,1,26,25,https://www.daivik.in/products/elakkathali-ruby-choker-with-earrings?variant=gid://shopify/ProductVariant/48403799408862
2026-07-27 17:32:20,Kemp studs with pearl detailing,Default Title,251,699.0,Sale,1,3,2,https://www.daivik.in/products/kemp-studs-with-pearl-detailing?variant=gid://shopify/ProductVariant/44284805513438
2026-07-27 17:47:15,Elephant Guttaspusalu necklace in 5 variants,Dark green,901,1699.0,Sale,1,7,6,https://www.daivik.in/products/elephant-guttaspusalu-necklace-in-5-variants?variant=gid://shopify/ProductVariant/43467306664158
2026-07-27 17:47:15,Openable Peacock Kada with Interchangeable Colour Bangles (10 Shades),2.4,1924,2299.0,Sale,1,14,13,https://www.daivik.in/products/10-in-1-changeable-bangles?variant=gid://shopify/ProductVariant/48422119473374
2026-07-27 18:02:45,AD Earcuff in 4 Colors (Price for Each),Yellow,1927,1099.0,Sale,1,39,38,https://www.daivik.in/products/ad-earcuff-in-4-colors-price-for-each?variant=gid://shopify/ProductVariant/48434488639710
2026-07-27 18:32:19,Matte Gold Finish Uncut Long Haram with Earrings,Default Title,424,2999.0,Sale,1,27,26,https://www.daivik.in/products/matte-gold-finish-uncut-long-haram-with-earrings?variant=gid://shopify/ProductVariant/44656979050718
2026-07-27 18:32:19,Designer Pearl Two Line Chain,Default Title,1227,599.0,Sale,1,44,43,https://www.daivik.in/products/simple-two-line-chain?variant=gid://shopify/ProductVariant/46301650485470
2026-07-27 18:47:20,Lotus kemp rice pearl Necklace with Earrings,Ruby,121,599.0,Sale,1,51,50,https://www.daivik.in/products/lotus-kemp-rice-pearl-necklace-with-earrings?variant=gid://shopify/ProductVariant/45036923486430
2026-07-27 18:47:20,Peacock Jhumkas with Golden beads Mattal,Default Title,414,2299.0,Sale,1,3,2,https://www.daivik.in/products/peacock-jhumkas-with-golden-beads-mattal?variant=gid://shopify/ProductVariant/45443238002910
2026-07-27 18:47:20,Peacock Lakshmi Coin Necklace with Earrings in Two Colors,Green,584,799.0,Sale,1,25,24,https://www.daivik.in/products/peacock-lakshmi-coin-necklace-with-earrings-in-two-colors?variant=gid://shopify/ProductVariant/48254522720478
2026-07-27 18:47:20,Invisible Ganesha Chain in Two Colors,Dark Green,672,999.0,Sale,1,13,12,https://www.daivik.in/products/invisible-green-ganesha-chain?variant=gid://shopify/ProductVariant/48447550357726
2026-07-27 18:47:20,Openable Peacock Kada with Interchangeable Colour Bangles (10 Shades),2.4,1924,2299.0,Sale,1,13,12,https://www.daivik.in/products/10-in-1-changeable-bangles?variant=gid://shopify/ProductVariant/48422119473374
2026-07-27 19:32:25,AD Hasli Ruby Green Necklace with Balis,Default Title,1216,699.0,Sale,1,14,13,https://www.daivik.in/products/ad-hasli-ruby-green-necklace-with-balis?variant=gid://shopify/ProductVariant/46285166837982
2026-07-27 20:02:42,Simple Anklets Designs in 4 Styles (Price for Each),1,1632,499.0,Sale,1,22,21,https://www.daivik.in/products/simple-anklets-designs-in-4-styles-price-for-each?variant=gid://shopify/ProductVariant/47088044835038
2026-07-27 20:32:22,Brass coin Lakshmi Mattals,Default Title,616,1799.0,Sale,1,55,54,https://www.daivik.in/products/brass-coin-lakshmi-mattals?variant=gid://shopify/ProductVariant/38104682627225
2026-07-27 20:32:22,Temple Lakshmi Bridal Bangles Combo (Price for Both Hands),2.6,1659,5499.0,Sale,1,8,7,https://www.daivik.in/products/temple-lakshmi-bangles?variant=gid://shopify/ProductVariant/47465039855838
2026-07-27 20:32:22,Bridal Antique Pearl and Elephant Bangles Combo (Price for Both Hands),2.6,1697,8499.0,Sale,1,6,5,https://www.daivik.in/products/bridal-antique-pearl-and-elephant-bangles-combo-price-for-both-hands?variant=gid://shopify/ProductVariant/47554818212062
2026-07-27 21:45:33,Invisible Ganesha Chain in Two Colors,Dark Green,672,999.0,Sale,1,12,11,https://www.daivik.in/products/invisible-green-ganesha-chain?variant=gid://shopify/ProductVariant/48447550357726
2026-07-27 22:03:02,Three Line Multi Color Pearl Mala with Earrings,Default Title,837,1099.0,Sale,1,26,25,https://www.daivik.in/products/three-line-multi-color-pearl-mala-with-earrings?variant=gid://shopify/ProductVariant/47002557710558
2026-07-27 22:03:02,Lakshmi Pendant Beads Choker with Earrings,Default Title,571,1299.0,Sale,1,4,3,https://www.daivik.in/products/lakshmi-pendant-beads-choker-with-earrings?variant=gid://shopify/ProductVariant/47950387085534
2026-07-27 23:32:28,Invisible Green Flower Chain With Earrings,Default Title,521,799.0,Sale,1,2,1,https://www.daivik.in/products/invisible-green-flower-chain-with-earrings?variant=gid://shopify/ProductVariant/47522415182046
2026-07-28 00:02:47,Kids / Adult Kemp Jhumkas,Default Title,1777,799.0,Sale,1,21,20,https://www.daivik.in/products/kids-adult-kemp-jhumkas?variant=gid://shopify/ProductVariant/47821038485726
2026-07-28 00:02:47,Elakkathali Ruby Choker with Earrings,Default Title,485,899.0,Sale,1,25,24,https://www.daivik.in/products/elakkathali-ruby-choker-with-earrings?variant=gid://shopify/ProductVariant/48403799408862
2026-07-28 00:32:23,Small Tribal Bali Jhumka,Default Title,3,799.0,Sale,1,11,10,https://www.daivik.in/products/small-tribal-bali-jhumka?variant=gid://shopify/ProductVariant/36547713302681
2026-07-28 01:16:58,Coral AD Green Stone Necklace with Studs,Default Title,1119,1599.0,Sale,1,27,26,https://www.daivik.in/products/coral-ad-green-stone-necklace-with-studs?variant=gid://shopify/ProductVariant/45915404501214
2026-07-28 01:32:28,Pearl Victorian Choker with earrings,Default Title,75,4199.0,Sale,1,46,45,https://www.daivik.in/products/a-75?variant=gid://shopify/ProductVariant/44172631015646
2026-07-28 01:32:28,Ruby Green Kemp Choker with Earrings,Default Title,227,1299.0,Sale,1,53,52,https://www.daivik.in/products/ruby-green-kemp-choker-with-earrings?variant=gid://shopify/ProductVariant/44913188077790
2026-07-28 01:32:28,Kemp Bangle Combo (Price for Both Hands),2.8,1804,2999.0,Sale,1,9,8,https://www.daivik.in/products/b-3?variant=gid://shopify/ProductVariant/47880825536734
2026-07-28 02:32:14,Pearl Flower Necklace with Earrings,Default Title,1300,1799.0,Sale,1,20,19,https://www.daivik.in/products/pearl-flower-necklace-with-earrings?variant=gid://shopify/ProductVariant/47082091905246
2026-07-28 02:32:14,Manga Pure kemp Bangles,2.6,1861,1799.0,Sale,1,27,26,https://www.daivik.in/products/manga-pure-kemp-bangles?variant=gid://shopify/ProductVariant/48086454468830
2026-07-28 02:32:14,Handmade Lotus Flower U Pin,5,3539,799.0,Sale,1,12,11,https://www.daivik.in/products/handmade-lotus-flower-u-pin?variant=gid://shopify/ProductVariant/48294879297758
2026-07-28 02:32:14,Elakkathali Ruby Choker with Earrings,Default Title,485,899.0,Sale,1,24,23,https://www.daivik.in/products/elakkathali-ruby-choker-with-earrings?variant=gid://shopify/ProductVariant/48403799408862
2026-07-28 02:47:09,Moissanite Mesh Bracelet in 3 Colors (Price for each),Green,1770,999.0,Sale,1,15,14,https://www.daivik.in/products/moissanite-mesh-bracelet-in-3-colors-price-for-each?variant=gid://shopify/ProductVariant/47793500094686
2026-07-28 03:02:40,Antique Gold Lakshmi Necklace with earrings,Default Title,53,2399.0,Sale,1,22,21,https://www.daivik.in/products/a-211?variant=gid://shopify/ProductVariant/43129743048926
2026-07-28 03:17:13,Multi-Color AD Pattern Necklace with Earrings,Default Title,812,1899.0,Sale,1,15,14,https://www.daivik.in/products/multi-color-ad-pattern-necklace-with-earrings?variant=gid://shopify/ProductVariant/46211734667486
2026-07-28 03:17:13,Premium AD Choker/Necklace with Balis in Two Colors (Price for Each),Green,682,2799.0,Sale,1,50,49,https://www.daivik.in/products/premium-ad-choker-necklace-with-balis-in-two-colors-price-for-each?variant=gid://shopify/ProductVariant/46855378960606
2026-07-28 03:17:13,Jathi Malli Pink Shade Flower Reusable Gajra,8 Inches String - Half Moolam,3501,1299.0,Sale,1,16,15,https://www.daivik.in/products/jathi-malli-pink-shade-flower-reusable-gajra-16-inches?variant=gid://shopify/ProductVariant/47542602006750
2026-07-28 03:17:13,Lakshmi Pendant Beads Choker with Earrings,Default Title,571,1299.0,Sale,1,3,2,https://www.daivik.in/products/lakshmi-pendant-beads-choker-with-earrings?variant=gid://shopify/ProductVariant/47950387085534
2026-07-28 03:17:13,Elakkathali Ruby Choker with Earrings,Default Title,485,899.0,Sale,1,23,22,https://www.daivik.in/products/elakkathali-ruby-choker-with-earrings?variant=gid://shopify/ProductVariant/48403799408862
2026-07-28 03:32:20,Traditional Teeka in 2 variants,2,756,699.0,Sale,1,15,14,https://www.daivik.in/products/traditional-teeka-in-2-variants-1?variant=gid://shopify/ProductVariant/40399475310745
2026-07-28 03:32:20,"Simple , Evergreen , Bridal Anklets ( Price for Each pair )",2,1604,1999.0,Sale,1,22,21,https://www.daivik.in/products/a-35?variant=gid://shopify/ProductVariant/46669963952350
2026-07-28 03:32:20,AD Earcuff in 4 Colors (Price for Each),Yellow,1927,1099.0,Sale,1,38,37,https://www.daivik.in/products/ad-earcuff-in-4-colors-price-for-each?variant=gid://shopify/ProductVariant/48434488639710
2026-07-28 04:02:29,Simple Kemp Pearl Side Chain / Mattal in 4 Colors (Price for a Pair),Ruby Green,1588,999.0,Sale,1,37,36,https://www.daivik.in/products/simple-ad-pearl-side-chain-in-4-colors-price-for-a-pair?variant=gid://shopify/ProductVariant/46584049762526
2026-07-28 04:02:29,Invisible AD Leaf Necklace with Earrings in two Colors (Price for Each),White,982,699.0,Sale,1,32,31,https://www.daivik.in/products/invisible-ad-leaf-necklace-with-earrings-in-two-colors-price-for-each?variant=gid://shopify/ProductVariant/46601934078174
2026-07-28 04:17:19,Premium Lakshmi AD Green Beads Long Haram,Default Title,1231,5999.0,Sale,1,15,14,https://www.daivik.in/products/premium-lakshmi-ad-green-beads-long-haram?variant=gid://shopify/ProductVariant/46321065165022
2026-07-28 04:17:19,Peacock Lakshmi Green Beads Long Haram with Jhumkas,Default Title,1237,5499.0,Restock,1,0,1,https://www.daivik.in/products/peacock-lakshmi-green-beads-long-haram-with-jhumkas-1?variant=gid://shopify/ProductVariant/46424009212126
2026-07-28 04:32:20,Manasilaayo Manju Warrier Inspired Hasli Necklace set,Purple,1170,1499.0,Sale,1,14,13,https://www.daivik.in/products/manasilaayo-manju-warrier-inspired-hasli-necklace-set?variant=gid://shopify/ProductVariant/46929456464094
2026-07-28 04:32:20,Kids Antique Jhumkas,Default Title,1644,599.0,Sale,1,3,2,https://www.daivik.in/products/antique-kids-jhumkas?variant=gid://shopify/ProductVariant/47392254066910
2026-07-28 04:47:10,Elephant Leaf Short Haram with Earrings,Default Title,891,1899.0,Sale,1,15,14,https://www.daivik.in/products/elephant-leaf-short-haram-with-earrings?variant=gid://shopify/ProductVariant/41272155963545
2026-07-28 04:47:10,Classic AD Droplet Jhumkas,Default Title,1933,699.0,Sale,1,35,34,https://www.daivik.in/products/classic-ad-droplet-jhumkas?variant=gid://shopify/ProductVariant/48465634394334
2026-07-28 05:02:42,Ruby Green Kemp Choker with Earrings,Default Title,227,1299.0,Sale,1,52,51,https://www.daivik.in/products/ruby-green-kemp-choker-with-earrings?variant=gid://shopify/ProductVariant/44913188077790
2026-07-28 05:02:42,Simple Nose Pin/Nath,Default Title,1818,299.0,Sale,1,14,13,https://www.daivik.in/products/simple-nose-pin-nath?variant=gid://shopify/ProductVariant/47916122767582
2026-07-28 05:17:14,Heritage Watch Bracelet,Default Title,4029,1699.0,Sale,1,49,48,https://www.daivik.in/products/heritage-watch-bracelet-8?variant=gid://shopify/ProductVariant/48128940736734
2026-07-28 05:17:14,Heritage Beads Watch Bracelet,Default Title,4034,1499.0,Sale,1,46,45,https://www.daivik.in/products/heritage-beads-watch-bracelet?variant=gid://shopify/ProductVariant/48266754457822
2026-07-28 05:17:14,Elakkathali Ruby Choker with Earrings,Default Title,485,899.0,Sale,2,22,20,https://www.daivik.in/products/elakkathali-ruby-choker-with-earrings?variant=gid://shopify/ProductVariant/48403799408862
2026-07-28 05:32:27,Simple Leaf Ad Bangles,2.4,216,1099.0,Sale,2,50,48,https://www.daivik.in/products/simple-leaf-ad-bangles?variant=gid://shopify/ProductVariant/42576966058206
2026-07-28 05:32:27,Simple lotus kemp anklets,Default Title,622,899.0,Sale,1,5,4,https://www.daivik.in/products/a-120?variant=gid://shopify/ProductVariant/44243143786718
2026-07-28 05:32:27,Manga Pure kemp Bangles,2.4,1861,1799.0,Sale,1,9,8,https://www.daivik.in/products/manga-pure-kemp-bangles?variant=gid://shopify/ProductVariant/48086454436062
2026-07-28 05:32:27,AD Earcuff in 4 Colors (Price for Each),White,1927,1099.0,Sale,1,38,37,https://www.daivik.in/products/ad-earcuff-in-4-colors-price-for-each?variant=gid://shopify/ProductVariant/48434488705246
2026-07-28 05:47:16,Heritage Watch Bracelet,Default Title,4029,1699.0,Sale,1,48,47,https://www.daivik.in/products/heritage-watch-bracelet-8?variant=gid://shopify/ProductVariant/48128940736734
2026-07-28 05:47:16,Invisible Ganesha Chain in Two Colors,Dark Green,672,999.0,Sale,1,11,10,https://www.daivik.in/products/invisible-green-ganesha-chain?variant=gid://shopify/ProductVariant/48447550357726
2026-07-28 05:47:16,Elakkathali Ruby Choker with Earrings,Default Title,485,899.0,Sale,1,20,19,https://www.daivik.in/products/elakkathali-ruby-choker-with-earrings?variant=gid://shopify/ProductVariant/48403799408862
2026-07-28 06:02:41,AD Regular wear Floral Bangles,2.6,384,999.0,Sale,1,14,13,https://www.daivik.in/products/ad-regular-wear-floral-bangles?variant=gid://shopify/ProductVariant/44051453411550
2026-07-28 06:02:41,Kids / Adult Kemp Jhumkas,Default Title,1777,799.0,Sale,1,20,19,https://www.daivik.in/products/kids-adult-kemp-jhumkas?variant=gid://shopify/ProductVariant/47821038485726
2026-07-28 06:02:41,Kids / Adult Antique Jhumkas,Default Title,1870,699.0,Sale,1,21,20,https://www.daivik.in/products/kids-adult-antique-jhumkas?variant=gid://shopify/ProductVariant/48129394671838
2026-07-28 06:02:41,Invisible Ganesha Chain in Two Colors,Dark Green,672,999.0,Sale,1,10,9,https://www.daivik.in/products/invisible-green-ganesha-chain?variant=gid://shopify/ProductVariant/48447550357726
2026-07-28 06:17:09,Diamond Look Alike Hasli Necklace with Earrings,Default Title,1388,1399.0,Sale,1,26,25,https://www.daivik.in/products/a-31?variant=gid://shopify/ProductVariant/48267346772190
2026-07-28 06:17:09,Elakkathali Ruby Choker with Earrings,Default Title,485,899.0,Sale,1,19,18,https://www.daivik.in/products/elakkathali-ruby-choker-with-earrings?variant=gid://shopify/ProductVariant/48403799408862
2026-07-28 06:32:24,Parrot Pure Kemp Jadau Bugadi (Price for Each Pair),Ruby Green,1599,1199.0,Sale,1,39,38,https://www.daivik.in/products/parrot-pure-kemp-jadau-bugadi?variant=gid://shopify/ProductVariant/46641582538974
2026-07-28 06:32:24,Kemp Jadau Bugadi,Default Title,1601,799.0,Sale,1,23,22,https://www.daivik.in/products/kemp-jadau-bugadi?variant=gid://shopify/ProductVariant/46641514021086
2026-07-28 06:32:24,Elakkathali Ruby Choker with Earrings,Default Title,485,899.0,Sale,1,18,17,https://www.daivik.in/products/elakkathali-ruby-choker-with-earrings?variant=gid://shopify/ProductVariant/48403799408862
2026-07-28 06:47:06,Kemp studs with pearl detailing,Default Title,251,699.0,Sale,1,2,1,https://www.daivik.in/products/kemp-studs-with-pearl-detailing?variant=gid://shopify/ProductVariant/44284805513438
2026-07-28 06:47:06,Simple Ruby Green Necklace with Earrings,Default Title,1138,799.0,Sale,1,4,3,https://www.daivik.in/products/simple-ruby-green-necklace-with-earrings?variant=gid://shopify/ProductVariant/45993508208862
2026-07-28 06:47:06,Peacock White Pearl Jhumkas,Default Title,1525,1299.0,Sale,1,31,30,https://www.daivik.in/products/peacock-white-pearl-jhumkas?variant=gid://shopify/ProductVariant/46171746336990
2026-07-28 06:47:06,Invisible Ganesha Chain in Two Colors,Dark Green,672,999.0,Sale,1,9,8,https://www.daivik.in/products/invisible-green-ganesha-chain?variant=gid://shopify/ProductVariant/48447550357726
2026-07-28 06:47:06,Elakkathali Ruby Choker with Earrings,Default Title,485,899.0,Sale,1,17,16,https://www.daivik.in/products/elakkathali-ruby-choker-with-earrings?variant=gid://shopify/ProductVariant/48403799408862
2026-07-28 07:17:08,Lotus kemp rice pearl Necklace with Earrings,Ruby,121,599.0,Sale,1,50,49,https://www.daivik.in/products/lotus-kemp-rice-pearl-necklace-with-earrings?variant=gid://shopify/ProductVariant/45036923486430
2026-07-28 07:17:08,Antique Lakshmi Green Beads Jhumkas,Default Title,1662,3199.0,Sale,1,15,14,https://www.daivik.in/products/antique-lakshmi-green-beads-jhumkas?variant=gid://shopify/ProductVariant/47469682884830
2026-07-28 08:02:34,Small AD Floral Jhumkas,Default Title,435,899.0,Sale,1,40,39,https://www.daivik.in/products/small-ad-floral-jhumkas?variant=gid://shopify/ProductVariant/42603310121182
2026-07-28 08:02:34,Lotus kemp rice pearl Necklace with Earrings,Ruby,121,599.0,Sale,1,49,48,https://www.daivik.in/products/lotus-kemp-rice-pearl-necklace-with-earrings?variant=gid://shopify/ProductVariant/45036923486430
2026-07-28 08:02:34,Invisible Ganesha Chain in Two Colors,Baby Pink,672,999.0,Sale,1,10,9,https://www.daivik.in/products/invisible-green-ganesha-chain?variant=gid://shopify/ProductVariant/48447550390494
2026-07-28 08:17:14,Guttapusalu Long and Short Combo,Default Title,293,4999.0,Sale,1,3,2,https://www.daivik.in/products/guttapusalu-long-and-short-combo?variant=gid://shopify/ProductVariant/34664267481241
2026-07-28 08:17:14,Multicolour Kundan Layered Haram with earrings,Default Title,374,1999.0,Sale,1,30,29,https://www.daivik.in/products/multicolour-kundan-layered-haram-with-earrings?variant=gid://shopify/ProductVariant/44181787771102
2026-07-28 08:17:14,Lakshmi AD RubyGreen Bangles,2.6,542,1099.0,Sale,1,19,18,https://www.daivik.in/products/lakshmi-ad-rubygreen-bangles?variant=gid://shopify/ProductVariant/45058364473566
2026-07-28 08:17:14,Lakshmi Ruby Green bangles (Set of 4),2.6,908,1299.0,Sale,1,14,13,https://www.daivik.in/products/lakshmi-rubygreen-bangles-set-of-4?variant=gid://shopify/ProductVariant/45355639931102
2026-07-28 08:17:14,Affordable Meenakari Lotus Lakshmi Long Chain with Earrings,Default Title,1364,799.0,Sale,1,18,17,https://www.daivik.in/products/affordable-meenakari-lotus-lakshmi-long-chain-with-earrings?variant=gid://shopify/ProductVariant/47961521848542
2026-07-28 08:17:14,Affordable Meenakari Temple Lotus Lakshmi Long Beaded Chain with Earrings,Default Title,1366,799.0,Sale,1,18,17,https://www.daivik.in/products/affordable-meenakari-temple-lotus-lakshmi-long-beaded-chain-with-earrings?variant=gid://shopify/ProductVariant/47961525682398
2026-07-28 08:32:29,Rice Pearl Guttapusalu Necklace with Earrings,Default Title,828,999.0,Sale,1,12,11,https://www.daivik.in/products/rice-pearl-guttapusalu-necklace-with-earrings?variant=gid://shopify/ProductVariant/44857554567390
2026-07-28 08:32:29,Hasli Choker with Jhumkas,Ruby Green,510,1199.0,Sale,1,4,3,https://www.daivik.in/products/untitled-may26_18-32?variant=gid://shopify/ProductVariant/45429015445726
2026-07-28 08:32:29,Elakkathali Ruby Choker with Earrings,Default Title,485,899.0,Sale,1,16,15,https://www.daivik.in/products/elakkathali-ruby-choker-with-earrings?variant=gid://shopify/ProductVariant/48403799408862
2026-07-28 08:47:07,Simple Mangalsutra With stones,Default Title,670,1099.0,Sale,1,41,40,https://www.daivik.in/products/1-4?variant=gid://shopify/ProductVariant/42679325982942
2026-07-28 08:47:07,Matte Finish Lakshmi long haram with studs,Default Title,336,1499.0,Sale,1,16,15,https://www.daivik.in/products/matte-finish-lakshmi-long-haram-with-studs?variant=gid://shopify/ProductVariant/44652019024094
2026-07-28 08:47:07,AD Doublet stone Designer Earrings,White,102,999.0,Sale,1,24,23,https://www.daivik.in/products/ad-doublet-stone-designer-earrings?variant=gid://shopify/ProductVariant/45291773722846
2026-07-28 09:02:43,Victorian Green Bangle Combo (Price for Both Hands),2.4,1931,3299.0,Sale,1,2,1,https://www.daivik.in/products/victorian-green-bangle-combo?variant=gid://shopify/ProductVariant/48453374345438
2026-07-28 09:32:24,Lakshmi Ruby Green bangles (Set of 4),2.6,908,1299.0,Sale,1,13,12,https://www.daivik.in/products/lakshmi-rubygreen-bangles-set-of-4?variant=gid://shopify/ProductVariant/45355639931102
2026-07-28 09:32:24,"Bridal Lakshmi Combo (Available in Short, Long, HipBelt and Combo)",Short Necklace,1334,6499.0,Sale,1,3,2,https://www.daivik.in/products/bridal-lakshmi-combo-available-in-short-long-hipbelt-and-combo?variant=gid://shopify/ProductVariant/47665374658782
2026-07-28 10:02:42,Lakshmi Coin Ruby Necklac,Default Title,1251,999.0,Sale,1,49,48,https://www.daivik.in/products/lakshmi-coin-ruby-necklace?variant=gid://shopify/ProductVariant/46618661748958
2026-07-28 10:02:42,Simple Flower Pearl Anklets,Default Title,1694,999.0,Sale,1,19,18,https://www.daivik.in/products/simple-flower-pearl-anklets?variant=gid://shopify/ProductVariant/47541970927838
2026-07-28 10:32:24,AD Designer Openable Kada,Default Title,1700,499.0,Sale,1,50,49,https://www.daivik.in/products/ad-designer-openable-kada?variant=gid://shopify/ProductVariant/47564482576606
2026-07-28 10:32:24,Classic AD Droplet Jhumkas,Default Title,1933,699.0,Sale,1,34,33,https://www.daivik.in/products/classic-ad-droplet-jhumkas?variant=gid://shopify/ProductVariant/48465634394334
2026-07-28 10:47:02,Jathi Malli Pink Shade Flower Reusable Gajra,8 Inches String - Half Moolam,3501,1299.0,Sale,1,15,14,https://www.daivik.in/products/jathi-malli-pink-shade-flower-reusable-gajra-16-inches?variant=gid://shopify/ProductVariant/47542602006750
2026-07-28 10:47:02,AD Mesh Necklace with Studs in 5 Colours ( Price for Each ),White,1335,649.0,Sale,1,24,23,https://www.daivik.in/products/ad-mesh-necklace-with-studs-in-5-colours-price-for-each?variant=gid://shopify/ProductVariant/47669942157534
2026-07-28 10:47:02,Openable Peacock Kada with Interchangeable Colour Bangles (10 Shades),2.8,1924,2299.0,Sale,1,3,2,https://www.daivik.in/products/10-in-1-changeable-bangles?variant=gid://shopify/ProductVariant/48422119538910
2026-07-28 11:02:44,Diamond Look alike Floral Necklace with Earrings,Default Title,1293,599.0,Restock,20,0,20,https://www.daivik.in/products/diamond-look-alike-floral-necklace-with-earrings?variant=gid://shopify/ProductVariant/47058250170590
2026-07-28 11:02:44,AD Bangles Combo (Price for Both Hands),2.4,1812,4499.0,Sold Out,4,4,0,https://www.daivik.in/products/b-4?variant=gid://shopify/ProductVariant/47908585963742
2026-07-28 11:17:09,Lotus kemp rice pearl Necklace with Earrings,Ruby,121,599.0,Sale,1,48,47,https://www.daivik.in/products/lotus-kemp-rice-pearl-necklace-with-earrings?variant=gid://shopify/ProductVariant/45036923486430
2026-07-28 11:17:09,Antique Pearl Jhumkas,Default Title,1568,1299.0,Sale,1,48,47,https://www.daivik.in/products/antique-pearl-jhumkas?variant=gid://shopify/ProductVariant/46331546632414
2026-07-28 11:17:09,Lotus kemp Jadau Bugadi in 3 Colors (Price for Each Pair)),2,1596,1299.0,Sale,1,15,14,https://www.daivik.in/products/lotus-kemp-jadau-bugadi?variant=gid://shopify/ProductVariant/46641574969566
2026-07-28 11:17:09,Kids / Adult Kemp Jhumkas,Default Title,1777,799.0,Sale,1,19,18,https://www.daivik.in/products/kids-adult-kemp-jhumkas?variant=gid://shopify/ProductVariant/47821038485726
2026-07-28 11:32:33,Uncut Kemp Vintage Necklace With Earrings,Default Title,400,1749.0,Sale,1,49,48,https://www.daivik.in/products/pure-uncut-kemp-vintage-necklace-with-earrings?variant=gid://shopify/ProductVariant/44178228478174
2026-07-28 11:32:33,Simple Ruby Green Flower Anklet,Default Title,1504,599.0,Sale,1,22,21,https://www.daivik.in/products/simple-ruby-green-flower-anklet?variant=gid://shopify/ProductVariant/45977990037726
2026-07-28 11:32:33,Simple Ruby Green Anklets,Default Title,1526,699.0,Sale,2,10,8,https://www.daivik.in/products/simple-ruby-green-anklets?variant=gid://shopify/ProductVariant/46188367904990
2026-07-28 11:32:33,Two Line Pearl Choker with Earrings in 3 Colors (Price for Each),Dark Green,523,799.0,Sale,1,6,5,https://www.daivik.in/products/two-like-pearl-choker-with-earrings?variant=gid://shopify/ProductVariant/46323231785182
2026-07-28 11:32:33,Invisible Flower Chain with Earrings,Default Title,871,799.0,Sale,1,26,25,https://www.daivik.in/products/invisible-flower-chain-with-earrings?variant=gid://shopify/ProductVariant/47043956310238
2026-07-28 11:32:33,Kids Flower Jhumkas,Default Title,1731,699.0,Sale,1,17,16,https://www.daivik.in/products/kids-flower-jhumkas?variant=gid://shopify/ProductVariant/47673188483294
2026-07-28 11:32:33,Jathi Malli Pink Shade Flower Reusable Gajra - 5 Inch,Default Title,3520,799.0,Restock,56,0,56,https://www.daivik.in/products/jathi-malli-pink-shade-flower-reusable-gajra-4-inch?variant=gid://shopify/ProductVariant/47787812552926
2026-07-28 11:32:33,Elegant Bloomed Jasmine Flower Artificial Gajra - 5 Inch,Default Title,3522,799.0,Restock,56,0,56,https://www.daivik.in/products/elegant-bloomed-jasmine-flower-artificial-gajra-4-inch?variant=gid://shopify/ProductVariant/47787814158558
2026-07-28 11:32:33,Kids / Adult Kemp Jhumkas,Default Title,1777,799.0,Sale,2,18,16,https://www.daivik.in/products/kids-adult-kemp-jhumkas?variant=gid://shopify/ProductVariant/47821038485726
2026-07-28 11:32:33,Kundan Lotus Coin / Kasumalai Handmade Hair Pin,Default Title,3540,149.0,Restock,56,0,56,https://www.daivik.in/products/kundan-lotus-coin-kasumalai-handmade-hair-pin?variant=gid://shopify/ProductVariant/48279058645214
2026-07-28 11:32:33,Elakkathali Ruby Choker with Earrings,Default Title,485,899.0,Sale,1,15,14,https://www.daivik.in/products/elakkathali-ruby-choker-with-earrings?variant=gid://shopify/ProductVariant/48403799408862
2026-07-28 11:47:16,Traditional Peacock Antique Jhumkas,Default Title,1935,1999.0,New Arrival,20,0,20,https://www.daivik.in/products/traditional-peacock-antique-jhumkas?variant=gid://shopify/ProductVariant/48509978149086
2026-07-28 13:17:26,AD peacock jhumkas,Default Title,604,1399.0,Sale,1,53,52,https://www.daivik.in/products/ad-peacock-jhumkas-1?variant=gid://shopify/ProductVariant/38058936402073
2026-07-28 13:17:26,AD changeable studs,Default Title,106,799.0,Sale,1,28,27,https://www.daivik.in/products/ad-changeable-studs?variant=gid://shopify/ProductVariant/44192837632222
2026-07-28 13:17:26,AD changeable Necklace with changeable studs,Default Title,333,1799.0,Sale,1,13,12,https://www.daivik.in/products/a-110?variant=gid://shopify/ProductVariant/44233357983966
2026-07-28 13:17:26,Peacock Ruby Earcuff Jhumkas,Default Title,1771,1199.0,Sale,1,31,30,https://www.daivik.in/products/peacock-ruby-earcuff?variant=gid://shopify/ProductVariant/47794755829982
2026-07-28 13:17:26,Kids / Adult Kemp Jhumkas,Default Title,1777,799.0,Sale,1,16,15,https://www.daivik.in/products/kids-adult-kemp-jhumkas?variant=gid://shopify/ProductVariant/47821038485726
2026-07-28 13:17:26,AD Earcuff in 4 Colors (Price for Each),Purple,1927,1099.0,Sale,1,35,34,https://www.daivik.in/products/ad-earcuff-in-4-colors-price-for-each?variant=gid://shopify/ProductVariant/48434488672478
2026-07-28 13:32:29,Gold Finish AD Moap Chain (26 Inches),Default Title,1285,1599.0,Sale,1,15,14,https://www.daivik.in/products/gold-finish-ad-moap-chain-26-inches?variant=gid://shopify/ProductVariant/47034436813022
2026-07-28 13:32:29,Lakshmi Coin Chain,Default Title,1286,599.0,Sale,1,53,52,https://www.daivik.in/products/lakshmi-coin-chain?variant=gid://shopify/ProductVariant/47042689433822
2026-07-28 13:47:18,AD Hasli Ruby Green Necklace with Balis,Default Title,1216,699.0,Sale,1,13,12,https://www.daivik.in/products/ad-hasli-ruby-green-necklace-with-balis?variant=gid://shopify/ProductVariant/46285166837982
2026-07-28 14:02:39,Set of 6 Kemp AD bangles,2.6,988,1699.0,Sale,1,22,21,https://www.daivik.in/products/set-of-6-kemp-ad-bangles?variant=gid://shopify/ProductVariant/42314254418142
2026-07-28 14:02:39,Elakkathali Ruby Choker with Earrings,Default Title,485,899.0,Sale,1,14,13,https://www.daivik.in/products/elakkathali-ruby-choker-with-earrings?variant=gid://shopify/ProductVariant/48403799408862
2026-07-28 14:17:13,Ad Bridal Anklets,Default Title,759,2799.0,Sale,1,37,36,https://www.daivik.in/products/ad-bridal-anklets?variant=gid://shopify/ProductVariant/40425545859225
2026-07-28 14:17:13,Simple Copper Pearl Necklace with Earrings,Default Title,855,999.0,Sale,1,50,49,https://www.daivik.in/products/simple-copper-pearl-necklace-with-earrings?variant=gid://shopify/ProductVariant/45158978093278
2026-07-28 14:17:13,Victorian Pendant Mesh Choker with Earrings,Green,1149,1999.0,Sale,1,5,4,https://www.daivik.in/products/victorian-pendant-mesh-choker-with-earrings?variant=gid://shopify/ProductVariant/46036901101790
2026-07-28 14:17:13,Nayanthara Mam Inspired Kemp Bridal Combo,Default Title,1294,22999.0,Sale,1,4,3,https://www.daivik.in/products/nayanthara-mam-inspired-bridal-combo?variant=gid://shopify/ProductVariant/47030380167390
2026-07-28 14:17:13,Antique Bridal Jhumkas with Three Line Mattals,Default Title,1641,3499.0,Sale,1,4,3,https://www.daivik.in/products/antique-bridal-jhumkas-with-three-line-mattals?variant=gid://shopify/ProductVariant/47259631878366
2026-07-28 14:17:13,Peacock Saree Pin,Default Title,1780,399.0,Sale,1,26,25,https://www.daivik.in/products/peacock-saree-pin?variant=gid://shopify/ProductVariant/47821117423838
2026-07-28 14:17:13,Laksmi Lotus Saree Pin,Default Title,1781,599.0,Sale,1,39,38,https://www.daivik.in/products/laksmi-lotus-saree-pin?variant=gid://shopify/ProductVariant/47821117915358
2026-07-28 14:17:13,Peacock Ruby Green Saree Pin,Default Title,1805,399.0,Sale,1,4,3,https://www.daivik.in/products/peacock-ruby-green-saree-pin?variant=gid://shopify/ProductVariant/47885508935902
2026-07-28 14:17:13,Kemp Pearl Saree Pin,Default Title,1865,799.0,Sale,1,42,41,https://www.daivik.in/products/kemp-pearl-saree-pin?variant=gid://shopify/ProductVariant/48079458468062
2026-07-28 14:17:13,Floral Simple Invisible chain,Default Title,207,499.0,Sale,1,21,20,https://www.daivik.in/products/floral-simple-invisible-chain?variant=gid://shopify/ProductVariant/48335603433694
2026-07-28 14:17:13,AD Earcuff in 4 Colors (Price for Each),White,1927,1099.0,Sale,1,37,36,https://www.daivik.in/products/ad-earcuff-in-4-colors-price-for-each?variant=gid://shopify/ProductVariant/48434488705246
2026-07-28 14:17:13,Kemp Ruby Green Saree Pin,Default Title,1806,399.0,Sold Out,1,1,0,https://www.daivik.in/products/kemp-ruby-green-saree-pin-1?variant=gid://shopify/ProductVariant/47885515292894
2026-07-28 14:32:29,AD Bangles Combo (Price for Both Hands),2.6,1733,1399.0,Sale,1,33,32,https://www.daivik.in/products/ad-bangles-combo-price-for-both-hands?variant=gid://shopify/ProductVariant/47675040596190
2026-07-28 14:32:29,Traditional Peacock Antique Jhumkas,Default Title,1935,1999.0,Sale,1,20,19,https://www.daivik.in/products/traditional-peacock-antique-jhumkas?variant=gid://shopify/ProductVariant/48509978149086
2026-07-28 14:32:29,Peacock Lakshmi Green Beads Long Haram with Jhumkas,Default Title,1237,5499.0,Sold Out,1,1,0,https://www.daivik.in/products/peacock-lakshmi-green-beads-long-haram-with-jhumkas-1?variant=gid://shopify/ProductVariant/46424009212126
2026-07-28 14:47:13,AD RubyGreen Jhumkas with attached Mattals,Default Title,920,999.0,Sale,1,26,25,https://www.daivik.in/products/ad-rubygreen-jhumkas-with-attached-mattel-s?variant=gid://shopify/ProductVariant/45363709771998
2026-07-28 14:47:13,Butterfly Pearl Anklets in Two Colors (Price for a Pair),Ruby Green,1684,799.0,Sale,1,32,31,https://www.daivik.in/products/butterfly-pearl-anklets-in-two-colors-price-for-a-pair?variant=gid://shopify/ProductVariant/47522867249374
2026-07-28 15:02:41,Regular Use Kemp Stone Bangles,2.8,262,899.0,Sale,1,18,17,https://www.daivik.in/products/regular-use-kemp-stone-bangles?variant=gid://shopify/ProductVariant/34489888702617
2026-07-28 15:02:41,Lakshmi Nagasi teeka,Default Title,551,1099.0,Sale,1,18,17,https://www.daivik.in/products/lakshmi-nagasi-teeka?variant=gid://shopify/ProductVariant/37826167636121
2026-07-28 15:02:41,Mini version of the Big size jhumkas,Default Title,838,999.0,Sale,1,56,55,https://www.daivik.in/products/mini-version-of-the-big-size-jhumkas?variant=gid://shopify/ProductVariant/44757040464094
2026-07-28 15:17:26,White stone bangles (4 bangles),2.8,951,999.0,Sale,1,9,8,https://www.daivik.in/products/white-stone-bangles-4-bangles?variant=gid://shopify/ProductVariant/42060609192158
2026-07-28 15:17:26,Kemp Brass floral Hipbelt,Default Title,240,4499.0,Sale,1,6,5,https://www.daivik.in/products/g?variant=gid://shopify/ProductVariant/42894130774238
2026-07-28 15:17:26,AD Hasli Ruby Green Necklace with Balis,Default Title,1216,699.0,Sale,1,12,11,https://www.daivik.in/products/ad-hasli-ruby-green-necklace-with-balis?variant=gid://shopify/ProductVariant/46285166837982
2026-07-28 15:17:26,Simple Kemp Pearl Side Chain / Mattal in 4 Colors (Price for a Pair),Ruby Green,1588,999.0,Sale,1,36,35,https://www.daivik.in/products/simple-ad-pearl-side-chain-in-4-colors-price-for-a-pair?variant=gid://shopify/ProductVariant/46584049762526
2026-07-28 15:17:26,GJ Polish Designer Bracelets in 4 Styles (Price for Each),2,1640,1299.0,Sale,1,3,2,https://www.daivik.in/products/gj-polish-designer-bracelets-in-4-styles-price-for-each?variant=gid://shopify/ProductVariant/47250092556510
2026-07-28 15:17:26,Diwali Sale Necklace D25003,Green,D25003,499.0,Sale,1,10,9,https://www.daivik.in/products/diwali-sale-necklace-d250-2?variant=gid://shopify/ProductVariant/47543948017886
2026-07-28 15:17:26,Diamond Look Alike Hasli Necklace with Earrings,Default Title,1388,1399.0,Sale,1,25,24,https://www.daivik.in/products/a-31?variant=gid://shopify/ProductVariant/48267346772190
2026-07-28 15:17:26,Antique Lakshmi Jada Billa (Price for 1 pc),Default Title,1918,499.0,Sale,1,19,18,https://www.daivik.in/products/antique-lakshmi-jada-billa-price-for-1-pc?variant=gid://shopify/ProductVariant/48378829111518
2026-07-28 15:32:39,Kids / Adult Kemp Jhumkas,Default Title,1777,799.0,Sale,1,15,14,https://www.daivik.in/products/kids-adult-kemp-jhumkas?variant=gid://shopify/ProductVariant/47821038485726
2026-07-28 15:32:39,Kemp Bangle Combo (Price for Both Hands),2.6,1804,2999.0,Sale,1,3,2,https://www.daivik.in/products/b-3?variant=gid://shopify/ProductVariant/47880825503966
2026-07-28 15:47:21,Antique White Pearl Kada,2.4,1696,3499.0,Sale,1,18,17,https://www.daivik.in/products/antique-white-pearl-kada?variant=gid://shopify/ProductVariant/47549254467806
2026-07-28 15:47:21,Kemp Lakshmi Saree Pin,Default Title,1862,499.0,Sale,2,43,41,https://www.daivik.in/products/kemp-lakshmi-saree-pin?variant=gid://shopify/ProductVariant/48079469314270
2026-07-28 15:47:21,Elakkathali Coin Ruby Green Choker with Earrings,Default Title,602,899.0,Sale,1,35,34,https://www.daivik.in/products/elakkathali-coin-ruby-green-choker-with-earrings?variant=gid://shopify/ProductVariant/48437245870302
2026-07-28 15:56:27,Regular Use Stone Set Of Four Bangles,2.8,199,1499.0,Sale,1,2,1,https://www.daivik.in/products/199?variant=gid://shopify/ProductVariant/34430554538137
2026-07-28 15:56:27,Elephant Multilayer Pearl Hanging Jhumkas in two Colors (Price for Each),White,1555,2299.0,Sale,1,7,6,https://www.daivik.in/products/elephant-multilayer-pearl-hanging-jhumkas?variant=gid://shopify/ProductVariant/46726586302686
2026-07-28 15:56:27,Invisible Flower Chain with Earrings in Two Variants (Price for Each),Purple,309,799.0,Sale,1,48,47,https://www.daivik.in/products/invisible-flower-chain-with-earrings-in-two-vaiants-price-for-each?variant=gid://shopify/ProductVariant/46622024335582
2026-07-28 15:56:27,Black Thread Rice Pearl Guttapusalu Necklace with Earrings,Default Title,726,2299.0,Sale,1,14,13,https://www.daivik.in/products/black?variant=gid://shopify/ProductVariant/46636597051614
2026-07-28 15:56:27,Antique kids Jhumkas,Default Title,1683,799.0,Sale,1,12,11,https://www.daivik.in/products/antique-kids-jhumkas-1?variant=gid://shopify/ProductVariant/47521442529502
2026-07-28 16:02:33,Elegant Jasmine/Mullai Flower Artificial Gajra,8 Inches String - Half Moolam,3507,1299.0,Sale,1,19,18,https://www.daivik.in/products/elegant-jasmine-mullai-flower-artificial-gajra-16-inches?variant=gid://shopify/ProductVariant/47542601515230
2026-07-28 16:17:16,Lakshmi Cluster Golden Pearl Necklace with Jhumkas,Default Title,807,3399.0,Sale,1,8,7,https://www.daivik.in/products/lakshmi-cluster-golden-pearl-necklace-with-jhumkas?variant=gid://shopify/ProductVariant/48320060719326
2026-07-28 16:32:53,Traditional Teeka in 2 variants,1,756,799.0,Sale,1,14,13,https://www.daivik.in/products/traditional-teeka-in-2-variants-1?variant=gid://shopify/ProductVariant/40399475277977
2026-07-28 16:32:53,AD Kemp Studs,Default Title,866,699.0,Sale,1,27,26,https://www.daivik.in/products/ad-kemp-studs?variant=gid://shopify/ProductVariant/41139977191577
2026-07-28 16:32:53,AD Peacock Kemp Studs,Default Title,1572,799.0,Sale,1,27,26,https://www.daivik.in/products/ad-peacock-kemp-studs?variant=gid://shopify/ProductVariant/46354286018782
2026-07-28 16:32:53,Simple Hipchains in 4 Style (Price for Each),1,1606,1499.0,Sale,1,7,6,https://www.daivik.in/products/u-1?variant=gid://shopify/ProductVariant/46686857953502
2026-07-28 16:32:53,AD Lakshmi Necklace with Earrings,Default Title,118,2199.0,Sold Out,1,1,0,https://www.daivik.in/products/1-1?variant=gid://shopify/ProductVariant/42679268770014
2026-07-28 16:47:08,Reversible Ruby and Green Rice Pearl Necklace with Two Earrings,Default Title,1165,1499.0,Sale,1,3,2,https://www.daivik.in/products/1165-reversible?variant=gid://shopify/ProductVariant/46113732591838
2026-07-28 17:02:58,Antique Nagasi Pearl necklace with earrings,Default Title,136,13999.0,Restock,2,0,2,https://www.daivik.in/products/a-121?variant=gid://shopify/ProductVariant/44243266994398
2026-07-28 17:02:58,Lotus kemp rice pearl Necklace with Earrings,Ruby,121,599.0,Sale,1,47,46,https://www.daivik.in/products/lotus-kemp-rice-pearl-necklace-with-earrings?variant=gid://shopify/ProductVariant/45036923486430
2026-07-28 17:02:58,Victorian AD Combo Necklaces with Earrings in Two Colors,Ruby,489,7499.0,Restock,1,0,1,https://www.daivik.in/products/victorian-ad-combo-necklaces-with-earrings-in-two-colors?variant=gid://shopify/ProductVariant/47026545164510
2026-07-28 17:02:58,Victorian AD Combo Necklaces with Earrings in Two Colors,Turquoise,489,7499.0,Restock,1,0,1,https://www.daivik.in/products/victorian-ad-combo-necklaces-with-earrings-in-two-colors?variant=gid://shopify/ProductVariant/47026545197278
2026-07-28 17:02:58,Elakkathali Ruby Choker with Earrings,Default Title,485,899.0,Sale,1,13,12,https://www.daivik.in/products/elakkathali-ruby-choker-with-earrings?variant=gid://shopify/ProductVariant/48403799408862
2026-07-28 17:17:14,Simple Mangalsutra With stones,Default Title,670,1099.0,Sale,1,40,39,https://www.daivik.in/products/1-4?variant=gid://shopify/ProductVariant/42679325982942
2026-07-28 17:17:14,Simple Ruby and pearl choker with earrings,Default Title,538,999.0,Sale,1,32,31,https://www.daivik.in/products/a-327?variant=gid://shopify/ProductVariant/43546226196702
2026-07-28 17:17:14,Kemp Peacock AD Flower pendant chain with jhumkas,Default Title,291,799.0,Sale,1,40,39,https://www.daivik.in/products/kemp-peacock-ad-flower-pendant-chain-with-jhumkas?variant=gid://shopify/ProductVariant/45488983998686
2026-07-28 17:17:14,Simple Ruby Green Anklets,Default Title,1526,699.0,Sale,1,8,7,https://www.daivik.in/products/simple-ruby-green-anklets?variant=gid://shopify/ProductVariant/46188367904990
2026-07-28 17:17:14,Two Line Pearl Choker with Earrings in 3 Colors (Price for Each),Dark Green,523,799.0,Sale,1,5,4,https://www.daivik.in/products/two-like-pearl-choker-with-earrings?variant=gid://shopify/ProductVariant/46323231785182
2026-07-28 17:17:14,Elakkathali Ruby Choker with Earrings,Default Title,485,899.0,Sale,1,12,11,https://www.daivik.in/products/elakkathali-ruby-choker-with-earrings?variant=gid://shopify/ProductVariant/48403799408862
2026-07-28 17:17:14,Three layered Pearl Necklace with Earrings,Default Title,265,3499.0,Restock,3,0,3,https://www.daivik.in/products/three-layered-pearl-necklace-with-earrings?variant=gid://shopify/ProductVariant/48513202520286
2026-07-28 17:17:14,Hanging Pendants Flower Pearl Mala with Jhumkas,Default Title,758,6999.0,New Arrival,2,0,2,https://www.daivik.in/products/hanging-pendants-flower-pearl-mala-with-jhumkas?variant=gid://shopify/ProductVariant/48513251836126
2026-07-28 17:32:17,Simple and small kemp Jhumkas,Default Title,907,999.0,Sale,1,5,4,https://www.daivik.in/products/simple-and-small-kemp-jhumkas?variant=gid://shopify/ProductVariant/41347627843737
2026-07-28 17:32:17,Star Bangles in Gold Finish (Price for 4 Bangles),2.6,579,1499.0,Sale,1,49,48,https://www.daivik.in/products/star-bangles-in-two-variants-gold-finish-and-rosegold-finish-price-for-4-bangles?variant=gid://shopify/ProductVariant/44629001306334
2026-07-28 17:32:17,AD Floral Pendant Mangalsutra with Studs,Default Title,269,799.0,Sale,1,12,11,https://www.daivik.in/products/ad-floral-pendant-mangalsutra-with-studs?variant=gid://shopify/ProductVariant/47935579717854
2026-07-28 17:32:17,Victorian Flower Pendant Necklace with Earrings,Default Title,283,3499.0,Sale,1,3,2,https://www.daivik.in/products/victorian-flower-pendant-necklace-with-earrings?variant=gid://shopify/ProductVariant/48423947796702
2026-07-28 17:47:15,Set of 6 AD Bangles,2.6,516,1799.0,Sale,1,2,1,https://www.daivik.in/products/set-of-6-ad-bangles?variant=gid://shopify/ProductVariant/42181007671518
2026-07-28 17:47:15,Lakshmi Hasli Necklace with Balis,Turquoise,407,1899.0,Sale,1,22,21,https://www.daivik.in/products/lakshmi-hasli-necklace-with-balis?variant=gid://shopify/ProductVariant/45553293131998
2026-07-28 17:47:15,Victorian AD Droplet Pendant Necklace with Earrings in 2 colours ( Price for Each ),Green,1242,1999.0,Sale,1,16,15,https://www.daivik.in/products/victorian-ad-droplet-pendant-necklace-with-earrings-in-2-colours-price-for-each?variant=gid://shopify/ProductVariant/46492050063582
2026-07-28 18:02:42,AD Stone Ruby Bangles (Price for a Pair),2.6,1576,1499.0,Sale,1,53,52,https://www.daivik.in/products/ad-stone-ruby-bangles-price-for-a-pair?variant=gid://shopify/ProductVariant/46401149763806
2026-07-28 18:02:42,Kids / Adult Kemp Jhumkas,Default Title,1777,799.0,Sale,1,14,13,https://www.daivik.in/products/kids-adult-kemp-jhumkas?variant=gid://shopify/ProductVariant/47821038485726
2026-07-28 18:02:42,Parrot Pearl Bugadi/Top Earrings,Default Title,1892,699.0,Sale,1,22,21,https://www.daivik.in/products/parrot-pearl-bugadi-top-earrings?variant=gid://shopify/ProductVariant/48282345799902
2026-07-28 18:17:05,Kids Antique Jhumkas,Default Title,1644,599.0,Sale,1,2,1,https://www.daivik.in/products/antique-kids-jhumkas?variant=gid://shopify/ProductVariant/47392254066910
2026-07-28 18:17:05,Diamond Look Alike Hasli Necklace with Earrings,Default Title,1388,1399.0,Sale,1,24,23,https://www.daivik.in/products/a-31?variant=gid://shopify/ProductVariant/48267346772190
2026-07-28 19:32:17,Navarathna Droplet Necklace with Earrings,Default Title,573,1999.0,Sale,1,31,30,https://www.daivik.in/products/navarathna-droplet-necklace-with-earrings?variant=gid://shopify/ProductVariant/44769327874270
2026-07-28 21:32:27,Three layered Pearl Necklace with Earrings,Default Title,265,3499.0,Sale,1,3,2,https://www.daivik.in/products/three-layered-pearl-necklace-with-earrings?variant=gid://shopify/ProductVariant/48513202520286
2026-07-28 22:47:20,Pearl Victorian Choker with earrings,Default Title,75,4199.0,Sale,1,45,44,https://www.daivik.in/products/a-75?variant=gid://shopify/ProductVariant/44172631015646
2026-07-28 22:47:20,"Antique Bridal Lakshmi Short and Long Necklace with Jhumkas (Available in Short, Long and Combo)3",Short,748,3999.0,Sale,1,41,40,https://www.daivik.in/products/antique-bridal-lakshmi-short-and-long-necklace-with-jhumkas-available-in-short-long-and-combo?variant=gid://shopify/ProductVariant/45782284763358
2026-07-28 22:47:20,Pure Kemp Brass Nose Pin in 3 Colors (Price for Each),Ruby,1772,599.0,Sale,1,8,7,https://www.daivik.in/products/pure-kemp-brass-nose-pin-in-3-colors-price-for-each?variant=gid://shopify/ProductVariant/47796909736158
2026-07-28 23:47:08,Ad Floral Kadas,2.6,205,1299.0,Sale,1,38,37,https://www.daivik.in/products/ad-floral-kadas?variant=gid://shopify/ProductVariant/43863551508702
2026-07-28 23:47:08,Coral AD Green Stone Necklace with Studs,Default Title,1119,1599.0,Sale,1,26,25,https://www.daivik.in/products/coral-ad-green-stone-necklace-with-studs?variant=gid://shopify/ProductVariant/45915404501214
2026-07-29 00:32:25,AD Lakshmi Elephant Pendant Hasli with Earrings,Default Title,874,1999.0,Sale,1,32,31,https://www.daivik.in/products/ad-lakshmi-pendant-necklace-with-earrings?variant=gid://shopify/ProductVariant/45756425830622
2026-07-29 01:32:36,Set of 6 Kemp AD bangles,2.4,988,1699.0,Sale,1,10,9,https://www.daivik.in/products/set-of-6-kemp-ad-bangles?variant=gid://shopify/ProductVariant/42314249076958
2026-07-29 01:32:36,AD Peacock Kemp Studs,Default Title,1572,799.0,Sale,1,26,25,https://www.daivik.in/products/ad-peacock-kemp-studs?variant=gid://shopify/ProductVariant/46354286018782
2026-07-29 03:17:13,Traditional Teeka in 2 variants,1,756,799.0,Sale,1,13,12,https://www.daivik.in/products/traditional-teeka-in-2-variants-1?variant=gid://shopify/ProductVariant/40399475277977
2026-07-29 03:47:20,Elakkathali Ruby Choker with Earrings,Default Title,485,899.0,Sale,1,11,10,https://www.daivik.in/products/elakkathali-ruby-choker-with-earrings?variant=gid://shopify/ProductVariant/48403799408862
2026-07-29 03:47:20,AD Earcuff in 4 Colors (Price for Each),Yellow,1927,1099.0,Sale,1,37,36,https://www.daivik.in/products/ad-earcuff-in-4-colors-price-for-each?variant=gid://shopify/ProductVariant/48434488639710
2026-07-29 04:02:37,Jathi Malli Pink Shade Flower Reusable Gajra,8 Inches String - Half Moolam,3501,1299.0,Sale,1,14,13,https://www.daivik.in/products/jathi-malli-pink-shade-flower-reusable-gajra-16-inches?variant=gid://shopify/ProductVariant/47542602006750
2026-07-29 04:02:37,AD Multi Pendant Necklace with Earrings,Default Title,877,2199.0,Sale,1,15,14,https://www.daivik.in/products/ad-multi-pendant-necklace-with-earrings?variant=gid://shopify/ProductVariant/48312504844510
2026-07-29 04:32:32,Premium Lakshmi Ruby Green Beads Long Haram,Default Title,1232,6799.0,Sale,1,4,3,https://www.daivik.in/products/premium-lakshmi-ruby-green-beads-long-haram?variant=gid://shopify/ProductVariant/46321066868958
2026-07-29 04:32:32,Pastel Pink Simple Mossanite Necklace with Earrings,Default Title,1159,1299.0,Sale,1,56,55,https://www.daivik.in/products/pastel-pink-simple-mossanite-necklace-with-earrings?variant=gid://shopify/ProductVariant/47978402709726
2026-07-29 04:32:32,Ruby Green Pearl Jali Necklace,Default Title,860,1799.0,Sale,1,15,14,https://www.daivik.in/products/ruby-green-pearl-jali-necklace?variant=gid://shopify/ProductVariant/48443125137630
2026-07-29 05:02:50,Ruby Green Golden Beads Necklace with Earrings,Default Title,1304,1899.0,Sale,1,31,30,https://www.daivik.in/products/ruby-green-golden-beads-necklace-with-earrings?variant=gid://shopify/ProductVariant/47082102980830
2026-07-29 05:17:29,Simple and small pure kemp jhumkas,Default Title,656,1199.0,Sale,1,25,24,https://www.daivik.in/products/simple-and-small-pure-kemp-jhumkas?variant=gid://shopify/ProductVariant/39434836574361
2026-07-29 05:17:29,Heritage Watch Bracelet,Default Title,4029,1699.0,Sale,1,47,46,https://www.daivik.in/products/heritage-watch-bracelet-8?variant=gid://shopify/ProductVariant/48128940736734
2026-07-29 05:47:21,Mini version of the Big size jhumkas,Default Title,838,999.0,Sale,1,55,54,https://www.daivik.in/products/mini-version-of-the-big-size-jhumkas?variant=gid://shopify/ProductVariant/44757040464094
2026-07-29 06:02:57,Half Moon Kemp Choker with Earrings,Default Title,1198,1199.0,Sale,1,22,21,https://www.daivik.in/products/half-moon-kemp-choker-with-earrings?variant=gid://shopify/ProductVariant/46209499267294
2026-07-29 06:17:20,AD changeable studs,Default Title,106,799.0,Sale,1,27,26,https://www.daivik.in/products/ad-changeable-studs?variant=gid://shopify/ProductVariant/44192837632222
2026-07-29 06:17:20,AD Peacock Kemp Studs,Default Title,1572,799.0,Sale,1,25,24,https://www.daivik.in/products/ad-peacock-kemp-studs?variant=gid://shopify/ProductVariant/46354286018782
2026-07-29 06:17:20,AD Droplet Pendant Mangalsutra with Studs,Default Title,1243,799.0,Sale,1,54,53,https://www.daivik.in/products/ad-droplet-pendant-mangalsutra-with-studs?variant=gid://shopify/ProductVariant/46508274385118
2026-07-29 06:47:14,Simple Copper Pearl Necklace with Earrings,Default Title,855,999.0,Sale,1,49,48,https://www.daivik.in/products/simple-copper-pearl-necklace-with-earrings?variant=gid://shopify/ProductVariant/45158978093278
2026-07-29 07:03:18,Simple Lakshmi choker with pearl hangings,Default Title,381,1099.0,Sale,1,16,15,https://www.daivik.in/products/simple-lakshmi-choker-with-pearl-hangings?variant=gid://shopify/ProductVariant/36398494351513
2026-07-29 07:03:18,Ruby Green Pendant Mesh Necklace with Earrings,Default Title,1268,999.0,Sale,1,33,32,https://www.daivik.in/products/ruby-green-pendant-mesh-necklace-with-earrings?variant=gid://shopify/ProductVariant/46814149083358
2026-07-29 07:17:09,Moissanite Mesh Bracelet in 3 Colors (Price for each),White,1770,999.0,Sale,1,48,47,https://www.daivik.in/products/moissanite-mesh-bracelet-in-3-colors-price-for-each?variant=gid://shopify/ProductVariant/47793500127454
2026-07-29 07:17:09,Elakkathali Ruby Choker with Earrings,Default Title,485,899.0,Sale,1,10,9,https://www.daivik.in/products/elakkathali-ruby-choker-with-earrings?variant=gid://shopify/ProductVariant/48403799408862
2026-07-29 07:32:24,Peacock Lakshmi Long Chain with Jhumkas in Two Colors (Prices for Each),Ruby,1270,1099.0,Sale,1,46,45,https://www.daivik.in/products/peacock-lakshmi-long-chain-with-jhumkas?variant=gid://shopify/ProductVariant/46838455337182
2026-07-29 07:32:24,Kemp Bridal Jhumkas,Default Title,1919,1999.0,Sale,1,13,12,https://www.daivik.in/products/kemp-bridal-jhumkas?variant=gid://shopify/ProductVariant/48390743458014
2026-07-29 07:47:04,Elegant Jasmine/Mullai Flower Artificial Gajra,8 Inches String - Half Moolam,3507,1299.0,Sale,1,18,17,https://www.daivik.in/products/elegant-jasmine-mullai-flower-artificial-gajra-16-inches?variant=gid://shopify/ProductVariant/47542601515230
2026-07-29 08:02:48,Mini version of the Big size jhumkas,Default Title,838,999.0,Sale,1,54,53,https://www.daivik.in/products/mini-version-of-the-big-size-jhumkas?variant=gid://shopify/ProductVariant/44757040464094
2026-07-29 08:02:48,Elakkathali Ruby Choker with Earrings,Default Title,485,899.0,Sale,1,9,8,https://www.daivik.in/products/elakkathali-ruby-choker-with-earrings?variant=gid://shopify/ProductVariant/48403799408862
2026-07-29 08:02:48,Classic AD Droplet Jhumkas,Default Title,1933,699.0,Sale,1,33,32,https://www.daivik.in/products/classic-ad-droplet-jhumkas?variant=gid://shopify/ProductVariant/48465634394334
2026-07-29 09:32:21,Kemp Antique Jadau Choker set with Studs,Default Title,893,2999.0,Sale,1,28,27,https://www.daivik.in/products/kemp-antique-jadau-choker-set-with-studs?variant=gid://shopify/ProductVariant/44575726502110
2026-07-29 09:32:21,"Ruby Guttapusalu Necklace with earrings (Price for Combo, Short and Long)",Short,962,1499.0,Sale,1,48,47,https://www.daivik.in/products/ruby-guttapusalu-necklace-with-earrings?variant=gid://shopify/ProductVariant/47292618768606
2026-07-29 09:32:21,Simple Kemp Pearl Side Chain / Mattal in 4 Colors (Price for a Pair),Ruby Green,1588,999.0,Sale,1,35,34,https://www.daivik.in/products/simple-ad-pearl-side-chain-in-4-colors-price-for-a-pair?variant=gid://shopify/ProductVariant/46584049762526
2026-07-29 09:32:21,Jathi Malli Pink Shade Flower Reusable Gajra,8 Inches String - Half Moolam,3501,1299.0,Sale,2,13,11,https://www.daivik.in/products/jathi-malli-pink-shade-flower-reusable-gajra-16-inches?variant=gid://shopify/ProductVariant/47542602006750
2026-07-29 10:02:39,Sri Balaji 5 Layer Mope Chain,Default Title,958,1199.0,Sale,1,10,9,https://www.daivik.in/products/sri-balaji-5-layer-mope-chain?variant=gid://shopify/ProductVariant/48297913155806
2026-07-29 10:17:06,Uncut Kemp Vintage Necklace With Earrings,Default Title,400,1749.0,Sale,1,48,47,https://www.daivik.in/products/pure-uncut-kemp-vintage-necklace-with-earrings?variant=gid://shopify/ProductVariant/44178228478174
2026-07-29 10:17:06,AD Hasli Ruby Green Necklace with Balis,Default Title,1216,699.0,Sale,1,11,10,https://www.daivik.in/products/ad-hasli-ruby-green-necklace-with-balis?variant=gid://shopify/ProductVariant/46285166837982
2026-07-29 10:17:06,Lotus Pearl Necklace with Studs (Price for Each),Green,1259,599.0,Sale,1,19,18,https://www.daivik.in/products/l?variant=gid://shopify/ProductVariant/46679641784542
2026-07-29 10:17:06,Kemp studs with pearl detailing,Default Title,251,699.0,Sold Out,1,1,0,https://www.daivik.in/products/kemp-studs-with-pearl-detailing?variant=gid://shopify/ProductVariant/44284805513438
2026-07-29 10:21:51,Xuping Ruby Green Pendant with Earrings,Default Title,443,1799.0,Sale,1,18,17,https://www.daivik.in/products/xubin-ruby-green-pendant-with-earrings?variant=gid://shopify/ProductVariant/46326215901406
2026-07-29 10:21:51,AD Designer Openable Kada,Default Title,1700,499.0,Sale,1,49,48,https://www.daivik.in/products/ad-designer-openable-kada?variant=gid://shopify/ProductVariant/47564482576606
2026-07-29 11:02:42,Two Layerd AD Haram With Earrings,Default Title,211,1999.0,Sale,1,11,10,https://www.daivik.in/products/211?variant=gid://shopify/ProductVariant/34430324605081
2026-07-29 11:02:42,Meenakari AD work necklace with earrings,Default Title,458,2999.0,Sale,1,2,1,https://www.daivik.in/products/meenakari-ad-work-necklace-with-earrings?variant=gid://shopify/ProductVariant/37254313279641
2026-07-29 11:02:42,Peacock Jhumkas with Golden beads Mattal,Default Title,414,2299.0,Sale,1,2,1,https://www.daivik.in/products/peacock-jhumkas-with-golden-beads-mattal?variant=gid://shopify/ProductVariant/45443238002910
2026-07-29 11:02:42,Premium AD mattal,Default Title,1508,1299.0,Sale,1,9,8,https://www.daivik.in/products/premium-ad-mattal?variant=gid://shopify/ProductVariant/45974972793054
2026-07-29 11:02:42,AD Hasli Ruby Green Necklace with Balis,Default Title,1216,699.0,Sale,1,10,9,https://www.daivik.in/products/ad-hasli-ruby-green-necklace-with-balis?variant=gid://shopify/ProductVariant/46285166837982
2026-07-29 11:02:42,"Jyothika Mam Inspired AD Green Pendant Necklace (Prices for Short, Long and Combo)",Short,1295,799.0,Sale,1,33,32,https://www.daivik.in/products/jyothika-mam-inspired-ad-green-pendant-necklace?variant=gid://shopify/ProductVariant/47092708573406
2026-07-29 11:02:42,Antique Lakshmi Coin Green Beads Necklace with Earrings,Default Title,1321,1799.0,Sale,1,27,26,https://www.daivik.in/products/antique-lakshmi-coin-green-beads-necklace-with-earrings?variant=gid://shopify/ProductVariant/47500940804318
2026-07-29 11:02:42,Elakkathali Ruby Choker with Earrings,Default Title,485,899.0,Sale,1,8,7,https://www.daivik.in/products/elakkathali-ruby-choker-with-earrings?variant=gid://shopify/ProductVariant/48403799408862
2026-07-29 11:32:35,Lakshmi AD RubyGreen Bangles,2.6,542,1099.0,Sale,1,18,17,https://www.daivik.in/products/lakshmi-ad-rubygreen-bangles?variant=gid://shopify/ProductVariant/45058364473566
2026-07-29 12:17:25,Antique Lakshmi Pearl Hanging Necklace with Balis,Default Title,870,3599.0,Sale,1,10,9,https://www.daivik.in/products/antique-lakshmi-pearl-hanging-necklace-with-balis?variant=gid://shopify/ProductVariant/47797500575966
2026-07-29 12:32:27,Antique Polish Temple Jhumkas,Default Title,86,1799.0,Sale,1,43,42,https://www.daivik.in/products/86?variant=gid://shopify/ProductVariant/32623656271931
2026-07-29 12:32:27,Jathi Malli Pink Shade Flower Reusable Gajra,16 Inches String - Full Moolam,3501,2499.0,Sale,1,10,9,https://www.daivik.in/products/jathi-malli-pink-shade-flower-reusable-gajra-16-inches?variant=gid://shopify/ProductVariant/47542602039518
2026-07-29 12:32:27,Lotus Saree Pin,Default Title,1779,499.0,Sale,1,5,4,https://www.daivik.in/products/lotus-saree-pin?variant=gid://shopify/ProductVariant/47821116834014
2026-07-29 12:47:13,Pure premium Kemp Brass Jhumkas,Default Title,993,1499.0,Sale,1,43,42,https://www.daivik.in/products/pure-premium-kemp-brass-jhumkas?variant=gid://shopify/ProductVariant/42328076943582
2026-07-29 12:47:13,AD Hasli Ruby Green Necklace with Balis,Default Title,1216,699.0,Sale,1,9,8,https://www.daivik.in/products/ad-hasli-ruby-green-necklace-with-balis?variant=gid://shopify/ProductVariant/46285166837982
2026-07-29 13:02:40,AD RubyGreen Jhumkas with attached Mattals,Default Title,920,999.0,Sale,1,25,24,https://www.daivik.in/products/ad-rubygreen-jhumkas-with-attached-mattel-s?variant=gid://shopify/ProductVariant/45363709771998
2026-07-29 13:02:40,AD Droplet Pendant Mangalsutra with Studs,Default Title,1243,799.0,Sale,1,53,52,https://www.daivik.in/products/ad-droplet-pendant-mangalsutra-with-studs?variant=gid://shopify/ProductVariant/46508274385118
2026-07-29 13:02:40,Kundan Ghungroo Adjustable Bracelet Watch,Default Title,1890,799.0,Sale,4,18,14,https://www.daivik.in/products/kundan-ghungroo-adjustable-bracelet-watch?variant=gid://shopify/ProductVariant/48278181413086
2026-07-29 13:17:34,Pure kemp antique teeka,Default Title,549,1499.0,Sale,1,33,32,https://www.daivik.in/products/pure-kemp-antique-teeka?variant=gid://shopify/ProductVariant/37826102591641
2026-07-29 13:17:34,Ruby AD Jhumkas with Attached Mattal,Default Title,589,1199.0,Sale,1,44,43,https://www.daivik.in/products/ruby-ad-jhumkas-with-attached-mattal?variant=gid://shopify/ProductVariant/44358526632158
2026-07-29 13:17:34,Five Layered Pearl Mala with Earrings,Default Title,559,499.0,Sale,2,56,54,https://www.daivik.in/products/five-layered-pearl-mala?variant=gid://shopify/ProductVariant/45118408720606
2026-07-29 13:17:34,Antique Elegant Pearl Ruby Green Lakshmi Necklace with Earrings,Default Title,657,999.0,Sale,1,22,21,https://www.daivik.in/products/antique-elegant-pearl-ruby-green-lakshmi-necklace-with-earrings?variant=gid://shopify/ProductVariant/45969739677918
2026-07-29 13:17:34,Suryan & Chandran Jada Billai in 3 Variants (Price for a Pair),Ruby Green,1537,1099.0,Sale,1,29,28,https://www.daivik.in/products/sun-moon-jada-billai-in-3-variants-price-for-a-pair?variant=gid://shopify/ProductVariant/46211783983326
2026-07-29 13:17:34,Lakshmi Antique Choker with Studs,Default Title,1319,1299.0,Sale,1,16,15,https://www.daivik.in/products/lakshmi-antique-choker-with-studs?variant=gid://shopify/ProductVariant/47461641388254
2026-07-29 13:17:34,Lakshmi Ruby Green Bangles (Price for both Hands),2.4,1699,4199.0,Sale,1,2,1,https://www.daivik.in/products/bangles?variant=gid://shopify/ProductVariant/47563610620126
2026-07-29 13:17:34,Diamond look alike Premium Bangles,2.4,1869,2799.0,Sale,1,10,9,https://www.daivik.in/products/diamond-look-alike-premium-bangles?variant=gid://shopify/ProductVariant/48133236097246
2026-07-29 13:32:44,Elakkathali Ruby Choker with Earrings,Default Title,485,899.0,Sale,1,7,6,https://www.daivik.in/products/elakkathali-ruby-choker-with-earrings?variant=gid://shopify/ProductVariant/48403799408862
2026-07-29 13:47:23,Three layered Pearl Necklace with Earrings,Default Title,265,3499.0,Sale,1,2,1,https://www.daivik.in/products/three-layered-pearl-necklace-with-earrings?variant=gid://shopify/ProductVariant/48513202520286
2026-07-29 14:02:51,Three layered Pearl Necklace with Earrings,Default Title,265,3499.0,Sold Out,1,1,0,https://www.daivik.in/products/three-layered-pearl-necklace-with-earrings?variant=gid://shopify/ProductVariant/48513202520286
2026-07-29 14:17:14,Gold Finish Motif necklace with earrings,Default Title,910,1099.0,Sale,1,26,25,https://www.daivik.in/products/untitled-sep7_21-09?variant=gid://shopify/ProductVariant/44338668208350
2026-07-29 14:17:14,"Ruby Guttapusalu Necklace with earrings (Price for Combo, Short and Long)",Short,962,1499.0,Sale,1,47,46,https://www.daivik.in/products/ruby-guttapusalu-necklace-with-earrings?variant=gid://shopify/ProductVariant/47292618768606
2026-07-29 14:17:14,Antique Lakshmi Green stone Choker with Balis,Default Title,815,2199.0,Sale,1,4,3,https://www.daivik.in/products/antique-lakshmi-green-stone-choker-with-balis?variant=gid://shopify/ProductVariant/45894061031646
2026-07-29 14:17:14,Simple Pendant Ruby Green Hasli Necklace with Earrings,Default Title,744,799.0,Sale,1,4,3,https://www.daivik.in/products/simple-pendant-ruby-green-hasli-necklace-with-earrings?variant=gid://shopify/ProductVariant/46583087268062
2026-07-29 14:17:14,Simple AD Flower Necklace with Earrings,Default Title,1341,999.0,Sale,1,35,34,https://www.daivik.in/products/simple-ad-flower-necklace-with-earrings?variant=gid://shopify/ProductVariant/47693867483358
2026-07-29 14:32:32,AD Coral Bangles,2.8,1501,1099.0,Sale,1,3,2,https://www.daivik.in/products/untitled-sep11_20-14?variant=gid://shopify/ProductVariant/45879301570782
2026-07-29 14:32:32,AD Floral Textured Hipbelt,Default Title,1703,2499.0,Sale,1,7,6,https://www.daivik.in/products/ad-floral-textured-hipbelt?variant=gid://shopify/ProductVariant/46098386288862
2026-07-29 14:32:32,Classic Antique Peacock Necklace with Earrings,Default Title,526,4799.0,Sale,1,4,3,https://www.daivik.in/products/classic-antique-peacock-necklace-with-earrings?variant=gid://shopify/ProductVariant/48061365485790
2026-07-29 14:32:32,Elakkathali Ruby Choker with Earrings,Default Title,485,899.0,Sale,1,6,5,https://www.daivik.in/products/elakkathali-ruby-choker-with-earrings?variant=gid://shopify/ProductVariant/48403799408862
2026-07-29 15:02:32,AD Pendant Mangalsutra with Studs,Default Title,1117,999.0,Sale,1,23,22,https://www.daivik.in/products/ad-pendant-mangalsutra-with-studs?variant=gid://shopify/ProductVariant/45905761435870
2026-07-29 15:02:32,Green and Golden Beads Lakshmi Coin Mala with Jhumkas,Default Title,567,2799.0,Sale,1,10,9,https://www.daivik.in/products/green-and-golden-beads-lakshmi-coin-mala-with-jhumkas?variant=gid://shopify/ProductVariant/47703677010142
2026-07-29 15:02:32,Elakkathali Ruby Choker with Earrings,Default Title,485,899.0,Sale,1,5,4,https://www.daivik.in/products/elakkathali-ruby-choker-with-earrings?variant=gid://shopify/ProductVariant/48403799408862
2026-07-29 15:17:05,Guttaspusalu Short Mango Haram with Earrings,Default Title,853,3199.0,Sale,1,16,15,https://www.daivik.in/products/guttaspusalu-short-mango-haram-with-earrings?variant=gid://shopify/ProductVariant/44559212511454
2026-07-29 15:17:05,AD Droplet Pendant Mangalsutra with Studs,Default Title,1243,799.0,Sale,1,52,51,https://www.daivik.in/products/ad-droplet-pendant-mangalsutra-with-studs?variant=gid://shopify/ProductVariant/46508274385118
2026-07-29 15:17:05,Antique Designer Watch Bracelet,Default Title,4007,2999.0,Sale,1,28,27,https://www.daivik.in/products/antique-designer-watch-bracelet-6?variant=gid://shopify/ProductVariant/48070962839774
2026-07-29 15:32:22,Coral AD Green Stone Necklace with Studs,Default Title,1119,1599.0,Sale,1,25,24,https://www.daivik.in/products/coral-ad-green-stone-necklace-with-studs?variant=gid://shopify/ProductVariant/45915404501214
2026-07-29 15:47:05,Elakkathali Gold Finish Choker with Backchain,Default Title,1238,1099.0,New Arrival,30,0,30,https://www.daivik.in/products/elakkathali-gold-finish-choker-with-backchain?variant=gid://shopify/ProductVariant/48519024181470
2026-07-29 16:32:25,Lakshmi Pendant Beads Choker with Earrings,Default Title,571,1299.0,Sale,1,2,1,https://www.daivik.in/products/lakshmi-pendant-beads-choker-with-earrings?variant=gid://shopify/ProductVariant/47950387085534
2026-07-29 16:47:05,Simple and small pure kemp jhumkas,Default Title,656,1199.0,Sale,1,24,23,https://www.daivik.in/products/simple-and-small-pure-kemp-jhumkas?variant=gid://shopify/ProductVariant/39434836574361
2026-07-29 16:47:05,AD Pendant Mangalsutra with Studs,Default Title,1117,999.0,Sale,1,22,21,https://www.daivik.in/products/ad-pendant-mangalsutra-with-studs?variant=gid://shopify/ProductVariant/45905761435870
2026-07-29 16:47:05,Lotus Pearl Bugadi/Top Earrings,Default Title,1891,499.0,Sale,2,15,13,https://www.daivik.in/products/lotus-pearl-bugadi-top-earrings?variant=gid://shopify/ProductVariant/48282335379678
2026-07-29 16:47:05,Sri Balaji Heritage Choker with Studs,Default Title,841,799.0,Sale,1,19,18,https://www.daivik.in/products/sri-balaji-heritage-choker-with-studs?variant=gid://shopify/ProductVariant/48289643102430
2026-07-29 16:47:05,Elakkathali Ruby Choker with Earrings,Default Title,485,899.0,Sale,1,4,3,https://www.daivik.in/products/elakkathali-ruby-choker-with-earrings?variant=gid://shopify/ProductVariant/48403799408862
2026-07-29 17:02:34,AD Droplet Pendant Mangalsutra with Studs,Default Title,1243,799.0,Sale,1,51,50,https://www.daivik.in/products/ad-droplet-pendant-mangalsutra-with-studs?variant=gid://shopify/ProductVariant/46508274385118
2026-07-29 17:32:34,AD Gold finish Bangles,2.4,816,1499.0,Sale,1,51,50,https://www.daivik.in/products/ad-gold-finish-bangles?variant=gid://shopify/ProductVariant/44223373410526
2026-07-29 17:32:34,Diamond Look Alike Hasli Necklace with Earrings,Default Title,1388,1399.0,Sale,1,23,22,https://www.daivik.in/products/a-31?variant=gid://shopify/ProductVariant/48267346772190
2026-07-29 18:03:11,Peacock Kemp Earcuffs,Default Title,823,1299.0,Sale,1,9,8,https://www.daivik.in/products/peacock-kemp-earcuffs?variant=gid://shopify/ProductVariant/40886249291929
2026-07-29 18:03:11,Temple Teeka in 4 variants,1.,596,999.0,Sale,1,50,49,https://www.daivik.in/products/a-44?variant=gid://shopify/ProductVariant/44131700048094
2026-07-29 18:03:11,Invisible AD Leaf Necklace with Earrings in two Colors (Price for Each),White,982,699.0,Sale,1,31,30,https://www.daivik.in/products/invisible-ad-leaf-necklace-with-earrings-in-two-colors-price-for-each?variant=gid://shopify/ProductVariant/46601934078174
2026-07-29 18:03:11,AD Flower Hipchain in 4 Colors (Price for Each),Green,1633,1699.0,Sale,1,10,9,https://www.daivik.in/products/ad-flower-hipchain-in-4-colors-price-for-each?variant=gid://shopify/ProductVariant/47088042836190
2026-07-29 18:03:11,Premium Traditional Pure Kemp Brass Garudan Long Necklace with Lakshmi Coin Drops,Default Title,276,9999.0,Sale,1,7,6,https://www.daivik.in/products/premium-traditional-pure-kemp-brass-phoenix-long-necklace-with-lakshmi-coin-drops?variant=gid://shopify/ProductVariant/48328321532126
2026-07-29 18:03:11,Openable Peacock Kada with Interchangeable Colour Bangles (10 Shades),2.6,1924,2299.0,Sale,1,2,1,https://www.daivik.in/products/10-in-1-changeable-bangles?variant=gid://shopify/ProductVariant/48422119506142
2026-07-29 18:03:11,Victorian Flower Pendant Necklace with Earrings,Default Title,283,3499.0,Sale,1,2,1,https://www.daivik.in/products/victorian-flower-pendant-necklace-with-earrings?variant=gid://shopify/ProductVariant/48423947796702
2026-07-29 18:03:11,Lakshmi Pendant Beads Choker with Earrings,Default Title,571,1299.0,Sold Out,1,1,0,https://www.daivik.in/products/lakshmi-pendant-beads-choker-with-earrings?variant=gid://shopify/ProductVariant/47950387085534
2026-07-29 18:47:09,Pure premium Kemp Brass Jhumkas,Default Title,993,1499.0,Sale,1,42,41,https://www.daivik.in/products/pure-premium-kemp-brass-jhumkas?variant=gid://shopify/ProductVariant/42328076943582
2026-07-29 19:02:49,Victorian AD Pendant Choker with Earrings,Purple,881,999.0,Sale,1,29,28,https://www.daivik.in/products/victorian-ad-choker-with-earrings?variant=gid://shopify/ProductVariant/45763463839966
2026-07-29 19:17:07,Elakkathali Ruby Choker with Earrings,Default Title,485,899.0,Sale,1,3,2,https://www.daivik.in/products/elakkathali-ruby-choker-with-earrings?variant=gid://shopify/ProductVariant/48403799408862
2026-07-29 20:17:03,Elegant Jasmine/Mullai Flower Artificial Gajra,8 Inches String - Half Moolam,3507,1299.0,Sale,1,17,16,https://www.daivik.in/products/elegant-jasmine-mullai-flower-artificial-gajra-16-inches?variant=gid://shopify/ProductVariant/47542601515230
2026-07-29 20:47:03,Heritage Watch Bracelet,Default Title,4028,3499.0,Sale,1,18,17,https://www.daivik.in/products/heritage-watch-bracelet-7?variant=gid://shopify/ProductVariant/48128940703966
2026-07-29 20:47:03,AD Mossanite Pearl JadaBillai/ chotti / Hair Accessories,Default Title,1886,2999.0,Sale,1,10,9,https://www.daivik.in/products/ad-mossanite-pearl-jadabillai-chotti-hair-accessories?variant=gid://shopify/ProductVariant/48256963969246
2026-07-29 20:47:03,AD Non Piercing Nosepin in 3 Colors (Price for Each),Ruby,1913,299.0,Sale,1,51,50,https://www.daivik.in/products/ad-non-piercing-nosepin-in-3-colors-price-for-each?variant=gid://shopify/ProductVariant/48341912387806
2026-07-29 20:47:03,Double Foam Handmade Artificial Lotus Pink Buds Kunjalam/Hair Extension,Default Title,3543,799.0,Sale,1,23,22,https://www.daivik.in/products/triple-foam-handmade-artificial-lotus-pink-buds-kunjalam-hair-extension?variant=gid://shopify/ProductVariant/48377645465822
2026-07-29 21:02:32,Pastel Pink Simple Mossanite Necklace with Earrings,Default Title,1159,1299.0,Sale,1,55,54,https://www.daivik.in/products/pastel-pink-simple-mossanite-necklace-with-earrings?variant=gid://shopify/ProductVariant/47978402709726
2026-07-29 21:02:32,Elakkathali Ruby Choker with Earrings,Default Title,485,899.0,Sale,1,2,1,https://www.daivik.in/products/elakkathali-ruby-choker-with-earrings?variant=gid://shopify/ProductVariant/48403799408862
2026-07-29 21:02:32,Classic AD Droplet Jhumkas,Default Title,1933,699.0,Sale,1,32,31,https://www.daivik.in/products/classic-ad-droplet-jhumkas?variant=gid://shopify/ProductVariant/48465634394334
2026-07-30 01:02:29,GJ Polish Designer Bracelets in 4 Styles (Price for Each),2,1640,1299.0,Sale,1,2,1,https://www.daivik.in/products/gj-polish-designer-bracelets-in-4-styles-price-for-each?variant=gid://shopify/ProductVariant/47250092556510
2026-07-30 01:47:11,Kids Antique Jhumkas,Default Title,1644,599.0,Sold Out,1,1,0,https://www.daivik.in/products/antique-kids-jhumkas?variant=gid://shopify/ProductVariant/47392254066910
2026-07-30 02:02:33,Simple Ghungroo Box Anklets,Default Title,974,799.0,Sale,1,15,14,https://www.daivik.in/products/simple-ghungroo-box-anklets?variant=gid://shopify/ProductVariant/44626224054494
2026-07-30 02:47:01,Pure Kemp Peacock Jhumkas With Mattals,Default Title,323,2599.0,Sale,1,11,10,https://www.daivik.in/products/pure-kemp-peacock-jhumkas-with-mattals?variant=gid://shopify/ProductVariant/35380334592153
2026-07-30 02:47:01,Lakshmi Nagasi teeka,Default Title,551,1099.0,Sale,1,17,16,https://www.daivik.in/products/lakshmi-nagasi-teeka?variant=gid://shopify/ProductVariant/37826167636121
2026-07-30 02:47:01,Kemp medium Sized studs,Default Title,858,1099.0,Sale,1,24,23,https://www.daivik.in/products/kemp-medium-sized-studs?variant=gid://shopify/ProductVariant/41081654018201
2026-07-30 02:47:01,Set of 6 Kemp AD bangles,2.4,988,1699.0,Sale,1,9,8,https://www.daivik.in/products/set-of-6-kemp-ad-bangles?variant=gid://shopify/ProductVariant/42314249076958
2026-07-30 02:47:01,Antique Lakshmi choker with earrings,Default Title,417,2799.0,Sale,1,30,29,https://www.daivik.in/products/antique-lakshmi-choker-with-earrings?variant=gid://shopify/ProductVariant/44418498101470
2026-07-30 02:47:01,AD RubyGreen Jhumkas with attached Mattals,Default Title,920,999.0,Sale,1,24,23,https://www.daivik.in/products/ad-rubygreen-jhumkas-with-attached-mattel-s?variant=gid://shopify/ProductVariant/45363709771998
2026-07-30 02:47:01,Elakkathali Ruby Choker with Earrings,Default Title,485,899.0,Restock,4,1,5,https://www.daivik.in/products/elakkathali-ruby-choker-with-earrings?variant=gid://shopify/ProductVariant/48403799408862
2026-07-30 03:32:14,Simple and small pure kemp jhumkas,Default Title,656,1199.0,Sale,1,23,22,https://www.daivik.in/products/simple-and-small-pure-kemp-jhumkas?variant=gid://shopify/ProductVariant/39434836574361
2026-07-30 03:32:14,Kemp pastel Beads Necklace with Earrings,Default Title,1221,999.0,Sale,2,55,53,https://www.daivik.in/products/kemp-pastel-beads-necklace-with-earrings?variant=gid://shopify/ProductVariant/46297625559262
2026-07-30 03:32:14,Elakkathali Ruby Choker with Earrings,Default Title,485,899.0,Sale,1,5,4,https://www.daivik.in/products/elakkathali-ruby-choker-with-earrings?variant=gid://shopify/ProductVariant/48403799408862
2026-07-30 03:46:59,Invisible Flower Chain with Earrings,Default Title,871,799.0,Sale,1,25,24,https://www.daivik.in/products/invisible-flower-chain-with-earrings?variant=gid://shopify/ProductVariant/47043956310238
2026-07-30 03:46:59,Antique kids Jhumkas,Default Title,1683,799.0,Sale,1,11,10,https://www.daivik.in/products/antique-kids-jhumkas-1?variant=gid://shopify/ProductVariant/47521442529502
2026-07-30 04:02:53,Brass Guttapusalu Short Necklace With Earrings,Default Title,18,2799.0,Sale,1,23,22,https://www.daivik.in/products/18?variant=gid://shopify/ProductVariant/32600557649979
2026-07-30 04:02:53,Lotus Necklace with Jhumkas,Default Title,495,2499.0,Sale,1,35,34,https://www.daivik.in/products/lotus-necklace-with-jhumkas?variant=gid://shopify/ProductVariant/44631097508062
2026-07-30 04:02:53,AD Hasli Ruby Green Necklace with Balis,Default Title,1216,699.0,Sale,1,8,7,https://www.daivik.in/products/ad-hasli-ruby-green-necklace-with-balis?variant=gid://shopify/ProductVariant/46285166837982
2026-07-30 04:17:04,Uncut Kemp Short Haram With Earrings,Default Title,84,1799.0,Sale,1,34,33,https://www.daivik.in/products/84?variant=gid://shopify/ProductVariant/32623635398715
2026-07-30 04:17:04,Small Tribal Bali Jhumka,Default Title,3,799.0,Sale,1,10,9,https://www.daivik.in/products/small-tribal-bali-jhumka?variant=gid://shopify/ProductVariant/36547713302681
2026-07-30 04:17:04,Simple Kemp Pearl Side Chain / Mattal in 4 Colors (Price for a Pair),Ruby Green,1588,999.0,Sale,1,34,33,https://www.daivik.in/products/simple-ad-pearl-side-chain-in-4-colors-price-for-a-pair?variant=gid://shopify/ProductVariant/46584049762526
2026-07-30 04:32:16,Kids/Adults mini choker,Default Title,768,1499.0,Sale,1,4,3,https://www.daivik.in/products/kids-mini-choker?variant=gid://shopify/ProductVariant/40510053089433
2026-07-30 04:32:16,AD Golden Lakshmi Bangles,2.4,737,1399.0,Restock,31,0,31,https://www.daivik.in/products/ad-golden-lakshmi-bangles?variant=gid://shopify/ProductVariant/42472617246942
2026-07-30 04:32:16,AD Golden Lakshmi Bangles,2.6,737,1399.0,Restock,39,0,39,https://www.daivik.in/products/ad-golden-lakshmi-bangles?variant=gid://shopify/ProductVariant/42472619213022
2026-07-30 04:32:16,AD Golden Lakshmi Bangles,2.8,737,1399.0,Restock,39,0,39,https://www.daivik.in/products/ad-golden-lakshmi-bangles?variant=gid://shopify/ProductVariant/42472619245790
2026-07-30 04:32:16,AD Regular wear Floral Bangles,2.6,384,999.0,Sale,1,13,12,https://www.daivik.in/products/ad-regular-wear-floral-bangles?variant=gid://shopify/ProductVariant/44051453411550
2026-07-30 04:32:16,2 Line AD Droplet Necklace with Earrings,Default Title,337,1499.0,Sale,1,39,38,https://www.daivik.in/products/2-line-ad-droplet-necklace-with-earrings?variant=gid://shopify/ProductVariant/44659167101150
2026-07-30 04:32:16,Diamond Look alike Floral Necklace with Earrings,Default Title,1293,599.0,Restock,30,20,50,https://www.daivik.in/products/diamond-look-alike-floral-necklace-with-earrings?variant=gid://shopify/ProductVariant/47058250170590
2026-07-30 04:32:16,Peacock Ruby Green Saree Pin,Default Title,1805,399.0,Restock,53,3,56,https://www.daivik.in/products/peacock-ruby-green-saree-pin?variant=gid://shopify/ProductVariant/47885508935902
2026-07-30 04:32:16,Simple Circle AD Nose Pin/Nath,Default Title,1821,299.0,Restock,56,0,56,https://www.daivik.in/products/simple-circle-ad-nose-pin-nath?variant=gid://shopify/ProductVariant/47916125946078
2026-07-30 04:32:16,Antique Temple Chariot Style Kum Kum Box,Default Title,1848,3499.0,Restock,3,2,5,https://www.daivik.in/products/antique-temple-chariot-style-kum-kum-box?variant=gid://shopify/ProductVariant/48053666808030
2026-07-30 04:32:16,Lakshmi AD Chotti/Jada Billai,Default Title,1884,1099.0,Restock,24,32,56,https://www.daivik.in/products/lakshmi-ad-chotti-jada-billai?variant=gid://shopify/ProductVariant/48234497802462
2026-07-30 04:32:16,Elakkathali Ruby Choker with Earrings,Default Title,485,899.0,Sale,1,4,3,https://www.daivik.in/products/elakkathali-ruby-choker-with-earrings?variant=gid://shopify/ProductVariant/48403799408862
2026-07-30 04:46:59,Five Layered Pearl Mala with Earrings,Default Title,559,499.0,Sale,1,54,53,https://www.daivik.in/products/five-layered-pearl-mala?variant=gid://shopify/ProductVariant/45118408720606
2026-07-30 04:46:59,AD Ruby Green Peacock kemp Long Chain with Studs,Default Title,410,2199.0,Sale,1,11,10,https://www.daivik.in/products/ad-ruby-green-long-chain-with-earrings?variant=gid://shopify/ProductVariant/45707336679646
2026-07-30 04:46:59,Moissanite Flower Necklace with Earrings,Default Title,1380,1299.0,Sale,1,24,23,https://www.daivik.in/products/moissanite-flower-necklace-with-earrings?variant=gid://shopify/ProductVariant/48149264629982
2026-07-30 04:46:59,Kundan Ghungroo Adjustable Bracelet Watch,Default Title,1890,799.0,Sale,1,14,13,https://www.daivik.in/products/kundan-ghungroo-adjustable-bracelet-watch?variant=gid://shopify/ProductVariant/48278181413086
2026-07-30 04:46:59,Elakkathali Ruby Choker with Earrings,Default Title,485,899.0,Sale,1,3,2,https://www.daivik.in/products/elakkathali-ruby-choker-with-earrings?variant=gid://shopify/ProductVariant/48403799408862
2026-07-30 05:17:09,AD peacock jhumkas,Default Title,604,1399.0,Sale,1,52,51,https://www.daivik.in/products/ad-peacock-jhumkas-1?variant=gid://shopify/ProductVariant/38058936402073
2026-07-30 05:17:09,Simple and small pure kemp jhumkas,Default Title,656,1199.0,Sale,1,22,21,https://www.daivik.in/products/simple-and-small-pure-kemp-jhumkas?variant=gid://shopify/ProductVariant/39434836574361
2026-07-30 05:17:09,AD Pearl Choker with earrings,Default Title,950,1999.0,Sale,1,29,28,https://www.daivik.in/products/a-279?variant=gid://shopify/ProductVariant/43404559778014
2026-07-30 05:17:09,Kemp Lotus Ghungroo beads Adigai with Jhumkas,Default Title,111,1399.0,Sale,1,11,10,https://www.daivik.in/products/kemp-lotus-ghungroo-beads-adigai-with-jhumkas?variant=gid://shopify/ProductVariant/45453369540830
2026-07-30 05:17:09,Simple Antique Thin Hipchain in 5 Variants ( Price for Each ),1,1602,1299.0,Sale,1,6,5,https://www.daivik.in/products/simple-antique-thin-hipchain-in-5-variants-price-for-each?variant=gid://shopify/ProductVariant/46643685261534
2026-07-30 05:17:09,AD Flower Invisible Chain with Earrings,Default Title,999,499.0,Sale,1,49,48,https://www.daivik.in/products/ad-flower-invisible-chain-with-earrings?variant=gid://shopify/ProductVariant/47868705702110
2026-07-30 05:32:17,Small Tribal Bali Jhumka,Default Title,3,799.0,Sale,1,9,8,https://www.daivik.in/products/small-tribal-bali-jhumka?variant=gid://shopify/ProductVariant/36547713302681
2026-07-30 05:32:17,Peacock White Pearl Jhumkas,Default Title,1525,1299.0,Sale,1,30,29,https://www.daivik.in/products/peacock-white-pearl-jhumkas?variant=gid://shopify/ProductVariant/46171746336990
2026-07-30 05:32:17,AD Flower Invisible Chain with Earrings,Default Title,999,499.0,Sale,1,48,47,https://www.daivik.in/products/ad-flower-invisible-chain-with-earrings?variant=gid://shopify/ProductVariant/47868705702110
2026-07-30 05:32:17,Elakkathali Ruby Choker with Earrings,Default Title,485,899.0,Sale,1,2,1,https://www.daivik.in/products/elakkathali-ruby-choker-with-earrings?variant=gid://shopify/ProductVariant/48403799408862
2026-07-30 05:47:02,Pure Kemp Lotus Jhumka with Mattals,Default Title,1763,1499.0,Sale,1,15,14,https://www.daivik.in/products/pure-kemp-lotus-jhumka-with-mattals?variant=gid://shopify/ProductVariant/47777295696094
2026-07-30 05:47:02,3D Ganesha Invisible chain with Earrings,Default Title,562,799.0,Sale,1,11,10,https://www.daivik.in/products/3d-ganesha-invisible-chain-with-earrings?variant=gid://shopify/ProductVariant/48337665851614
2026-07-30 06:02:31,Ruby Green Antique Simple Necklace set,Default Title,1169,799.0,Sale,1,11,10,https://www.daivik.in/products/ruby-green-antique-simple-necklace-set?variant=gid://shopify/ProductVariant/46121897361630
2026-07-30 06:17:03,Antique kids Jhumkas,Default Title,1683,799.0,Sale,1,10,9,https://www.daivik.in/products/antique-kids-jhumkas-1?variant=gid://shopify/ProductVariant/47521442529502
2026-07-30 06:17:03,Peacock Lakshmi Coin Necklace with Earrings in Two Colors,Green,584,799.0,Sale,1,24,23,https://www.daivik.in/products/peacock-lakshmi-coin-necklace-with-earrings-in-two-colors?variant=gid://shopify/ProductVariant/48254522720478
2026-07-30 06:17:03,Elephant Guttaspusalu necklace in 5 variants,Light green,901,1699.0,Sold Out,1,1,0,https://www.daivik.in/products/elephant-guttaspusalu-necklace-in-5-variants?variant=gid://shopify/ProductVariant/42130617172190
2026-07-30 06:32:21,AD Lakshmi Jhumkas,Default Title,192,799.0,Sale,1,21,20,https://www.daivik.in/products/ad-lakshmi-jhumkas?variant=gid://shopify/ProductVariant/44262122389726
2026-07-30 06:32:21,Heritage Watch Bracelet,Default Title,4029,1699.0,Sale,1,46,45,https://www.daivik.in/products/heritage-watch-bracelet-8?variant=gid://shopify/ProductVariant/48128940736734
2026-07-30 06:47:03,Lakshmi Nagasi teeka,Default Title,551,1099.0,Sale,1,16,15,https://www.daivik.in/products/lakshmi-nagasi-teeka?variant=gid://shopify/ProductVariant/37826167636121
2026-07-30 06:47:03,Designer Pearl Two Line Chain,Default Title,1227,599.0,Sale,1,43,42,https://www.daivik.in/products/simple-two-line-chain?variant=gid://shopify/ProductVariant/46301650485470
2026-07-30 06:47:03,Simple Ruby Ghungroo Chain,Default Title,498,799.0,Sold Out,1,1,0,https://www.daivik.in/products/simple-ruby-ball-chain?variant=gid://shopify/ProductVariant/46205549347038
2026-07-30 06:47:03,Elakkathali Ruby Choker with Earrings,Default Title,485,899.0,Sold Out,1,1,0,https://www.daivik.in/products/elakkathali-ruby-choker-with-earrings?variant=gid://shopify/ProductVariant/48403799408862
2026-07-30 07:02:33,AD Hasli Ruby Green Necklace with Balis,Default Title,1216,699.0,Sale,1,7,6,https://www.daivik.in/products/ad-hasli-ruby-green-necklace-with-balis?variant=gid://shopify/ProductVariant/46285166837982
2026-07-30 07:17:04,AD Mesh Necklace with Studs in 5 Colours ( Price for Each ),Ruby,1335,649.0,Sale,1,4,3,https://www.daivik.in/products/ad-mesh-necklace-with-studs-in-5-colours-price-for-each?variant=gid://shopify/ProductVariant/47669942190302
2026-07-30 07:47:03,Trisha Mam Inspired AD Necklace with Earrings in Two Colors (Price for Each),Dark Green,975,1299.0,Sale,1,2,1,https://www.daivik.in/products/trisha-mam-inspired-ad-necklace-with-earrings-in-two-colors-price-for-each?variant=gid://shopify/ProductVariant/48417802617054
2026-07-30 08:17:01,Simple Mangalsutra With stones,Default Title,670,1099.0,Sale,1,39,38,https://www.daivik.in/products/1-4?variant=gid://shopify/ProductVariant/42679325982942
2026-07-30 08:17:01,Antique Lakshmi Pearl Hanging Necklace with Balis,Default Title,870,3599.0,Sale,1,9,8,https://www.daivik.in/products/antique-lakshmi-pearl-hanging-necklace-with-balis?variant=gid://shopify/ProductVariant/47797500575966
2026-07-30 08:32:18,AD Flower Hipchain in 4 Colors (Price for Each),Purple,1633,1699.0,Sale,1,20,19,https://www.daivik.in/products/ad-flower-hipchain-in-4-colors-price-for-each?variant=gid://shopify/ProductVariant/47088042770654
2026-07-30 08:32:18,AD Floral Anklets,Default Title,1750,1499.0,Sale,1,24,23,https://www.daivik.in/products/ad-floral-anklets?variant=gid://shopify/ProductVariant/47722057924830
2026-07-30 08:32:18,Invisible Ganesha Chain in Two Colors,Dark Green,672,999.0,Sale,1,8,7,https://www.daivik.in/products/invisible-green-ganesha-chain?variant=gid://shopify/ProductVariant/48447550357726
2026-07-30 09:02:30,"Jyothika Mam Inspired AD Green Pendant Necklace (Prices for Short, Long and Combo)",Short,1295,799.0,Sale,1,32,31,https://www.daivik.in/products/jyothika-mam-inspired-ad-green-pendant-necklace?variant=gid://shopify/ProductVariant/47092708573406
2026-07-30 10:17:17,Simple Ruby Green Flower Anklet,Default Title,1504,599.0,Sale,1,21,20,https://www.daivik.in/products/simple-ruby-green-flower-anklet?variant=gid://shopify/ProductVariant/45977990037726
2026-07-30 10:32:19,Bridal  kemp silver replica Jhumkas,Default Title,850,2199.0,Sale,1,45,44,https://www.daivik.in/products/bridal-pure-kemp-silver-replica-jhumkas?variant=gid://shopify/ProductVariant/41025901461657
2026-07-30 10:32:19,Set of 6 Kemp AD bangles,2.4,988,1699.0,Sale,1,8,7,https://www.daivik.in/products/set-of-6-kemp-ad-bangles?variant=gid://shopify/ProductVariant/42314249076958
2026-07-30 10:47:13,Kids/Adults mini choker,Default Title,768,1499.0,Sale,1,3,2,https://www.daivik.in/products/kids-mini-choker?variant=gid://shopify/ProductVariant/40510053089433
2026-07-30 10:47:13,Elakkathali Ruby Choker with Earrings,Default Title,485,899.0,Restock,10,0,10,https://www.daivik.in/products/elakkathali-ruby-choker-with-earrings?variant=gid://shopify/ProductVariant/48403799408862
2026-07-30 10:47:13,Circular Lotus Hanging Pearl Earrings,Default Title,1936,1199.0,New Arrival,11,0,11,https://www.daivik.in/products/circular-lotus-hanging-pearl-earrings?variant=gid://shopify/ProductVariant/48524779716830
2026-07-30 11:02:26,Guttaspusalu Short Mango Haram with Earrings,Default Title,853,3199.0,Sale,1,15,14,https://www.daivik.in/products/guttaspusalu-short-mango-haram-with-earrings?variant=gid://shopify/ProductVariant/44559212511454
2026-07-30 11:02:26,Victorian Choker with Necklace,Green,574,1799.0,Sale,1,11,10,https://www.daivik.in/products/untitled-jun12_20-33?variant=gid://shopify/ProductVariant/45527341793502
2026-07-30 11:02:26,AD Droplet Pendant Mangalsutra with Studs,Default Title,1243,799.0,Sale,1,50,49,https://www.daivik.in/products/ad-droplet-pendant-mangalsutra-with-studs?variant=gid://shopify/ProductVariant/46508274385118
2026-07-30 11:17:14,AD Changeable Simple Gold Finish Necklace with Changeable Earrings,Default Title,778,1099.0,Sale,1,30,29,https://www.daivik.in/products/ad-changeable-simple-gold-finish-necklace-with-changeable-earrings?variant=gid://shopify/ProductVariant/44544110330078
2026-07-30 11:17:14,AD Hasli Ruby Green Necklace with Balis,Default Title,1216,699.0,Sale,1,6,5,https://www.daivik.in/products/ad-hasli-ruby-green-necklace-with-balis?variant=gid://shopify/ProductVariant/46285166837982
2026-07-30 11:32:21,Simple Ruby and pearl choker with earrings,Default Title,538,999.0,Sale,1,31,30,https://www.daivik.in/products/a-327?variant=gid://shopify/ProductVariant/43546226196702
2026-07-30 11:32:21,CZ Antique Real Kemp Hair Clip,Default Title,1561,1499.0,Sale,1,28,27,https://www.daivik.in/products/cz-antique-real-kemp-hair-clip?variant=gid://shopify/ProductVariant/46307458285790
2026-07-30 11:32:21,Kids Flower Jhumkas,Default Title,1731,699.0,Sale,1,16,15,https://www.daivik.in/products/kids-flower-jhumkas?variant=gid://shopify/ProductVariant/47673188483294
2026-07-30 11:32:21,Elakkathali Ruby Choker with Earrings,Default Title,485,899.0,Sale,2,10,8,https://www.daivik.in/products/elakkathali-ruby-choker-with-earrings?variant=gid://shopify/ProductVariant/48403799408862
2026-07-30 11:47:09,AD Leaf Pattern Small Earcuff,Default Title,1898,799.0,Sale,1,17,16,https://www.daivik.in/products/ad-leaf-pattern-small-earcuff?variant=gid://shopify/ProductVariant/48292120756446
2026-07-30 12:02:43,Heritage Watch Bracelet,Default Title,4028,3499.0,Sale,1,17,16,https://www.daivik.in/products/heritage-watch-bracelet-7?variant=gid://shopify/ProductVariant/48128940703966
2026-07-30 12:32:28,Lotus Saree Pin,Default Title,1779,499.0,Sale,1,4,3,https://www.daivik.in/products/lotus-saree-pin?variant=gid://shopify/ProductVariant/47821116834014
2026-07-30 12:32:28,Pure Kemp Brass Lotus Choti,Default Title,1846,999.0,Sale,1,34,33,https://www.daivik.in/products/pure-kemp-brass-lotus-choti-1?variant=gid://shopify/ProductVariant/48049628709086
2026-07-30 12:47:10,Lakshmi Cluster Pearl Hasli Necklace with Earrings,Default Title,1219,1299.0,Sale,1,26,25,https://www.daivik.in/products/lakshmi-cluster-pearl-hasli-necklace-with-earrings?variant=gid://shopify/ProductVariant/46293338882270
2026-07-30 12:47:10,Lakshmi Antique Choker with Studs,Default Title,1319,1299.0,Sale,1,15,14,https://www.daivik.in/products/lakshmi-antique-choker-with-studs?variant=gid://shopify/ProductVariant/47461641388254
2026-07-30 13:02:39,White stone bangles (4 bangles),2.8,951,999.0,Sale,1,8,7,https://www.daivik.in/products/white-stone-bangles-4-bangles?variant=gid://shopify/ProductVariant/42060609192158
2026-07-30 13:02:39,Diamond Look alike Floral Necklace with Earrings,Default Title,1293,599.0,Sale,1,50,49,https://www.daivik.in/products/diamond-look-alike-floral-necklace-with-earrings?variant=gid://shopify/ProductVariant/47058250170590
2026-07-30 13:17:05,3 line pearl Kemp pendant Haram with Earrings,Default Title,382,2799.0,Sale,1,17,16,https://www.daivik.in/products/3-line-pearl-kemp-pendant-haram-with-earrings?variant=gid://shopify/ProductVariant/44730808860894
2026-07-30 13:17:05,AD Droplet Pendant Mangalsutra with Studs,Default Title,1243,799.0,Sale,1,49,48,https://www.daivik.in/products/ad-droplet-pendant-mangalsutra-with-studs?variant=gid://shopify/ProductVariant/46508274385118
2026-07-30 13:17:05,Temple Lakshmi Bridal Bangles Combo (Price for Both Hands),2.6,1659,5499.0,Sale,1,7,6,https://www.daivik.in/products/temple-lakshmi-bangles?variant=gid://shopify/ProductVariant/47465039855838
2026-07-30 13:17:05,Elakkathali Ruby Choker with Earrings,Default Title,485,899.0,Sale,1,8,7,https://www.daivik.in/products/elakkathali-ruby-choker-with-earrings?variant=gid://shopify/ProductVariant/48403799408862
2026-07-30 13:17:05,Elakkathali Coin Ruby Green Choker with Earrings,Default Title,602,899.0,Sale,1,34,33,https://www.daivik.in/products/elakkathali-coin-ruby-green-choker-with-earrings?variant=gid://shopify/ProductVariant/48437245870302
2026-07-30 13:32:29,Simple Mangalsutra With stones,Default Title,670,1099.0,Sale,1,38,37,https://www.daivik.in/products/1-4?variant=gid://shopify/ProductVariant/42679325982942
2026-07-30 13:32:29,Simple AD Mangalsutra,Default Title,734,1099.0,Sale,1,5,4,https://www.daivik.in/products/a-79?variant=gid://shopify/ProductVariant/42832236970206
2026-07-30 13:32:29,"Jyothika Mam Inspired AD Green Pendant Necklace (Prices for Short, Long and Combo)",Short,1295,799.0,Sale,1,31,30,https://www.daivik.in/products/jyothika-mam-inspired-ad-green-pendant-necklace?variant=gid://shopify/ProductVariant/47092708573406
2026-07-30 14:02:39,Simple lotus kemp anklets,Default Title,622,899.0,Sale,1,4,3,https://www.daivik.in/products/a-120?variant=gid://shopify/ProductVariant/44243143786718
2026-07-30 14:02:39,AD White Stone bangles (Price for a pair),2.4,689,699.0,Sale,1,42,41,https://www.daivik.in/products/ad-white-stone-bangles-price-for-a-pair?variant=gid://shopify/ProductVariant/44353752793310
2026-07-30 14:02:39,Victorian purple Stone Bangles,2.4,704,799.0,Sale,1,15,14,https://www.daivik.in/products/victorian-purple-stone-bangles?variant=gid://shopify/ProductVariant/45478432342238
2026-07-30 14:02:39,Elakkathali Ruby Choker with Earrings,Default Title,485,899.0,Sale,2,7,5,https://www.daivik.in/products/elakkathali-ruby-choker-with-earrings?variant=gid://shopify/ProductVariant/48403799408862
2026-07-30 14:32:22,Designer Leaf Stone Necklace with earrings,Default Title,796,1299.0,Sale,1,27,26,https://www.daivik.in/products/designer-leaf-stone-necklace-with-earrings?variant=gid://shopify/ProductVariant/40700565422233
2026-07-30 14:32:22,Ruby Lakshmi Bangle Combo (Price for Both Hands),2.6,1930,4999.0,Sale,1,2,1,https://www.daivik.in/products/ruby-lakshmi-bangle-combo?variant=gid://shopify/ProductVariant/48446047060190
2026-07-30 15:17:29,Simple Ruby and pearl choker with earrings,Default Title,538,999.0,Sale,1,30,29,https://www.daivik.in/products/a-327?variant=gid://shopify/ProductVariant/43546226196702
2026-07-30 15:32:28,"Jyothika Mam Inspired AD Green Pendant Necklace (Prices for Short, Long and Combo)",Short,1295,799.0,Sale,1,30,29,https://www.daivik.in/products/jyothika-mam-inspired-ad-green-pendant-necklace?variant=gid://shopify/ProductVariant/47092708573406
2026-07-30 15:32:28,Simple flower Antique Bugadi in 2 Colours (Price for Each),Ruby,1800,499.0,Sale,1,39,38,https://www.daivik.in/products/simple-flower-antique-bugadi-in-2-colours?variant=gid://shopify/ProductVariant/47858170101982
2026-07-30 15:47:07,Ghungroo Hipbelt in 2 variants,White pearl,967,2099.0,Sale,1,2,1,https://www.daivik.in/products/ghungroo-hipbelt-in-2-variants?variant=gid://shopify/ProductVariant/42121213542622
2026-07-30 15:47:07,"Ruby Guttapusalu Necklace with earrings (Price for Combo, Short and Long)",Combo,962,4199.0,Sale,1,2,1,https://www.daivik.in/products/ruby-guttapusalu-necklace-with-earrings?variant=gid://shopify/ProductVariant/47292618735838
2026-07-30 15:47:07,Coral AD Green Stone Necklace with Studs,Default Title,1119,1599.0,Sale,1,24,23,https://www.daivik.in/products/coral-ad-green-stone-necklace-with-studs?variant=gid://shopify/ProductVariant/45915404501214
2026-07-30 15:47:07,Three line Green & golden beads Chain,Default Title,1204,999.0,Sale,1,51,50,https://www.daivik.in/products/three-line-green-golden-beads-chain?variant=gid://shopify/ProductVariant/46238039572702
2026-07-30 15:47:07,Invisible Kemp Ruby Chain with Earrings,Default Title,1262,799.0,Sale,1,3,2,https://www.daivik.in/products/invisible-kemp-ruby-chain-with-earrings?variant=gid://shopify/ProductVariant/46685345841374
2026-07-30 15:47:07,Jathi Malli Pink Shade Flower Reusable Gajra,8 Inches String - Half Moolam,3501,1299.0,Sale,1,11,10,https://www.daivik.in/products/jathi-malli-pink-shade-flower-reusable-gajra-16-inches?variant=gid://shopify/ProductVariant/47542602006750
2026-07-30 16:02:43,Elakkathali Ruby Choker with Earrings,Default Title,485,899.0,Sale,1,5,4,https://www.daivik.in/products/elakkathali-ruby-choker-with-earrings?variant=gid://shopify/ProductVariant/48403799408862
2026-07-30 16:07:53,Kids / Adult Kemp Jhumkas,Default Title,1777,799.0,Sale,1,13,12,https://www.daivik.in/products/kids-adult-kemp-jhumkas?variant=gid://shopify/ProductVariant/47821038485726
2026-07-30 16:07:53,Victorian Moissanite Flower Necklace with Earrings,Default Title,1236,4299.0,New Arrival,2,0,2,https://www.daivik.in/products/victorian-moissanite-flower-necklace-with-earrings?variant=gid://shopify/ProductVariant/48525556285662
2026-07-30 16:17:03,Traditional Teeka in 2 variants,2,756,699.0,Sale,1,14,13,https://www.daivik.in/products/traditional-teeka-in-2-variants-1?variant=gid://shopify/ProductVariant/40399475310745
2026-07-30 16:17:03,Embossed Simple Lakshmi Hipbelt,Default Title,504,2999.0,Sale,1,27,26,https://www.daivik.in/products/a-56?variant=gid://shopify/ProductVariant/44145944592606
2026-07-30 16:17:03,"Ruby Guttapusalu Necklace with earrings (Price for Combo, Short and Long)",Short,962,1499.0,Sale,1,46,45,https://www.daivik.in/products/ruby-guttapusalu-necklace-with-earrings?variant=gid://shopify/ProductVariant/47292618768606
2026-07-30 16:32:29,AD Gold finish Bangles,2.4,816,1499.0,Sale,1,50,49,https://www.daivik.in/products/ad-gold-finish-bangles?variant=gid://shopify/ProductVariant/44223373410526
2026-07-30 16:32:29,Kemp Peacock AD Flower pendant chain with jhumkas,Default Title,291,799.0,Sale,1,39,38,https://www.daivik.in/products/kemp-peacock-ad-flower-pendant-chain-with-jhumkas?variant=gid://shopify/ProductVariant/45488983998686
2026-07-30 16:32:29,Antique Jadau Green Beads Long chain with Earrings,Default Title,830,1799.0,Sale,1,30,29,https://www.daivik.in/products/antique-jadau-green-beads-long-chain-with-earrings?variant=gid://shopify/ProductVariant/47047999455454
2026-07-30 16:32:29,Diwali Sale Bangles D25727,2.4,D25727,799.0,Sold Out,1,1,0,https://www.daivik.in/products/diwali-sale-bangles-d25727?variant=gid://shopify/ProductVariant/47542915989726
2026-07-30 16:47:04,Circular Lotus Hanging Pearl Earrings,Default Title,1936,1199.0,Sale,1,11,10,https://www.daivik.in/products/circular-lotus-hanging-pearl-earrings?variant=gid://shopify/ProductVariant/48524779716830
2026-07-30 17:02:41,AD RubyGreen Jhumkas with attached Mattals,Default Title,920,999.0,Sale,1,23,22,https://www.daivik.in/products/ad-rubygreen-jhumkas-with-attached-mattel-s?variant=gid://shopify/ProductVariant/45363709771998
2026-07-30 17:02:41,Victorian purple Stone Bangles,2.6,704,799.0,Sale,1,25,24,https://www.daivik.in/products/victorian-purple-stone-bangles?variant=gid://shopify/ProductVariant/45478432375006
2026-07-30 17:02:41,Elakkathali Ruby Choker with Earrings,Default Title,485,899.0,Sale,1,4,3,https://www.daivik.in/products/elakkathali-ruby-choker-with-earrings?variant=gid://shopify/ProductVariant/48403799408862
2026-07-30 17:02:41,Premium AD Curve Diamond Look Alike Kada,Default Title,1922,699.0,Sale,1,29,28,https://www.daivik.in/products/premium-ad-curve-design-kada?variant=gid://shopify/ProductVariant/48415688229086
2026-07-30 17:17:06,Lakshmi Coin Ruby Necklac,Default Title,1251,999.0,Sale,1,48,47,https://www.daivik.in/products/lakshmi-coin-ruby-necklace?variant=gid://shopify/ProductVariant/46618661748958
2026-07-30 17:17:06,Antique Bridal Jhumkas with Three Line Mattals,Default Title,1641,3499.0,Sale,1,3,2,https://www.daivik.in/products/antique-bridal-jhumkas-with-three-line-mattals?variant=gid://shopify/ProductVariant/47259631878366
2026-07-30 17:17:06,Pure Kemp Brass Nose Pin in 3 Colors (Price for Each),White,1772,599.0,Sale,1,33,32,https://www.daivik.in/products/pure-kemp-brass-nose-pin-in-3-colors-price-for-each?variant=gid://shopify/ProductVariant/47796909801694
2026-07-30 17:17:06,AD Non Piercing Nosepin in 3 Colors (Price for Each),Ruby,1913,299.0,Sale,1,50,49,https://www.daivik.in/products/ad-non-piercing-nosepin-in-3-colors-price-for-each?variant=gid://shopify/ProductVariant/48341912387806
2026-07-30 17:32:17,Uncut Kemp Haram with Balis,Default Title,29,1999.0,Sale,1,10,9,https://www.daivik.in/products/29?variant=gid://shopify/ProductVariant/32600664506427
2026-07-30 17:32:17,Antique Polish Temple Jhumkas,Default Title,86,1799.0,Sale,1,42,41,https://www.daivik.in/products/86?variant=gid://shopify/ProductVariant/32623656271931
2026-07-30 17:32:17,Regular Use Stone Set Of Four Bangles,2.6,199,1499.0,Sale,1,19,18,https://www.daivik.in/products/199?variant=gid://shopify/ProductVariant/34430554505369
2026-07-30 17:32:17,Regular Use Kemp Stone Bangles,2.4,262,899.0,Sale,1,15,14,https://www.daivik.in/products/regular-use-kemp-stone-bangles?variant=gid://shopify/ProductVariant/34489888637081
2026-07-30 17:32:17,Lakshmi Ruby Green bangles (Set of 4),2.6,908,1299.0,Sale,1,12,11,https://www.daivik.in/products/lakshmi-rubygreen-bangles-set-of-4?variant=gid://shopify/ProductVariant/45355639931102
2026-07-30 17:32:17,Heritage Watch Bracelet,Default Title,4024,3199.0,Sale,1,37,36,https://www.daivik.in/products/heritage-watch-bracelet-5?variant=gid://shopify/ProductVariant/48128940572894
2026-07-30 17:32:17,Diamond Look Alike Pendant Hasli Necklace with Earrings,Default Title,785,2399.0,Sale,1,41,40,https://www.daivik.in/products/diamond-look-alike-pendant-hasli-necklace-with-earrings?variant=gid://shopify/ProductVariant/48281809715422
2026-07-30 17:32:17,3D Ganesha Invisible chain with Earrings,Default Title,562,799.0,Sale,1,10,9,https://www.daivik.in/products/3d-ganesha-invisible-chain-with-earrings?variant=gid://shopify/ProductVariant/48337665851614
2026-07-30 17:32:17,Invisible Ganesha Chain in Two Colors,Dark Green,672,999.0,Sale,1,7,6,https://www.daivik.in/products/invisible-green-ganesha-chain?variant=gid://shopify/ProductVariant/48447550357726
2026-07-30 17:32:17,Premium Floral AD Kada (Fits 2.2 & 2.4),Default Title,1925,699.0,Sale,1,45,44,https://www.daivik.in/products/premium-floral-ad-kada-fits-2-2-2-4?variant=gid://shopify/ProductVariant/48429714374878
2026-07-30 17:32:17,Pure kemp Brass Lakshmi Bridal Hipbelt\,Default Title,133,8999.0,Sold Out,1,1,0,https://www.daivik.in/products/pure-kemp-brass-lakshmi-bridal-hipbelt?variant=gid://shopify/ProductVariant/42484457537758
2026-07-30 17:32:17,"Nita Ambani Mam Inspired Balaji Pure Kemp Brass Guttapusalu Necklace with Jhumkas (Seprate price for Short, Long and Combo)",Combo,1279,12499.0,Sold Out,1,1,0,https://www.daivik.in/products/nita-ambani-mam-inspired-balaji-pure-kemp-brass-guttapusalu-necklace-with-jhumkas-seprate-price-for-short-long-and-combo?variant=gid://shopify/ProductVariant/46996613333214
2026-07-30 17:46:59,Simple Peacock Necklace With Earrings,Default Title,278,1299.0,Sale,1,2,1,https://www.daivik.in/products/simple-peacock-necklace-with-earrings?variant=gid://shopify/ProductVariant/43842126905566
2026-07-30 17:46:59,Mini version of the Big size jhumkas,Default Title,838,999.0,Sale,1,53,52,https://www.daivik.in/products/mini-version-of-the-big-size-jhumkas?variant=gid://shopify/ProductVariant/44757040464094
2026-07-30 17:46:59,AD Doublet stone Designer Earrings,White,102,999.0,Sale,1,23,22,https://www.daivik.in/products/ad-doublet-stone-designer-earrings?variant=gid://shopify/ProductVariant/45291773722846
2026-07-30 18:02:43,Hasli Choker with Jhumkas,Purple,510,1199.0,Sale,1,7,6,https://www.daivik.in/products/untitled-may26_18-32?variant=gid://shopify/ProductVariant/45429015412958
2026-07-30 18:02:43,AD Ruby Green Pendant Long Haram,Green,1133,2599.0,Sale,1,30,29,https://www.daivik.in/products/ad-ruby-green-pendant-long-haram?variant=gid://shopify/ProductVariant/46264545312990
2026-07-30 18:02:43,AD Pendant Flower Necklace with Earrings,Default Title,1266,1699.0,Sale,1,10,9,https://www.daivik.in/products/ad-pendant-flower-necklace-with-earrings?variant=gid://shopify/ProductVariant/46813927243998
2026-07-30 18:02:43,Invisible Circle AD Chain with Earrings,Ruby Green,1298,699.0,Sale,1,2,1,https://www.daivik.in/products/invisible-circle-ad-chain-with-earrings?variant=gid://shopify/ProductVariant/47653875679454
2026-07-30 18:02:43,Two Line swarovski pearl mala,Default Title,1327,999.0,Sale,1,53,52,https://www.daivik.in/products/two-line-swarovski-pearl-mala?variant=gid://shopify/ProductVariant/47621545787614
2026-07-30 18:02:43,Moissanite Mesh Bracelet in 3 Colors (Price for each),Green,1770,999.0,Sale,1,14,13,https://www.daivik.in/products/moissanite-mesh-bracelet-in-3-colors-price-for-each?variant=gid://shopify/ProductVariant/47793500094686
2026-07-30 18:02:43,Heritage Watch Bracelet,Default Title,4029,1699.0,Sale,1,45,44,https://www.daivik.in/products/heritage-watch-bracelet-8?variant=gid://shopify/ProductVariant/48128940736734
2026-07-30 18:02:43,Elakkathali Ruby Choker with Earrings,Default Title,485,899.0,Sale,1,3,2,https://www.daivik.in/products/elakkathali-ruby-choker-with-earrings?variant=gid://shopify/ProductVariant/48403799408862
2026-07-30 18:17:17,Lakshmi Antique Choker with Studs,Default Title,1319,1299.0,Sale,1,14,13,https://www.daivik.in/products/lakshmi-antique-choker-with-studs?variant=gid://shopify/ProductVariant/47461641388254
2026-07-30 18:17:17,AD Designer Openable Kada,Default Title,1700,499.0,Sale,1,48,47,https://www.daivik.in/products/ad-designer-openable-kada?variant=gid://shopify/ProductVariant/47564482576606
2026-07-30 18:17:17,Elakkathali Ruby Choker with Earrings,Default Title,485,899.0,Sale,1,2,1,https://www.daivik.in/products/elakkathali-ruby-choker-with-earrings?variant=gid://shopify/ProductVariant/48403799408862
2026-07-30 18:32:24,Antique Pure Kemp Hasli Necklace with Balis,Default Title,947,7699.0,Sale,1,4,3,https://www.daivik.in/products/antique-pure-kemp-hasli-necklace-with-balis?variant=gid://shopify/ProductVariant/48393036169438
2026-07-30 18:32:24,Classic AD Droplet Jhumkas,Default Title,1933,699.0,Sale,1,31,30,https://www.daivik.in/products/classic-ad-droplet-jhumkas?variant=gid://shopify/ProductVariant/48465634394334
2026-07-30 18:47:07,Pure kemp antique teeka,Default Title,549,1499.0,Sale,1,32,31,https://www.daivik.in/products/pure-kemp-antique-teeka?variant=gid://shopify/ProductVariant/37826102591641
2026-07-30 18:47:07,Traditional Teeka in 2 variants,1,756,799.0,Sale,2,12,10,https://www.daivik.in/products/traditional-teeka-in-2-variants-1?variant=gid://shopify/ProductVariant/40399475277977
2026-07-30 18:47:07,AD Hasli Ruby Green Necklace with Balis,Default Title,1216,699.0,Sale,1,5,4,https://www.daivik.in/products/ad-hasli-ruby-green-necklace-with-balis?variant=gid://shopify/ProductVariant/46285166837982
2026-07-30 19:02:32,Five Layered Pearl Mala with Earrings,Default Title,559,499.0,Sale,1,53,52,https://www.daivik.in/products/five-layered-pearl-mala?variant=gid://shopify/ProductVariant/45118408720606
2026-07-30 19:02:32,Kemp pastel Beads Necklace with Earrings,Default Title,1221,999.0,Sale,1,53,52,https://www.daivik.in/products/kemp-pastel-beads-necklace-with-earrings?variant=gid://shopify/ProductVariant/46297625559262
2026-07-30 19:02:32,Kids / Adult Antique AD Green Jhumkas,Default Title,1888,799.0,Sale,1,43,42,https://www.daivik.in/products/kids-adult-antique-ad-green-jhumkas?variant=gid://shopify/ProductVariant/48276351320286
2026-07-30 19:32:41,Simple Nose Pin/Nath,Default Title,1818,299.0,Sale,1,13,12,https://www.daivik.in/products/simple-nose-pin-nath?variant=gid://shopify/ProductVariant/47916122767582
2026-07-30 20:02:37,AD Green Peacock Pendant Long Necklace with Earrings,Default Title,1265,7999.0,Sale,1,3,2,https://www.daivik.in/products/ad-green-peacock-pendant-long-necklace-with-earrings?variant=gid://shopify/ProductVariant/46790818693342
2026-07-30 20:02:37,Lakshmi Antique Choker with Studs,Default Title,1319,1299.0,Sale,1,13,12,https://www.daivik.in/products/lakshmi-antique-choker-with-studs?variant=gid://shopify/ProductVariant/47461641388254
2026-07-30 20:02:37,Pure Kemp Brass Lakshmi Short and Long Mango Necklace with Earrings,Short and Long,788,15999.0,Sale,1,3,2,https://www.daivik.in/products/pure-kemp-brass-lakshmi-short-and-long-mango-necklace-with-earrings?variant=gid://shopify/ProductVariant/47628177899742
2026-07-30 20:02:37,Classic Guttapusalu Cluster Pearl Choker with Balis,Default Title,1383,2399.0,Sale,1,36,35,https://www.daivik.in/products/classic-guttapusalu-cluster-pearl-choker-with-balis?variant=gid://shopify/ProductVariant/48161484210398
2026-07-30 20:02:37,Victorian Green Bangle Combo (Price for Both Hands),2.6,1931,3299.0,Sale,1,2,1,https://www.daivik.in/products/victorian-green-bangle-combo?variant=gid://shopify/ProductVariant/48453374378206
2026-07-30 20:02:37,Elakkathali Ruby Choker with Earrings,Default Title,485,899.0,Sold Out,1,1,0,https://www.daivik.in/products/elakkathali-ruby-choker-with-earrings?variant=gid://shopify/ProductVariant/48403799408862
2026-07-30 20:17:13,Multicolour Kundan Layered Haram with earrings,Default Title,374,1999.0,Sale,1,29,28,https://www.daivik.in/products/multicolour-kundan-layered-haram-with-earrings?variant=gid://shopify/ProductVariant/44181787771102
2026-07-30 20:17:13,Five Layered Pearl Mala with Earrings,Default Title,559,499.0,Sale,1,52,51,https://www.daivik.in/products/five-layered-pearl-mala?variant=gid://shopify/ProductVariant/45118408720606
2026-07-30 20:17:13,Hasli AD Necklace with Earrings in 2 Colors (Price for Each),Green,1229,1399.0,Sale,1,47,46,https://www.daivik.in/products/hasli-ad-necklace-with-earrings-in-2-colors?variant=gid://shopify/ProductVariant/46308331061470
2026-07-30 20:17:13,Xuping Ruby Green Pendant with Earrings,Default Title,443,1799.0,Sale,1,17,16,https://www.daivik.in/products/xubin-ruby-green-pendant-with-earrings?variant=gid://shopify/ProductVariant/46326215901406
2026-07-30 20:17:13,Black Thread Rice Pearl Guttapusalu Necklace with Earrings,Default Title,726,2299.0,Sale,1,13,12,https://www.daivik.in/products/black?variant=gid://shopify/ProductVariant/46636597051614
2026-07-30 20:17:13,Invisible Flower Chain with Earrings,Default Title,871,799.0,Sale,1,24,23,https://www.daivik.in/products/invisible-flower-chain-with-earrings?variant=gid://shopify/ProductVariant/47043956310238
2026-07-30 20:17:13,Kemp Bangle Combo (Price for Both Hands),2.4,1804,2999.0,Sale,1,3,2,https://www.daivik.in/products/b-3?variant=gid://shopify/ProductVariant/47880825471198
2026-07-30 20:17:13,Diamond Look Alike Hasli Necklace with Earrings,Default Title,1388,1399.0,Sale,1,22,21,https://www.daivik.in/products/a-31?variant=gid://shopify/ProductVariant/48267346772190
2026-07-30 20:46:52,Simple Peacock Necklace With Earrings,Default Title,278,1299.0,Sold Out,1,1,0,https://www.daivik.in/products/simple-peacock-necklace-with-earrings?variant=gid://shopify/ProductVariant/43842126905566
2026-07-30 21:02:34,Set of 6 Kemp AD bangles,2.4,988,1699.0,Sale,1,7,6,https://www.daivik.in/products/set-of-6-kemp-ad-bangles?variant=gid://shopify/ProductVariant/42314249076958
2026-07-30 22:32:38,Victorian Elephant Simple choker in 3 Colours,Purple,1324,1399.0,Sale,1,7,6,https://www.daivik.in/products/victorian-elephant-simple-choker-in-3-colours?variant=gid://shopify/ProductVariant/47550046240990
2026-07-30 23:47:07,Pure Jadau Kemp Half Moon Necklace with Earrings,Default Title,566,8499.0,Sale,1,10,9,https://www.daivik.in/products/pure-jadau-half-moon-necklace-with-earrings?variant=gid://shopify/ProductVariant/44363493933278
2026-07-30 23:47:07,Antique Ruby Green Hipchain in 3 Styles (Price for Each),Golden Beads,1822,6499.0,Sold Out,1,1,0,https://www.daivik.in/products/antique-ruby-green-hipchain-in-3-styles?variant=gid://shopify/ProductVariant/47916989251806
2026-07-30 23:47:07,Victorian Bridal Short and Long Combo Necklace with Earrings,Default Title,197,11999.0,Sold Out,1,1,0,https://www.daivik.in/products/victorian-bridal-short-and-long-combo-necklace-with-earrings?variant=gid://shopify/ProductVariant/48424071037150
2026-07-31 02:17:08,Kemp Antique Jadau Choker set with Studs,Default Title,893,2999.0,Sale,1,27,26,https://www.daivik.in/products/kemp-antique-jadau-choker-set-with-studs?variant=gid://shopify/ProductVariant/44575726502110
2026-07-31 02:17:08,3D Flower Choker/Necklace with Earrings,Default Title,436,649.0,Sale,1,38,37,https://www.daivik.in/products/3d-flower-choker-necklace-with-earrings?variant=gid://shopify/ProductVariant/45871027224798
2026-07-31 03:17:00,Kemp Lotus Ghungroo beads Adigai with Jhumkas,Default Title,111,1399.0,Sale,1,10,9,https://www.daivik.in/products/kemp-lotus-ghungroo-beads-adigai-with-jhumkas?variant=gid://shopify/ProductVariant/45453369540830
2026-07-31 03:17:00,Antique Lakshmi Jada Billa (Price for 1 pc),Default Title,1918,499.0,Sale,6,18,12,https://www.daivik.in/products/antique-lakshmi-jada-billa-price-for-1-pc?variant=gid://shopify/ProductVariant/48378829111518
2026-07-31 03:17:00,Victorian Bridal Short and Long Combo Necklace with Earrings,Default Title,197,11999.0,Restock,1,0,1,https://www.daivik.in/products/victorian-bridal-short-and-long-combo-necklace-with-earrings?variant=gid://shopify/ProductVariant/48424071037150
2026-07-31 03:32:21,Kids/Adults mini choker,Default Title,768,1499.0,Sale,1,2,1,https://www.daivik.in/products/kids-mini-choker?variant=gid://shopify/ProductVariant/40510053089433
2026-07-31 03:32:21,Simple Mangalsutra With stones,Default Title,670,1099.0,Sale,1,37,36,https://www.daivik.in/products/1-4?variant=gid://shopify/ProductVariant/42679325982942
2026-07-31 03:32:21,"Pure Kemp Brass Floral Circle Short and Long Necklace with Earrings (Available in Short,Long and Combo)",Short,594,8499.0,Sale,1,4,3,https://www.daivik.in/products/pure-kemp-brass-floral-circle-short-and-long-necklace-with-earrings-available-in-short-long-and-combo?variant=gid://shopify/ProductVariant/48244285964510
2026-07-31 03:46:54,Flower uncut kemp Mattals,Default Title,688,1499.0,Sale,1,5,4,https://www.daivik.in/products/flower-uncut-kemp-mattals?variant=gid://shopify/ProductVariant/39665913430169
2026-07-31 03:46:54,Cluster Pearl Necklace with earrings ( Price for each),Golden Pearl,257,1499.0,Sale,1,26,25,https://www.daivik.in/products/a-2?variant=gid://shopify/ProductVariant/44437456486622
2026-07-31 03:46:54,Kemp Lotus Ghungroo beads Adigai with Jhumkas,Default Title,111,1399.0,Sale,1,9,8,https://www.daivik.in/products/kemp-lotus-ghungroo-beads-adigai-with-jhumkas?variant=gid://shopify/ProductVariant/45453369540830
2026-07-31 03:46:54,Diamond Look Alike Hasli Necklace with Earrings,Default Title,1388,1399.0,Sale,1,21,20,https://www.daivik.in/products/a-31?variant=gid://shopify/ProductVariant/48267346772190
2026-07-31 04:02:33,Simple and small pure kemp jhumkas,Default Title,656,1199.0,Sale,1,21,20,https://www.daivik.in/products/simple-and-small-pure-kemp-jhumkas?variant=gid://shopify/ProductVariant/39434836574361
2026-07-31 04:17:01,AD Changeable Simple Gold Finish Necklace with Changeable Earrings,Default Title,778,1099.0,Sale,1,29,28,https://www.daivik.in/products/ad-changeable-simple-gold-finish-necklace-with-changeable-earrings?variant=gid://shopify/ProductVariant/44544110330078
2026-07-31 04:17:01,Antique Elegant Pearl Ruby Green Lakshmi Necklace with Earrings,Default Title,657,999.0,Sale,1,21,20,https://www.daivik.in/products/antique-elegant-pearl-ruby-green-lakshmi-necklace-with-earrings?variant=gid://shopify/ProductVariant/45969739677918
2026-07-31 04:17:01,Simple AD Flower Choker with Earrings in 5 Colors (Price for Each),Turquoise,880,799.0,Sale,1,4,3,https://www.daivik.in/products/simple-ad-choker-with-earrings-in-5-colors?variant=gid://shopify/ProductVariant/48078267810014
2026-07-31 04:32:16,Simple AD Choker with Studds (Price for Each),Pink,620,399.0,Sale,1,52,51,https://www.daivik.in/products/simple-ad-choker-with-studds?variant=gid://shopify/ProductVariant/47448853938398
2026-07-31 04:32:16,Simple AD Pendant Necklace with Earrings,Default Title,1345,1099.0,Sale,1,56,55,https://www.daivik.in/products/simple-ad-pendant-necklace-with-earrings-1?variant=gid://shopify/ProductVariant/47720151482590
2026-07-31 04:32:16,Invisible Ganesha Chain in Two Colors,Dark Green,672,999.0,Sale,1,6,5,https://www.daivik.in/products/invisible-green-ganesha-chain?variant=gid://shopify/ProductVariant/48447550357726
2026-07-31 04:47:11,Simple kemp Adigai in 2 colours,Default Title,580,1299.0,Sale,1,6,5,https://www.daivik.in/products/simple-kemp-adigai-in-2-colours?variant=gid://shopify/ProductVariant/46111832441054
2026-07-31 04:47:11,Premium Traditional Pure Kemp Brass Garudan Long Necklace with Lakshmi Coin Drops,Default Title,276,9999.0,Sold Out,6,6,0,https://www.daivik.in/products/premium-traditional-pure-kemp-brass-phoenix-long-necklace-with-lakshmi-coin-drops?variant=gid://shopify/ProductVariant/48328321532126
2026-07-31 05:02:32,Mini version of cluster pearl Lakshmi jhumkas,Default Title,847,1199.0,Sale,1,31,30,https://www.daivik.in/products/mini-version-of-cluster-pearl-lakshmi-jhumkas?variant=gid://shopify/ProductVariant/41004873908377
2026-07-31 05:02:32,AD Hasli Ruby Green Necklace with Balis,Default Title,1216,699.0,Sale,1,4,3,https://www.daivik.in/products/ad-hasli-ruby-green-necklace-with-balis?variant=gid://shopify/ProductVariant/46285166837982
2026-07-31 05:17:02,3 layered Lakshmi long haram with earrings,Default Title,533,4199.0,Sale,1,30,29,https://www.daivik.in/products/3-layered-lakshmi-long-haram-with-earrings?variant=gid://shopify/ProductVariant/37736906752153
2026-07-31 05:32:20,Lakshmi Coral Red Set of 6 Bangles,2.4,1503,3299.0,Sale,1,5,4,https://www.daivik.in/products/c?variant=gid://shopify/ProductVariant/45908646822110
2026-07-31 05:32:20,Manga Kemp Bridal Combo,2.4,1873,2599.0,Sold Out,1,1,0,https://www.daivik.in/products/manga-kemp-bridal-combo?variant=gid://shopify/ProductVariant/48135850655966
2026-07-31 05:32:20,Victorian Green Bangle Combo (Price for Both Hands),2.6,1931,3299.0,Sold Out,1,1,0,https://www.daivik.in/products/victorian-green-bangle-combo?variant=gid://shopify/ProductVariant/48453374378206
2026-07-31 05:47:12,Simple and small kemp Jhumkas,Default Title,907,999.0,Sale,1,4,3,https://www.daivik.in/products/simple-and-small-kemp-jhumkas?variant=gid://shopify/ProductVariant/41347627843737
2026-07-31 05:47:12,AD Ruby Green Pendant Long Haram,Ruby Green,1133,2599.0,Restock,20,0,20,https://www.daivik.in/products/ad-ruby-green-pendant-long-haram?variant=gid://shopify/ProductVariant/46264545280222
2026-07-31 05:47:12,Pure Kemp Lotus Jhumka with Mattals,Default Title,1763,1499.0,Sale,1,14,13,https://www.daivik.in/products/pure-kemp-lotus-jhumka-with-mattals?variant=gid://shopify/ProductVariant/47777295696094
2026-07-31 06:02:35,Peacock Non idol Kasumalai (Long haram )with Earrings,Default Title,1323,6499.0,Restock,5,0,5,https://www.daivik.in/products/peacock-non-idol-kasumalai-long-haram-with-earrings?variant=gid://shopify/ProductVariant/47533591691486
2026-07-31 06:02:35,Victorian Moissanite Flower Necklace with Earrings,Default Title,1236,4299.0,Restock,1,2,3,https://www.daivik.in/products/victorian-moissanite-flower-necklace-with-earrings?variant=gid://shopify/ProductVariant/48525556285662
2026-07-31 06:02:35,Flower Pendant Long Pearl Mala with Earringsin 3 Colors (Price for Each),Green White,618,3199.0,Sold Out,1,1,0,https://www.daivik.in/products/a-29?variant=gid://shopify/ProductVariant/47832187076830
2026-07-31 06:16:58,Lakshmi Pendant Beads Choker with Earrings,Default Title,571,1299.0,Restock,5,0,5,https://www.daivik.in/products/lakshmi-pendant-beads-choker-with-earrings?variant=gid://shopify/ProductVariant/47950387085534
2026-07-31 06:16:58,Kundan Layered Pearl Premium Hair Pin/Chotti,Default Title,1912,1799.0,Sale,1,22,21,https://www.daivik.in/products/kundan-layered-pearl-premium-hair-pin-chotti?variant=gid://shopify/ProductVariant/48337208475870
2026-07-31 06:16:58,Openable Peacock Kada with Interchangeable Colour Bangles (10 Shades),2.6,1924,2299.0,Restock,9,1,10,https://www.daivik.in/products/10-in-1-changeable-bangles?variant=gid://shopify/ProductVariant/48422119506142
2026-07-31 06:16:58,Openable Peacock Kada with Interchangeable Colour Bangles (10 Shades),2.8,1924,2299.0,Restock,8,2,10,https://www.daivik.in/products/10-in-1-changeable-bangles?variant=gid://shopify/ProductVariant/48422119538910
2026-07-31 06:32:17,Simple Copper Pearl Necklace with Earrings,Default Title,855,999.0,Sale,1,48,47,https://www.daivik.in/products/simple-copper-pearl-necklace-with-earrings?variant=gid://shopify/ProductVariant/45158978093278
2026-07-31 06:32:17,Elakkathali Ruby Choker with Earrings,Default Title,485,899.0,Restock,50,0,50,https://www.daivik.in/products/elakkathali-ruby-choker-with-earrings?variant=gid://shopify/ProductVariant/48403799408862
2026-07-31 06:32:17,Classic Antique Peacock Necklace with Earrings,Default Title,526,4799.0,Sold Out,3,3,0,https://www.daivik.in/products/classic-antique-peacock-necklace-with-earrings?variant=gid://shopify/ProductVariant/48061365485790
2026-07-31 06:46:59,Simple and small kemp Jhumkas,Default Title,907,999.0,Sale,1,3,2,https://www.daivik.in/products/simple-and-small-kemp-jhumkas?variant=gid://shopify/ProductVariant/41347627843737
2026-07-31 06:46:59,2 Line AD Droplet Necklace with Earrings,Default Title,337,1499.0,Sale,1,38,37,https://www.daivik.in/products/2-line-ad-droplet-necklace-with-earrings?variant=gid://shopify/ProductVariant/44659167101150
2026-07-31 06:46:59,"Ruby Guttapusalu Necklace with earrings (Price for Combo, Short and Long)",Short,962,1499.0,Sale,1,45,44,https://www.daivik.in/products/ruby-guttapusalu-necklace-with-earrings?variant=gid://shopify/ProductVariant/47292618768606
2026-07-31 07:02:29,Antique Lakshmi white stone Bangles,2.8,73,699.0,Sale,1,47,46,https://www.daivik.in/products/antique-lakshmi-white-stone-bangles?variant=gid://shopify/ProductVariant/44369095033054
2026-07-31 07:02:29,AD Flower Layer Jhumkas,Green,1663,599.0,Sale,1,15,14,https://www.daivik.in/products/ad-flower-layer-jhumkas?variant=gid://shopify/ProductVariant/47471681732830
2026-07-31 07:32:23,AD Non Piercing Nosepin in 3 Colors (Price for Each),Ruby,1913,299.0,Sale,1,49,48,https://www.daivik.in/products/ad-non-piercing-nosepin-in-3-colors-price-for-each?variant=gid://shopify/ProductVariant/48341912387806
2026-07-31 08:02:39,Pastel Pink Simple Mossanite Necklace with Earrings,Default Title,1159,1299.0,Sale,1,54,53,https://www.daivik.in/products/pastel-pink-simple-mossanite-necklace-with-earrings?variant=gid://shopify/ProductVariant/47978402709726
2026-07-31 08:02:39,Heritage Watch Bracelet,Default Title,4028,3499.0,Sale,1,16,15,https://www.daivik.in/products/heritage-watch-bracelet-7?variant=gid://shopify/ProductVariant/48128940703966
2026-07-31 08:32:29,Moissanite Stone Choti/Hair Accessory (Comes in variants: 1 pc / 3 pc / 5 pc),5pc,1752,2799.0,Sale,1,2,1,https://www.daivik.in/products/moissanite-stone-choti-hair-accessory-comes-in-variants-1-pc-3-pc-5-pc-copy?variant=gid://shopify/ProductVariant/47731041730782
2026-07-31 08:32:29,Elakkathali Ruby Choker with Earrings,Default Title,485,899.0,Sale,1,50,49,https://www.daivik.in/products/elakkathali-ruby-choker-with-earrings?variant=gid://shopify/ProductVariant/48403799408862
2026-07-31 08:46:56,Simple Purple Stone Bangles,2.6,705,799.0,Sale,1,43,42,https://www.daivik.in/products/simple-purple-stone-bangles?variant=gid://shopify/ProductVariant/45478438371550
2026-07-31 09:02:58,Simple Rose gold choker/necklace with earrings,Default Title,983,1199.0,Sale,1,30,29,https://www.daivik.in/products/simple-rose-gold-choker-necklace-with-earrings?variant=gid://shopify/ProductVariant/42280457011422
2026-07-31 09:02:58,Peacock Lakshmi Long Chain with Jhumkas in Two Colors (Prices for Each),Ruby,1270,1099.0,Sale,1,45,44,https://www.daivik.in/products/peacock-lakshmi-long-chain-with-jhumkas?variant=gid://shopify/ProductVariant/46838455337182
2026-07-31 09:02:58,Lotus Ruby Necklace and Bangles Combo,2.6,1628,999.0,Sale,1,2,1,https://www.daivik.in/products/lotus-ruby-necklace-and-bangles-combo?variant=gid://shopify/ProductVariant/47087215083742
2026-07-31 09:02:58,"Kemp Flower Coin Short and Long Haram with Jhumkas (Price for Short, Long and Combo)",Long,867,5699.0,Sale,1,12,11,https://www.daivik.in/products/kemp-flower-coin-short-and-long-haram-with-jhumkas?variant=gid://shopify/ProductVariant/47660596166878
2026-07-31 09:02:58,Simple Leaf Pearl Anklets,Default Title,1793,699.0,Sale,1,34,33,https://www.daivik.in/products/simple-leaf-pearl-anklets?variant=gid://shopify/ProductVariant/47849929572574
2026-07-31 09:02:58,Heritage Pearl Watch Bracelet in 2 Colors (Price for Each),Ruby,4032,1199.0,Sale,1,6,5,https://www.daivik.in/products/heritage-pearl-watch-bracelet-in-2-colors-price-for-each?variant=gid://shopify/ProductVariant/48266746986718
2026-07-31 09:02:58,Heritage Pearl Watch Bracelet in 2 Colors (Price for Each),Green,4032,1199.0,Sold Out,1,1,0,https://www.daivik.in/products/heritage-pearl-watch-bracelet-in-2-colors-price-for-each?variant=gid://shopify/ProductVariant/48266747019486
2026-07-31 09:17:09,Matte Gold Finish Uncut Long Haram with Earrings,Default Title,42,2499.0,Sale,1,8,7,https://www.daivik.in/products/42?variant=gid://shopify/ProductVariant/32600742723643
2026-07-31 09:17:09,AD Stone Choker With Earrings,Default Title,279,1999.0,Sale,1,35,34,https://www.daivik.in/products/green-ad-stone-choker-with-earrings?variant=gid://shopify/ProductVariant/43498731733214
2026-07-31 09:17:09,Uncut kemp long haram with earrings,Default Title,797,2999.0,Sale,1,17,16,https://www.daivik.in/products/uncut-kemp-long-haram-with-earrings?variant=gid://shopify/ProductVariant/40705655144601
2026-07-31 09:17:09,Mini version of the Big size jhumkas,Default Title,838,999.0,Sale,1,52,51,https://www.daivik.in/products/mini-version-of-the-big-size-jhumkas?variant=gid://shopify/ProductVariant/44757040464094
2026-07-31 09:17:09,Set of 6 AD Kemp Bangles,2.6,258,2199.0,Sale,1,3,2,https://www.daivik.in/products/set-of-6-ad-kemp-bangles?variant=gid://shopify/ProductVariant/42605651656926
2026-07-31 09:17:09,Simple Kemp Mattals in 2 colours,Default Title,202,1299.0,Sale,1,17,16,https://www.daivik.in/products/a-27?variant=gid://shopify/ProductVariant/45963428561118
2026-07-31 09:17:09,Kemp AD RubyGreen Choker with Jhumkas,Default Title,932,2799.0,Sale,1,21,20,https://www.daivik.in/products/a-278?variant=gid://shopify/ProductVariant/44184961253598
2026-07-31 09:17:09,Five Layered Pearl Mala with Earrings,Default Title,559,499.0,Sale,2,51,49,https://www.daivik.in/products/five-layered-pearl-mala?variant=gid://shopify/ProductVariant/45118408720606
2026-07-31 09:17:09,"Jyothika Mam Inspired AD Green Pendant Necklace (Prices for Short, Long and Combo)",Short,1295,799.0,Sale,1,29,28,https://www.daivik.in/products/jyothika-mam-inspired-ad-green-pendant-necklace?variant=gid://shopify/ProductVariant/47092708573406
2026-07-31 09:47:03,2 Line AD Droplet Necklace with Earrings,Default Title,337,1499.0,Sale,1,37,36,https://www.daivik.in/products/2-line-ad-droplet-necklace-with-earrings?variant=gid://shopify/ProductVariant/44659167101150
2026-07-31 09:47:03,AD Pendant Mangalsutra with Studs,Default Title,1117,999.0,Sale,1,21,20,https://www.daivik.in/products/ad-pendant-mangalsutra-with-studs?variant=gid://shopify/ProductVariant/45905761435870
2026-07-31 09:47:03,AD Pendant Flower Necklace with Earrings,Default Title,1266,1699.0,Sale,1,9,8,https://www.daivik.in/products/ad-pendant-flower-necklace-with-earrings?variant=gid://shopify/ProductVariant/46813927243998
2026-07-31 09:47:03,Kids / Adult Kemp Jhumkas,Default Title,1777,799.0,Sale,1,12,11,https://www.daivik.in/products/kids-adult-kemp-jhumkas?variant=gid://shopify/ProductVariant/47821038485726
2026-07-31 10:02:39,Elakkathali Ruby Choker with Earrings,Default Title,485,899.0,Sale,1,49,48,https://www.daivik.in/products/elakkathali-ruby-choker-with-earrings?variant=gid://shopify/ProductVariant/48403799408862
2026-07-31 10:17:01,Diamond Look alike Floral Necklace with Earrings,Default Title,1293,599.0,Sale,1,49,48,https://www.daivik.in/products/diamond-look-alike-floral-necklace-with-earrings?variant=gid://shopify/ProductVariant/47058250170590
2026-07-31 10:32:18,AD Bangles Combo (Price for Both Hands),2.4,1733,1399.0,Sale,1,36,35,https://www.daivik.in/products/ad-bangles-combo-price-for-both-hands?variant=gid://shopify/ProductVariant/47675040563422
2026-07-31 11:02:36,Simple AD Peacock Necklace With Balis,Default Title,451,1499.0,Sale,1,9,8,https://www.daivik.in/products/simple-ad-peacock-necklace-with-balis?variant=gid://shopify/ProductVariant/37198393475225
2026-07-31 11:02:36,Gold Finish Motif necklace with earrings,Default Title,910,1099.0,Sale,1,25,24,https://www.daivik.in/products/untitled-sep7_21-09?variant=gid://shopify/ProductVariant/44338668208350
2026-07-31 11:02:36,Lakshmi Hasli Necklace with Balis,Turquoise,407,1899.0,Sale,1,21,20,https://www.daivik.in/products/lakshmi-hasli-necklace-with-balis?variant=gid://shopify/ProductVariant/45553293131998
2026-07-31 11:17:08,Simple Pastel Green Strawberry Beads Necklace with Earrings,Default Title,535,1499.0,Sale,1,2,1,https://www.daivik.in/products/simple-pastel-green-premium-beads-choker-with-earrings?variant=gid://shopify/ProductVariant/44648110260446
2026-07-31 11:17:08,Invisible Circle AD Chain with Earrings,Ruby Green,1298,699.0,Sold Out,1,1,0,https://www.daivik.in/products/invisible-circle-ad-chain-with-earrings?variant=gid://shopify/ProductVariant/47653875679454
2026-07-31 11:32:16,Regular Use Kemp Stone Bangles,2.6,262,899.0,Sale,1,8,7,https://www.daivik.in/products/regular-use-kemp-stone-bangles?variant=gid://shopify/ProductVariant/34489888669849
2026-07-31 11:32:16,Simple Kemp Choker Necklace in 5 variants,Ruby green,911,1299.0,Sale,1,4,3,https://www.daivik.in/products/simple-kemp-choker-necklace-in-5-variants?variant=gid://shopify/ProductVariant/41372165898393
2026-07-31 11:32:16,AD Hasli Ruby Green Necklace with Balis,Default Title,1216,699.0,Sale,1,3,2,https://www.daivik.in/products/ad-hasli-ruby-green-necklace-with-balis?variant=gid://shopify/ProductVariant/46285166837982
2026-07-31 11:32:16,Elakkathali Ruby Choker with Earrings,Default Title,485,899.0,Sale,2,48,46,https://www.daivik.in/products/elakkathali-ruby-choker-with-earrings?variant=gid://shopify/ProductVariant/48403799408862
2026-07-31 12:02:37,Small Tribal Bali Jhumka,Default Title,3,799.0,Sale,1,8,7,https://www.daivik.in/products/small-tribal-bali-jhumka?variant=gid://shopify/ProductVariant/36547713302681
2026-07-31 12:02:37,AD changeable studs,Default Title,106,799.0,Sale,1,26,25,https://www.daivik.in/products/ad-changeable-studs?variant=gid://shopify/ProductVariant/44192837632222
2026-07-31 12:32:23,Diamond Look alike Floral Necklace with Earrings,Default Title,1293,599.0,Sale,1,48,47,https://www.daivik.in/products/diamond-look-alike-floral-necklace-with-earrings?variant=gid://shopify/ProductVariant/47058250170590
2026-07-31 12:47:19,Elakkathali Ruby Choker with Earrings,Default Title,485,899.0,Sale,1,46,45,https://www.daivik.in/products/elakkathali-ruby-choker-with-earrings?variant=gid://shopify/ProductVariant/48403799408862
2026-07-31 12:47:19,Silver Replica Balaji Hipbelt,Default Title,1543,5499.0,Sold Out,1,1,0,https://www.daivik.in/products/silver-replica-balaji-hipbelt?variant=gid://shopify/ProductVariant/46234191954142
2026-07-31 13:02:46,Simple and small pure kemp jhumkas,Default Title,656,1199.0,Sale,1,20,19,https://www.daivik.in/products/simple-and-small-pure-kemp-jhumkas?variant=gid://shopify/ProductVariant/39434836574361
2026-07-31 13:02:46,AD RubyGreen Jhumkas with attached Mattals,Default Title,920,999.0,Sale,1,22,21,https://www.daivik.in/products/ad-rubygreen-jhumkas-with-attached-mattel-s?variant=gid://shopify/ProductVariant/45363709771998
2026-07-31 13:02:46,Embossed AD Lakshmi Hipbelt,Default Title,706,2799.0,Sale,1,51,50,https://www.daivik.in/products/embossed-ad-lakshmi-hipbelt?variant=gid://shopify/ProductVariant/45777368711390
2026-07-31 13:02:46,Kemp pastel Beads Necklace with Earrings,Default Title,1221,999.0,Sale,1,52,51,https://www.daivik.in/products/kemp-pastel-beads-necklace-with-earrings?variant=gid://shopify/ProductVariant/46297625559262
2026-07-31 13:17:10,Gold Finish AD Peacock Choker,Default Title,338,1299.0,Sale,1,25,24,https://www.daivik.in/products/gold-finish-ad-peacock-choker?variant=gid://shopify/ProductVariant/35573943206041
2026-07-31 13:17:10,Set of 6 Golden pearl Bangles,2.6,297,1899.0,Sale,1,49,48,https://www.daivik.in/products/set-of-6-golden-pearl-bangles?variant=gid://shopify/ProductVariant/42401516486878
2026-07-31 13:17:10,AD Golden bangles,2.6,929,1199.0,Sale,1,26,25,https://www.daivik.in/products/a-302?variant=gid://shopify/ProductVariant/43479581130974
2026-07-31 13:17:10,Rice Pearl Guttapusalu Necklace with Earrings,Default Title,828,999.0,Sale,2,11,9,https://www.daivik.in/products/rice-pearl-guttapusalu-necklace-with-earrings?variant=gid://shopify/ProductVariant/44857554567390
2026-07-31 13:17:10,Kemp Lotus Ghungroo beads Adigai with Jhumkas,Default Title,111,1399.0,Sale,1,8,7,https://www.daivik.in/products/kemp-lotus-ghungroo-beads-adigai-with-jhumkas?variant=gid://shopify/ProductVariant/45453369540830
2026-07-31 13:17:10,Simple Kemp Pearl Side Chain / Mattal in 4 Colors (Price for a Pair),Ruby Green,1588,999.0,Sale,1,33,32,https://www.daivik.in/products/simple-ad-pearl-side-chain-in-4-colors-price-for-a-pair?variant=gid://shopify/ProductVariant/46584049762526
2026-07-31 13:17:10,Diamond Look alike Floral Necklace with Earrings,Default Title,1293,599.0,Sale,1,47,46,https://www.daivik.in/products/diamond-look-alike-floral-necklace-with-earrings?variant=gid://shopify/ProductVariant/47058250170590
2026-07-31 13:17:10,Lotus Saree Pin,Default Title,1779,499.0,Sale,1,3,2,https://www.daivik.in/products/lotus-saree-pin?variant=gid://shopify/ProductVariant/47821116834014
2026-07-31 13:17:10,Peacock Saree Pin,Default Title,1780,399.0,Sale,1,25,24,https://www.daivik.in/products/peacock-saree-pin?variant=gid://shopify/ProductVariant/47821117423838
2026-07-31 13:17:10,Openable Peacock Kada with Interchangeable Colour Bangles (10 Shades),2.6,1924,2299.0,Sale,1,10,9,https://www.daivik.in/products/10-in-1-changeable-bangles?variant=gid://shopify/ProductVariant/48422119506142
2026-07-31 13:32:30,Mini version of cluster pearl Lakshmi jhumkas,Default Title,847,1199.0,Sale,1,30,29,https://www.daivik.in/products/mini-version-of-cluster-pearl-lakshmi-jhumkas?variant=gid://shopify/ProductVariant/41004873908377
2026-07-31 13:32:30,Antique Nagasi Kada (for a pair),2.4,314,1399.0,Sale,1,28,27,https://www.daivik.in/products/antique-nagasi-openable-kada-pair-of-2?variant=gid://shopify/ProductVariant/44136098889950
2026-07-31 13:32:30,Embossed Simple Lakshmi Hipbelt,Default Title,504,2999.0,Sale,1,26,25,https://www.daivik.in/products/a-56?variant=gid://shopify/ProductVariant/44145944592606
2026-07-31 13:32:30,Multicolour Pearl chain,Default Title,817,1199.0,Sale,1,38,37,https://www.daivik.in/products/multicolour-pearl-chain?variant=gid://shopify/ProductVariant/44195427713246
2026-07-31 13:32:30,Antique Elegant Pearl Ruby Green Lakshmi Necklace with Earrings,Default Title,657,999.0,Sale,1,20,19,https://www.daivik.in/products/antique-elegant-pearl-ruby-green-lakshmi-necklace-with-earrings?variant=gid://shopify/ProductVariant/45969739677918
2026-07-31 13:32:30,Lakshmi Coin Chain,Default Title,1286,599.0,Sale,1,52,51,https://www.daivik.in/products/lakshmi-coin-chain?variant=gid://shopify/ProductVariant/47042689433822
2026-07-31 13:32:30,AD Mesh Necklace with Studs in 5 Colours ( Price for Each ),Ruby,1335,649.0,Sale,1,3,2,https://www.daivik.in/products/ad-mesh-necklace-with-studs-in-5-colours-price-for-each?variant=gid://shopify/ProductVariant/47669942190302
2026-07-31 13:32:30,Elakkathali Ruby Choker with Earrings,Default Title,485,899.0,Sale,1,45,44,https://www.daivik.in/products/elakkathali-ruby-choker-with-earrings?variant=gid://shopify/ProductVariant/48403799408862
2026-07-31 13:47:00,Half Moon Kemp Choker with Earrings,Default Title,1198,1199.0,Sale,1,21,20,https://www.daivik.in/products/half-moon-kemp-choker-with-earrings?variant=gid://shopify/ProductVariant/46209499267294
2026-07-31 13:47:00,Invisible Flower Chain with Earrings,Default Title,871,799.0,Sale,1,23,22,https://www.daivik.in/products/invisible-flower-chain-with-earrings?variant=gid://shopify/ProductVariant/47043956310238
2026-07-31 13:47:00,Diamond Look alike Floral Necklace with Earrings,Default Title,1293,599.0,Sale,1,46,45,https://www.daivik.in/products/diamond-look-alike-floral-necklace-with-earrings?variant=gid://shopify/ProductVariant/47058250170590
2026-07-31 13:47:00,Classic AD Droplet Jhumkas,Default Title,1933,699.0,Sale,1,30,29,https://www.daivik.in/products/classic-ad-droplet-jhumkas?variant=gid://shopify/ProductVariant/48465634394334
2026-07-31 14:02:35,Navarathna Pendant Mangalsutra,Default Title,77,1099.0,Sale,1,7,6,https://www.daivik.in/products/a-63?variant=gid://shopify/ProductVariant/42808843731166
2026-07-31 14:02:35,"Jyothika Mam Inspired AD Green Pendant Necklace (Prices for Short, Long and Combo)",Short,1295,799.0,Sale,1,28,27,https://www.daivik.in/products/jyothika-mam-inspired-ad-green-pendant-necklace?variant=gid://shopify/ProductVariant/47092708573406
2026-07-31 14:02:35,Elakkathali Ruby Choker with Earrings,Default Title,485,899.0,Sale,1,44,43,https://www.daivik.in/products/elakkathali-ruby-choker-with-earrings?variant=gid://shopify/ProductVariant/48403799408862
2026-07-31 14:02:35,AD Hasli Ruby Green Necklace with Balis,Default Title,1216,699.0,Sold Out,2,2,0,https://www.daivik.in/products/ad-hasli-ruby-green-necklace-with-balis?variant=gid://shopify/ProductVariant/46285166837982
2026-07-31 14:47:11,Flower Petal Design Necklace with Earrings,Default Title,1398,1299.0,Sale,1,30,29,https://www.daivik.in/products/f?variant=gid://shopify/ProductVariant/48353948041438
2026-07-31 15:02:33,Mini version of the Big size jhumkas,Default Title,838,999.0,Sale,1,51,50,https://www.daivik.in/products/mini-version-of-the-big-size-jhumkas?variant=gid://shopify/ProductVariant/44757040464094
2026-07-31 15:02:33,Diwali Sale Necklace D25088,Default Title,D25088,999.0,Sale,1,3,2,https://www.daivik.in/products/diwali-sale-necklace-d25088?variant=gid://shopify/ProductVariant/47535318171870
2026-07-31 15:02:33,Pastel Beads Pearl Necklace with Earrings,Default Title,936,2199.0,Sale,1,19,18,https://www.daivik.in/products/pastel-beads-pearl-necklace-with-earrings?variant=gid://shopify/ProductVariant/47596193382622
2026-07-31 15:17:07,Pure Kemp brass Coin Kemp Pendant Necklace,Default Title,492,7599.0,Sale,1,12,11,https://www.daivik.in/products/n?variant=gid://shopify/ProductVariant/47911053230302
2026-07-31 15:32:25,Small Tribal Bali Jhumka,Default Title,3,799.0,Sale,1,7,6,https://www.daivik.in/products/small-tribal-bali-jhumka?variant=gid://shopify/ProductVariant/36547713302681
2026-07-31 15:32:25,Xuping Ruby Green Pendant with Earrings,Default Title,443,1799.0,Sale,1,16,15,https://www.daivik.in/products/xubin-ruby-green-pendant-with-earrings?variant=gid://shopify/ProductVariant/46326215901406
2026-07-31 15:47:00,Sri Balaji Heritage Choker with Studs,Default Title,841,799.0,Sale,1,18,17,https://www.daivik.in/products/sri-balaji-heritage-choker-with-studs?variant=gid://shopify/ProductVariant/48289643102430
2026-07-31 15:47:00,AD Ruby Pearl Floral Combo,2.4,1906,3199.0,Sale,1,3,2,https://www.daivik.in/products/ad-ruby-pearl-floral-combo?variant=gid://shopify/ProductVariant/48315170881758
2026-07-31 15:47:00,Invisible Ganesha Chain in Two Colors,Dark Green,672,999.0,Sale,1,5,4,https://www.daivik.in/products/invisible-green-ganesha-chain?variant=gid://shopify/ProductVariant/48447550357726
2026-07-31 15:47:00,Elakkathali Ruby Choker with Earrings,Default Title,485,899.0,Sale,1,43,42,https://www.daivik.in/products/elakkathali-ruby-choker-with-earrings?variant=gid://shopify/ProductVariant/48403799408862
2026-07-31 16:03:46,Kemp medium Sized studs,Default Title,858,1099.0,Sale,1,23,22,https://www.daivik.in/products/kemp-medium-sized-studs?variant=gid://shopify/ProductVariant/41081654018201
2026-07-31 16:03:46,Set of 6 AD Bangles,2.4,516,1799.0,Sale,1,4,3,https://www.daivik.in/products/set-of-6-ad-bangles?variant=gid://shopify/ProductVariant/42180921229534
2026-07-31 16:03:46,Set of 6 AD Kemp Bangles,2.6,258,2199.0,Sale,1,2,1,https://www.daivik.in/products/set-of-6-ad-kemp-bangles?variant=gid://shopify/ProductVariant/42605651656926
2026-07-31 16:03:46,Simple Ruby and pearl choker with earrings,Default Title,538,999.0,Sale,1,29,28,https://www.daivik.in/products/a-327?variant=gid://shopify/ProductVariant/43546226196702
2026-07-31 16:03:46,Rice Pearl Kemp Green Beads Jhumkas,Default Title,720,1499.0,Sale,1,23,22,https://www.daivik.in/products/rice-pearl-kemp-green-beads-jhumkas?variant=gid://shopify/ProductVariant/44866326364382
2026-07-31 16:03:46,Multi-Color AD Pattern Necklace with Earrings,Default Title,812,1899.0,Sale,1,14,13,https://www.daivik.in/products/multi-color-ad-pattern-necklace-with-earrings?variant=gid://shopify/ProductVariant/46211734667486
2026-07-31 16:03:46,Invisible Flower Chain with Earrings,Default Title,871,799.0,Sale,1,22,21,https://www.daivik.in/products/invisible-flower-chain-with-earrings?variant=gid://shopify/ProductVariant/47043956310238
2026-07-31 16:10:06,White stone bangles (4 bangles),2.4,951,999.0,Sale,1,44,43,https://www.daivik.in/products/white-stone-bangles-4-bangles?variant=gid://shopify/ProductVariant/42060601163998
2026-07-31 16:10:06,Antique kids Jhumkas,Default Title,1683,799.0,Sale,1,9,8,https://www.daivik.in/products/antique-kids-jhumkas-1?variant=gid://shopify/ProductVariant/47521442529502
2026-07-31 16:10:06,Elegant Jasmine/Mullai Flower Artificial Gajra,8 Inches String - Half Moolam,3507,1299.0,Sale,1,16,15,https://www.daivik.in/products/elegant-jasmine-mullai-flower-artificial-gajra-16-inches?variant=gid://shopify/ProductVariant/47542601515230
2026-07-31 16:10:06,Invisible Ganesha Chain in Two Colors,Dark Green,672,999.0,Sale,1,4,3,https://www.daivik.in/products/invisible-green-ganesha-chain?variant=gid://shopify/ProductVariant/48447550357726
2026-07-31 16:17:42,Simple Pink Pearl choker with Earrings,Default Title,803,1099.0,Sale,1,41,40,https://www.daivik.in/products/simple-pink-pearl-choker-with-earrings?variant=gid://shopify/ProductVariant/45468034629854
2026-07-31 16:17:42,Two Line Antique Lakshmi Chain with Earrings,Maroon,1330,699.0,Sale,1,20,19,https://www.daivik.in/products/two-line-antique-lakshmi-chain-with-earrings?variant=gid://shopify/ProductVariant/47652470030558
2026-07-31 16:17:42,Butterfly Kemp Mangalsutra,Default Title,1385,799.0,Sale,1,6,5,https://www.daivik.in/products/butterfly-kemp-mangalsutra?variant=gid://shopify/ProductVariant/48173891911902
2026-07-31 16:17:42,Elakkathali Ruby Choker with Earrings,Default Title,485,899.0,Sale,1,42,41,https://www.daivik.in/products/elakkathali-ruby-choker-with-earrings?variant=gid://shopify/ProductVariant/48403799408862
2026-07-31 16:32:30,Elakkathali Ruby Choker with Earrings,Default Title,485,899.0,Sale,1,41,40,https://www.daivik.in/products/elakkathali-ruby-choker-with-earrings?variant=gid://shopify/ProductVariant/48403799408862
2026-07-31 17:03:43,Five Line swarovski pearl mala,Default Title,1329,2099.0,Sold Out,1,1,0,https://www.daivik.in/products/copy-three-line-swarovski-pearl-mala?variant=gid://shopify/ProductVariant/47621546508510
2026-07-31 17:18:38,Lotus kemp rice pearl Necklace with Earrings,Ruby,121,599.0,Sale,1,46,45,https://www.daivik.in/products/lotus-kemp-rice-pearl-necklace-with-earrings?variant=gid://shopify/ProductVariant/45036923486430
2026-07-31 17:18:38,CZ Designer Leaf Earrings,Green,380,999.0,Sale,1,14,13,https://www.daivik.in/products/untitled-jul11_20-28?variant=gid://shopify/ProductVariant/45721350930654
2026-07-31 17:18:38,Simple Flower Pearl Combo,Default Title,1115,2799.0,Sale,1,5,4,https://www.daivik.in/products/simple-flower-pearl-combo?variant=gid://shopify/ProductVariant/45903847719134
2026-07-31 17:18:38,GJ Polish Designer Bracelets (Price for Each),2,1625,1099.0,Sale,1,24,23,https://www.daivik.in/products/gj-polish-designer-bracelets-price-for-each?variant=gid://shopify/ProductVariant/47075079389406
2026-07-31 17:18:38,Designer Black Beads Bracelets with Golden Beads,3,1628,499.0,Sale,1,6,5,https://www.daivik.in/products/designer-black-beads-bracelets-with-golden-beads?variant=gid://shopify/ProductVariant/47082103242974
2026-07-31 17:18:38,Simple Anklets Designs in 4 Styles (Price for Each),1,1632,499.0,Sale,1,21,20,https://www.daivik.in/products/simple-anklets-designs-in-4-styles-price-for-each?variant=gid://shopify/ProductVariant/47088044835038
2026-07-31 17:18:38,Elegant Bloomed Jasmine Flower Artificial Gajra,8 Inches String - Half Moolam,3502,1299.0,Restock,56,0,56,https://www.daivik.in/products/elegant-bloomed-jasmine-flower-artificial-gajra-16-inches?variant=gid://shopify/ProductVariant/47542601154782
2026-07-31 17:18:38,Elegant Jasmine/Mullai Flower Artificial Gajra,8 Inches String - Half Moolam,3507,1299.0,Sale,1,15,14,https://www.daivik.in/products/elegant-jasmine-mullai-flower-artificial-gajra-16-inches?variant=gid://shopify/ProductVariant/47542601515230
2026-07-31 17:18:38,Victorian Spiral Green AD Bangles,2.6,1853,1499.0,Sale,1,3,2,https://www.daivik.in/products/victorian-spiral-green-ad-bangles?variant=gid://shopify/ProductVariant/48057311527134
2026-07-31 17:18:38,Premium AD Curve Diamond Look Alike Kada,Default Title,1922,699.0,Sale,1,28,27,https://www.daivik.in/products/premium-ad-curve-design-kada?variant=gid://shopify/ProductVariant/48415688229086
2026-07-31 17:32:15,Flower Antique Ruby Green Droplet Necklace with Earrings,Short & Long,425,4199.0,Sale,1,3,2,https://www.daivik.in/products/flower-antique-ruby-green-droplet-necklace-with-earrings?variant=gid://shopify/ProductVariant/44893567877342
2026-07-31 17:32:15,Ruby Green Pendant Mesh Necklace with Earrings,Default Title,1268,999.0,Sale,1,32,31,https://www.daivik.in/products/ruby-green-pendant-mesh-necklace-with-earrings?variant=gid://shopify/ProductVariant/46814149083358
2026-07-31 17:32:15,Pure Kemp Lotus Jhumka with Mattals,Default Title,1763,1499.0,Sale,1,13,12,https://www.daivik.in/products/pure-kemp-lotus-jhumka-with-mattals?variant=gid://shopify/ProductVariant/47777295696094
2026-07-31 17:47:04,Big Festive Kemp Peacock Balis,Default Title,383,2099.0,Sale,1,19,18,https://www.daivik.in/products/big-festive-pure-kemp-peacock-balis?variant=gid://shopify/ProductVariant/36456064319641
2026-07-31 17:47:04,Pure Brass kemp pearl Haram with Earrings,Default Title,151,7999.0,Sale,1,2,1,https://www.daivik.in/products/pure-brass-kemp-pearl-haram-with-earrings?variant=gid://shopify/ProductVariant/42383848112350
2026-07-31 17:47:04,AD Ruby Green Pendant Long Haram,Ruby Green,1133,2599.0,Sale,1,20,19,https://www.daivik.in/products/ad-ruby-green-pendant-long-haram?variant=gid://shopify/ProductVariant/46264545280222
2026-07-31 17:47:04,Antique kids Jhumkas,Default Title,1683,799.0,Sale,1,8,7,https://www.daivik.in/products/antique-kids-jhumkas-1?variant=gid://shopify/ProductVariant/47521442529502
2026-07-31 17:47:04,Diamond Look Alike Hasli Necklace with Earrings,Default Title,1388,1399.0,Sale,1,20,19,https://www.daivik.in/products/a-31?variant=gid://shopify/ProductVariant/48267346772190
2026-07-31 18:18:34,AD peacock jhumkas,Default Title,604,1399.0,Sale,1,51,50,https://www.daivik.in/products/ad-peacock-jhumkas-1?variant=gid://shopify/ProductVariant/38058936402073
2026-07-31 18:32:26,AD Ruby Green Pendant Long Haram,Ruby Green,1133,2599.0,Sale,1,19,18,https://www.daivik.in/products/ad-ruby-green-pendant-long-haram?variant=gid://shopify/ProductVariant/46264545280222
2026-07-31 18:47:19,Layered Lakshmi short Haram with earrings,Default Title,532,2799.0,Sale,1,38,37,https://www.daivik.in/products/layered-lakshmi-short-haram-with-earrings?variant=gid://shopify/ProductVariant/37736888369305
2026-07-31 18:47:19,AD Floral Anklets,Default Title,1750,1499.0,Sale,1,23,22,https://www.daivik.in/products/ad-floral-anklets?variant=gid://shopify/ProductVariant/47722057924830
2026-07-31 19:36:12,"Microplating Ruby coin Kasumalai (Short , long , Combo - Prices for Each)",Short,645,1999.0,Sale,1,38,37,https://www.daivik.in/products/microplating-ruby-coin-kasumalai-short-long-combo-price-for-each?variant=gid://shopify/ProductVariant/46677659582686
2026-07-31 20:04:31,Half Moon Jadau Kemp Bugadi ( Top Earring ),Ruby,1706,1299.0,Sale,1,29,28,https://www.daivik.in/products/half-moon-jadau-kemp-bugadi-top-earring?variant=gid://shopify/ProductVariant/47580119892190
2026-07-31 20:04:31,Half Moon Jadau Kemp Bugadi ( Top Earring ),White,1706,1299.0,Sale,1,33,32,https://www.daivik.in/products/half-moon-jadau-kemp-bugadi-top-earring?variant=gid://shopify/ProductVariant/47580119924958
2026-07-31 20:04:31,Pure Kemp Brass Nose Pin in 3 Colors (Price for Each),Ruby,1772,599.0,Sale,1,7,6,https://www.daivik.in/products/pure-kemp-brass-nose-pin-in-3-colors-price-for-each?variant=gid://shopify/ProductVariant/47796909736158
2026-07-31 20:04:31,Pure Kemp Brass Nose Pin in 3 Colors (Price for Each),Green,1772,599.0,Sale,1,43,42,https://www.daivik.in/products/pure-kemp-brass-nose-pin-in-3-colors-price-for-each?variant=gid://shopify/ProductVariant/47796909768926
2026-07-31 20:04:31,Pure Kemp Brass Nose Pin in 3 Colors (Price for Each),White,1772,599.0,Sale,1,32,31,https://www.daivik.in/products/pure-kemp-brass-nose-pin-in-3-colors-price-for-each?variant=gid://shopify/ProductVariant/47796909801694
2026-07-31 21:02:34,Simple Purple Stone Bangles,2.6,705,799.0,Sale,1,42,41,https://www.daivik.in/products/simple-purple-stone-bangles?variant=gid://shopify/ProductVariant/45478438371550
2026-07-31 21:02:34,Antique Lakshmi Jada Billa (Price for 1 pc),Default Title,1918,499.0,Sale,1,12,11,https://www.daivik.in/products/antique-lakshmi-jada-billa-price-for-1-pc?variant=gid://shopify/ProductVariant/48378829111518
2026-07-31 21:02:34,Invisible Ganesha Chain in Two Colors,Dark Green,672,999.0,Sale,1,3,2,https://www.daivik.in/products/invisible-green-ganesha-chain?variant=gid://shopify/ProductVariant/48447550357726
2026-07-31 21:47:04,Embossed Simple Lakshmi Hipbelt,Default Title,504,2999.0,Sale,1,25,24,https://www.daivik.in/products/a-56?variant=gid://shopify/ProductVariant/44145944592606
2026-07-31 21:47:04,Bridal Brass Kemp Mango short and Long Haram with Jhumkas,Default Title,1197,17499.0,Sale,1,3,2,https://www.daivik.in/products/bridal-brass-kemp-mango-short-and-long-haram-with-jhumkas?variant=gid://shopify/ProductVariant/46207536431326
2026-07-31 21:47:04,Premium Lakshmi AD Green Beads Long Haram,Default Title,1231,5999.0,Sale,1,14,13,https://www.daivik.in/products/premium-lakshmi-ad-green-beads-long-haram?variant=gid://shopify/ProductVariant/46321065165022
2026-07-31 21:47:04,Simple Kemp Pearl Side Chain / Mattal in 4 Colors (Price for a Pair),Ruby Green,1588,999.0,Sale,1,32,31,https://www.daivik.in/products/simple-ad-pearl-side-chain-in-4-colors-price-for-a-pair?variant=gid://shopify/ProductVariant/46584049762526
2026-07-31 22:03:41,AD Green Pearl Floral Combo,2.4,1910,3199.0,Sale,1,2,1,https://www.daivik.in/products/ad-green-pearl-floral-combo?variant=gid://shopify/ProductVariant/48333256032478
2026-07-31 23:32:20,AD Flower Hipchain in 4 Colors (Price for Each),Purple,1633,1699.0,Sale,1,19,18,https://www.daivik.in/products/ad-flower-hipchain-in-4-colors-price-for-each?variant=gid://shopify/ProductVariant/47088042770654
2026-07-31 23:47:07,Two Layered Stone Necklace with Earrings,Pink,244,2499.0,Sale,1,36,35,https://www.daivik.in/products/two-layered-stone-necklace-with-earrings?variant=gid://shopify/ProductVariant/44875433083102
2026-07-31 23:47:07,Antique RubyGreen AD Bangles,2.4,475,999.0,Sale,2,11,9,https://www.daivik.in/products/antique-rubygreen-ad-bangles?variant=gid://shopify/ProductVariant/44985289867486
2026-07-31 23:47:07,Coral AD Green Stone Necklace with Studs,Default Title,1119,1599.0,Sale,1,23,22,https://www.daivik.in/products/coral-ad-green-stone-necklace-with-studs?variant=gid://shopify/ProductVariant/45915404501214
2026-07-31 23:47:07,Invisible Flower Chain with Earrings in Two Variants (Price for Each),Purple,309,799.0,Sale,1,47,46,https://www.daivik.in/products/invisible-flower-chain-with-earrings-in-two-vaiants-price-for-each?variant=gid://shopify/ProductVariant/46622024335582
2026-07-31 23:47:07,Antique Designer Watch Bracelet,Default Title,4007,2999.0,Sale,1,27,26,https://www.daivik.in/products/antique-designer-watch-bracelet-6?variant=gid://shopify/ProductVariant/48070962839774
2026-08-01 00:03:54,Simple AD Gold finish necklace with earrings,Default Title,743,1099.0,Sale,1,17,16,https://www.daivik.in/products/simple-ad-gold-finish-necklace-with-earrings?variant=gid://shopify/ProductVariant/44355165978846
2026-08-01 00:03:54,AD Changeable Gold Finish Necklace with Changeable Earrings,Default Title,490,2499.0,Sale,1,6,5,https://www.daivik.in/products/changeable?variant=gid://shopify/ProductVariant/44551102529758
2026-08-01 00:33:27,Elakkathali Ruby Choker with Earrings,Default Title,485,899.0,Sale,1,40,39,https://www.daivik.in/products/elakkathali-ruby-choker-with-earrings?variant=gid://shopify/ProductVariant/48403799408862
2026-08-01 00:48:38,AD Non Piercing Nosepin in 3 Colors (Price for Each),Ruby,1913,299.0,Sale,1,48,47,https://www.daivik.in/products/ad-non-piercing-nosepin-in-3-colors-price-for-each?variant=gid://shopify/ProductVariant/48341912387806
2026-08-01 01:49:00,Elephant Lakshmi Antique bangles( set of 2),2.8,685,1699.0,Sale,1,34,33,https://www.daivik.in/products/elephant-antique-bangles?variant=gid://shopify/ProductVariant/44464669360350
2026-08-01 01:49:00,Guttaspusalu Short & Long Mango Haram with Earrings,Default Title,863,7999.0,Sale,1,7,6,https://www.daivik.in/products/guttaspusalu-short-long-mango-haram-with-earrings?variant=gid://shopify/ProductVariant/44559215263966
2026-08-01 02:33:24,Navarathna AD Bangles Set Of 2,2.4,313,1199.0,Sale,1,16,15,https://www.daivik.in/products/navarathna-ad-bangles-set-of-2?variant=gid://shopify/ProductVariant/35100284158105
2026-08-01 02:33:24,Kemp Jadau Bugadi,Default Title,1601,799.0,Sale,1,22,21,https://www.daivik.in/products/kemp-jadau-bugadi?variant=gid://shopify/ProductVariant/46641514021086
2026-08-01 03:02:32,Embossed Simple Lakshmi Hipbelt,Default Title,504,2999.0,Sale,1,24,23,https://www.daivik.in/products/a-56?variant=gid://shopify/ProductVariant/44145944592606
2026-08-01 03:19:13,Simple Ghungroo White Pearl Chain,Default Title,431,999.0,Sale,1,16,15,https://www.daivik.in/products/simple-ghungroo-white-pearl-chain?variant=gid://shopify/ProductVariant/45378760769758
2026-08-01 03:19:13,Invisible Kemp Ruby Chain with Earrings,Default Title,1262,799.0,Sale,1,2,1,https://www.daivik.in/products/invisible-kemp-ruby-chain-with-earrings?variant=gid://shopify/ProductVariant/46685345841374
2026-08-01 03:47:03,Heritage Golden Beads Watch Bracelet,Default Title,4033,1499.0,Sale,1,41,40,https://www.daivik.in/products/heritage-golden-beads-watch-bracelet?variant=gid://shopify/ProductVariant/48266751574238
2026-08-01 04:04:00,Antique Temple Style Short and Long Lakshmi Haram with Earringss,Long,446,3499.0,Sale,1,13,12,https://www.daivik.in/products/antique-temple-style-short-and-long-lakshmi-haram-with-earringss?variant=gid://shopify/ProductVariant/48079406563550
2026-08-01 04:04:00,Pachi Pearl Jali Necklace,Default Title,491,2999.0,Sale,1,19,18,https://www.daivik.in/products/pachi-pearl-jali-necklace?variant=gid://shopify/ProductVariant/48400077258974
2026-08-01 04:19:06,Parrot Pearl Bugadi/Top Earrings,Default Title,1892,699.0,Sale,1,21,20,https://www.daivik.in/products/parrot-pearl-bugadi-top-earrings?variant=gid://shopify/ProductVariant/48282345799902
2026-08-01 04:32:08,AD Non Piercing Nosepin in 3 Colors (Price for Each),Ruby,1913,299.0,Sale,1,47,46,https://www.daivik.in/products/ad-non-piercing-nosepin-in-3-colors-price-for-each?variant=gid://shopify/ProductVariant/48341912387806
2026-08-01 04:32:08,Elakkathali Ruby Choker with Earrings,Default Title,485,899.0,Sale,1,39,38,https://www.daivik.in/products/elakkathali-ruby-choker-with-earrings?variant=gid://shopify/ProductVariant/48403799408862
2026-08-01 05:03:56,AD Golden bangles,2.4,929,1199.0,Sale,1,13,12,https://www.daivik.in/products/a-302?variant=gid://shopify/ProductVariant/43479574315230
2026-08-01 05:03:56,Diamond Look alike Floral Necklace with Earrings,Default Title,1293,599.0,Sale,1,45,44,https://www.daivik.in/products/diamond-look-alike-floral-necklace-with-earrings?variant=gid://shopify/ProductVariant/47058250170590
2026-08-01 05:03:56,Lakshmi Antique Choker with Studs,Default Title,1319,1299.0,Sale,1,12,11,https://www.daivik.in/products/lakshmi-antique-choker-with-studs?variant=gid://shopify/ProductVariant/47461641388254
2026-08-01 05:03:56,Elakkathali Ruby Choker with Earrings,Default Title,485,899.0,Sale,1,38,37,https://www.daivik.in/products/elakkathali-ruby-choker-with-earrings?variant=gid://shopify/ProductVariant/48403799408862
2026-08-01 05:03:56,Kemp Bangle Combo (Price for Both Hands),2.4,1804,2999.0,Sold Out,2,2,0,https://www.daivik.in/products/b-3?variant=gid://shopify/ProductVariant/47880825471198
2026-08-01 05:34:20,Guttapusalu Long and Short Combo,Default Title,293,4999.0,Sale,1,2,1,https://www.daivik.in/products/guttapusalu-long-and-short-combo?variant=gid://shopify/ProductVariant/34664267481241
2026-08-01 05:34:20,Simple Ruby and pearl choker with earrings,Default Title,538,999.0,Sale,1,28,27,https://www.daivik.in/products/a-327?variant=gid://shopify/ProductVariant/43546226196702
2026-08-01 05:34:20,Pearl Victorian Choker with earrings,Default Title,75,4199.0,Sale,1,44,43,https://www.daivik.in/products/a-75?variant=gid://shopify/ProductVariant/44172631015646
2026-08-01 05:34:20,Victorian polish leaf necklace with earrings in 5 colours,White,640,1899.0,Sale,1,30,29,https://www.daivik.in/products/untitled-aug18_20-18?variant=gid://shopify/ProductVariant/44315855421662
2026-08-01 05:34:20,Navarathna Droplet Necklace with Earrings,Default Title,573,1999.0,Sale,1,30,29,https://www.daivik.in/products/navarathna-droplet-necklace-with-earrings?variant=gid://shopify/ProductVariant/44769327874270
2026-08-01 05:34:20,Lotus kemp rice pearl Necklace with Earrings,Ruby,121,599.0,Sale,1,45,44,https://www.daivik.in/products/lotus-kemp-rice-pearl-necklace-with-earrings?variant=gid://shopify/ProductVariant/45036923486430
2026-08-01 05:34:20,Lakshmi Jadau Kemp Teeka,Default Title,348,999.0,Sale,1,39,38,https://www.daivik.in/products/lakshmi-jadau-kemp-teeka?variant=gid://shopify/ProductVariant/45649855742174
2026-08-01 05:34:20,Invisible Flower Chain with Earrings,Default Title,871,799.0,Sale,1,21,20,https://www.daivik.in/products/invisible-flower-chain-with-earrings?variant=gid://shopify/ProductVariant/47043956310238
2026-08-01 05:34:20,Diamond Look Alike Hasli Necklace with Earrings,Default Title,1388,1399.0,Sale,1,19,18,https://www.daivik.in/products/a-31?variant=gid://shopify/ProductVariant/48267346772190
2026-08-01 05:47:03,Onam Special Three Layer Lakshmi Coin Necklace with Earrings,Default Title,1310,599.0,Sale,1,17,16,https://www.daivik.in/products/three-layer-lakshmi-coin-necklace-with-earrings?variant=gid://shopify/ProductVariant/47082104094942
2026-08-01 05:47:03,AD Flower Layer Jhumkas,Green,1663,599.0,Sale,1,14,13,https://www.daivik.in/products/ad-flower-layer-jhumkas?variant=gid://shopify/ProductVariant/47471681732830
2026-08-01 06:03:47,Mini version of the Big size jhumkas,Default Title,838,999.0,Sale,1,50,49,https://www.daivik.in/products/mini-version-of-the-big-size-jhumkas?variant=gid://shopify/ProductVariant/44757040464094
2026-08-01 06:03:47,Elakkathali Ruby Choker with Earrings,Default Title,485,899.0,Sale,1,37,36,https://www.daivik.in/products/elakkathali-ruby-choker-with-earrings?variant=gid://shopify/ProductVariant/48403799408862
2026-08-01 06:03:47,Kemp Ruby Green White Pearl Choker,Default Title,388,2799.0,Sold Out,41,41,0,https://www.daivik.in/products/kemp-ruby-green-white-pearl-choker?variant=gid://shopify/ProductVariant/47455889326302
2026-08-01 06:18:34,AD RubyGreen Jhumkas with attached Mattals,Default Title,920,999.0,Sale,1,21,20,https://www.daivik.in/products/ad-rubygreen-jhumkas-with-attached-mattel-s?variant=gid://shopify/ProductVariant/45363709771998
2026-08-01 06:18:34,Designer Ballet Butterfly Dancing Girl Necklace with Earrings,Default Title,393,11599.0,Sold Out,1,1,0,https://www.daivik.in/products/designer-ballet-butterfly-dancing-girl-necklace-with-earrings?variant=gid://shopify/ProductVariant/48417440071902
2026-08-01 06:32:19,Coral AD Green Stone Necklace with Studs,Default Title,1119,1599.0,Sale,1,22,21,https://www.daivik.in/products/coral-ad-green-stone-necklace-with-studs?variant=gid://shopify/ProductVariant/45915404501214
2026-08-01 06:32:19,"Jyothika Mam Inspired AD Green Pendant Necklace (Prices for Short, Long and Combo)",Short,1295,799.0,Sale,1,27,26,https://www.daivik.in/products/jyothika-mam-inspired-ad-green-pendant-necklace?variant=gid://shopify/ProductVariant/47092708573406
2026-08-01 06:32:19,Peacock Lakshmi Coin Necklace with Earrings in Two Colors,Green,584,799.0,Sale,1,23,22,https://www.daivik.in/products/peacock-lakshmi-coin-necklace-with-earrings-in-two-colors?variant=gid://shopify/ProductVariant/48254522720478
2026-08-01 06:32:19,AD Temple Style Lakshmi Earrings,Default Title,1899,599.0,Sale,1,43,42,https://www.daivik.in/products/ad-temple-style-lakshmi-earrings?variant=gid://shopify/ProductVariant/48292121084126
2026-08-01 06:48:56,Traditional Teeka in 2 variants,2,756,699.0,Sale,1,13,12,https://www.daivik.in/products/traditional-teeka-in-2-variants-1?variant=gid://shopify/ProductVariant/40399475310745
2026-08-01 06:48:56,Pearl Kemp Pendant Short Haram with Earrings,Default Title,441,1299.0,Sale,1,51,50,https://www.daivik.in/products/pearl-kemp-pendant-short-haram-with-earrings?variant=gid://shopify/ProductVariant/42596492411102
2026-08-01 06:48:56,Simple AD Gold Finish Necklace with Earrings,Default Title,955,899.0,Sale,1,21,20,https://www.daivik.in/products/simple-gold-finish-necklace-with-earrings-1?variant=gid://shopify/ProductVariant/44484582473950
2026-08-01 06:48:56,White Mossanite Antique Bangles,2.8,1515,799.0,Sale,1,41,40,https://www.daivik.in/products/white-mossanite-antique-bangles?variant=gid://shopify/ProductVariant/46122761257182
2026-08-01 06:48:56,Simple Antique Thin Hipchain in 5 Variants ( Price for Each ),4,1602,1299.0,Sale,1,9,8,https://www.daivik.in/products/simple-antique-thin-hipchain-in-5-variants-price-for-each?variant=gid://shopify/ProductVariant/46643685359838
2026-08-01 06:48:56,Simple Hipchains in 4 Style (Price for Each),1,1606,1499.0,Sale,1,6,5,https://www.daivik.in/products/u-1?variant=gid://shopify/ProductVariant/46686857953502
2026-08-01 06:48:56,Diamond Look alike Floral Necklace with Earrings,Default Title,1293,599.0,Sale,1,44,43,https://www.daivik.in/products/diamond-look-alike-floral-necklace-with-earrings?variant=gid://shopify/ProductVariant/47058250170590
2026-08-01 07:02:23,Lotus kemp rice pearl Necklace with Earrings,Ruby,121,599.0,Sale,1,44,43,https://www.daivik.in/products/lotus-kemp-rice-pearl-necklace-with-earrings?variant=gid://shopify/ProductVariant/45036923486430
2026-08-01 07:17:10,Uncut Kemp Vintage Necklace With Earrings,Default Title,400,1749.0,Sale,1,47,46,https://www.daivik.in/products/pure-uncut-kemp-vintage-necklace-with-earrings?variant=gid://shopify/ProductVariant/44178228478174
2026-08-01 07:17:10,Victorian two line Mossanite Necklace with Studs,Ruby Green,918,3499.0,Sale,1,10,9,https://www.daivik.in/products/victorian-two-line-mossanite-necklace-with-studs?variant=gid://shopify/ProductVariant/45131651154142
2026-08-01 07:17:10,Elephant Pendant Pearl Mala in Two Colors (Price for Each),Ruby,1394,1299.0,Sale,1,10,9,https://www.daivik.in/products/a-48?variant=gid://shopify/ProductVariant/48353993392350
2026-08-01 07:17:10,Classic AD Droplet Jhumkas,Default Title,1933,699.0,Sale,1,29,28,https://www.daivik.in/products/classic-ad-droplet-jhumkas?variant=gid://shopify/ProductVariant/48465634394334
2026-08-01 07:32:14,Simple AD Choker with Studds (Price for Each),Pink,620,399.0,Sale,1,51,50,https://www.daivik.in/products/simple-ad-choker-with-studds?variant=gid://shopify/ProductVariant/47448853938398
2026-08-01 07:47:03,Lotus Necklace with Jhumkas,Default Title,495,2499.0,Sale,1,34,33,https://www.daivik.in/products/lotus-necklace-with-jhumkas?variant=gid://shopify/ProductVariant/44631097508062
2026-08-01 07:47:03,Kemp pastel Beads Necklace with Earrings,Default Title,1221,999.0,Sale,1,51,50,https://www.daivik.in/products/kemp-pastel-beads-necklace-with-earrings?variant=gid://shopify/ProductVariant/46297625559262
2026-08-01 07:47:03,Jathi Malli Pink Shade Flower Reusable Gajra,16 Inches String - Full Moolam,3501,2499.0,Sale,1,9,8,https://www.daivik.in/products/jathi-malli-pink-shade-flower-reusable-gajra-16-inches?variant=gid://shopify/ProductVariant/47542602039518
2026-08-01 07:47:03,Elegant Jasmine/Mullai Flower Artificial Gajra,8 Inches String - Half Moolam,3507,1299.0,Sale,1,14,13,https://www.daivik.in/products/elegant-jasmine-mullai-flower-artificial-gajra-16-inches?variant=gid://shopify/ProductVariant/47542601515230
2026-08-01 07:47:03,Simple Flower AD Pendant Necklace with Earrings in Two Colors (Price for Each),White,511,799.0,Sale,1,8,7,https://www.daivik.in/products/simple-flower-ad-pendant-necklace-with-earrings-in-two-colors-price-for-each?variant=gid://shopify/ProductVariant/47758175207646
2026-08-01 07:47:03,Antique Designer Watch Bracelet,Default Title,4007,2999.0,Sale,1,26,25,https://www.daivik.in/products/antique-designer-watch-bracelet-6?variant=gid://shopify/ProductVariant/48070962839774
2026-08-01 07:47:03,AD Non Piercing Nosepin in 3 Colors (Price for Each),Ruby,1913,299.0,Sale,1,46,45,https://www.daivik.in/products/ad-non-piercing-nosepin-in-3-colors-price-for-each?variant=gid://shopify/ProductVariant/48341912387806
2026-08-01 08:03:34,Elephant Pendant Pearl Mala in Two Colors (Price for Each),Ruby,1394,1299.0,Sale,1,9,8,https://www.daivik.in/products/a-48?variant=gid://shopify/ProductVariant/48353993392350
2026-08-01 08:33:14,Mossanite Kundan Balis in 2 colours,Green,1503,1299.0,Sale,1,35,34,https://www.daivik.in/products/mossanite-kundan-balis-in-2-colours?variant=gid://shopify/ProductVariant/45889343553758
2026-08-01 08:33:14,Lakshmi Short Jada Billa,Default Title,1554,2199.0,Sale,1,27,26,https://www.daivik.in/products/lakshmi-short-jada-billa?variant=gid://shopify/ProductVariant/46258264015070
2026-08-01 08:33:14,"Jyothika Mam Inspired AD Green Pendant Necklace (Prices for Short, Long and Combo)",Short,1295,799.0,Sale,1,26,25,https://www.daivik.in/products/jyothika-mam-inspired-ad-green-pendant-necklace?variant=gid://shopify/ProductVariant/47092708573406
2026-08-01 08:33:14,Antique Royal Elephant and Horse Magnetic Brooch (Price for Each),Elephant,1841,1999.0,Sale,1,7,6,https://www.daivik.in/products/brooch?variant=gid://shopify/ProductVariant/48039749320926
2026-08-01 08:33:14,Kemp Layered Hair Clip,Default Title,1908,1799.0,Sale,1,10,9,https://www.daivik.in/products/kemp-layered-hair-clip?variant=gid://shopify/ProductVariant/48332856918238
2026-08-01 08:33:14,Ruby Lakshmi Bangle Combo (Price for Both Hands),2.6,1930,4999.0,Sold Out,1,1,0,https://www.daivik.in/products/ruby-lakshmi-bangle-combo?variant=gid://shopify/ProductVariant/48446047060190
2026-08-01 08:47:01,Invisible Ganesha Chain in Two Colors,Baby Pink,672,999.0,Sale,1,9,8,https://www.daivik.in/products/invisible-green-ganesha-chain?variant=gid://shopify/ProductVariant/48447550390494
2026-08-01 09:17:05,Lakshmi Brass bangles,2.8,322,1699.0,Sale,1,35,34,https://www.daivik.in/products/lakshmi-brass-bangles?variant=gid://shopify/ProductVariant/43531411128542
2026-08-01 09:17:05,Elakkathali Ruby Choker with Earrings,Default Title,485,899.0,Sale,1,36,35,https://www.daivik.in/products/elakkathali-ruby-choker-with-earrings?variant=gid://shopify/ProductVariant/48403799408862
2026-08-01 09:34:00,Antique Jadau Green Beads Long chain with Earrings,Default Title,830,1799.0,Sale,1,29,28,https://www.daivik.in/products/antique-jadau-green-beads-long-chain-with-earrings?variant=gid://shopify/ProductVariant/47047999455454
2026-08-01 09:34:00,Diamond Look alike Floral Necklace with Earrings,Default Title,1293,599.0,Sale,1,43,42,https://www.daivik.in/products/diamond-look-alike-floral-necklace-with-earrings?variant=gid://shopify/ProductVariant/47058250170590
2026-08-01 09:34:00,Elakkathali Ruby Choker with Earrings,Default Title,485,899.0,Sale,1,35,34,https://www.daivik.in/products/elakkathali-ruby-choker-with-earrings?variant=gid://shopify/ProductVariant/48403799408862
2026-08-01 10:05:02,Simple and small pure kemp jhumkas,Default Title,656,1199.0,Sale,1,19,18,https://www.daivik.in/products/simple-and-small-pure-kemp-jhumkas?variant=gid://shopify/ProductVariant/39434836574361
2026-08-01 10:05:02,Simple and small kemp Jhumkas,Default Title,907,999.0,Sale,1,2,1,https://www.daivik.in/products/simple-and-small-kemp-jhumkas?variant=gid://shopify/ProductVariant/41347627843737
2026-08-01 10:05:02,Simple Kemp Choker Necklace in 5 variants,Ruby green,911,1299.0,Sale,1,3,2,https://www.daivik.in/products/simple-kemp-choker-necklace-in-5-variants?variant=gid://shopify/ProductVariant/41372165898393
2026-08-01 10:05:02,Small AD Floral Jhumkas,Default Title,435,899.0,Sale,1,39,38,https://www.daivik.in/products/small-ad-floral-jhumkas?variant=gid://shopify/ProductVariant/42603310121182
2026-08-01 10:05:02,Invisible Flower Chain with Earrings,Default Title,871,799.0,Sale,1,20,19,https://www.daivik.in/products/invisible-flower-chain-with-earrings?variant=gid://shopify/ProductVariant/47043956310238
2026-08-01 10:05:02,Simple Pearl Kemp choker with Earrings in 2 variants,Ruby,327,649.0,Sold Out,1,1,0,https://www.daivik.in/products/simple-pearl-kemp-choker-with-earrings-in-2-variants?variant=gid://shopify/ProductVariant/44661107032286
2026-08-01 10:05:02,Invisible Kemp Ruby Chain with Earrings,Default Title,1262,799.0,Sold Out,1,1,0,https://www.daivik.in/products/invisible-kemp-ruby-chain-with-earrings?variant=gid://shopify/ProductVariant/46685345841374
2026-08-01 10:05:02,AD Flower Layer Jhumkas,Ruby,1663,599.0,Sold Out,1,1,0,https://www.daivik.in/products/ad-flower-layer-jhumkas?variant=gid://shopify/ProductVariant/47471681765598
2026-08-01 10:17:13,Victorian Moissanite Flower Necklace with Earrings,Default Title,1236,4299.0,Sale,1,3,2,https://www.daivik.in/products/victorian-moissanite-flower-necklace-with-earrings?variant=gid://shopify/ProductVariant/48525556285662
2026-08-01 10:32:23,Floral Kemp Bangles,2.8,220,999.0,Sale,1,28,27,https://www.daivik.in/products/floral-kemp-bangles-1?variant=gid://shopify/ProductVariant/42576998629598
2026-08-01 10:49:03,Handmade Lotus Flower U Pin,5,3539,799.0,Sale,1,11,10,https://www.daivik.in/products/handmade-lotus-flower-u-pin?variant=gid://shopify/ProductVariant/48294879297758
2026-08-01 10:49:03,Elakkathali Ruby Choker with Earrings,Default Title,485,899.0,Sale,1,34,33,https://www.daivik.in/products/elakkathali-ruby-choker-with-earrings?variant=gid://shopify/ProductVariant/48403799408862
2026-08-01 11:17:26,Kemp Lotus Ghungroo beads Adigai with Jhumkas,Default Title,111,1399.0,Sale,1,7,6,https://www.daivik.in/products/kemp-lotus-ghungroo-beads-adigai-with-jhumkas?variant=gid://shopify/ProductVariant/45453369540830
2026-08-01 11:49:03,Invisible Golden Flower Chain with Earrings,Default Title,953,499.0,Sale,1,24,23,https://www.daivik.in/products/invisible-flower-chain-with-earrings-1?variant=gid://shopify/ProductVariant/47051613241566
2026-08-01 12:03:45,3 Line Multicolour Mala with earrings,Default Title,898,2499.0,Sale,1,16,15,https://www.daivik.in/products/3-line-multicolour-mala-with-earrings?variant=gid://shopify/ProductVariant/44212089585886
2026-08-01 12:03:45,Five layered kemp long haram with Balis,Default Title,906,4999.0,Sale,1,5,4,https://www.daivik.in/products/five-layer-kemp-long-haram-with-balis?variant=gid://shopify/ProductVariant/45341122953438
2026-08-01 12:03:45,Matte Finish Golden Pearl Long Haram with Earrings,Default Title,730,1999.0,Sale,1,4,3,https://www.daivik.in/products/matte-finish-golden-pearl-long-haram-with-earrings?variant=gid://shopify/ProductVariant/45506109898974
2026-08-01 12:03:45,Elephant Multilayer Pearl Hanging Jhumkas in two Colors (Price for Each),Ruby,1555,2299.0,Sale,1,3,2,https://www.daivik.in/products/elephant-multilayer-pearl-hanging-jhumkas?variant=gid://shopify/ProductVariant/46726586269918
2026-08-01 12:03:45,Vintage Temple Style Adjustable Finger Watch Ring in 2 Colors (Price for Each),Ruby,1858,3199.0,Sale,1,2,1,https://www.daivik.in/products/vintage-temple-style-adjustable-finger-watch-ring-in-2-colors-price-for-each?variant=gid://shopify/ProductVariant/48066310668510
2026-08-01 12:03:45,Pachi Pearl Jali Necklace,Default Title,491,2999.0,Sale,1,18,17,https://www.daivik.in/products/pachi-pearl-jali-necklace?variant=gid://shopify/ProductVariant/48400077258974
2026-08-01 12:17:25,Simple Ruby and pearl choker with earrings,Default Title,538,999.0,Sale,1,27,26,https://www.daivik.in/products/a-327?variant=gid://shopify/ProductVariant/43546226196702
2026-08-01 12:34:07,Small Tribal Bali Jhumka,Default Title,3,799.0,Sale,1,6,5,https://www.daivik.in/products/small-tribal-bali-jhumka?variant=gid://shopify/ProductVariant/36547713302681
2026-08-01 12:48:37,Lotus kemp rice pearl Necklace with Earrings,Ruby,121,599.0,Sale,1,43,42,https://www.daivik.in/products/lotus-kemp-rice-pearl-necklace-with-earrings?variant=gid://shopify/ProductVariant/45036923486430
2026-08-01 12:48:37,AD Ruby Green Pendant Long Haram,Ruby Green,1133,2599.0,Sale,1,18,17,https://www.daivik.in/products/ad-ruby-green-pendant-long-haram?variant=gid://shopify/ProductVariant/46264545280222
2026-08-01 12:48:37,Simple Pendant Ruby Green Hasli Necklace with Earrings,Default Title,744,799.0,Sale,1,3,2,https://www.daivik.in/products/simple-pendant-ruby-green-hasli-necklace-with-earrings?variant=gid://shopify/ProductVariant/46583087268062
2026-08-01 13:04:24,Simple Kemp Choker Necklace in 5 variants,Ruby green,911,1299.0,Sale,1,2,1,https://www.daivik.in/products/simple-kemp-choker-necklace-in-5-variants?variant=gid://shopify/ProductVariant/41372165898393
2026-08-01 13:04:24,Ruby AD Jhumkas with Attached Mattal,Default Title,589,1199.0,Sale,1,43,42,https://www.daivik.in/products/ruby-ad-jhumkas-with-attached-mattal?variant=gid://shopify/ProductVariant/44358526632158
2026-08-01 13:04:24,Victorian AD Pendant Choker with Earrings,Purple,881,999.0,Sale,1,28,27,https://www.daivik.in/products/victorian-ad-choker-with-earrings?variant=gid://shopify/ProductVariant/45763463839966
2026-08-01 13:04:24,AD RubyGreen Jhumkas with attached Mattals,Default Title,920,999.0,Sale,1,20,19,https://www.daivik.in/products/ad-rubygreen-jhumkas-with-attached-mattel-s?variant=gid://shopify/ProductVariant/45363709771998
2026-08-01 13:04:24,Kemp Lotus Ghungroo beads Adigai with Jhumkas,Default Title,111,1399.0,Sale,1,6,5,https://www.daivik.in/products/kemp-lotus-ghungroo-beads-adigai-with-jhumkas?variant=gid://shopify/ProductVariant/45453369540830
2026-08-01 13:04:24,Kids / Adult Antique Jhumkas,Default Title,1870,699.0,Sale,1,20,19,https://www.daivik.in/products/kids-adult-antique-jhumkas?variant=gid://shopify/ProductVariant/48129394671838
2026-08-01 13:18:33,Designer Black Beads Bracelets with Golden Beads,3,1628,499.0,Sale,1,5,4,https://www.daivik.in/products/designer-black-beads-bracelets-with-golden-beads?variant=gid://shopify/ProductVariant/47082103242974
2026-08-01 13:18:33,Elakkathali Ruby Choker with Earrings,Default Title,485,899.0,Sale,1,33,32,https://www.daivik.in/products/elakkathali-ruby-choker-with-earrings?variant=gid://shopify/ProductVariant/48403799408862
2026-08-01 13:32:27,Lakshmi Coin Chain,Default Title,1286,599.0,Sale,1,51,50,https://www.daivik.in/products/lakshmi-coin-chain?variant=gid://shopify/ProductVariant/47042689433822
2026-08-01 13:32:27,Diamond Look Alike Hasli Necklace with Earrings,Default Title,1388,1399.0,Sale,1,18,17,https://www.daivik.in/products/a-31?variant=gid://shopify/ProductVariant/48267346772190
2026-08-01 13:32:27,Handmade Lotus Flower U Pin,5,3539,799.0,Sale,1,10,9,https://www.daivik.in/products/handmade-lotus-flower-u-pin?variant=gid://shopify/ProductVariant/48294879297758
2026-08-01 13:32:27,Invisible Ganesha Chain in Two Colors,Baby Pink,672,999.0,Sale,1,8,7,https://www.daivik.in/products/invisible-green-ganesha-chain?variant=gid://shopify/ProductVariant/48447550390494
2026-08-01 13:47:02,Elegant Jasmine/Mullai Flower Artificial Gajra,16 Inches String - Full Moolam,3507,2599.0,Sale,1,20,19,https://www.daivik.in/products/elegant-jasmine-mullai-flower-artificial-gajra-16-inches?variant=gid://shopify/ProductVariant/47542601547998
2026-08-01 13:47:02,Elakkathali Ruby Choker with Earrings,Default Title,485,899.0,Sale,1,32,31,https://www.daivik.in/products/elakkathali-ruby-choker-with-earrings?variant=gid://shopify/ProductVariant/48403799408862
2026-08-01 14:04:01,Lotus kemp rice pearl Necklace with Earrings,Ruby,121,599.0,Sale,1,42,41,https://www.daivik.in/products/lotus-kemp-rice-pearl-necklace-with-earrings?variant=gid://shopify/ProductVariant/45036923486430
2026-08-01 14:04:01,Pure kemp Jadau Jhumkas with Pearl Mattal,Green,1540,3699.0,Sale,1,10,9,https://www.daivik.in/products/pure-kemp-jadau-jhumkas-with-mattal?variant=gid://shopify/ProductVariant/47069494837470
2026-08-01 14:04:01,Kemp pastel Beads Necklace with Earrings,Default Title,1221,999.0,Sale,1,50,49,https://www.daivik.in/products/kemp-pastel-beads-necklace-with-earrings?variant=gid://shopify/ProductVariant/46297625559262
2026-08-01 14:04:01,Kemp lotus Jhumkas in 2 colours,Default Title,1562,1299.0,Sale,1,17,16,https://www.daivik.in/products/kemp-lotus-jhumkas-in-2-colours?variant=gid://shopify/ProductVariant/46309259018462
2026-08-01 14:19:43,Cluster Pearl Necklace with earrings ( Price for each),White Pearl,257,1499.0,Sale,1,13,12,https://www.daivik.in/products/a-2?variant=gid://shopify/ProductVariant/44437456519390
2026-08-01 14:19:43,AD Small Teekas in 2 colours,Green,557,899.0,Sale,1,3,2,https://www.daivik.in/products/a-102?variant=gid://shopify/ProductVariant/42877369647326
2026-08-01 14:19:43,Elakkathali Ruby Choker with Earrings,Default Title,485,899.0,Sale,1,31,30,https://www.daivik.in/products/elakkathali-ruby-choker-with-earrings?variant=gid://shopify/ProductVariant/48403799408862
2026-08-01 14:32:18,Kids Flower Jhumkas,Default Title,1731,699.0,Sale,1,15,14,https://www.daivik.in/products/kids-flower-jhumkas?variant=gid://shopify/ProductVariant/47673188483294
2026-08-01 14:32:18,Elakkathali Ruby Choker with Earrings,Default Title,485,899.0,Sale,1,30,29,https://www.daivik.in/products/elakkathali-ruby-choker-with-earrings?variant=gid://shopify/ProductVariant/48403799408862
2026-08-01 14:48:25,Simple Pearl Kemp choker with Earrings in 2 variants,Green,327,649.0,Sale,1,27,26,https://www.daivik.in/products/simple-pearl-kemp-choker-with-earrings-in-2-variants?variant=gid://shopify/ProductVariant/44661107065054
2026-08-01 14:48:25,Invisible Flower Chain with Earrings,Default Title,871,799.0,Sale,1,19,18,https://www.daivik.in/products/invisible-flower-chain-with-earrings?variant=gid://shopify/ProductVariant/47043956310238
2026-08-01 15:02:30,Matte  Cluster Lakshmi jhumkas,Default Title,45,1449.0,Sale,1,30,29,https://www.daivik.in/products/45?variant=gid://shopify/ProductVariant/32600770707515
2026-08-01 15:17:03,Invisible Flower Chain with Earrings,Default Title,871,799.0,Sale,1,18,17,https://www.daivik.in/products/invisible-flower-chain-with-earrings?variant=gid://shopify/ProductVariant/47043956310238
2026-08-01 15:33:52,Invisible Flower Chain with Earrings,Default Title,871,799.0,Sale,1,17,16,https://www.daivik.in/products/invisible-flower-chain-with-earrings?variant=gid://shopify/ProductVariant/47043956310238
2026-08-01 15:48:17,GJ Polish Designer Bracelets (Price for Each),1,1625,999.0,Sale,1,35,34,https://www.daivik.in/products/gj-polish-designer-bracelets-price-for-each?variant=gid://shopify/ProductVariant/47075079356638
2026-08-01 15:48:17,GJ Polish Designer Bracelets (Price for Each),2,1625,1099.0,Sale,1,23,22,https://www.daivik.in/products/gj-polish-designer-bracelets-price-for-each?variant=gid://shopify/ProductVariant/47075079389406
2026-08-01 16:02:38,Two Layered Stone Necklace with Earrings,Pink,244,2499.0,Sale,1,35,34,https://www.daivik.in/products/two-layered-stone-necklace-with-earrings?variant=gid://shopify/ProductVariant/44875433083102
2026-08-01 16:18:08,Simple peacock motif necklace with earrings,Default Title,691,1199.0,Sale,1,52,51,https://www.daivik.in/products/simple-peacock-motif-necklace-with-earrings?variant=gid://shopify/ProductVariant/39678792368281
2026-08-01 16:18:08,Carved Moissanite Necklace with Earrings,Default Title,282,1299.0,Sale,1,33,32,https://www.daivik.in/products/carved-moissanite-necklace-with-earrings?variant=gid://shopify/ProductVariant/47758182514910
2026-08-01 16:33:13,Matte  Cluster Lakshmi jhumkas,Default Title,45,1449.0,Sale,1,29,28,https://www.daivik.in/products/45?variant=gid://shopify/ProductVariant/32600770707515
2026-08-01 16:33:13,Pure Kemp Brass Nose Pin in 3 Colors (Price for Each),Green,1772,599.0,Sale,1,42,41,https://www.daivik.in/products/pure-kemp-brass-nose-pin-in-3-colors-price-for-each?variant=gid://shopify/ProductVariant/47796909768926
2026-08-01 16:48:16,Set of 6 Kemp AD bangles,2.6,988,1699.0,Sale,1,21,20,https://www.daivik.in/products/set-of-6-kemp-ad-bangles?variant=gid://shopify/ProductVariant/42314254418142
2026-08-01 16:48:16,Victorian Premium Ruby Bangle,2.4,935,1799.0,Sale,1,13,12,https://www.daivik.in/products/victorian-premium-bangles-in-2-colours?variant=gid://shopify/ProductVariant/44670778048734
2026-08-01 17:04:16,AD Droplet Pendant Mangalsutra with Studs,Default Title,1243,799.0,Sale,1,48,47,https://www.daivik.in/products/ad-droplet-pendant-mangalsutra-with-studs?variant=gid://shopify/ProductVariant/46508274385118
2026-08-01 17:04:16,AD Flower Layer Jhumkas,Green,1663,599.0,Sale,1,13,12,https://www.daivik.in/products/ad-flower-layer-jhumkas?variant=gid://shopify/ProductVariant/47471681732830
2026-08-01 17:04:16,Elakkathali Ruby Choker with Earrings,Default Title,485,899.0,Sale,1,29,28,https://www.daivik.in/products/elakkathali-ruby-choker-with-earrings?variant=gid://shopify/ProductVariant/48403799408862
2026-08-01 17:18:43,Lakshmi layered short and long haram with earrings,Default Title,531,6499.0,Sale,1,4,3,https://www.daivik.in/products/lakshmi-layered-short-and-long-haram-with-earrings?variant=gid://shopify/ProductVariant/37736827125913
2026-08-01 17:18:43,Pure kemp antique teeka,Default Title,549,1499.0,Sale,1,31,30,https://www.daivik.in/products/pure-kemp-antique-teeka?variant=gid://shopify/ProductVariant/37826102591641
2026-08-01 17:18:43,Bridal Brass Kemp Mango Haram with Jhumkas,Default Title,173,11499.0,Sale,1,8,7,https://www.daivik.in/products/bridal-brass-kemp-mango-haram-with-jhumkas?variant=gid://shopify/ProductVariant/42552079319262
2026-08-01 17:18:43,AD Purple Peacock Hasli Necklace with Balis,Default Title,1289,1599.0,Sale,1,27,26,https://www.daivik.in/products/ad-purple-peacock-hasli-necklace-with-balis?variant=gid://shopify/ProductVariant/47057261789406
2026-08-01 17:18:43,Antique kids Jhumkas,Default Title,1683,799.0,Sale,1,7,6,https://www.daivik.in/products/antique-kids-jhumkas-1?variant=gid://shopify/ProductVariant/47521442529502
2026-08-01 17:18:43,Diwali Sale Necklace D25003,Green,D25003,499.0,Sale,1,9,8,https://www.daivik.in/products/diwali-sale-necklace-d250-2?variant=gid://shopify/ProductVariant/47543948017886
2026-08-01 17:18:43,Butta Antique Jadau Necklace set ( price for Each ),Only Short Haram,598,1999.0,Sale,1,17,16,https://www.daivik.in/products/butta-antique-jadau-necklace-set-price-for-each?variant=gid://shopify/ProductVariant/47583155421406
2026-08-01 17:18:43,Sri Balaji 5 Layer Mope Chain,Default Title,958,1199.0,Sale,1,9,8,https://www.daivik.in/products/sri-balaji-5-layer-mope-chain?variant=gid://shopify/ProductVariant/48297913155806
2026-08-01 17:18:43,Classic AD Droplet Jhumkas,Default Title,1933,699.0,Sale,1,28,27,https://www.daivik.in/products/classic-ad-droplet-jhumkas?variant=gid://shopify/ProductVariant/48465634394334
2026-08-01 17:18:43,Uncut Kemp Guttapusalu Short & Long Haram With Earrings,Default Title,371,10999.0,Sold Out,1,1,0,https://www.daivik.in/products/uncut-kemp-guttapusalu-short-long-haram-with-earrings?variant=gid://shopify/ProductVariant/36131243655321
2026-08-01 17:34:26,Designer Ballet Butterfly Dancing Girl Necklace with Earrings,Default Title,393,11599.0,Restock,1,0,1,https://www.daivik.in/products/designer-ballet-butterfly-dancing-girl-necklace-with-earrings?variant=gid://shopify/ProductVariant/48417440071902
2026-08-01 17:34:26,Antique Designer Hair Bun,Default Title,1937,6499.0,New Arrival,2,0,2,https://www.daivik.in/products/antique-designer-hair-bun?variant=gid://shopify/ProductVariant/48541533896926
2026-08-01 18:04:04,Mini version of cluster pearl Lakshmi jhumkas,Default Title,847,1199.0,Sale,1,29,28,https://www.daivik.in/products/mini-version-of-cluster-pearl-lakshmi-jhumkas?variant=gid://shopify/ProductVariant/41004873908377
2026-08-01 18:04:04,Floral Kemp Jadau Bugadi (Price for Each Pair),Ruby Green,1598,1299.0,Sale,1,45,44,https://www.daivik.in/products/floral-kemp-jadau-bugadi?variant=gid://shopify/ProductVariant/46641587421406
2026-08-01 18:04:04,Lakshmi Coin Chain,Default Title,1286,599.0,Sale,1,50,49,https://www.daivik.in/products/lakshmi-coin-chain?variant=gid://shopify/ProductVariant/47042689433822
2026-08-01 18:04:04,Elakkathali Ruby Choker with Earrings,Default Title,485,899.0,Sale,1,28,27,https://www.daivik.in/products/elakkathali-ruby-choker-with-earrings?variant=gid://shopify/ProductVariant/48403799408862
2026-08-01 18:16:58,Embossed Simple Lakshmi Hipbelt,Default Title,504,2999.0,Sale,1,23,22,https://www.daivik.in/products/a-56?variant=gid://shopify/ProductVariant/44145944592606
2026-08-01 18:16:58,Victorian Spiral Ruby AD Bangles,2.6,1854,1499.0,Sale,1,46,45,https://www.daivik.in/products/victorian-spiral-ruby-ad-bangles?variant=gid://shopify/ProductVariant/48057311985886
2026-08-01 18:16:58,Parrot Pearl Bugadi/Top Earrings,Default Title,1892,699.0,Sale,1,20,19,https://www.daivik.in/products/parrot-pearl-bugadi-top-earrings?variant=gid://shopify/ProductVariant/48282345799902
2026-08-01 18:16:58,AD Green Pearl Floral Combo,2.6,1910,3199.0,Sold Out,1,1,0,https://www.daivik.in/products/ad-green-pearl-floral-combo?variant=gid://shopify/ProductVariant/48333256065246
2026-08-01 18:34:07,Simple AD Peacock Necklace With Balis,Default Title,451,1499.0,Sale,1,8,7,https://www.daivik.in/products/simple-ad-peacock-necklace-with-balis?variant=gid://shopify/ProductVariant/37198393475225
2026-08-01 18:34:07,Ad Bridal Anklets,Default Title,759,2799.0,Sale,1,36,35,https://www.daivik.in/products/ad-bridal-anklets?variant=gid://shopify/ProductVariant/40425545859225
2026-08-01 18:34:07,Ghungroo Hipbelt in 2 variants,Golden pearl,967,2099.0,Sale,1,30,29,https://www.daivik.in/products/ghungroo-hipbelt-in-2-variants?variant=gid://shopify/ProductVariant/42121223176414
2026-08-01 18:34:07,Hasli Choker with Jhumkas,Purple,510,1199.0,Sale,1,6,5,https://www.daivik.in/products/untitled-may26_18-32?variant=gid://shopify/ProductVariant/45429015412958
2026-08-01 18:34:07,AD Droplet Pendant Mangalsutra with Studs,Default Title,1243,799.0,Sale,1,47,46,https://www.daivik.in/products/ad-droplet-pendant-mangalsutra-with-studs?variant=gid://shopify/ProductVariant/46508274385118
2026-08-01 18:34:07,Ruby Green Pendant Mesh Necklace with Earrings,Default Title,1268,999.0,Sale,1,31,30,https://www.daivik.in/products/ruby-green-pendant-mesh-necklace-with-earrings?variant=gid://shopify/ProductVariant/46814149083358
2026-08-01 18:34:07,AD Purple Peacock Hasli Necklace with Balis,Default Title,1289,1599.0,Sale,1,26,25,https://www.daivik.in/products/ad-purple-peacock-hasli-necklace-with-balis?variant=gid://shopify/ProductVariant/47057261789406
2026-08-01 18:34:07,"Jyothika Mam Inspired AD Green Pendant Necklace (Prices for Short, Long and Combo)",Short,1295,799.0,Sale,2,25,23,https://www.daivik.in/products/jyothika-mam-inspired-ad-green-pendant-necklace?variant=gid://shopify/ProductVariant/47092708573406
2026-08-01 19:03:36,2 Line AD Droplet Necklace with Earrings,Default Title,337,1499.0,Sale,1,36,35,https://www.daivik.in/products/2-line-ad-droplet-necklace-with-earrings?variant=gid://shopify/ProductVariant/44659167101150
2026-08-01 19:03:36,AD Doublet stone Designer Earrings,White,102,999.0,Sale,1,22,21,https://www.daivik.in/products/ad-doublet-stone-designer-earrings?variant=gid://shopify/ProductVariant/45291773722846
2026-08-01 19:03:36,Classic AD Droplet Jhumkas,Default Title,1933,699.0,Sale,1,27,26,https://www.daivik.in/products/classic-ad-droplet-jhumkas?variant=gid://shopify/ProductVariant/48465634394334
2026-08-01 19:18:28,Simple Antique Thin Hipchain in 5 Variants ( Price for Each ),1,1602,1299.0,Sale,1,5,4,https://www.daivik.in/products/simple-antique-thin-hipchain-in-5-variants-price-for-each?variant=gid://shopify/ProductVariant/46643685261534
2026-08-01 19:18:28,Handmade Lotus Flower U Pin,5,3539,799.0,Sale,1,9,8,https://www.daivik.in/products/handmade-lotus-flower-u-pin?variant=gid://shopify/ProductVariant/48294879297758
2026-08-01 19:18:28,Double Foam Handmade Artificial Lotus Pink Buds Kunjalam/Hair Extension,Default Title,3543,799.0,Sale,1,22,21,https://www.daivik.in/products/triple-foam-handmade-artificial-lotus-pink-buds-kunjalam-hair-extension?variant=gid://shopify/ProductVariant/48377645465822
2026-08-01 19:18:28,Jhanvi Kapoor Inspired Manga Antique HipChain,Default Title,1932,4699.0,Sale,1,3,2,https://www.daivik.in/products/jhanvi-kapoor-inspired-manga-antique-hipchain?variant=gid://shopify/ProductVariant/48457336094942
2026-08-01 19:33:47,Small Tribal Bali Jhumka,Default Title,3,799.0,Sale,1,5,4,https://www.daivik.in/products/small-tribal-bali-jhumka?variant=gid://shopify/ProductVariant/36547713302681
2026-08-01 19:33:47,Peacock Anklets with pearls,Default Title,779,2499.0,Sale,1,26,25,https://www.daivik.in/products/peacock-anklets?variant=gid://shopify/ProductVariant/40583866712217
2026-08-01 19:33:47,Lakshmi Teeka Collection in 4 Variants (Price for Each),4,583,1099.0,Sale,1,6,5,https://www.daivik.in/products/lakshmi-teeka-collection-in-4-variants-price-for-each?variant=gid://shopify/ProductVariant/45752890261726
2026-08-01 19:48:35,Simple Ruby and pearl choker with earrings,Default Title,538,999.0,Sale,1,26,25,https://www.daivik.in/products/a-327?variant=gid://shopify/ProductVariant/43546226196702
2026-08-01 20:14:57,Kids / Adult Kemp Jhumkas,Default Title,1777,799.0,Sale,1,11,10,https://www.daivik.in/products/kids-adult-kemp-jhumkas?variant=gid://shopify/ProductVariant/47821038485726
2026-08-01 20:14:57,Handmade Lotus Flower U Pin,1,3539,199.0,Restock,56,0,56,https://www.daivik.in/products/handmade-lotus-flower-u-pin?variant=gid://shopify/ProductVariant/48294879232222
2026-08-01 20:48:25,Kemp Guttaspusalu Coin Necklace with jhumkas,Default Title,927,4199.0,Sale,1,56,55,https://www.daivik.in/products/kemp-guttaspusalu-coin-necklace-with-jhumkas?variant=gid://shopify/ProductVariant/41422720073881
2026-08-01 20:48:25,Kemp Lotus Ghungroo beads Adigai with Jhumkas,Default Title,111,1399.0,Sale,1,5,4,https://www.daivik.in/products/kemp-lotus-ghungroo-beads-adigai-with-jhumkas?variant=gid://shopify/ProductVariant/45453369540830
2026-08-01 20:48:25,Half Moon Kemp Choker with Earrings,Default Title,1198,1199.0,Sale,1,20,19,https://www.daivik.in/products/half-moon-kemp-choker-with-earrings?variant=gid://shopify/ProductVariant/46209499267294
2026-08-01 20:48:25,Parrot Pearl Bugadi/Top Earrings,Default Title,1892,699.0,Sale,1,19,18,https://www.daivik.in/products/parrot-pearl-bugadi-top-earrings?variant=gid://shopify/ProductVariant/48282345799902
2026-08-01 20:48:25,AD Non Piercing Nosepin in 3 Colors (Price for Each),Ruby,1913,299.0,Sale,1,45,44,https://www.daivik.in/products/ad-non-piercing-nosepin-in-3-colors-price-for-each?variant=gid://shopify/ProductVariant/48341912387806
2026-08-01 21:48:27,AD RubyGreen Jhumkas with attached Mattals,Default Title,920,999.0,Sale,1,19,18,https://www.daivik.in/products/ad-rubygreen-jhumkas-with-attached-mattel-s?variant=gid://shopify/ProductVariant/45363709771998
2026-08-01 21:48:27,CZ Designer Leaf Earrings,Green,380,999.0,Sale,1,13,12,https://www.daivik.in/products/untitled-jul11_20-28?variant=gid://shopify/ProductVariant/45721350930654
2026-08-01 23:18:45,AD Kemp Studs,Default Title,866,699.0,Sale,1,26,25,https://www.daivik.in/products/ad-kemp-studs?variant=gid://shopify/ProductVariant/41139977191577
2026-08-01 23:18:45,Three line Green & golden beads Chain,Default Title,1204,999.0,Sale,1,50,49,https://www.daivik.in/products/three-line-green-golden-beads-chain?variant=gid://shopify/ProductVariant/46238039572702
2026-08-01 23:18:45,CZ Antique Real Kemp Hair Clip,Default Title,1561,1499.0,Sale,1,27,26,https://www.daivik.in/products/cz-antique-real-kemp-hair-clip?variant=gid://shopify/ProductVariant/46307458285790
2026-08-01 23:48:31,Simple Ghungroo Box Anklets,Default Title,974,799.0,Sale,1,14,13,https://www.daivik.in/products/simple-ghungroo-box-anklets?variant=gid://shopify/ProductVariant/44626224054494
2026-08-02 00:34:07,Lakshmi Pendant Beads Choker with Earrings,Default Title,571,1299.0,Sale,1,5,4,https://www.daivik.in/products/lakshmi-pendant-beads-choker-with-earrings?variant=gid://shopify/ProductVariant/47950387085534
2026-08-02 00:49:28,Small AD Floral Jhumkas,Default Title,435,899.0,Sale,1,38,37,https://www.daivik.in/products/small-ad-floral-jhumkas?variant=gid://shopify/ProductVariant/42603310121182
2026-08-02 00:49:28,Simple Ruby Green Flower Anklet,Default Title,1504,599.0,Sale,1,20,19,https://www.daivik.in/products/simple-ruby-green-flower-anklet?variant=gid://shopify/ProductVariant/45977990037726
2026-08-02 00:49:28,Peacock White Pearl Jhumkas,Default Title,1525,1299.0,Sale,1,29,28,https://www.daivik.in/products/peacock-white-pearl-jhumkas?variant=gid://shopify/ProductVariant/46171746336990
2026-08-02 00:49:28,Kids / Adult Kemp Jhumkas,Default Title,1777,799.0,Sale,1,10,9,https://www.daivik.in/products/kids-adult-kemp-jhumkas?variant=gid://shopify/ProductVariant/47821038485726
2026-08-02 00:49:28,Simple and small kemp Jhumkas,Default Title,907,999.0,Sold Out,1,1,0,https://www.daivik.in/products/simple-and-small-kemp-jhumkas?variant=gid://shopify/ProductVariant/41347627843737
2026-08-02 01:32:17,"Microplating Ruby coin Kasumalai (Short , long , Combo - Prices for Each)",Short,645,1999.0,Sale,1,37,36,https://www.daivik.in/products/microplating-ruby-coin-kasumalai-short-long-combo-price-for-each?variant=gid://shopify/ProductVariant/46677659582686
2026-08-02 01:32:17,Heritage Golden Beads Watch Bracelet,Default Title,4033,1499.0,Sale,1,40,39,https://www.daivik.in/products/heritage-golden-beads-watch-bracelet?variant=gid://shopify/ProductVariant/48266751574238
2026-08-02 01:32:17,"Microplating Ruby coin Kasumalai (Short , long , Combo - Prices for Each)",Long,645,3499.0,Sold Out,1,1,0,https://www.daivik.in/products/microplating-ruby-coin-kasumalai-short-long-combo-price-for-each?variant=gid://shopify/ProductVariant/46677659615454
2026-08-02 01:48:27,Traditional Teeka in 2 variants,2,756,699.0,Sale,1,12,11,https://www.daivik.in/products/traditional-teeka-in-2-variants-1?variant=gid://shopify/ProductVariant/40399475310745
2026-08-02 02:03:30,Elakkathali Ruby Choker with Earrings,Default Title,485,899.0,Sale,1,27,26,https://www.daivik.in/products/elakkathali-ruby-choker-with-earrings?variant=gid://shopify/ProductVariant/48403799408862
2026-08-02 02:16:58,Lotus kemp rice pearl Necklace with Earrings,Ruby,121,599.0,Sale,1,41,40,https://www.daivik.in/products/lotus-kemp-rice-pearl-necklace-with-earrings?variant=gid://shopify/ProductVariant/45036923486430
2026-08-02 02:33:49,Flexible Kerala Leaf Kada (Price for 2 pcs),Default Title,1657,599.0,Sale,1,38,37,https://www.daivik.in/products/flexible-kerala-leaf-kada-price-for-2-pcs?variant=gid://shopify/ProductVariant/47459274588382
2026-08-02 02:33:49,Affordable Meenakari Temple Lotus Lakshmi Long Chain with Earrings,Default Title,1367,799.0,Sale,1,17,16,https://www.daivik.in/products/affordable-meenakari-temple-lotus-lakshmi-long-chain-with-earrings-1?variant=gid://shopify/ProductVariant/47961525747934
2026-08-02 03:02:34,Simple Mangalsutra With stones,Default Title,670,1099.0,Sale,1,36,35,https://www.daivik.in/products/1-4?variant=gid://shopify/ProductVariant/42679325982942
2026-08-02 03:36:06,3 Line Multicolour Mala with earrings,Default Title,898,2499.0,Sale,1,15,14,https://www.daivik.in/products/3-line-multicolour-mala-with-earrings?variant=gid://shopify/ProductVariant/44212089585886
2026-08-02 03:36:06,AD Pendant Mangalsutra with Studs,Default Title,1117,999.0,Sale,1,20,19,https://www.daivik.in/products/ad-pendant-mangalsutra-with-studs?variant=gid://shopify/ProductVariant/45905761435870
2026-08-02 04:05:22,Lakshmi Cluster Pearl Hasli Necklace with Earrings,Default Title,1219,1299.0,Sale,1,25,24,https://www.daivik.in/products/lakshmi-cluster-pearl-hasli-necklace-with-earrings?variant=gid://shopify/ProductVariant/46293338882270
2026-08-02 04:05:22,Circle AD Necklace with earrings,Pink,970,1399.0,Sold Out,1,1,0,https://www.daivik.in/products/circle-ad-necklace-with-earrings?variant=gid://shopify/ProductVariant/44862427758814
2026-08-02 04:19:54,Lakshmi Hasli Necklace with Balis,Turquoise,407,1899.0,Sale,1,20,19,https://www.daivik.in/products/lakshmi-hasli-necklace-with-balis?variant=gid://shopify/ProductVariant/45553293131998
2026-08-02 04:19:54,Lakshmi Pendant Beads Choker with Earrings,Default Title,571,1299.0,Sale,1,4,3,https://www.daivik.in/products/lakshmi-pendant-beads-choker-with-earrings?variant=gid://shopify/ProductVariant/47950387085534
2026-08-02 05:21:44,2 Line AD Droplet Necklace with Earrings,Default Title,337,1499.0,Sale,1,35,34,https://www.daivik.in/products/2-line-ad-droplet-necklace-with-earrings?variant=gid://shopify/ProductVariant/44659167101150
2026-08-02 05:21:44,Two line Necklace with Earrings,Default Title,708,2299.0,Sale,1,16,15,https://www.daivik.in/products/two-line-necklace-with-earrings?variant=gid://shopify/ProductVariant/45333722759390
2026-08-02 05:43:13,Five Layered Pearl Mala with Earrings,Default Title,559,499.0,Sale,1,49,48,https://www.daivik.in/products/five-layered-pearl-mala?variant=gid://shopify/ProductVariant/45118408720606
2026-08-02 05:43:13,Invisible Flower Chain with Earrings,Default Title,871,799.0,Sale,1,16,15,https://www.daivik.in/products/invisible-flower-chain-with-earrings?variant=gid://shopify/ProductVariant/47043956310238
2026-08-02 05:43:13,Kids / Adult Kemp Jhumkas,Default Title,1777,799.0,Sale,1,9,8,https://www.daivik.in/products/kids-adult-kemp-jhumkas?variant=gid://shopify/ProductVariant/47821038485726
2026-08-02 05:43:13,Handmade Lotus Flower U Pin,5,3539,799.0,Sale,1,8,7,https://www.daivik.in/products/handmade-lotus-flower-u-pin?variant=gid://shopify/ProductVariant/48294879297758
2026-08-02 05:43:13,Kemp Flower Rice Pearl Hair Clip,Default Title,1907,1599.0,Sale,1,5,4,https://www.daivik.in/products/pure-kemp-brass-flower-rub-hair-clip?variant=gid://shopify/ProductVariant/48332854886622
2026-08-02 05:43:13,Kemp Layered Hair Clip,Default Title,1908,1799.0,Sale,1,9,8,https://www.daivik.in/products/kemp-layered-hair-clip?variant=gid://shopify/ProductVariant/48332856918238
2026-08-02 05:43:13,3D Ganesha Invisible chain with Earrings,Default Title,562,799.0,Sale,1,9,8,https://www.daivik.in/products/3d-ganesha-invisible-chain-with-earrings?variant=gid://shopify/ProductVariant/48337665851614
2026-08-02 05:47:06,2 Line AD Droplet Necklace with Earrings,Default Title,337,1499.0,Sale,1,34,33,https://www.daivik.in/products/2-line-ad-droplet-necklace-with-earrings?variant=gid://shopify/ProductVariant/44659167101150
2026-08-02 05:47:06,Simple Pink Pearl choker with Earrings,Default Title,803,1099.0,Sale,1,40,39,https://www.daivik.in/products/simple-pink-pearl-choker-with-earrings?variant=gid://shopify/ProductVariant/45468034629854
2026-08-02 06:09:47,Ruby Green Kemp Choker with Earrings,Default Title,227,1299.0,Sale,1,51,50,https://www.daivik.in/products/ruby-green-kemp-choker-with-earrings?variant=gid://shopify/ProductVariant/44913188077790
2026-08-02 06:48:27,Coin Necklace With Jhumkas,Default Title,105,999.0,Sale,1,50,49,https://www.daivik.in/products/105?variant=gid://shopify/ProductVariant/32649702342715
2026-08-02 06:48:27,Sri Balaji Heritage Choker with Studs,Default Title,841,799.0,Sale,1,17,16,https://www.daivik.in/products/sri-balaji-heritage-choker-with-studs?variant=gid://shopify/ProductVariant/48289643102430
2026-08-02 06:48:27,Elakkathali Ruby Choker with Earrings,Default Title,485,899.0,Sale,1,26,25,https://www.daivik.in/products/elakkathali-ruby-choker-with-earrings?variant=gid://shopify/ProductVariant/48403799408862
2026-08-02 07:02:31,Hasli AD Necklace with Earrings in 2 Colors (Price for Each),Green,1229,1399.0,Sale,1,46,45,https://www.daivik.in/products/hasli-ad-necklace-with-earrings-in-2-colors?variant=gid://shopify/ProductVariant/46308331061470
2026-08-02 07:02:31,AD Droplet Pendant Mangalsutra with Studs,Default Title,1243,799.0,Sale,1,46,45,https://www.daivik.in/products/ad-droplet-pendant-mangalsutra-with-studs?variant=gid://shopify/ProductVariant/46508274385118
2026-08-02 07:02:31,Victorian Spiral Ruby AD Bangles,2.4,1854,1499.0,Sale,1,52,51,https://www.daivik.in/products/victorian-spiral-ruby-ad-bangles?variant=gid://shopify/ProductVariant/48057311953118
2026-08-02 07:02:31,Invisible Ganesha Chain in Two Colors,Baby Pink,672,999.0,Sale,1,7,6,https://www.daivik.in/products/invisible-green-ganesha-chain?variant=gid://shopify/ProductVariant/48447550390494
2026-08-02 07:32:13,Heritage Golden Beads Watch Bracelet,Default Title,4033,1499.0,Sale,1,39,38,https://www.daivik.in/products/heritage-golden-beads-watch-bracelet?variant=gid://shopify/ProductVariant/48266751574238
2026-08-02 07:32:13,Sri Balaji Heritage Choker with Studs,Default Title,841,799.0,Sale,1,16,15,https://www.daivik.in/products/sri-balaji-heritage-choker-with-studs?variant=gid://shopify/ProductVariant/48289643102430
2026-08-02 07:32:13,Simple AD Flower Necklace with Earrings,Default Title,1397,1499.0,Sale,1,12,11,https://www.daivik.in/products/e-2?variant=gid://shopify/ProductVariant/48353947943134
2026-08-02 07:32:13,Elakkathali Ruby Choker with Earrings,Default Title,485,899.0,Sale,2,25,23,https://www.daivik.in/products/elakkathali-ruby-choker-with-earrings?variant=gid://shopify/ProductVariant/48403799408862
2026-08-02 07:32:13,Premium Floral AD Kada (Fits 2.2 & 2.4),Default Title,1926,699.0,Sale,1,50,49,https://www.daivik.in/products/premium-floral-ad-kada-fits-2-2-2-5?variant=gid://shopify/ProductVariant/48429733544158
2026-08-02 07:47:02,"Jyothika Mam Inspired AD Green Pendant Necklace (Prices for Short, Long and Combo)",Short,1295,799.0,Sale,1,23,22,https://www.daivik.in/products/jyothika-mam-inspired-ad-green-pendant-necklace?variant=gid://shopify/ProductVariant/47092708573406
2026-08-02 07:47:02,Mossanite Jhumkas with Mattal,Default Title,1803,2999.0,Sale,1,33,32,https://www.daivik.in/products/mossanite-jhumkas-with-mattal?variant=gid://shopify/ProductVariant/47878395035870
2026-08-02 07:47:02,Kundan Ghungroo Adjustable Bracelet Watch,Default Title,1890,799.0,Sale,1,13,12,https://www.daivik.in/products/kundan-ghungroo-adjustable-bracelet-watch?variant=gid://shopify/ProductVariant/48278181413086
2026-08-02 07:47:02,3D Ganesha Invisible chain with Earrings,Default Title,562,799.0,Sale,1,8,7,https://www.daivik.in/products/3d-ganesha-invisible-chain-with-earrings?variant=gid://shopify/ProductVariant/48337665851614
2026-08-02 07:47:02,Trisha Mam Inspired AD Necklace with Earrings in Two Colors (Price for Each),Ruby,975,1299.0,Sale,1,10,9,https://www.daivik.in/products/trisha-mam-inspired-ad-necklace-with-earrings-in-two-colors-price-for-each?variant=gid://shopify/ProductVariant/48417802584286
2026-08-02 07:47:02,Elakkathali Coin Ruby Green Choker with Earrings,Default Title,602,899.0,Sale,2,33,31,https://www.daivik.in/products/elakkathali-coin-ruby-green-choker-with-earrings?variant=gid://shopify/ProductVariant/48437245870302
2026-08-02 07:57:13,Elegant Jasmine/Mullai Flower Artificial Gajra,8 Inches String - Half Moolam,3507,1299.0,Sale,1,13,12,https://www.daivik.in/products/elegant-jasmine-mullai-flower-artificial-gajra-16-inches?variant=gid://shopify/ProductVariant/47542601515230
2026-08-02 07:57:13,AD Non Piercing Nosepin in 3 Colors (Price for Each),Ruby,1913,299.0,Sale,1,44,43,https://www.daivik.in/products/ad-non-piercing-nosepin-in-3-colors-price-for-each?variant=gid://shopify/ProductVariant/48341912387806
2026-08-02 08:17:07,Two Line Pearl Choker with Earrings in 3 Colors (Price for Each),Purple,523,799.0,Sale,1,3,2,https://www.daivik.in/products/two-like-pearl-choker-with-earrings?variant=gid://shopify/ProductVariant/46323231752414
2026-08-02 08:32:33,Diamond Look Alike Hasli Necklace with Earrings,Default Title,1400,1399.0,New Arrival,17,0,17,https://www.daivik.in/products/diamond-look-alike-hasli-necklace-with-earrings?variant=gid://shopify/ProductVariant/48542639620318
2026-08-02 08:32:33,Diamond Look Alike Hasli Necklace with Earrings,Default Title,1401,1399.0,New Arrival,17,0,17,https://www.daivik.in/products/diamond-look-alike-hasli-necklace-with-earrings-1?variant=gid://shopify/ProductVariant/48542645551326
2026-08-02 08:32:33,Diamond Look Alike Hasli Necklace with Earrings,Default Title,1402,1399.0,New Arrival,17,0,17,https://www.daivik.in/products/diamond-look-alike-hasli-necklace-with-earrings-2?variant=gid://shopify/ProductVariant/48542646599902
2026-08-02 08:47:03,Lakshmi Cluster Pearl Hasli Necklace with Earrings,Default Title,1219,1299.0,Sale,1,24,23,https://www.daivik.in/products/lakshmi-cluster-pearl-hasli-necklace-with-earrings?variant=gid://shopify/ProductVariant/46293338882270
2026-08-02 08:47:03,Kids / Adult Kemp Jhumkas,Default Title,1777,799.0,Sale,1,8,7,https://www.daivik.in/products/kids-adult-kemp-jhumkas?variant=gid://shopify/ProductVariant/47821038485726
2026-08-02 08:47:03,AD Non Piercing Nosepin in 3 Colors (Price for Each),White,1913,299.0,Sale,1,56,55,https://www.daivik.in/products/ad-non-piercing-nosepin-in-3-colors-price-for-each?variant=gid://shopify/ProductVariant/48341912453342
2026-08-02 09:02:39,Mini version of the Big size jhumkas,Default Title,838,999.0,Sale,1,49,48,https://www.daivik.in/products/mini-version-of-the-big-size-jhumkas?variant=gid://shopify/ProductVariant/44757040464094
2026-08-02 09:02:39,Small AD Floral Jhumkas,Default Title,435,899.0,Sale,1,37,36,https://www.daivik.in/products/small-ad-floral-jhumkas?variant=gid://shopify/ProductVariant/42603310121182
2026-08-02 09:02:39,Victorian AD Necklace with Earrings in Four Colors,Dark Green,190,1799.0,Sale,1,9,8,https://www.daivik.in/products/victorian-ad-necklace-with-earrings-in-two-colors?variant=gid://shopify/ProductVariant/45910587670750
2026-08-02 09:02:39,AD Stone Dark Green Bangles (Price for a Pair),2.8,1577,1499.0,Sale,1,27,26,https://www.daivik.in/products/ad-stone-dark-green-bangles-price-for-a-pair?variant=gid://shopify/ProductVariant/46401149960414
2026-08-02 09:17:11,Two Line Antique Lakshmi Chain with Earrings,Coral,1330,699.0,Sale,1,14,13,https://www.daivik.in/products/two-line-antique-lakshmi-chain-with-earrings?variant=gid://shopify/ProductVariant/47652470063326
2026-08-02 09:17:11,Floral Simple Invisible chain,Default Title,207,499.0,Sale,1,20,19,https://www.daivik.in/products/floral-simple-invisible-chain?variant=gid://shopify/ProductVariant/48335603433694
2026-08-02 09:32:09,2 Line AD Droplet Necklace with Earrings,Default Title,337,1499.0,Sale,1,33,32,https://www.daivik.in/products/2-line-ad-droplet-necklace-with-earrings?variant=gid://shopify/ProductVariant/44659167101150
2026-08-02 10:02:27,Simple Ruby and pearl choker with earrings,Default Title,538,999.0,Sale,1,25,24,https://www.daivik.in/products/a-327?variant=gid://shopify/ProductVariant/43546226196702
2026-08-02 10:02:27,Pure Kemp Lotus Jhumka with Mattals,Default Title,1763,1499.0,Sale,1,12,11,https://www.daivik.in/products/pure-kemp-lotus-jhumka-with-mattals?variant=gid://shopify/ProductVariant/47777295696094
2026-08-02 10:02:27,Rashmika Mandanna Inspired Antique Bridal Short and Long layered Necklace with Jhumkas,Default Title,550,3999.0,Sale,1,17,16,https://www.daivik.in/products/rashmika-mandanna-inspired-antique-bridal-jewellery?variant=gid://shopify/ProductVariant/48022270148830
2026-08-02 10:02:27,Parrot Pearl Bugadi/Top Earrings,Default Title,1892,699.0,Sale,1,18,17,https://www.daivik.in/products/parrot-pearl-bugadi-top-earrings?variant=gid://shopify/ProductVariant/48282345799902
2026-08-02 10:02:27,Peacock Pearl Bugadi/Top Earrings,Default Title,1894,699.0,Sale,1,25,24,https://www.daivik.in/products/peacock-pearl-bugadi-top-earrings?variant=gid://shopify/ProductVariant/48282361069790
2026-08-02 10:02:27,Antique Chakra Hipchain,Default Title,1902,2199.0,Sale,1,8,7,https://www.daivik.in/products/antique-chakra-hipchain?variant=gid://shopify/ProductVariant/48292341252318
2026-08-02 10:17:15,Diamond Look Alike Hasli Necklace with Earrings,Default Title,1388,1399.0,Sale,1,17,16,https://www.daivik.in/products/a-31?variant=gid://shopify/ProductVariant/48267346772190
2026-08-02 10:32:17,AD Changeable Simple Gold Finish Necklace with Changeable Earrings,Default Title,778,1099.0,Sale,1,28,27,https://www.daivik.in/products/ad-changeable-simple-gold-finish-necklace-with-changeable-earrings?variant=gid://shopify/ProductVariant/44544110330078
2026-08-02 10:32:17,Lakshmi Cluster Pearl Hasli Necklace with Earrings,Default Title,1219,1299.0,Sale,1,23,22,https://www.daivik.in/products/lakshmi-cluster-pearl-hasli-necklace-with-earrings?variant=gid://shopify/ProductVariant/46293338882270
2026-08-02 10:32:17,Half Moon AD Necklace with Earrings,Default Title,1258,999.0,Sale,1,47,46,https://www.daivik.in/products/half-moon-ad-necklace-with-earrings?variant=gid://shopify/ProductVariant/46675256312030
2026-08-02 10:32:17,Simple Flower AD Pendant Necklace with Earrings in Two Colors (Price for Each),Green,511,799.0,Sale,1,9,8,https://www.daivik.in/products/simple-flower-ad-pendant-necklace-with-earrings-in-two-colors-price-for-each?variant=gid://shopify/ProductVariant/47758175240414
2026-08-02 11:02:41,AD Premium Stone Mangalsutra with Rice pearl - 18 Inch  in 2 Colors (Price for each),Ruby,467,999.0,Sale,1,15,14,https://www.daivik.in/products/ad-pendant-mangalsutra-in-2-colors-price-for-each?variant=gid://shopify/ProductVariant/44610372960478
2026-08-02 11:02:41,AD Droplet Pendant Mangalsutra with Studs,Default Title,1243,799.0,Sale,1,45,44,https://www.daivik.in/products/ad-droplet-pendant-mangalsutra-with-studs?variant=gid://shopify/ProductVariant/46508274385118
2026-08-02 11:02:41,Diamond Look alike Floral Necklace with Earrings,Default Title,1293,599.0,Sale,1,42,41,https://www.daivik.in/products/diamond-look-alike-floral-necklace-with-earrings?variant=gid://shopify/ProductVariant/47058250170590
2026-08-02 11:17:15,AD Diamond look alike Necklace and Earrings In 2 colors (Prices for each),White,528,1699.0,Sale,1,2,1,https://www.daivik.in/products/ad-diamond-look-alike-smaller-necklace-and-earrings-in-2-colors-prices-for-each?variant=gid://shopify/ProductVariant/44408679039198
2026-08-02 11:32:13,Lakshmi White stone Choker with Earrings,Default Title,512,649.0,Sale,1,56,55,https://www.daivik.in/products/lakshmi-white-stone-choker-with-earrinbs?variant=gid://shopify/ProductVariant/45569497432286
2026-08-02 11:32:13,AD Mesh Necklace with Earrings,Default Title,466,699.0,Sale,1,14,13,https://www.daivik.in/products/ad-mesh-necklace-with-earrings?variant=gid://shopify/ProductVariant/45635376939230
2026-08-02 11:32:13,Antique kids Jhumkas,Default Title,1683,799.0,Sale,1,6,5,https://www.daivik.in/products/antique-kids-jhumkas-1?variant=gid://shopify/ProductVariant/47521442529502
2026-08-02 11:32:13,Elakkathali Ruby Choker with Earrings,Default Title,485,899.0,Sale,1,23,22,https://www.daivik.in/products/elakkathali-ruby-choker-with-earrings?variant=gid://shopify/ProductVariant/48403799408862
