Timestamp,Product Title,Variant Title,SKU,Price,Event Type,Quantity,Previous Stock,Current Stock,Product URL
2026-07-17 10:41:02,Elegant Victorian Maang Tikka With Pearl And Emerald Hangings,Green,,1350.0,Sold Out,1,1,0,https://www.dulhanjewels.com/products/elegant-victorian-maang-tikka-with-pearl-and-emerald-hangings?variant=gid://shopify/ProductVariant/51449715261746
2026-07-17 10:41:02,Designer Victorian Polki Maang Tikka With Pearl Tassels,Default Title,,1350.0,Sold Out,1,1,0,https://www.dulhanjewels.com/products/designer-victorian-polki-maang-tikka-with-pearl-tassels?variant=gid://shopify/ProductVariant/51450318553394
2026-07-17 10:51:11,Victorian Polki Chandbali Earrings With Jhumka Drops,Default Title,,1450.0,New Arrival,1,0,1,https://www.dulhanjewels.com/products/victorian-polki-chandbali-earrings-with-jhumka-drops?variant=gid://shopify/ProductVariant/51484143780146
2026-07-17 10:51:11,Designer Necklace Set With Matching Earrings,Red,,4800.0,New Arrival,1,0,1,https://www.dulhanjewels.com/products/designer-necklace-set-with-matching-earrings?variant=gid://shopify/ProductVariant/51484147253554
2026-07-17 10:51:11,Designer Necklace Set With Matching Earrings,Green,,4800.0,New Arrival,1,0,1,https://www.dulhanjewels.com/products/designer-necklace-set-with-matching-earrings?variant=gid://shopify/ProductVariant/51484147286322
2026-07-17 11:01:34,Royal Victorian Emerald Green Multi Layer Necklace Set With Earrings,Default Title,,4800.0,New Arrival,1,0,1,https://www.dulhanjewels.com/products/royal-victorian-emerald-green-multi-layer-necklace-set-with-earrings?variant=gid://shopify/ProductVariant/51484149842226
2026-07-17 11:01:34,Floral Stud Earrings With Pearl Bordering,Red,,1000.0,New Arrival,1,0,1,https://www.dulhanjewels.com/products/floral-stud-earrings-with-pearl-bordering?variant=gid://shopify/ProductVariant/51484153119026
2026-07-17 11:01:34,Floral Stud Earrings With Pearl Bordering,Green,,1000.0,New Arrival,1,0,1,https://www.dulhanjewels.com/products/floral-stud-earrings-with-pearl-bordering?variant=gid://shopify/ProductVariant/51484153151794
2026-07-17 11:11:09,Unique Jadau Kundan Chandbali Earrings With Green Beads,Default Title,,1150.0,New Arrival,1,0,1,https://www.dulhanjewels.com/products/unique-jadau-kundan-chandbali-earrings-with-green-beads?variant=gid://shopify/ProductVariant/51484153643314
2026-07-17 11:11:09,South Indian Necklace Set With Matching Earrings,Default Title,,1750.0,New Arrival,1,0,1,https://www.dulhanjewels.com/products/south-indian-necklace-set-with-matching-earrings?variant=gid://shopify/ProductVariant/51484154954034
2026-07-17 11:21:05,Antique Temple Necklace Set With Emerald Beads And Earrings,Default Title,,1900.0,New Arrival,1,0,1,https://www.dulhanjewels.com/products/antique-temple-necklace-set-with-emerald-beads-and-earrings?variant=gid://shopify/ProductVariant/51484156821810
2026-07-17 11:21:05,Elegant Jadau Kundan Short Mango Haram,Default Title,,7450.0,New Arrival,1,0,1,https://www.dulhanjewels.com/products/elegant-jadau-kundan-short-mango-haram?variant=gid://shopify/ProductVariant/51484159607090
2026-07-17 11:41:02,Ethnic Jadau Kundan Chandbali Earrings With Emerald Beads,Default Title,,2050.0,Restock,1,0,1,https://www.dulhanjewels.com/products/ethnic-jadau-kundan-chandbali-earrings-with-emerald-beads?variant=gid://shopify/ProductVariant/51071742902578
2026-07-17 11:41:02,Minimal Pearl Choker With Floral Detailing And Green Beads,Default Title,,1900.0,Restock,1,0,1,https://www.dulhanjewels.com/products/minimal-pearl-choker-with-floral-detailing-and-green-beads?variant=gid://shopify/ProductVariant/51111540883762
2026-07-17 11:41:02,Designer Jadau Kundan Bridal Necklace Set With Pearl Layers,Default Title,,1450.0,Restock,1,0,1,https://www.dulhanjewels.com/products/designer-jadau-kundan-bridal-necklace-set-with-pearl-layers?variant=gid://shopify/ProductVariant/51114540597554
2026-07-17 11:41:02,Jadau Kundan Nantad Necklace With Pearl Hangings,Default Title,,1750.0,Restock,1,0,1,https://www.dulhanjewels.com/products/jadau-kundan-nantad-necklace-with-pearl-hangings?variant=gid://shopify/ProductVariant/51286801645874
2026-07-17 11:41:02,Designer Jadau Kundan Beads Necklace With Chand Locket,Default Title,,1750.0,Restock,1,0,1,https://www.dulhanjewels.com/products/designer-jadau-kundan-beads-necklace-with-chand-locket?variant=gid://shopify/ProductVariant/51307435426098
2026-07-17 11:41:02,Elegant Victorian Maang Tikka With Pearl And Emerald Hangings,Green,,1350.0,Restock,1,0,1,https://www.dulhanjewels.com/products/elegant-victorian-maang-tikka-with-pearl-and-emerald-hangings?variant=gid://shopify/ProductVariant/51449715261746
2026-07-17 11:41:02,Designer Victorian Polki Maang Tikka With Pearl Tassels,Default Title,,1350.0,Restock,1,0,1,https://www.dulhanjewels.com/products/designer-victorian-polki-maang-tikka-with-pearl-tassels?variant=gid://shopify/ProductVariant/51450318553394
2026-07-17 12:31:29,Traditional Jadau Kundan Peacock Locket Necklace With Guttapusalu Hangings,Default Title,,6700.0,Sold Out,1,1,0,https://www.dulhanjewels.com/products/traditional-jadau-kundan-peacock-locket-necklace-with-guttapusalu-hangings?variant=gid://shopify/ProductVariant/50922009919794
2026-07-17 13:31:26,Antique Jadau Kundan Choker With Pearl Drops,Pink,,1500.0,Sold Out,1,1,0,https://www.dulhanjewels.com/products/antique-jadau-kundan-choker-with-pearl-drops?variant=gid://shopify/ProductVariant/51142923944242
2026-07-17 14:51:09,Grand Bridal Green Polki Bead Necklace Set with Earrings,Default Title,,7650.0,New Arrival,1,0,1,https://www.dulhanjewels.com/products/grand-bridal-green-polki-bead-necklace-set-with-earrings?variant=gid://shopify/ProductVariant/51234786967858
2026-07-17 15:21:15,Elegant Jadau Kundan Champasaralu With Green Hangings,Default Title,,2300.0,Sold Out,1,1,0,https://www.dulhanjewels.com/products/elegant-jadau-kundan-champasaralu-with-green-hangings?variant=gid://shopify/ProductVariant/51472982573362
2026-07-17 15:51:04,Unique Chand Bali Design Studded Jadau Kundan Jhumki,Default Title,,2050.0,Sold Out,1,1,0,https://www.dulhanjewels.com/products/unique-chand-bali-design-studded-jadau-kundan-jhumki?variant=gid://shopify/ProductVariant/49877451931954
2026-07-17 15:51:04,Classic Pearl Mala Jadau Kundan Necklace With Twin Paisley Pendant Design,Default Title,,950.0,Sold Out,1,1,0,https://www.dulhanjewels.com/products/classic-pearl-mala-jadau-kundan-necklace-with-twin-paisley-pendant-design?variant=gid://shopify/ProductVariant/50964883669298
2026-07-17 16:11:06,Victorian Polki Chandbali Earrings With Jhumka Drops,Default Title,,1450.0,Sold Out,1,1,0,https://www.dulhanjewels.com/products/victorian-polki-chandbali-earrings-with-jhumka-drops?variant=gid://shopify/ProductVariant/51484143780146
2026-07-17 16:11:06,South Indian Necklace Set With Matching Earrings,Default Title,,1750.0,Sold Out,1,1,0,https://www.dulhanjewels.com/products/south-indian-necklace-set-with-matching-earrings?variant=gid://shopify/ProductVariant/51484154954034
2026-07-17 16:21:05,Elegant peacock Design Jadau Kundan Stud Earrings,Default Title,,2250.0,Sold Out,1,1,0,https://www.dulhanjewels.com/products/elegant-peacock-design-jadau-kundan-stud-earrings?variant=gid://shopify/ProductVariant/51146929439026
2026-07-17 16:41:09,Bridal Jadau Kundan Chand Locket Choker With RicePearl Chain,Default Title,,3150.0,Sold Out,1,1,0,https://www.dulhanjewels.com/products/bridal-jadau-kundan-chand-locket-choker-with-ricepearl-chain?variant=gid://shopify/ProductVariant/50905008800050
2026-07-17 16:41:09,Elegant Jadau Kundan Stud Earrings With Floral Design,Default Title,,1350.0,Sold Out,1,1,0,https://www.dulhanjewels.com/products/elegant-jadau-kundan-stud-earrings-with-floral-design?variant=gid://shopify/ProductVariant/51336775991602
2026-07-17 17:41:09,South Indian Temple Style Kundan Choker With Pearl Drops,Default Title,,1100.0,Sold Out,1,1,0,https://www.dulhanjewels.com/products/south-indian-temple-style-kundan-choker-with-pearl-drops?variant=gid://shopify/ProductVariant/51369042280754
2026-07-17 18:21:06,Ethnic Mango Haram 2-in-1 Reversible Jadau Kundan Necklace With Emerald Beads,Default Title,,8350.0,Sold Out,1,1,0,https://www.dulhanjewels.com/products/ethnic-mango-haram-2-in-1-reversible-jadau-kundan-necklace-with-emerald-beads?variant=gid://shopify/ProductVariant/51135830393138
2026-07-17 19:21:08,Traditional Jadau Kundan Long Necklace With Statement Floral Pendant,Default Title,,2750.0,Sold Out,1,1,0,https://www.dulhanjewels.com/products/traditional-jadau-kundan-long-necklace-with-statement-floral-pendant?variant=gid://shopify/ProductVariant/51107263447346
2026-07-17 21:38:20,Designer Jadau Kundan Necklace With Emerald Beads,Default Title,,3000.0,Sold Out,1,1,0,https://www.dulhanjewels.com/products/designer-jadau-kundan-necklace-with-emerald-beads?variant=gid://shopify/ProductVariant/51196792897842
2026-07-18 00:11:05,Elegant Hand Crafted Jadau Kundan Necklace With Guttapusalu Hangings,Default Title,,7650.0,Sold Out,1,1,0,https://www.dulhanjewels.com/products/elegant-hand-crafted-jadau-kundan-necklace-with-guttapusalu-hangings?variant=gid://shopify/ProductVariant/50605886832946
2026-07-18 01:31:20,Royal Victorian Peacock Stud Earrings With Emerald Accent,Default Title,,1400.0,Sold Out,1,1,0,https://www.dulhanjewels.com/products/royal-victorian-peacock-stud-earrings-with-emerald-accent?variant=gid://shopify/ProductVariant/51044951589170
2026-07-18 01:31:20,Elegant Victorian Earcuff With Peacock Floral Design,Green,,1250.0,Sold Out,1,1,0,https://www.dulhanjewels.com/products/elegant-victorian-earcuff-with-peacock-floral-design?variant=gid://shopify/ProductVariant/51148874547506
2026-07-18 03:41:02,Temple Style Jadau Kundan Jhumki With Emerald Beads,Default Title,,2050.0,Sold Out,1,1,0,https://www.dulhanjewels.com/products/temple-style-jadau-kundan-jhumki-with-emerald-beads?variant=gid://shopify/ProductVariant/51263334089010
2026-07-18 04:02:28,Refined Jadau Kundan Chandbali Earrings With Emerald Beads,Default Title,,1400.0,Sold Out,1,1,0,https://www.dulhanjewels.com/products/refined-jadau-kundan-chandbali-earrings-with-emerald-beads?variant=gid://shopify/ProductVariant/51269587829042
2026-07-18 04:02:28,Royal Jadau Kundan Necklace With Guttapusalu Hangings,Default Title,,7650.0,Sold Out,1,1,0,https://www.dulhanjewels.com/products/royal-jadau-kundan-necklace-with-guttapusalu-hangings?variant=gid://shopify/ProductVariant/51307545887026
2026-07-18 05:21:05,Traditional Beaded Choker Necklace Set With Lakshmi Devi Pendant,Default Title,,3350.0,Sold Out,1,1,0,https://www.dulhanjewels.com/products/traditional-beaded-choker-necklace-set-with-lakshmi-devi-pendant?variant=gid://shopify/ProductVariant/51287104225586
2026-07-18 05:32:13,Bridal Gold Style Jadau Kundan Jhumki with Green Beads,Default Title,,2350.0,Sold Out,1,1,0,https://www.dulhanjewels.com/products/bridal-gold-style-jadau-kundan-jhumki-with-green-beads?variant=gid://shopify/ProductVariant/49740427624754
2026-07-18 05:32:13,Traditional Peacock Nakshi Jadau Kundan Necklace With Emerald Beads,Default Title,,2450.0,Sold Out,1,1,0,https://www.dulhanjewels.com/products/traditional-peacock-nakshi-jadau-kundan-necklace-with-emerald-beads?variant=gid://shopify/ProductVariant/51254349136178
2026-07-18 05:32:13,Moissanite Polki X Jadau Kundan Short Maangtika,Default Title,,1050.0,Sold Out,1,1,0,https://www.dulhanjewels.com/products/moissanite-polki-x-jadau-kundan-short-maangtika?variant=gid://shopify/ProductVariant/51411216302386
2026-07-18 06:11:02,South Indian Necklace Set With Matching Earrings,Default Title,,1750.0,Restock,1,0,1,https://www.dulhanjewels.com/products/south-indian-necklace-set-with-matching-earrings?variant=gid://shopify/ProductVariant/51484154954034
2026-07-18 07:01:39,Bridal Jadau Kundan Necklace With Pearl And Beads Hangings,Default Title,,9900.0,Sold Out,1,1,0,https://www.dulhanjewels.com/products/bridal-jadau-kundan-necklace-with-pearl-and-beads-hangings?variant=gid://shopify/ProductVariant/50711589454130
2026-07-18 07:01:39,Chand Kundan Jhumka Earrings With Pearl Drops,Default Title,,2000.0,Sold Out,1,1,0,https://www.dulhanjewels.com/products/chand-kundan-jhumka-earrings-with-pearl-drops?variant=gid://shopify/ProductVariant/51090357420338
2026-07-18 07:01:39,Elegant Choker Necklace With Emerald Green Bead Drops,White,,2850.0,Sold Out,1,1,0,https://www.dulhanjewels.com/products/elegant-polki-kundan-choker-necklace-with-emerald-green-bead-drops?variant=gid://shopify/ProductVariant/51219146408242
2026-07-18 07:31:22,Sleek Jadau Kundan Chandbali Earrings With Swarovski Pearl Hangings,White,,1000.0,Restock,1,0,1,https://www.dulhanjewels.com/products/sleek-jadau-kundan-chandbali-earrings-with-swarovski-pearl-hangings?variant=gid://shopify/ProductVariant/50657650508082
2026-07-18 07:31:22,Traditional Jadau Kundan Peacock Locket Necklace With Guttapusalu Hangings,Default Title,,6700.0,Restock,1,0,1,https://www.dulhanjewels.com/products/traditional-jadau-kundan-peacock-locket-necklace-with-guttapusalu-hangings?variant=gid://shopify/ProductVariant/50922009919794
2026-07-18 07:31:22,Traditional Jadau Kundan Long Necklace With Statement Floral Pendant,Default Title,,2750.0,Restock,1,0,1,https://www.dulhanjewels.com/products/traditional-jadau-kundan-long-necklace-with-statement-floral-pendant?variant=gid://shopify/ProductVariant/51107263447346
2026-07-18 07:31:22,Ethnic Mango Haram 2-in-1 Reversible Jadau Kundan Necklace With Emerald Beads,Default Title,,8350.0,Restock,1,0,1,https://www.dulhanjewels.com/products/ethnic-mango-haram-2-in-1-reversible-jadau-kundan-necklace-with-emerald-beads?variant=gid://shopify/ProductVariant/51135830393138
2026-07-18 07:31:22,Antique Jadau Kundan Choker With Pearl Drops,White,,1500.0,Restock,1,0,1,https://www.dulhanjewels.com/products/antique-jadau-kundan-choker-with-pearl-drops?variant=gid://shopify/ProductVariant/51142923878706
2026-07-18 07:31:22,Traditional Peacock Nakshi Jadau Kundan Necklace With Emerald Beads,Default Title,,2450.0,Restock,1,0,1,https://www.dulhanjewels.com/products/traditional-peacock-nakshi-jadau-kundan-necklace-with-emerald-beads?variant=gid://shopify/ProductVariant/51254349136178
2026-07-18 07:31:22,Refined Jadau Kundan Chandbali Earrings With Emerald Beads,Default Title,,1400.0,Restock,1,0,1,https://www.dulhanjewels.com/products/refined-jadau-kundan-chandbali-earrings-with-emerald-beads?variant=gid://shopify/ProductVariant/51269587829042
2026-07-18 07:31:22,Traditional Beaded Choker Necklace Set With Lakshmi Devi Pendant,Default Title,,3350.0,Restock,1,0,1,https://www.dulhanjewels.com/products/traditional-beaded-choker-necklace-set-with-lakshmi-devi-pendant?variant=gid://shopify/ProductVariant/51287104225586
2026-07-18 07:31:22,Elegant Jadau Kundan Stud Earrings With Floral Design,Default Title,,1350.0,Restock,1,0,1,https://www.dulhanjewels.com/products/elegant-jadau-kundan-stud-earrings-with-floral-design?variant=gid://shopify/ProductVariant/51336775991602
2026-07-18 07:31:22,South Indian Temple Style Kundan Choker With Pearl Drops,Default Title,,1100.0,Restock,1,0,1,https://www.dulhanjewels.com/products/south-indian-temple-style-kundan-choker-with-pearl-drops?variant=gid://shopify/ProductVariant/51369042280754
2026-07-18 07:31:22,Moissanite Polki X Jadau Kundan Short Maangtika,Default Title,,1050.0,Restock,1,0,1,https://www.dulhanjewels.com/products/moissanite-polki-x-jadau-kundan-short-maangtika?variant=gid://shopify/ProductVariant/51411216302386
2026-07-18 07:31:22,Elegant Jadau Kundan Champasaralu With Green Hangings,Default Title,,2300.0,Restock,1,0,1,https://www.dulhanjewels.com/products/elegant-jadau-kundan-champasaralu-with-green-hangings?variant=gid://shopify/ProductVariant/51472982573362
2026-07-18 07:31:22,Victorian Polki Chandbali Earrings With Jhumka Drops,Default Title,,1450.0,Restock,1,0,1,https://www.dulhanjewels.com/products/victorian-polki-chandbali-earrings-with-jhumka-drops?variant=gid://shopify/ProductVariant/51484143780146
2026-07-18 07:41:08,Bridal Gold Style Jadau Kundan Jhumki with Green Beads,Default Title,,2350.0,Restock,1,0,1,https://www.dulhanjewels.com/products/bridal-gold-style-jadau-kundan-jhumki-with-green-beads?variant=gid://shopify/ProductVariant/49740427624754
2026-07-18 07:41:08,Traditional Floral Design Jadau Kundan Bangles,2.4,,2750.0,Restock,1,0,1,https://www.dulhanjewels.com/products/traditional-floral-design-jadau-kundan-bangles-1?variant=gid://shopify/ProductVariant/50127666643250
2026-07-18 07:41:08,Floral Studded Jadau Kubdan Hanging Jhumki Earrings,Default Title,,1300.0,Restock,1,0,1,https://www.dulhanjewels.com/products/floral-studded-jadau-kubdan-hanging-jhumki-earrings?variant=gid://shopify/ProductVariant/50521526108466
2026-07-18 07:41:08,Bridal Jadau Kundan Necklace With Pearl And Beads Hangings,Default Title,,9900.0,Restock,1,0,1,https://www.dulhanjewels.com/products/bridal-jadau-kundan-necklace-with-pearl-and-beads-hangings?variant=gid://shopify/ProductVariant/50711589454130
2026-07-18 07:41:08,Bridal Jadau Kundan Chand Locket Choker With RicePearl Chain,Default Title,,3150.0,Restock,1,0,1,https://www.dulhanjewels.com/products/bridal-jadau-kundan-chand-locket-choker-with-ricepearl-chain?variant=gid://shopify/ProductVariant/50905008800050
2026-07-18 07:41:08,Peacock Jadau Kundan Necklace With Floral Design Locket,Default Title,,9200.0,Restock,1,0,1,https://www.dulhanjewels.com/products/peacock-jadau-kundan-necklace-with-floral-design-locket?variant=gid://shopify/ProductVariant/50922004906290
2026-07-18 07:41:08,Royal Victorian Peacock Stud Earrings With Emerald Accent,Default Title,,1400.0,Restock,1,0,1,https://www.dulhanjewels.com/products/royal-victorian-peacock-stud-earrings-with-emerald-accent?variant=gid://shopify/ProductVariant/51044951589170
2026-07-18 08:32:15,Stunning Jadau Kundan Maangtika With Beads Hangings,Default Title,,1600.0,Sold Out,1,1,0,https://www.dulhanjewels.com/products/stunning-jadau-kundan-maangtika-with-beads-hangings?variant=gid://shopify/ProductVariant/50799440199986
2026-07-18 08:41:06,Bridal Jadau Kundan Long Haram With Emerald Beads,Default Title,,13500.0,New Arrival,1,0,1,https://www.dulhanjewels.com/products/bridal-jadau-kundan-long-haram-with-emerald-beads?variant=gid://shopify/ProductVariant/51486487576882
2026-07-18 08:51:12,Minimal Pearl Choker With Floral Detailing And Green Beads,Default Title,,1900.0,Sold Out,1,1,0,https://www.dulhanjewels.com/products/minimal-pearl-choker-with-floral-detailing-and-green-beads?variant=gid://shopify/ProductVariant/51111540883762
2026-07-18 08:51:12,Elegant Choker Necklace With Emerald Green Bead Drops,Red,,2850.0,Sold Out,1,1,0,https://www.dulhanjewels.com/products/elegant-polki-kundan-choker-necklace-with-emerald-green-bead-drops?variant=gid://shopify/ProductVariant/51219146375474
2026-07-18 08:51:12,Opulent Mango Design Jadau Kundan Haram With Emerald Green Pendant,Default Title,,10400.0,Sold Out,1,1,0,https://www.dulhanjewels.com/products/opulent-mango-design-jadau-kundan-haram-with-emerald-green-pendant?variant=gid://shopify/ProductVariant/51219148374322
2026-07-18 08:51:12,Floral Jadau Kundan Jhumka Earrings With Hangings,Default Title,,2550.0,Sold Out,1,1,0,https://www.dulhanjewels.com/products/floral-jadau-kundan-jhumka-earrings-with-hangings-1?variant=gid://shopify/ProductVariant/51442746130738
2026-07-18 08:51:12,Elegant Jadau Kundan Champasaralu With Green Hangings,Default Title,,2300.0,Sold Out,1,1,0,https://www.dulhanjewels.com/products/elegant-jadau-kundan-champasaralu-with-green-hangings?variant=gid://shopify/ProductVariant/51472982573362
2026-07-18 09:22:14,Radiant Jadau Kundan Jhumki Earrings With Green Beads,Default Title,,2500.0,Sold Out,1,1,0,https://www.dulhanjewels.com/products/radiant-jadau-kundan-jhumki-earrings-with-green-beads?variant=gid://shopify/ProductVariant/51473003872562
2026-07-18 09:32:28,Trending Moissanite Polki Choker With Guttapusalu Hangings,Default Title,,4500.0,New Arrival,1,0,1,https://www.dulhanjewels.com/products/trending-moissanite-polki-choker-with-guttapusalu-hangings?variant=gid://shopify/ProductVariant/51486504583474
2026-07-18 09:32:28,Moissanite Polki Layered Long Necklace With Matching Earrings,Default Title,,6900.0,New Arrival,1,0,1,https://www.dulhanjewels.com/products/moissanite-polki-layered-long-necklacewith-matching-earrings?variant=gid://shopify/ProductVariant/51486505271602
2026-07-18 09:32:28,Fusion Moissanite Polki Kundan Layered Necklace Set,Default Title,,4700.0,New Arrival,1,0,1,https://www.dulhanjewels.com/products/fusion-moissanite-polki-kundan-layered-necklace-set?variant=gid://shopify/ProductVariant/51486505992498
2026-07-18 09:32:28,Designer Moissanite Polki Necklace Set With Emerald Stone Highlights,Default Title,,5250.0,New Arrival,1,0,1,https://www.dulhanjewels.com/products/designer-moissanite-polki-necklace-set-with-emerald-stone-highlights?variant=gid://shopify/ProductVariant/51486506221874
2026-07-18 09:42:17,Gold Inspired Jadau Kundan Bridal Necklace With Pearl Hangings,Default Title,,7250.0,New Arrival,1,0,1,https://www.dulhanjewels.com/products/gold-inspired-jadau-kundan-bridal-necklace-with-pearl-hangings?variant=gid://shopify/ProductVariant/51486506680626
2026-07-18 09:42:17,Floral Design Jadau Kundan Stud Earrings,Default Title,,1050.0,Sold Out,1,1,0,https://www.dulhanjewels.com/products/floral-design-jadau-kundan-stud-earrings-1?variant=gid://shopify/ProductVariant/51423501091122
2026-07-18 10:42:38,Floral Studded Jadau Kubdan Hanging Jhumki Earrings,Default Title,,1300.0,Sold Out,1,1,0,https://www.dulhanjewels.com/products/floral-studded-jadau-kubdan-hanging-jhumki-earrings?variant=gid://shopify/ProductVariant/50521526108466
2026-07-18 11:03:01,Grand Bridal Green Polki Bead Necklace Set with Earrings,Default Title,,7650.0,Sold Out,1,1,0,https://www.dulhanjewels.com/products/grand-bridal-green-polki-bead-necklace-set-with-earrings?variant=gid://shopify/ProductVariant/51234786967858
2026-07-18 12:21:05,Gold Plated Kundan Choker with Rice Pearls and Peacock Motis,White,,2450.0,Sold Out,1,1,0,https://www.dulhanjewels.com/products/jadau-kundan-rice-pearls-choker?variant=gid://shopify/ProductVariant/48880646029618
2026-07-18 12:21:05,Gold Plated Kundan Choker with Rice Pearls and Peacock Motis,Red,,2450.0,Sold Out,7,7,0,https://www.dulhanjewels.com/products/jadau-kundan-rice-pearls-choker?variant=gid://shopify/ProductVariant/48880646062386
2026-07-18 12:21:05,Regal Grandeur Ruby & Emerald Jadau Kundan Jhumka earrings,Default Title,,5650.0,Sold Out,1,1,0,https://www.dulhanjewels.com/products/bridal-jadau-kundan-multi-colour-jhumki?variant=gid://shopify/ProductVariant/49064137228594
2026-07-18 12:21:05,Chand Bali Design Jadau Kundan Bridal Long Maang Tikka with Green Beads,Red,,2350.0,Sold Out,1,1,0,https://www.dulhanjewels.com/products/chand-bali-design-jadau-kundan-bridal-long-maang-tikka-with-green-beads?variant=gid://shopify/ProductVariant/50515022250290
2026-07-18 12:33:15,South Indian Temple Style Kundan Choker With Pearl Drops,Default Title,,1100.0,Sold Out,1,1,0,https://www.dulhanjewels.com/products/south-indian-temple-style-kundan-choker-with-pearl-drops?variant=gid://shopify/ProductVariant/51369042280754
2026-07-18 12:51:06,Grand Bridal Green Polki Bead Necklace Set with Earrings,Default Title,,7650.0,Restock,2,0,2,https://www.dulhanjewels.com/products/grand-bridal-green-polki-bead-necklace-set-with-earrings?variant=gid://shopify/ProductVariant/51234786967858
2026-07-18 13:02:42,Heritage Lakshmi Devi Temple Haram Necklace With Emerald Hangings,Default Title,,6100.0,Sold Out,1,1,0,https://www.dulhanjewels.com/products/heritage-lakshmi-devi-temple-haram-necklace-with-emerald-hangings?variant=gid://shopify/ProductVariant/51473002660146
2026-07-18 13:21:02,Antique Jadau Kundan Choker With Pearl Drops,White,,1500.0,Sold Out,1,1,0,https://www.dulhanjewels.com/products/antique-jadau-kundan-choker-with-pearl-drops?variant=gid://shopify/ProductVariant/51142923878706
2026-07-18 14:31:23,Designer Jadau Kundan Maang Tikka With Pearl Clusters,Default Title,,1100.0,Sold Out,1,1,0,https://www.dulhanjewels.com/products/designer-jadau-kundan-maang-tikka-with-pearl-clusters?variant=gid://shopify/ProductVariant/51071749325106
2026-07-18 14:52:13,Antique Temple Necklace Set With Emerald Beads And Earrings,Default Title,,1900.0,Sold Out,1,1,0,https://www.dulhanjewels.com/products/antique-temple-necklace-set-with-emerald-beads-and-earrings?variant=gid://shopify/ProductVariant/51484156821810
2026-07-18 15:51:05,Bridal Gold Style Jadau Kundan Jhumki with Green Beads,Default Title,,2350.0,Sold Out,1,1,0,https://www.dulhanjewels.com/products/bridal-gold-style-jadau-kundan-jhumki-with-green-beads?variant=gid://shopify/ProductVariant/49740427624754
2026-07-18 15:51:05,Bridal Jadau Kundan Chand Locket Choker With RicePearl Chain,Default Title,,3150.0,Sold Out,1,1,0,https://www.dulhanjewels.com/products/bridal-jadau-kundan-chand-locket-choker-with-ricepearl-chain?variant=gid://shopify/ProductVariant/50905008800050
2026-07-18 18:21:05,Traditional Jalebi Jadau Kundan Necklace With Emerald Beads,White,,3400.0,Sold Out,1,1,0,https://www.dulhanjewels.com/products/traditional-jalebi-jadau-kundan-necklace-with-emerald-beads?variant=gid://shopify/ProductVariant/51178694476082
2026-07-18 19:02:17,Floral Studded Jadau Kundan Jhumki With Pearl And Bead Hangings,Default Title,,2850.0,Sold Out,1,1,0,https://www.dulhanjewels.com/products/floral-studded-jadau-kundan-jhumki-with-pearl-and-bead-hangings?variant=gid://shopify/ProductVariant/51411305562418
2026-07-18 19:51:10,Refined Jadau Kundan Chandbali Earrings With Emerald Beads,Default Title,,1400.0,Sold Out,1,1,0,https://www.dulhanjewels.com/products/refined-jadau-kundan-chandbali-earrings-with-emerald-beads?variant=gid://shopify/ProductVariant/51269587829042
2026-07-18 21:32:27,Gold Style Jadau Kundan Nantad Chain Necklace,Default Title,,2150.0,Sold Out,1,1,0,https://www.dulhanjewels.com/products/gold-style-jadau-kundan-nantad-chain-necklace-1?variant=gid://shopify/ProductVariant/50975058952498
2026-07-19 00:32:26,Victorian Choker Necklace set With Earrings And Maang Tikka,Default Title,,9000.0,Sold Out,1,1,0,https://www.dulhanjewels.com/products/victorian-choker-necklace-set-with-earrings-and-maang-tikka?variant=gid://shopify/ProductVariant/51234773336370
2026-07-19 05:02:53,Bridal Gold Style Jadau Kundan Jhumki with Green Beads,Default Title,,2350.0,Restock,1,0,1,https://www.dulhanjewels.com/products/bridal-gold-style-jadau-kundan-jhumki-with-green-beads?variant=gid://shopify/ProductVariant/49740427624754
2026-07-19 05:02:53,Gold Style Jadau Kundan Nantad Chain Necklace,Default Title,,2150.0,Restock,1,0,1,https://www.dulhanjewels.com/products/gold-style-jadau-kundan-nantad-chain-necklace-1?variant=gid://shopify/ProductVariant/50975058952498
2026-07-19 05:02:53,Designer Jadau Kundan Maang Tikka With Pearl Clusters,Default Title,,1100.0,Restock,1,0,1,https://www.dulhanjewels.com/products/designer-jadau-kundan-maang-tikka-with-pearl-clusters?variant=gid://shopify/ProductVariant/51071749325106
2026-07-19 05:02:53,Chand Kundan Jhumka Earrings With Pearl Drops,Default Title,,2000.0,Restock,1,0,1,https://www.dulhanjewels.com/products/chand-kundan-jhumka-earrings-with-pearl-drops?variant=gid://shopify/ProductVariant/51090357420338
2026-07-19 05:02:53,Minimal Pearl Choker With Floral Detailing And Green Beads,Default Title,,1900.0,Restock,1,0,1,https://www.dulhanjewels.com/products/minimal-pearl-choker-with-floral-detailing-and-green-beads?variant=gid://shopify/ProductVariant/51111540883762
2026-07-19 05:02:53,Antique Jadau Kundan Choker With Pearl Drops,White,,1500.0,Restock,1,0,1,https://www.dulhanjewels.com/products/antique-jadau-kundan-choker-with-pearl-drops?variant=gid://shopify/ProductVariant/51142923878706
2026-07-19 05:02:53,Traditional Jalebi Jadau Kundan Necklace With Emerald Beads,White,,3400.0,Restock,1,0,1,https://www.dulhanjewels.com/products/traditional-jalebi-jadau-kundan-necklace-with-emerald-beads?variant=gid://shopify/ProductVariant/51178694476082
2026-07-19 05:02:53,Refined Jadau Kundan Chandbali Earrings With Emerald Beads,Default Title,,1400.0,Restock,1,0,1,https://www.dulhanjewels.com/products/refined-jadau-kundan-chandbali-earrings-with-emerald-beads?variant=gid://shopify/ProductVariant/51269587829042
2026-07-19 05:02:53,Floral Studded Jadau Kundan Jhumki With Pearl And Bead Hangings,Default Title,,2850.0,Restock,1,0,1,https://www.dulhanjewels.com/products/floral-studded-jadau-kundan-jhumki-with-pearl-and-bead-hangings?variant=gid://shopify/ProductVariant/51411305562418
2026-07-19 05:02:53,Floral Design Jadau Kundan Stud Earrings,Default Title,,1050.0,Restock,1,0,1,https://www.dulhanjewels.com/products/floral-design-jadau-kundan-stud-earrings-1?variant=gid://shopify/ProductVariant/51423501091122
2026-07-19 05:02:53,Floral Jadau Kundan Jhumka Earrings With Hangings,Default Title,,2550.0,Restock,1,0,1,https://www.dulhanjewels.com/products/floral-jadau-kundan-jhumka-earrings-with-hangings-1?variant=gid://shopify/ProductVariant/51442746130738
2026-07-19 05:02:53,Elegant Jadau Kundan Champasaralu With Green Hangings,Default Title,,2300.0,Restock,1,0,1,https://www.dulhanjewels.com/products/elegant-jadau-kundan-champasaralu-with-green-hangings?variant=gid://shopify/ProductVariant/51472982573362
2026-07-19 05:02:53,Heritage Lakshmi Devi Temple Haram Necklace With Emerald Hangings,Default Title,,6100.0,Restock,1,0,1,https://www.dulhanjewels.com/products/heritage-lakshmi-devi-temple-haram-necklace-with-emerald-hangings?variant=gid://shopify/ProductVariant/51473002660146
2026-07-19 05:02:53,Radiant Jadau Kundan Jhumki Earrings With Green Beads,Default Title,,2500.0,Restock,1,0,1,https://www.dulhanjewels.com/products/radiant-jadau-kundan-jhumki-earrings-with-green-beads?variant=gid://shopify/ProductVariant/51473003872562
2026-07-19 05:02:53,Antique Temple Necklace Set With Emerald Beads And Earrings,Default Title,,1900.0,Restock,1,0,1,https://www.dulhanjewels.com/products/antique-temple-necklace-set-with-emerald-beads-and-earrings?variant=gid://shopify/ProductVariant/51484156821810
2026-07-19 06:31:23,Gold Finish Jadau Kundan Bangles With Floral Center Motif,White / 2/4,,1900.0,Sold Out,1,1,0,https://www.dulhanjewels.com/products/gold-finish-jadau-kundan-bangles-with-floral-center-motif?variant=gid://shopify/ProductVariant/51433674506546
2026-07-19 07:01:39,Elegant Jadau Kundan Stud Earrings With Floral Design,Default Title,,1350.0,Sold Out,1,1,0,https://www.dulhanjewels.com/products/elegant-jadau-kundan-stud-earrings-with-floral-design?variant=gid://shopify/ProductVariant/51336775991602
2026-07-19 07:31:24,Classic Design With Jadau Kundan Stud Earrings,Ruby,,800.0,Sold Out,1,1,0,https://www.dulhanjewels.com/products/classic-design-with-jadau-kundan-stud-earrings?variant=gid://shopify/ProductVariant/50362201145650
2026-07-19 07:31:24,Gold Inspired Jadau Kundan Stud Earrings With Pearl Bordering,Default Title,,1700.0,Sold Out,1,1,0,https://www.dulhanjewels.com/products/gold-inspired-jadau-kundan-stud-earrings-with-pearl-bordering?variant=gid://shopify/ProductVariant/50641288364338
2026-07-19 07:31:24,Traditional Jadau Kundan Pendant With Floral Design,Default Title,,2350.0,Sold Out,1,1,0,https://www.dulhanjewels.com/products/traditional-jadau-kundan-pendant-with-floral-design?variant=gid://shopify/ProductVariant/51061598322994
2026-07-19 09:02:09,Royal Crescent Moon & Sun Kundan Hairpin With Pearl Detailing,Default Title,,1500.0,Sold Out,1,1,0,https://www.dulhanjewels.com/products/royal-crescent-moon-sun-kundan-hairpin-with-pearl-detailing?variant=gid://shopify/ProductVariant/50926351384882
2026-07-19 09:42:51,Unique Design Jadau Kundan Chandbali Earrings With Green Hangings,Default Title,,1100.0,Sold Out,1,1,0,https://www.dulhanjewels.com/products/unique-design-jadau-kundan-chandbali-earrings-with-green-hangings?variant=gid://shopify/ProductVariant/51353866699058
2026-07-19 09:42:51,Antique Temple Necklace Set With Emerald Beads And Earrings,Default Title,,1900.0,Sold Out,1,1,0,https://www.dulhanjewels.com/products/antique-temple-necklace-set-with-emerald-beads-and-earrings?variant=gid://shopify/ProductVariant/51484156821810
2026-07-19 13:52:25,Designer Peacock Pendant With Green Stone Drops,Default Title,,2050.0,Sold Out,1,1,0,https://www.dulhanjewels.com/products/designer-peacock-pendant-with-green-stone-drops?variant=gid://shopify/ProductVariant/51272108245298
2026-07-19 13:52:25,Chand Design Jadau Kundan Maang Tikka With Emerald Beads,Default Title,,1000.0,Sold Out,1,1,0,https://www.dulhanjewels.com/products/chand-design-jadau-kundan-maang-tikka-with-emerald-beads?variant=gid://shopify/ProductVariant/51369047687474
2026-07-19 14:02:52,Gold Inspired Jadau Kundan Bridal Necklace With Pearl Hangings,Default Title,,7250.0,Restock,1,1,2,https://www.dulhanjewels.com/products/gold-inspired-jadau-kundan-bridal-necklace-with-pearl-hangings?variant=gid://shopify/ProductVariant/51486506680626
2026-07-19 14:21:33,Gold Look Mangalsutra With Jadau Kundan Pendant,Default Title,,2050.0,Sold Out,1,1,0,https://www.dulhanjewels.com/products/jadau-kundan-2?variant=gid://shopify/ProductVariant/51234785591602
2026-07-19 14:21:33,Floral Design Jadau Kundan Stud Earrings,Default Title,,1050.0,Sold Out,1,1,0,https://www.dulhanjewels.com/products/floral-design-jadau-kundan-stud-earrings-1?variant=gid://shopify/ProductVariant/51423501091122
2026-07-19 15:32:37,Minimal Pearl Choker With Floral Detailing And Green Beads,Default Title,,1900.0,Sold Out,1,1,0,https://www.dulhanjewels.com/products/minimal-pearl-choker-with-floral-detailing-and-green-beads?variant=gid://shopify/ProductVariant/51111540883762
2026-07-19 16:02:27,Gold Inspired Jadau Kundan Bridal Necklace With Pearl Hangings,Default Title,,7250.0,Sale,1,2,1,https://www.dulhanjewels.com/products/gold-inspired-jadau-kundan-bridal-necklace-with-pearl-hangings?variant=gid://shopify/ProductVariant/51486506680626
2026-07-19 16:11:07,Traditional Temple Style Peacock Kundan Stud Earrings,White,,1100.0,Sale,1,3,2,https://www.dulhanjewels.com/products/traditional-temple-style-peacock-kundan-stud-earrings?variant=gid://shopify/ProductVariant/51443057393970
2026-07-19 17:21:10,Chand Design Jadau Kundan Maang Tikka With Emerald Beads,Default Title,,1000.0,Restock,1,0,1,https://www.dulhanjewels.com/products/chand-design-jadau-kundan-maang-tikka-with-emerald-beads?variant=gid://shopify/ProductVariant/51369047687474
2026-07-19 17:21:10,Antique Temple Necklace Set With Emerald Beads And Earrings,Default Title,,1900.0,Restock,1,0,1,https://www.dulhanjewels.com/products/antique-temple-necklace-set-with-emerald-beads-and-earrings?variant=gid://shopify/ProductVariant/51484156821810
2026-07-19 17:32:17,Floral Design Jadau Kundan Stud Earrings,Default Title,,1050.0,Restock,1,0,1,https://www.dulhanjewels.com/products/floral-design-jadau-kundan-stud-earrings-1?variant=gid://shopify/ProductVariant/51423501091122
2026-07-19 17:32:17,Bridal Gold Style Jadau Kundan Jhumki with Green Beads,Default Title,,2350.0,Sold Out,1,1,0,https://www.dulhanjewels.com/products/bridal-gold-style-jadau-kundan-jhumki-with-green-beads?variant=gid://shopify/ProductVariant/49740427624754
2026-07-19 17:42:12,Grand Bridal Green Polki Bead Necklace Set with Earrings,Default Title,,7650.0,Sale,1,2,1,https://www.dulhanjewels.com/products/grand-bridal-green-polki-bead-necklace-set-with-earrings?variant=gid://shopify/ProductVariant/51234786967858
2026-07-19 17:42:12,Unique Jadau Kundan Chandbali Earrings With Green Beads,Default Title,,1150.0,Restock,1,1,2,https://www.dulhanjewels.com/products/unique-jadau-kundan-chandbali-earrings-with-green-beads?variant=gid://shopify/ProductVariant/51484153643314
2026-07-19 18:02:38,Fusion Moissanite Polki Kundan Layered Necklace Set,Default Title,,4700.0,Restock,1,1,2,https://www.dulhanjewels.com/products/fusion-moissanite-polki-kundan-layered-necklace-set?variant=gid://shopify/ProductVariant/51486505992498
2026-07-19 18:41:08,Ethnic Jadau Kundan Jhumka Earrings With Green Drops,Default Title,,1900.0,Sold Out,1,1,0,https://www.dulhanjewels.com/products/ethnic-jadau-kundan-jhumka-earrings-with-green-drops?variant=gid://shopify/ProductVariant/51039816384818
2026-07-19 18:41:08,Gold Finish Jadau Kundan Bangles With Floral Center Motif,Green / 2/4,,1900.0,Sold Out,1,1,0,https://www.dulhanjewels.com/products/gold-finish-jadau-kundan-bangles-with-floral-center-motif?variant=gid://shopify/ProductVariant/51433674539314
2026-07-20 00:11:20,Grand Bridal Green Polki Bead Necklace Set with Earrings,Default Title,,7650.0,Sold Out,1,1,0,https://www.dulhanjewels.com/products/grand-bridal-green-polki-bead-necklace-set-with-earrings?variant=gid://shopify/ProductVariant/51234786967858
2026-07-20 02:01:38,Reversible 2 in 1 Jadau Kundan Jalebi Necklace With Beads Hanging,Default Title,,2800.0,Sold Out,1,1,0,https://www.dulhanjewels.com/products/reversible-2-in-1-jadau-kundan-jalebi-necklace-with-pearl-hangings-bead-and-green-beads?variant=gid://shopify/ProductVariant/50988591939890
2026-07-20 02:01:38,Opulent Jadau Kundan Earrings With Intricate Floral Design,Default Title,,2850.0,Sold Out,1,1,0,https://www.dulhanjewels.com/products/opulent-jadau-kundan-earrings-with-intricate-floral-design?variant=gid://shopify/ProductVariant/51056753672498
2026-07-20 02:01:38,Gold Inspired Jadau Kundan Bridal Necklace With Pearl Hangings,Default Title,,7250.0,Sold Out,1,1,0,https://www.dulhanjewels.com/products/gold-inspired-jadau-kundan-bridal-necklace-with-pearl-hangings?variant=gid://shopify/ProductVariant/51486506680626
2026-07-20 03:09:08,Grand Bridal Green Polki Bead Necklace Set with Earrings,Default Title,,7650.0,Restock,2,0,2,https://www.dulhanjewels.com/products/grand-bridal-green-polki-bead-necklace-set-with-earrings?variant=gid://shopify/ProductVariant/51234786967858
2026-07-20 03:09:08,Gold Inspired Jadau Kundan Bridal Necklace With Pearl Hangings,Default Title,,7250.0,Restock,1,0,1,https://www.dulhanjewels.com/products/gold-inspired-jadau-kundan-bridal-necklace-with-pearl-hangings?variant=gid://shopify/ProductVariant/51486506680626
2026-07-20 03:21:04,Royal Crescent Moon & Sun Kundan Hairpin With Pearl Detailing,Default Title,,1500.0,Restock,1,0,1,https://www.dulhanjewels.com/products/royal-crescent-moon-sun-kundan-hairpin-with-pearl-detailing?variant=gid://shopify/ProductVariant/50926351384882
2026-07-20 03:31:21,Royal Crescent Moon & Sun Kundan Hairpin With Pearl Detailing,Default Title,,1500.0,Sold Out,1,1,0,https://www.dulhanjewels.com/products/royal-crescent-moon-sun-kundan-hairpin-with-pearl-detailing?variant=gid://shopify/ProductVariant/50926351384882
2026-07-20 05:48:11,Gold Inspired Jadau Kundan Bridal Necklace With Pearl Hangings,Default Title,,7250.0,Sold Out,1,1,0,https://www.dulhanjewels.com/products/gold-inspired-jadau-kundan-bridal-necklace-with-pearl-hangings?variant=gid://shopify/ProductVariant/51486506680626
2026-07-20 06:02:32,Heritage Lakshmi Devi Temple Haram Necklace With Emerald Hangings,Default Title,,6100.0,Sold Out,1,1,0,https://www.dulhanjewels.com/products/heritage-lakshmi-devi-temple-haram-necklace-with-emerald-hangings?variant=gid://shopify/ProductVariant/51473002660146
2026-07-20 06:21:07,Bridal Jadau Kundan Chand Locket Choker With RicePearl Chain,Default Title,,3150.0,Restock,1,0,1,https://www.dulhanjewels.com/products/bridal-jadau-kundan-chand-locket-choker-with-ricepearl-chain?variant=gid://shopify/ProductVariant/50905008800050
2026-07-20 06:21:07,Classic Pearl Mala Jadau Kundan Necklace With Twin Paisley Pendant Design,Default Title,,950.0,Restock,1,0,1,https://www.dulhanjewels.com/products/classic-pearl-mala-jadau-kundan-necklace-with-twin-paisley-pendant-design?variant=gid://shopify/ProductVariant/50964883669298
2026-07-20 06:21:07,Minimal Pearl Choker With Floral Detailing And Green Beads,Default Title,,1900.0,Restock,1,0,1,https://www.dulhanjewels.com/products/minimal-pearl-choker-with-floral-detailing-and-green-beads?variant=gid://shopify/ProductVariant/51111540883762
2026-07-20 06:21:07,Gold Look Mangalsutra With Jadau Kundan Pendant,Default Title,,2050.0,Restock,1,0,1,https://www.dulhanjewels.com/products/jadau-kundan-2?variant=gid://shopify/ProductVariant/51234785591602
2026-07-20 06:21:07,Designer Peacock Pendant With Green Stone Drops,Default Title,,2050.0,Restock,1,0,1,https://www.dulhanjewels.com/products/designer-peacock-pendant-with-green-stone-drops?variant=gid://shopify/ProductVariant/51272108245298
2026-07-20 06:21:07,Elegant Jadau Kundan Stud Earrings With Floral Design,Default Title,,1350.0,Restock,1,0,1,https://www.dulhanjewels.com/products/elegant-jadau-kundan-stud-earrings-with-floral-design?variant=gid://shopify/ProductVariant/51336775991602
2026-07-20 06:21:07,Unique Design Jadau Kundan Chandbali Earrings With Green Hangings,Default Title,,1100.0,Restock,1,0,1,https://www.dulhanjewels.com/products/unique-design-jadau-kundan-chandbali-earrings-with-green-hangings?variant=gid://shopify/ProductVariant/51353866699058
2026-07-20 06:21:07,Gold Inspired Jadau Kundan Bridal Necklace With Pearl Hangings,Default Title,,7250.0,Restock,1,0,1,https://www.dulhanjewels.com/products/gold-inspired-jadau-kundan-bridal-necklace-with-pearl-hangings?variant=gid://shopify/ProductVariant/51486506680626
2026-07-20 06:31:24,Elegant Victorian Earcuff With Peacock Floral Design,Green,,1250.0,Restock,1,0,1,https://www.dulhanjewels.com/products/elegant-victorian-earcuff-with-peacock-floral-design?variant=gid://shopify/ProductVariant/51148874547506
2026-07-20 06:31:24,Elegant Choker Necklace With Emerald Green Bead Drops,Red,,2850.0,Restock,1,0,1,https://www.dulhanjewels.com/products/elegant-polki-kundan-choker-necklace-with-emerald-green-bead-drops?variant=gid://shopify/ProductVariant/51219146375474
2026-07-20 06:31:24,Elegant Choker Necklace With Emerald Green Bead Drops,White,,2850.0,Restock,1,0,1,https://www.dulhanjewels.com/products/elegant-polki-kundan-choker-necklace-with-emerald-green-bead-drops?variant=gid://shopify/ProductVariant/51219146408242
2026-07-20 06:31:24,Gold Finish Jadau Kundan Bangles With Floral Center Motif,White / 2/4,,1900.0,Restock,1,0,1,https://www.dulhanjewels.com/products/gold-finish-jadau-kundan-bangles-with-floral-center-motif?variant=gid://shopify/ProductVariant/51433674506546
2026-07-20 06:31:24,Gold Finish Jadau Kundan Bangles With Floral Center Motif,Green / 2/4,,1900.0,Restock,1,0,1,https://www.dulhanjewels.com/products/gold-finish-jadau-kundan-bangles-with-floral-center-motif?variant=gid://shopify/ProductVariant/51433674539314
2026-07-20 06:51:07,Antique Jadau Kundan Choker With Pearl Drops,Pink,,1500.0,Restock,1,0,1,https://www.dulhanjewels.com/products/antique-jadau-kundan-choker-with-pearl-drops?variant=gid://shopify/ProductVariant/51142923944242
2026-07-20 06:51:07,Antique Jadau Kundan Choker With Pearl Drops,White,,1500.0,Sold Out,1,1,0,https://www.dulhanjewels.com/products/antique-jadau-kundan-choker-with-pearl-drops?variant=gid://shopify/ProductVariant/51142923878706
2026-07-20 08:11:07,Gold Style Jadau Kundan Necklace In Bottumala Style,Default Title,,7950.0,New Arrival,1,0,1,https://www.dulhanjewels.com/products/gold-style-jadau-kundan-necklace-in-bottumala-style?variant=gid://shopify/ProductVariant/51411138838834
2026-07-20 08:11:07,Ethnic Jadau Kundan Floral Long Necklace With Rice Pearls & Emerald Green Beads,Default Title,,6850.0,New Arrival,1,0,1,https://www.dulhanjewels.com/products/ethnic-jadau-kundan-floral-long-necklace-with-rice-pearls-emerald-green-beads?variant=gid://shopify/ProductVariant/51442137432370
2026-07-20 08:21:10,Floral Studded Jadau Kundan Jhumki With Ricepearl Hangings,Default Title,,3400.0,Sold Out,1,1,0,https://www.dulhanjewels.com/products/floral-studded-jadau-kundan-jhumki-with-ricepearl-hangings?variant=gid://shopify/ProductVariant/50959616114994
2026-07-20 08:21:10,Chand Kundan Jhumka Earrings With Pearl Drops,Default Title,,2000.0,Sold Out,1,1,0,https://www.dulhanjewels.com/products/chand-kundan-jhumka-earrings-with-pearl-drops?variant=gid://shopify/ProductVariant/51090357420338
2026-07-20 08:21:10,Elegant Jadau Kundan Choker With Pearl Hangings,Default Title,,2100.0,Sold Out,1,1,0,https://www.dulhanjewels.com/products/elegant-jadau-kundan-choker-with-pearl-hangings?variant=gid://shopify/ProductVariant/51423493947698
2026-07-20 08:27:54,Ethnic Jadau Kundan Jhumka Earrings With Green Drops,Default Title,,1900.0,Restock,1,0,1,https://www.dulhanjewels.com/products/ethnic-jadau-kundan-jhumka-earrings-with-green-drops?variant=gid://shopify/ProductVariant/51039816384818
2026-07-20 08:27:54,Majestic Peacock Design Jadau Kundan Necklace With Green Bead Hangings,Default Title,,3500.0,Sold Out,1,1,0,https://www.dulhanjewels.com/products/majestic-peacock-design-jadau-kundan-necklace-with-green-bead-hangings?variant=gid://shopify/ProductVariant/51111019774258
2026-07-20 08:27:54,Unique Design Jadau Kundan Chandbali Earrings With Green Hangings,Default Title,,1100.0,Sold Out,1,1,0,https://www.dulhanjewels.com/products/unique-design-jadau-kundan-chandbali-earrings-with-green-hangings?variant=gid://shopify/ProductVariant/51353866699058
2026-07-20 08:41:04,Reversible 2 in 1 Jadau Kundan Jalebi Necklace With Beads Hanging,Default Title,,2800.0,Restock,1,0,1,https://www.dulhanjewels.com/products/reversible-2-in-1-jadau-kundan-jalebi-necklace-with-pearl-hangings-bead-and-green-beads?variant=gid://shopify/ProductVariant/50988591939890
2026-07-20 10:11:08,Refined Jadau Kundan Peacock Design Short Necklace,Default Title,,4850.0,Sold Out,1,1,0,https://www.dulhanjewels.com/products/refined-jadau-kundan-kempu-peacock-short-necklace-with-russian-beads?variant=gid://shopify/ProductVariant/50281706750258
2026-07-20 10:31:27,Gold Inspired Detachable Jadau Kundan Necklace,Default Title,,10750.0,Sold Out,1,1,0,https://www.dulhanjewels.com/products/gold-inspired-detachable-jadau-kundan-necklace?variant=gid://shopify/ProductVariant/50387945324850
2026-07-20 11:21:09,South Indian Necklace Set With Matching Earrings,Default Title,,1750.0,Sold Out,1,1,0,https://www.dulhanjewels.com/products/south-indian-necklace-set-with-matching-earrings?variant=gid://shopify/ProductVariant/51484154954034
2026-07-20 12:41:09,Antique Temple Necklace Set With Emerald Beads And Earrings,Default Title,,1900.0,Sold Out,1,1,0,https://www.dulhanjewels.com/products/antique-temple-necklace-set-with-emerald-beads-and-earrings?variant=gid://shopify/ProductVariant/51484156821810
2026-07-20 13:21:10,Elegant Design Jadau Kundan Changebsle Jhumki with Green Beads,Default Title,,2950.0,Sold Out,1,1,0,https://www.dulhanjewels.com/products/elegant-design-jadau-kundan-jhumki-with-green-beads?variant=gid://shopify/ProductVariant/49998842003762
2026-07-20 13:31:29,Minimal Pearl Choker With Floral Detailing And Green Beads,Default Title,,1900.0,Sold Out,1,1,0,https://www.dulhanjewels.com/products/minimal-pearl-choker-with-floral-detailing-and-green-beads?variant=gid://shopify/ProductVariant/51111540883762
2026-07-20 14:31:33,Floral Stud Traditional Jadau Kundan Jhumki Earrings With Pearl Drops,Default Title,,2200.0,Sold Out,1,1,0,https://www.dulhanjewels.com/products/floral-stud-traditional-jadau-kundan-jhumki-earrings-with-pearl-drops?variant=gid://shopify/ProductVariant/50967118479666
2026-07-20 16:11:06,Refined Jadau Kundan Choker With Green Beads,Default Title,,1300.0,Sold Out,1,1,0,https://www.dulhanjewels.com/products/refined-jadau-kundan-choker-with-green-beads?variant=gid://shopify/ProductVariant/51369054568754
2026-07-20 19:01:50,Traditional Peacock Nakshi Jadau Kundan Necklace With Emerald Beads,Default Title,,2450.0,Sold Out,1,1,0,https://www.dulhanjewels.com/products/traditional-peacock-nakshi-jadau-kundan-necklace-with-emerald-beads?variant=gid://shopify/ProductVariant/51254349136178
2026-07-20 19:51:05,Traditional Jadau Kundan Long Necklace With Statement Floral Pendant,Default Title,,2750.0,Sold Out,1,1,0,https://www.dulhanjewels.com/products/traditional-jadau-kundan-long-necklace-with-statement-floral-pendant?variant=gid://shopify/ProductVariant/51107263447346
2026-07-20 19:51:05,Temple Style Jadau Kundan Jhumki Earrings With Pearl Drops,Default Title,,1300.0,Sold Out,1,1,0,https://www.dulhanjewels.com/products/temple-style-jadau-kundan-jhumki-earrings-with-pearl-drops?variant=gid://shopify/ProductVariant/51178950721842
2026-07-20 22:11:06,Designer Nantad Necklace Set With Green Beads And Matching Studs,Default Title,,1500.0,Sold Out,1,1,0,https://www.dulhanjewels.com/products/designer-nantad-necklace-set-with-green-beads-and-matching-studs?variant=gid://shopify/ProductVariant/51071758401842
2026-07-20 22:11:06,Bridal Jadau Kundan Peacock Earcuff With Jhumka Drops,Default Title,,5550.0,Sold Out,1,1,0,https://www.dulhanjewels.com/products/bridal-jadau-kundan-peacock-earcuff-with-jhumka-drops?variant=gid://shopify/ProductVariant/51123544785202
2026-07-20 22:11:06,Traditional Jalebi Jadau Kundan Necklace With Emerald Beads,Pink,,3400.0,Sold Out,1,1,0,https://www.dulhanjewels.com/products/traditional-jalebi-jadau-kundan-necklace-with-emerald-beads?variant=gid://shopify/ProductVariant/51178694508850
2026-07-20 22:11:06,Elegant Choker Necklace With Emerald Green Bead Drops,Red,,2850.0,Sold Out,1,1,0,https://www.dulhanjewels.com/products/elegant-polki-kundan-choker-necklace-with-emerald-green-bead-drops?variant=gid://shopify/ProductVariant/51219146375474
2026-07-20 22:11:06,Floral Jadau Kundan Jhumka Earrings With Hangings,Default Title,,2550.0,Sold Out,1,1,0,https://www.dulhanjewels.com/products/floral-jadau-kundan-jhumka-earrings-with-hangings-1?variant=gid://shopify/ProductVariant/51442746130738
2026-07-21 02:41:04,Floral Studded Jadau Kundan Jhumki With Pearl Hangings,Red,,1650.0,Sold Out,1,1,0,https://www.dulhanjewels.com/products/floral-studded-jadau-kundan-jhumki-with-pearl-hangings?variant=gid://shopify/ProductVariant/51411253854514
2026-07-21 04:21:05,Floral Studded Jadau Kundan Sleek Jhumki Earrings,Green,,1150.0,Sold Out,1,1,0,https://www.dulhanjewels.com/products/floral-studded-jadau-kundan-sleek-jhumki-earrings?variant=gid://shopify/ProductVariant/50497080459570
2026-07-21 04:21:05,Gold Inspired Reversible 2 in 1 Jadau Kundan Necklace,Default Title,,2800.0,Sold Out,1,1,0,https://www.dulhanjewels.com/products/gold-inspired-reversible-2-in-1-jadau-kundan-necklace?variant=gid://shopify/ProductVariant/50988587778354
2026-07-21 05:11:10,Floral Design Jadau Kundan Stud Earrings,Default Title,,1050.0,Sold Out,1,1,0,https://www.dulhanjewels.com/products/floral-design-jadau-kundan-stud-earrings-1?variant=gid://shopify/ProductVariant/51423501091122
2026-07-21 06:21:11,Designer Krishna Flute Victorian Pendant With Ruby Baguette Stones,Default Title,,1200.0,Sold Out,1,1,0,https://www.dulhanjewels.com/products/designer-krishna-flute-victorian-pendant-with-ruby-baguette-stones-1?variant=gid://shopify/ProductVariant/51443058409778
2026-07-21 06:51:06,Temple Style Jadau Kundan Jhumki Earrings With Pearl Drops,Default Title,,1300.0,Restock,1,0,1,https://www.dulhanjewels.com/products/temple-style-jadau-kundan-jhumki-earrings-with-pearl-drops?variant=gid://shopify/ProductVariant/51178950721842
2026-07-21 06:51:06,Traditional Peacock Nakshi Jadau Kundan Necklace With Emerald Beads,Default Title,,2450.0,Restock,1,0,1,https://www.dulhanjewels.com/products/traditional-peacock-nakshi-jadau-kundan-necklace-with-emerald-beads?variant=gid://shopify/ProductVariant/51254349136178
2026-07-21 06:51:06,Refined Jadau Kundan Choker With Green Beads,Default Title,,1300.0,Restock,1,0,1,https://www.dulhanjewels.com/products/refined-jadau-kundan-choker-with-green-beads?variant=gid://shopify/ProductVariant/51369054568754
2026-07-21 06:51:06,Floral Design Jadau Kundan Stud Earrings,Default Title,,1050.0,Restock,1,0,1,https://www.dulhanjewels.com/products/floral-design-jadau-kundan-stud-earrings-1?variant=gid://shopify/ProductVariant/51423501091122
2026-07-21 06:51:06,Floral Jadau Kundan Jhumka Earrings With Hangings,Default Title,,2550.0,Restock,1,0,1,https://www.dulhanjewels.com/products/floral-jadau-kundan-jhumka-earrings-with-hangings-1?variant=gid://shopify/ProductVariant/51442746130738
2026-07-21 06:51:06,Designer Krishna Flute Victorian Pendant With Ruby Baguette Stones,Default Title,,1200.0,Restock,1,0,1,https://www.dulhanjewels.com/products/designer-krishna-flute-victorian-pendant-with-ruby-baguette-stones-1?variant=gid://shopify/ProductVariant/51443058409778
2026-07-21 06:51:06,South Indian Necklace Set With Matching Earrings,Default Title,,1750.0,Restock,1,0,1,https://www.dulhanjewels.com/products/south-indian-necklace-set-with-matching-earrings?variant=gid://shopify/ProductVariant/51484154954034
2026-07-21 06:51:06,Antique Temple Necklace Set With Emerald Beads And Earrings,Default Title,,1900.0,Restock,1,0,1,https://www.dulhanjewels.com/products/antique-temple-necklace-set-with-emerald-beads-and-earrings?variant=gid://shopify/ProductVariant/51484156821810
2026-07-21 07:01:39,Gold Inspired Reversible 2 in 1 Jadau Kundan Necklace,Default Title,,2800.0,Restock,1,0,1,https://www.dulhanjewels.com/products/gold-inspired-reversible-2-in-1-jadau-kundan-necklace?variant=gid://shopify/ProductVariant/50988587778354
2026-07-21 07:01:39,Designer Nantad Necklace Set With Green Beads And Matching Studs,Default Title,,1500.0,Restock,1,0,1,https://www.dulhanjewels.com/products/designer-nantad-necklace-set-with-green-beads-and-matching-studs?variant=gid://shopify/ProductVariant/51071758401842
2026-07-21 07:01:39,Floral Studded Jadau Kundan Jhumki With Pearl Hangings,Red,,1650.0,Restock,1,0,1,https://www.dulhanjewels.com/products/floral-studded-jadau-kundan-jhumki-with-pearl-hangings?variant=gid://shopify/ProductVariant/51411253854514
2026-07-21 08:41:10,Traditional Jalebi Jadau Kundan Necklace With Emerald Beads,Pink,,3400.0,Restock,1,0,1,https://www.dulhanjewels.com/products/traditional-jalebi-jadau-kundan-necklace-with-emerald-beads?variant=gid://shopify/ProductVariant/51178694508850
2026-07-21 08:41:10,Elegant Jadau Kundan Stud Earrings With Pearl Bordering,Default Title,,1600.0,Sold Out,1,1,0,https://www.dulhanjewels.com/products/elegant-jadau-kundan-stud-earrings-with-pearl-bordering-1?variant=gid://shopify/ProductVariant/51263328321842
2026-07-21 08:41:10,Jadau Kundan Pearl Mala Necklace With Emerald Green Beads,Default Title,,3550.0,Sold Out,1,1,0,https://www.dulhanjewels.com/products/jadau-kundan-pearl-mala-necklace-with-emerald-green-beads?variant=gid://shopify/ProductVariant/51433638494514
2026-07-21 09:01:46,Lavish Jadau Kundan Jhumka Earrings With Green Beads And Pearl Drops,Default Title,,4250.0,Sold Out,1,1,0,https://www.dulhanjewels.com/products/lavish-jadau-kundan-jhumka-earrings-with-green-beads-and-pearl-drops?variant=gid://shopify/ProductVariant/50968976720178
2026-07-21 09:01:46,Divine Lakshmi Devi Jadau Kundan Pendant,Default Title,,1450.0,Sold Out,1,1,0,https://www.dulhanjewels.com/products/divine-lakshmi-devi-jadau-kundan-pendant-1?variant=gid://shopify/ProductVariant/51002082951474
2026-07-21 09:21:15,Gold Finish Jadau Kundan Bangles With Floral Center Motif,Red / 2/4,,1900.0,Sold Out,1,1,0,https://www.dulhanjewels.com/products/gold-finish-jadau-kundan-bangles-with-floral-center-motif?variant=gid://shopify/ProductVariant/51433674473778
2026-07-21 09:21:15,Antique Temple Necklace Set With Emerald Beads And Earrings,Default Title,,1900.0,Sold Out,1,1,0,https://www.dulhanjewels.com/products/antique-temple-necklace-set-with-emerald-beads-and-earrings?variant=gid://shopify/ProductVariant/51484156821810
2026-07-21 09:31:25,Gold inspired Jadau Kundan Necklace With  Bead Hangings,Ruby,,7400.0,Restock,1,0,1,https://www.dulhanjewels.com/products/gold-inspired-jadau-kundan-necklace-with-bead-hangings?variant=gid://shopify/ProductVariant/50332919791922
2026-07-21 09:31:25,Imperial Jadau Kundan Jhumki Earrings With Emerald Drops,Default Title,,1500.0,Sold Out,1,1,0,https://www.dulhanjewels.com/products/imperial-jadau-kundan-jhumki-earrings-with-emerald-drops?variant=gid://shopify/ProductVariant/51039684264242
2026-07-21 09:31:25,Classic Jadau Kundan Maang Tikka With Green Drops,Default Title,,1000.0,Sold Out,1,1,0,https://www.dulhanjewels.com/products/classic-jadau-kundan-maang-tikka-with-green-drops?variant=gid://shopify/ProductVariant/51472999645490
2026-07-21 09:51:08,Traditional South Indian Jadau Kundan Necklace,Default Title,,7550.0,Sold Out,1,1,0,https://www.dulhanjewels.com/products/traditional-south-indian-jadau-kundan-necklace?variant=gid://shopify/ProductVariant/50905009258802
2026-07-21 10:21:09,South Indian Necklace Set With Matching Earrings,Default Title,,1750.0,Sold Out,1,1,0,https://www.dulhanjewels.com/products/south-indian-necklace-set-with-matching-earrings?variant=gid://shopify/ProductVariant/51484154954034
2026-07-21 10:31:28,Simple Green Beaded Jadau Kundan Pearl Necklace With Floral Pendant,Default Title,,1750.0,New Arrival,1,0,1,https://www.dulhanjewels.com/products/simple-green-beaded-jadau-kundan-pearl-necklace-with-floral-pendant?variant=gid://shopify/ProductVariant/51494561317170
2026-07-21 10:31:28,Floral Studded Jadau Kundan Jhumki With Pearl And Bead Hangings,Default Title,,2850.0,Sold Out,1,1,0,https://www.dulhanjewels.com/products/floral-studded-jadau-kundan-jhumki-with-pearl-and-bead-hangings?variant=gid://shopify/ProductVariant/51411305562418
2026-07-21 10:31:28,Traditional Jadau Kundan Chandbali Earrings Pearl Hangings,Default Title,,2200.0,Sold Out,1,1,0,https://www.dulhanjewels.com/products/traditional-jadau-kundan-chandbali-earrings-pearl-hangings?variant=gid://shopify/ProductVariant/51433637708082
2026-07-21 10:41:08,Ethnic Moissanite Polki With Peacock Design Pendant And Emerald Beads,Default Title,,8200.0,New Arrival,1,0,1,https://www.dulhanjewels.com/products/ethnic-moissanite-polki-with-peacock-design-pendant-and-emerald-beads?variant=gid://shopify/ProductVariant/51494566494514
2026-07-21 10:51:04,Elegant Chand Design Jadau Kundan Maang Tikka With Emerald Beads,Default Title,,1950.0,New Arrival,1,0,1,https://www.dulhanjewels.com/products/elegant-chand-design-jadau-kundan-maang-tikka-with-emerald-beads?variant=gid://shopify/ProductVariant/51494597067058
2026-07-21 10:51:04,Antique Jadau Kundan Pendant With Green Beads,Default Title,,1400.0,New Arrival,1,0,1,https://www.dulhanjewels.com/products/antique-jadau-kundan-pendant-with-green-beads?variant=gid://shopify/ProductVariant/51494611190066
2026-07-21 10:51:04,Triational South Indian Jadau Kundan Mango Haram,Default Title,,13500.0,Sold Out,1,1,0,https://www.dulhanjewels.com/products/triational-south-indian-jadau-kundan-mango-haram?variant=gid://shopify/ProductVariant/50605896859954
2026-07-21 10:51:04,Trending Moissanite Polki Choker With Guttapusalu Hangings,Default Title,,4500.0,Sold Out,1,1,0,https://www.dulhanjewels.com/products/trending-moissanite-polki-choker-with-guttapusalu-hangings?variant=gid://shopify/ProductVariant/51486504583474
2026-07-21 11:01:49,Trending Moissanite Polki Choker With Guttapusalu Hangings,Default Title,,4500.0,New Arrival,1,0,1,https://www.dulhanjewels.com/products/trending-moissanite-polki-choker-with-guttapusalu-hangings?variant=gid://shopify/ProductVariant/51486504583474
2026-07-21 11:01:49,Radiant Lakshmi Devi Pendant With Emerald Beads,Default Title,,1000.0,New Arrival,1,0,1,https://www.dulhanjewels.com/products/radiant-lakshmi-devi-pendant-with-emerald-beads?variant=gid://shopify/ProductVariant/51494614303026
2026-07-21 11:01:49,Graceful Laxmi Devi Pendant With Rice Pearls,Default Title,,1100.0,New Arrival,1,0,1,https://www.dulhanjewels.com/products/graceful-laxmi-devi-pendant-with-rice-pearls?variant=gid://shopify/ProductVariant/51494622527794
2026-07-21 11:01:49,Antique Finish Temple Style Jadau Kundan Stud Earrings With Pearl Border,Default Title,,1100.0,New Arrival,1,0,1,https://www.dulhanjewels.com/products/antique-finish-temple-style-jadau-kundan-stud-earrings-with-pearl-border?variant=gid://shopify/ProductVariant/51494625378610
2026-07-21 11:01:49,Designer Jadau Kundan Maang Tikka With Pearl Clusters,Default Title,,1100.0,Sold Out,1,1,0,https://www.dulhanjewels.com/products/designer-jadau-kundan-maang-tikka-with-pearl-clusters?variant=gid://shopify/ProductVariant/51071749325106
2026-07-21 11:01:49,Moissanite Polki Layered Long Necklace With Matching Earrings,Default Title,,6900.0,Sold Out,1,1,0,https://www.dulhanjewels.com/products/moissanite-polki-layered-long-necklacewith-matching-earrings?variant=gid://shopify/ProductVariant/51486505271602
2026-07-21 11:11:06,Classy Jadau Kundan Chandbali Earrings With Rice Pearls,Default Title,,1250.0,New Arrival,1,0,1,https://www.dulhanjewels.com/products/classy-jadau-kundan-chandbali-earrings-with-rice-pearls?variant=gid://shopify/ProductVariant/51494634160434
2026-07-21 12:01:42,Designer Krishna Flute Victorian Pendant With Ruby Baguette Stones,Default Title,,1200.0,Sold Out,1,1,0,https://www.dulhanjewels.com/products/designer-krishna-flute-victorian-pendant-with-ruby-baguette-stones-1?variant=gid://shopify/ProductVariant/51443058409778
2026-07-21 13:11:11,Traditional Peacock Nakshi Jadau Kundan Necklace With Emerald Beads,Default Title,,2450.0,Sold Out,1,1,0,https://www.dulhanjewels.com/products/traditional-peacock-nakshi-jadau-kundan-necklace-with-emerald-beads?variant=gid://shopify/ProductVariant/51254349136178
2026-07-21 15:31:31,Unique Jadau Kundan Chandbali Earrings With Green Beads,Default Title,,1150.0,Sale,1,2,1,https://www.dulhanjewels.com/products/unique-jadau-kundan-chandbali-earrings-with-green-beads?variant=gid://shopify/ProductVariant/51484153643314
2026-07-21 15:31:31,Pearl-Accented Jadau Kundan Jhumkas with Emerald Beads,Default Title,,2500.0,Sold Out,1,1,0,https://www.dulhanjewels.com/products/pearl-accented-jadau-kundan-jhumkas-with-emerald-beads?variant=gid://shopify/ProductVariant/47548218736946
2026-07-21 15:31:31,Designer Jadau Kundan Chandbali Earrings With Emerald Beads,Red,,2450.0,Sold Out,1,1,0,https://www.dulhanjewels.com/products/designer-jadau-kundan-chandbali-earrings-with-emerald-beads-1?variant=gid://shopify/ProductVariant/51234785362226
2026-07-21 15:31:31,Elegant Jadau Kundan Stud Earrings With Pearl Bordering,Default Title,,1700.0,Sold Out,1,1,0,https://www.dulhanjewels.com/products/elegant-jadau-kundan-stud-earrings-with-pearl-bordering-2?variant=gid://shopify/ProductVariant/51411310510386
2026-07-21 15:31:31,Floral Stud Earrings With Pearl Bordering,Red,,1000.0,Sold Out,1,1,0,https://www.dulhanjewels.com/products/floral-stud-earrings-with-pearl-bordering?variant=gid://shopify/ProductVariant/51484153119026
2026-07-21 16:41:06,Elegant Victorian Maang Tikka With Pearl And Emerald Hangings,Red,,1350.0,Sold Out,1,1,0,https://www.dulhanjewels.com/products/elegant-victorian-maang-tikka-with-pearl-and-emerald-hangings?variant=gid://shopify/ProductVariant/51449715294514
2026-07-21 16:41:06,Elegant Jadau Kundan Champasaralu With Green Hangings,Default Title,,2300.0,Sold Out,1,1,0,https://www.dulhanjewels.com/products/elegant-jadau-kundan-champasaralu-with-green-hangings?variant=gid://shopify/ProductVariant/51472982573362
2026-07-21 17:31:30,Floral Jadau Kundan Jhumka Earrings With Hangings,Default Title,,2550.0,Sold Out,1,1,0,https://www.dulhanjewels.com/products/floral-jadau-kundan-jhumka-earrings-with-hangings-1?variant=gid://shopify/ProductVariant/51442746130738
2026-07-21 17:41:09,Floral Design Jadau Kundan Stud Earrings,Default Title,,1050.0,Sold Out,1,1,0,https://www.dulhanjewels.com/products/floral-design-jadau-kundan-stud-earrings-1?variant=gid://shopify/ProductVariant/51423501091122
2026-07-21 18:48:03,Elegant Victorian Earcuff With Peacock Floral Design,Green,,1250.0,Sold Out,1,1,0,https://www.dulhanjewels.com/products/elegant-victorian-earcuff-with-peacock-floral-design?variant=gid://shopify/ProductVariant/51148874547506
2026-07-21 18:48:03,Gold Look Mangalsutra With Jadau Kundan Pendant,Default Title,,2050.0,Sold Out,1,1,0,https://www.dulhanjewels.com/products/jadau-kundan-2?variant=gid://shopify/ProductVariant/51234785591602
2026-07-21 21:51:13,Radiant Jadau Kundan Jhumki Earrings With Green Beads,Default Title,,2500.0,Sold Out,1,1,0,https://www.dulhanjewels.com/products/radiant-jadau-kundan-jhumki-earrings-with-green-beads?variant=gid://shopify/ProductVariant/51473003872562
2026-07-22 03:31:31,Neck Cover Jadau Kundan Choker With Beads Droplet,Default Title,,3450.0,Sold Out,1,1,0,https://www.dulhanjewels.com/products/neck-cover-jadau-kundan-choker-with-beads-droplet?variant=gid://shopify/ProductVariant/51219179077938
2026-07-22 03:31:31,Ethnic Jadau Kundan Jhumki Earrings With Emerald Beads,Default Title,,2000.0,Sold Out,1,1,0,https://www.dulhanjewels.com/products/ethnic-jadau-kundan-jhumki-earrings-with-emerald-beads?variant=gid://shopify/ProductVariant/51307479630130
2026-07-22 03:31:31,Chand Design Jadau Kundan Maang Tikka With Emerald Beads,Default Title,,1000.0,Sold Out,1,1,0,https://www.dulhanjewels.com/products/chand-design-jadau-kundan-maang-tikka-with-emerald-beads?variant=gid://shopify/ProductVariant/51369047687474
2026-07-22 03:31:31,Gold Finish Jadau Kundan Bangles With Floral Center Motif,Red / 2/6,,1900.0,Sold Out,1,1,0,https://www.dulhanjewels.com/products/gold-finish-jadau-kundan-bangles-with-floral-center-motif?variant=gid://shopify/ProductVariant/51473044439346
2026-07-22 03:51:06,Jadau kundan Jalebi Necklace With Pearls And Green Bead Hangings,Red,,1750.0,Sold Out,1,1,0,https://www.dulhanjewels.com/products/jadau-kundan-jalebi-necklace-with-pearls-and-green-bead-hangings?variant=gid://shopify/ProductVariant/51016377237810
2026-07-22 03:51:06,Elegant Pearl Choker Necklace With Ruby And Emerald Kundan Work,Default Title,,1200.0,Sold Out,1,1,0,https://www.dulhanjewels.com/products/elegant-pearl-choker-necklace-with-ruby-emerald-kundan-work?variant=gid://shopify/ProductVariant/51061521416498
2026-07-22 04:31:24,Elegant Victorian Maang Tikka With Pearl And Emerald Hangings,Green,,1350.0,Sold Out,1,1,0,https://www.dulhanjewels.com/products/elegant-victorian-maang-tikka-with-pearl-and-emerald-hangings?variant=gid://shopify/ProductVariant/51449715261746
2026-07-22 04:31:24,Designer Victorian Polki Maang Tikka With Pearl Tassels,Default Title,,1350.0,Sold Out,1,1,0,https://www.dulhanjewels.com/products/designer-victorian-polki-maang-tikka-with-pearl-tassels?variant=gid://shopify/ProductVariant/51450318553394
2026-07-22 04:51:00,Jadau Kundan Nantad Necklace With Pearl Hangings,Default Title,,1750.0,Sold Out,1,1,0,https://www.dulhanjewels.com/products/jadau-kundan-nantad-necklace-with-pearl-hangings?variant=gid://shopify/ProductVariant/51286801645874
2026-07-22 05:31:20,Minimal Polki Drop Necklace Set With Matching Earrings,Green,,2850.0,Sold Out,1,1,0,https://www.dulhanjewels.com/products/minimal-polki-drop-necklace-set-with-matching-earrings?variant=gid://shopify/ProductVariant/51146683679026
2026-07-22 05:41:02,Grand Bridal Green Polki Bead Necklace Set with Earrings,Default Title,,7650.0,Sale,1,2,1,https://www.dulhanjewels.com/products/grand-bridal-green-polki-bead-necklace-set-with-earrings?variant=gid://shopify/ProductVariant/51234786967858
2026-07-22 05:51:06,Jadau Kundan Nantad Necklace With Pearl Hangings,Default Title,,1750.0,Restock,1,0,1,https://www.dulhanjewels.com/products/jadau-kundan-nantad-necklace-with-pearl-hangings?variant=gid://shopify/ProductVariant/51286801645874
2026-07-22 05:51:06,Jadau Kundan Pearl Mala Necklace With Emerald Green Beads,Default Title,,3550.0,Restock,1,0,1,https://www.dulhanjewels.com/products/jadau-kundan-pearl-mala-necklace-with-emerald-green-beads?variant=gid://shopify/ProductVariant/51433638494514
2026-07-22 05:51:06,Classic Jadau Kundan Maang Tikka With Green Drops,Default Title,,1000.0,Restock,1,0,1,https://www.dulhanjewels.com/products/classic-jadau-kundan-maang-tikka-with-green-drops?variant=gid://shopify/ProductVariant/51472999645490
2026-07-22 05:51:06,Radiant Jadau Kundan Jhumki Earrings With Green Beads,Default Title,,2500.0,Restock,1,0,1,https://www.dulhanjewels.com/products/radiant-jadau-kundan-jhumki-earrings-with-green-beads?variant=gid://shopify/ProductVariant/51473003872562
2026-07-22 05:51:06,Floral Stud Earrings With Pearl Bordering,Red,,1000.0,Restock,1,0,1,https://www.dulhanjewels.com/products/floral-stud-earrings-with-pearl-bordering?variant=gid://shopify/ProductVariant/51484153119026
2026-07-22 06:01:47,Floral Stud Traditional Jadau Kundan Jhumki Earrings With Pearl Drops,Default Title,,2200.0,Restock,1,0,1,https://www.dulhanjewels.com/products/floral-stud-traditional-jadau-kundan-jhumki-earrings-with-pearl-drops?variant=gid://shopify/ProductVariant/50967118479666
2026-07-22 06:01:47,Imperial Jadau Kundan Jhumki Earrings With Emerald Drops,Default Title,,1500.0,Restock,1,0,1,https://www.dulhanjewels.com/products/imperial-jadau-kundan-jhumki-earrings-with-emerald-drops?variant=gid://shopify/ProductVariant/51039684264242
2026-07-22 06:01:47,Traditional Jadau Kundan Long Necklace With Statement Floral Pendant,Default Title,,2750.0,Restock,1,0,1,https://www.dulhanjewels.com/products/traditional-jadau-kundan-long-necklace-with-statement-floral-pendant?variant=gid://shopify/ProductVariant/51107263447346
2026-07-22 06:01:47,Elegant Choker Necklace With Emerald Green Bead Drops,Red,,2850.0,Restock,1,0,1,https://www.dulhanjewels.com/products/elegant-polki-kundan-choker-necklace-with-emerald-green-bead-drops?variant=gid://shopify/ProductVariant/51219146375474
2026-07-22 06:01:47,Designer Jadau Kundan Chandbali Earrings With Emerald Beads,Red,,2450.0,Restock,1,0,1,https://www.dulhanjewels.com/products/designer-jadau-kundan-chandbali-earrings-with-emerald-beads-1?variant=gid://shopify/ProductVariant/51234785362226
2026-07-22 06:01:47,Traditional Peacock Nakshi Jadau Kundan Necklace With Emerald Beads,Default Title,,2450.0,Restock,1,0,1,https://www.dulhanjewels.com/products/traditional-peacock-nakshi-jadau-kundan-necklace-with-emerald-beads?variant=gid://shopify/ProductVariant/51254349136178
2026-07-22 06:01:47,Elegant Jadau Kundan Stud Earrings With Pearl Bordering,Default Title,,1600.0,Restock,1,0,1,https://www.dulhanjewels.com/products/elegant-jadau-kundan-stud-earrings-with-pearl-bordering-1?variant=gid://shopify/ProductVariant/51263328321842
2026-07-22 06:01:47,Ethnic Jadau Kundan Jhumki Earrings With Emerald Beads,Default Title,,2000.0,Restock,1,0,1,https://www.dulhanjewels.com/products/ethnic-jadau-kundan-jhumki-earrings-with-emerald-beads?variant=gid://shopify/ProductVariant/51307479630130
2026-07-22 06:01:47,Chand Design Jadau Kundan Maang Tikka With Emerald Beads,Default Title,,1000.0,Restock,1,0,1,https://www.dulhanjewels.com/products/chand-design-jadau-kundan-maang-tikka-with-emerald-beads?variant=gid://shopify/ProductVariant/51369047687474
2026-07-22 06:01:47,Elegant Jadau Kundan Stud Earrings With Pearl Bordering,Default Title,,1700.0,Restock,1,0,1,https://www.dulhanjewels.com/products/elegant-jadau-kundan-stud-earrings-with-pearl-bordering-2?variant=gid://shopify/ProductVariant/51411310510386
2026-07-22 06:01:47,Floral Design Jadau Kundan Stud Earrings,Default Title,,1050.0,Restock,1,0,1,https://www.dulhanjewels.com/products/floral-design-jadau-kundan-stud-earrings-1?variant=gid://shopify/ProductVariant/51423501091122
2026-07-22 06:01:47,Traditional Jadau Kundan Chandbali Earrings Pearl Hangings,Default Title,,2200.0,Restock,1,0,1,https://www.dulhanjewels.com/products/traditional-jadau-kundan-chandbali-earrings-pearl-hangings?variant=gid://shopify/ProductVariant/51433637708082
2026-07-22 06:01:47,Floral Jadau Kundan Jhumka Earrings With Hangings,Default Title,,2550.0,Restock,1,0,1,https://www.dulhanjewels.com/products/floral-jadau-kundan-jhumka-earrings-with-hangings-1?variant=gid://shopify/ProductVariant/51442746130738
2026-07-22 06:01:47,Designer Krishna Flute Victorian Pendant With Ruby Baguette Stones,Default Title,,1200.0,Restock,1,0,1,https://www.dulhanjewels.com/products/designer-krishna-flute-victorian-pendant-with-ruby-baguette-stones-1?variant=gid://shopify/ProductVariant/51443058409778
2026-07-22 06:01:47,Designer Victorian Polki Maang Tikka With Pearl Tassels,Default Title,,1350.0,Restock,1,0,1,https://www.dulhanjewels.com/products/designer-victorian-polki-maang-tikka-with-pearl-tassels?variant=gid://shopify/ProductVariant/51450318553394
2026-07-22 06:01:47,Elegant Jadau Kundan Champasaralu With Green Hangings,Default Title,,2300.0,Restock,1,0,1,https://www.dulhanjewels.com/products/elegant-jadau-kundan-champasaralu-with-green-hangings?variant=gid://shopify/ProductVariant/51472982573362
2026-07-22 06:11:08,Minimal Polki Drop Necklace Set With Matching Earrings,Green,,2850.0,Restock,1,0,1,https://www.dulhanjewels.com/products/minimal-polki-drop-necklace-set-with-matching-earrings?variant=gid://shopify/ProductVariant/51146683679026
2026-07-22 06:11:08,Neck Cover Jadau Kundan Choker With Beads Droplet,Default Title,,3450.0,Restock,1,0,1,https://www.dulhanjewels.com/products/neck-cover-jadau-kundan-choker-with-beads-droplet?variant=gid://shopify/ProductVariant/51219179077938
2026-07-22 06:11:08,Gold Look Mangalsutra With Jadau Kundan Pendant,Default Title,,2050.0,Restock,1,0,1,https://www.dulhanjewels.com/products/jadau-kundan-2?variant=gid://shopify/ProductVariant/51234785591602
2026-07-22 06:11:08,Floral Studded Jadau Kundan Jhumki With Pearl And Bead Hangings,Default Title,,2850.0,Restock,1,0,1,https://www.dulhanjewels.com/products/floral-studded-jadau-kundan-jhumki-with-pearl-and-bead-hangings?variant=gid://shopify/ProductVariant/51411305562418
2026-07-22 06:11:08,Gold Finish Jadau Kundan Bangles With Floral Center Motif,Red / 2/4,,1900.0,Restock,1,0,1,https://www.dulhanjewels.com/products/gold-finish-jadau-kundan-bangles-with-floral-center-motif?variant=gid://shopify/ProductVariant/51433674473778
2026-07-22 06:11:08,Gold Finish Jadau Kundan Bangles With Floral Center Motif,Red / 2/6,,1900.0,Restock,1,0,1,https://www.dulhanjewels.com/products/gold-finish-jadau-kundan-bangles-with-floral-center-motif?variant=gid://shopify/ProductVariant/51473044439346
2026-07-22 06:11:08,Elegant Victorian Maang Tikka With Pearl And Emerald Hangings,Green,,1350.0,Restock,1,0,1,https://www.dulhanjewels.com/products/elegant-victorian-maang-tikka-with-pearl-and-emerald-hangings?variant=gid://shopify/ProductVariant/51449715261746
2026-07-22 06:11:08,Elegant Victorian Maang Tikka With Pearl And Emerald Hangings,Red,,1350.0,Restock,1,0,1,https://www.dulhanjewels.com/products/elegant-victorian-maang-tikka-with-pearl-and-emerald-hangings?variant=gid://shopify/ProductVariant/51449715294514
2026-07-22 06:21:09,Jadau kundan Jalebi Necklace With Pearls And Green Bead Hangings,Red,,1750.0,Restock,1,0,1,https://www.dulhanjewels.com/products/jadau-kundan-jalebi-necklace-with-pearls-and-green-bead-hangings?variant=gid://shopify/ProductVariant/51016377237810
2026-07-22 06:21:09,Ethnic Jadau Kundan Beads Choker Floral Pendant,Default Title,,1200.0,Sold Out,1,1,0,https://www.dulhanjewels.com/products/ethnic-jadau-kundan-beads-choker-floral-pendant?variant=gid://shopify/ProductVariant/51287105405234
2026-07-22 06:21:09,Ethnic Jadau Kundan Jhumki Earrings With Emerald Beads,Default Title,,2000.0,Sold Out,1,1,0,https://www.dulhanjewels.com/products/ethnic-jadau-kundan-jhumki-earrings-with-emerald-beads?variant=gid://shopify/ProductVariant/51307479630130
2026-07-22 06:41:04,Bridal Victorian Polki Chandbali Earrings with Pearl And Green Bead Hangings,Default Title,,2300.0,Sold Out,1,1,0,https://www.dulhanjewels.com/products/bridal-victorian-polki-chandbali-earrings-with-pearl-and-green-bead-hangings?variant=gid://shopify/ProductVariant/51024566812978
2026-07-22 07:01:41,Designer Jadau Kundan Beads Necklace With Chand Locket,Default Title,,1750.0,Sold Out,1,1,0,https://www.dulhanjewels.com/products/designer-jadau-kundan-beads-necklace-with-chand-locket?variant=gid://shopify/ProductVariant/51307435426098
2026-07-22 07:21:09,Ethnic Jadau Kundan Beads Choker Floral Pendant,Default Title,,1200.0,Restock,1,0,1,https://www.dulhanjewels.com/products/ethnic-jadau-kundan-beads-choker-floral-pendant?variant=gid://shopify/ProductVariant/51287105405234
2026-07-22 07:21:09,Designer Jadau Kundan Beads Necklace With Chand Locket,Default Title,,1750.0,Restock,1,0,1,https://www.dulhanjewels.com/products/designer-jadau-kundan-beads-necklace-with-chand-locket?variant=gid://shopify/ProductVariant/51307435426098
2026-07-22 07:31:24,Elegant Jadau Kundan Chandbali Earrings With Pearl Hangings And Green Drops,Default Title,,1650.0,Sold Out,1,1,0,https://www.dulhanjewels.com/products/elegant-jadau-kundan-chandbali-earrings-with-pearl-hangings-and-green-drops?variant=gid://shopify/ProductVariant/51039678038322
2026-07-22 09:01:41,Traditional Mango Haram Necklace With Temple Style Pendant,Default Title,,8350.0,Sold Out,1,1,0,https://www.dulhanjewels.com/products/traditional-mango-haram-necklace-with-temple-style-pendant?variant=gid://shopify/ProductVariant/51111528038706
2026-07-22 09:01:41,Floral Studded Jadau Kundan Jhumki With Pearl Hangings,Red,,1650.0,Sold Out,1,1,0,https://www.dulhanjewels.com/products/floral-studded-jadau-kundan-jhumki-with-pearl-hangings?variant=gid://shopify/ProductVariant/51411253854514
2026-07-22 11:01:44,Jadau kundan Jalebi Necklace With Pearls And Green Bead Hangings,Red,,1750.0,Sold Out,1,1,0,https://www.dulhanjewels.com/products/jadau-kundan-jalebi-necklace-with-pearls-and-green-bead-hangings?variant=gid://shopify/ProductVariant/51016377237810
2026-07-22 11:01:44,Designer Jadau Kundan Beads Necklace With Chand Locket,Default Title,,1750.0,Sold Out,1,1,0,https://www.dulhanjewels.com/products/designer-jadau-kundan-beads-necklace-with-chand-locket?variant=gid://shopify/ProductVariant/51307435426098
2026-07-22 11:21:11,Designer Jadau Kundan Chandbali Earrings With Emerald Beads,Default Title,,1750.0,New Arrival,1,0,1,https://www.dulhanjewels.com/products/designer-jadau-kundan-chandbali-earrings-with-emerald-beads-2?variant=gid://shopify/ProductVariant/51501260112178
2026-07-22 11:31:24,Mint Green And Pink Jadau Kundan Jhumka Earrings With Pearls,Default Title,,1890.0,New Arrival,1,0,1,https://www.dulhanjewels.com/products/untitled-jul22_16-49-47?variant=gid://shopify/ProductVariant/51501262831922
2026-07-22 11:31:24,Ethnic Jadau Kundan Jhumki Earrings With Green Bead Tassels,Default Title,,1890.0,New Arrival,1,0,1,https://www.dulhanjewels.com/products/ethnic-jadau-kundan-jhumki-earrings-with-green-bead-tassels?variant=gid://shopify/ProductVariant/51501266141490
2026-07-22 11:31:24,Phool Design Jadau Kundan Jhumka Earrings With Green Beads,Default Title,,2050.0,New Arrival,1,0,1,https://www.dulhanjewels.com/products/phool-design-jadau-kundan-jhumka-earrings-with-green-beads?variant=gid://shopify/ProductVariant/51501268173106
2026-07-22 11:41:11,Classic Pink Kundan Flower Stud Earrings,Default Title,,1000.0,New Arrival,1,0,1,https://www.dulhanjewels.com/products/classic-pink-kundan-flower-stud-earrings?variant=gid://shopify/ProductVariant/51501269844274
2026-07-22 11:41:11,Traditional Jhumka Earrings with Green Beads And Pearl Drops,Default Title,,2650.0,New Arrival,1,0,1,https://www.dulhanjewels.com/products/traditional-jhumka-earrings-with-green-beads-and-pearl-drops?variant=gid://shopify/ProductVariant/51501271089458
2026-07-22 11:51:10,Ethnic Jadau Kundan Chandbali Earrings With Pearl Drops,Default Title,,1900.0,Restock,1,0,1,https://www.dulhanjewels.com/products/ethnic-jadau-kundan-chandbali-earrings-with-pearl-drops?variant=gid://shopify/ProductVariant/51501271679282
2026-07-22 11:51:10,Unique Pink And Emerald Green Kundan Stud Earrings,Default Title,,1200.0,New Arrival,1,0,1,https://www.dulhanjewels.com/products/unique-pink-and-emerald-green-kundan-stud-earrings?variant=gid://shopify/ProductVariant/51501272138034
2026-07-22 11:51:10,White Polki Kundan Jhumka Earrings With Green Beads,Default Title,,4500.0,New Arrival,1,0,1,https://www.dulhanjewels.com/products/white-polki-kundan-jhumka-earrings-with-green-beads?variant=gid://shopify/ProductVariant/51501273284914
2026-07-22 11:51:10,Polki Necklace Set With Green Beads And Matching Earrings,Default Title,,5400.0,New Arrival,1,0,1,https://www.dulhanjewels.com/products/polki-necklace-set-with-green-beads-and-matching-earrings?variant=gid://shopify/ProductVariant/51501275414834
2026-07-22 12:01:45,Temple Peacock Vaddanam Hip Belt With Pearls And Green Beads,White,,5880.0,New Arrival,1,0,1,https://www.dulhanjewels.com/products/temple-peacock-vaddanam-hip-belt-with-pearls-and-green-beads?variant=gid://shopify/ProductVariant/51501281870130
2026-07-22 12:01:45,Temple Peacock Vaddanam Hip Belt With Pearls And Green Beads,Multicolour,,5880.0,New Arrival,1,0,1,https://www.dulhanjewels.com/products/temple-peacock-vaddanam-hip-belt-with-pearls-and-green-beads?variant=gid://shopify/ProductVariant/51501281902898
2026-07-22 12:11:09,Bridal Mango Necklace With Peacock Pendant And Emerald Green Beads,Default Title,,14950.0,New Arrival,1,0,1,https://www.dulhanjewels.com/products/bridal-mango-necklace-with-peacock-pendant-and-emerald-green-beads?variant=gid://shopify/ProductVariant/51501282492722
2026-07-22 12:11:09,Stylish Jadau Kundan Choker With Pearl Hangings,Default Title,,4150.0,New Arrival,1,0,1,https://www.dulhanjewels.com/products/stylish-jadau-kundan-choker-with-pearl-hangings?variant=gid://shopify/ProductVariant/51501316374834
2026-07-22 12:21:11,Sleek Jadau Kundan Short Necklace With Ricepearl Hangings,Default Title,,1350.0,New Arrival,1,0,1,https://www.dulhanjewels.com/products/sleek-jadau-kundan-short-necklace-with-ricepearl-hangings?variant=gid://shopify/ProductVariant/51501320143154
2026-07-22 12:21:11,Elegant Choker Necklace With Emerald Green Bead Drops,White,,2850.0,Sold Out,1,1,0,https://www.dulhanjewels.com/products/elegant-polki-kundan-choker-necklace-with-emerald-green-bead-drops?variant=gid://shopify/ProductVariant/51219146408242
2026-07-22 12:21:11,Stylish Jadau Kundan Stud Earrings With Pearl Bordering,Default Title,,1450.0,Sold Out,1,1,0,https://www.dulhanjewels.com/products/stylish-jadau-kundan-stud-earrings-with-pearl-bordering?variant=gid://shopify/ProductVariant/51353870205234
2026-07-22 12:31:30,Floral Design Jadau Kundan With Green Hangings,Default Title,,2050.0,New Arrival,1,0,1,https://www.dulhanjewels.com/products/floral-design-jadau-kundan-with-green-hangings?variant=gid://shopify/ProductVariant/51501323583794
2026-07-22 13:51:07,Temple Peacock Vaddanam Hip Belt With Pearls And Green Beads,White,,5880.0,Sold Out,1,1,0,https://www.dulhanjewels.com/products/temple-peacock-vaddanam-hip-belt-with-pearls-and-green-beads?variant=gid://shopify/ProductVariant/51501281870130
2026-07-22 14:51:08,Ethnic Jadau Kundan Beads Choker Floral Pendant,Default Title,,1200.0,Sold Out,1,1,0,https://www.dulhanjewels.com/products/ethnic-jadau-kundan-beads-choker-floral-pendant?variant=gid://shopify/ProductVariant/51287105405234
2026-07-22 15:11:08,Traditional Beaded Choker Necklace Set With Lakshmi Devi Pendant,Default Title,,3350.0,Sold Out,1,1,0,https://www.dulhanjewels.com/products/traditional-beaded-choker-necklace-set-with-lakshmi-devi-pendant?variant=gid://shopify/ProductVariant/51287104225586
2026-07-22 16:11:04,Designer Jadau Kundan Bridal Necklace Set With Pearl Layers,Default Title,,1450.0,Sold Out,1,1,0,https://www.dulhanjewels.com/products/designer-jadau-kundan-bridal-necklace-set-with-pearl-layers?variant=gid://shopify/ProductVariant/51114540597554
2026-07-22 16:21:13,Temple Peacock Vaddanam Hip Belt With Pearls And Green Beads,White,,5880.0,Restock,1,0,1,https://www.dulhanjewels.com/products/temple-peacock-vaddanam-hip-belt-with-pearls-and-green-beads?variant=gid://shopify/ProductVariant/51501281870130
2026-07-22 16:41:05,Royal Circular Peacock Motif Jadau Kundan Pendant With Green Drops,Default Title,,1350.0,Sold Out,1,1,0,https://www.dulhanjewels.com/products/royal-circular-peacock-motif-jadau-kundan-pendant-with-green-drops?variant=gid://shopify/ProductVariant/50947123839282
2026-07-22 23:31:26,Peacock Design Jadau Kundan Chandbali Earrings With Studded Floral Top And Emerald Green Beads,Default Title,,2350.0,Sale,1,4,3,https://www.dulhanjewels.com/products/peacock-design-jadau-kundan-chandbali-earrings-with-studded-floral-top-and-emerald-green-beads?variant=gid://shopify/ProductVariant/50959538979122
2026-07-22 23:31:26,Elegant Victorian Polki Bangles With Ruby And Emerald Leaf Design in Antique Gold Finish,Green / 2.8,,2900.0,Sold Out,1,1,0,https://www.dulhanjewels.com/products/elegant-victorian-polki-bangles-with-ruby-and-emerald-leaf-design-in-antique-gold-finish?variant=gid://shopify/ProductVariant/50963420709170
2026-07-22 23:31:26,Traditional Jadau Kundan Necklace With Green Bead Hangings,Default Title,,7100.0,Sold Out,1,1,0,https://www.dulhanjewels.com/products/traditional-jadau-kundan-necklace-with-green-bead-hangings?variant=gid://shopify/ProductVariant/51307431723314
2026-07-23 02:11:04,Gold Finish Jadau Kundan Bangles With Floral Center Motif,Green / 2/6,,1900.0,Sold Out,1,1,0,https://www.dulhanjewels.com/products/gold-finish-jadau-kundan-bangles-with-floral-center-motif?variant=gid://shopify/ProductVariant/51473044570418
2026-07-23 03:51:09,Gold Lotus design Jadau Kundan Matil In Green & White Combination,Default Title,,1300.0,Sold Out,1,1,0,https://www.dulhanjewels.com/products/gold-lotus-design-jadau-kundan-market-with-green?variant=gid://shopify/ProductVariant/50120480588082
2026-07-23 03:51:09,Surya Studded Jadau Kundan Jhumka With Green Beads As Droplets,Default Title,,2500.0,Sold Out,1,1,0,https://www.dulhanjewels.com/products/surya-design-jadau-kundan-jhumka-with-green-beads?variant=gid://shopify/ProductVariant/50151215792434
2026-07-23 03:51:09,Traditional Jalebi Jadau Kundan Necklace With Emerald Beads,White,,3400.0,Sold Out,1,1,0,https://www.dulhanjewels.com/products/traditional-jalebi-jadau-kundan-necklace-with-emerald-beads?variant=gid://shopify/ProductVariant/51178694476082
2026-07-23 04:11:03,Timeless  Big Jadau Kundan Pendant With Pearl And Beads Hanging,Default Title,,2450.0,Sold Out,1,1,0,https://www.dulhanjewels.com/products/timeless-big-jadau-kundan-pendant-with-pearl-and-beads-hanging?variant=gid://shopify/ProductVariant/50711698440498
2026-07-23 05:51:04,Antique Finish Temple Style Jadau Kundan Stud Earrings With Pearl Border,Default Title,,1100.0,Sold Out,1,1,0,https://www.dulhanjewels.com/products/antique-finish-temple-style-jadau-kundan-stud-earrings-with-pearl-border?variant=gid://shopify/ProductVariant/51494625378610
2026-07-23 06:21:09,Designer Jadau Kundan Bridal Necklace Set With Pearl Layers,Default Title,,1450.0,Restock,1,0,1,https://www.dulhanjewels.com/products/designer-jadau-kundan-bridal-necklace-set-with-pearl-layers?variant=gid://shopify/ProductVariant/51114540597554
2026-07-23 06:21:09,Traditional Jalebi Jadau Kundan Necklace With Emerald Beads,White,,3400.0,Restock,1,0,1,https://www.dulhanjewels.com/products/traditional-jalebi-jadau-kundan-necklace-with-emerald-beads?variant=gid://shopify/ProductVariant/51178694476082
2026-07-23 06:21:09,Elegant Choker Necklace With Emerald Green Bead Drops,White,,2850.0,Restock,1,0,1,https://www.dulhanjewels.com/products/elegant-polki-kundan-choker-necklace-with-emerald-green-bead-drops?variant=gid://shopify/ProductVariant/51219146408242
2026-07-23 06:21:09,Traditional Beaded Choker Necklace Set With Lakshmi Devi Pendant,Default Title,,3350.0,Restock,1,0,1,https://www.dulhanjewels.com/products/traditional-beaded-choker-necklace-set-with-lakshmi-devi-pendant?variant=gid://shopify/ProductVariant/51287104225586
2026-07-23 06:21:09,Ethnic Jadau Kundan Beads Choker Floral Pendant,Default Title,,1200.0,Restock,1,0,1,https://www.dulhanjewels.com/products/ethnic-jadau-kundan-beads-choker-floral-pendant?variant=gid://shopify/ProductVariant/51287105405234
2026-07-23 06:21:09,Stylish Jadau Kundan Stud Earrings With Pearl Bordering,Default Title,,1450.0,Restock,1,0,1,https://www.dulhanjewels.com/products/stylish-jadau-kundan-stud-earrings-with-pearl-bordering?variant=gid://shopify/ProductVariant/51353870205234
2026-07-23 06:21:09,Floral Studded Jadau Kundan Jhumki With Pearl Hangings,Red,,1650.0,Restock,1,0,1,https://www.dulhanjewels.com/products/floral-studded-jadau-kundan-jhumki-with-pearl-hangings?variant=gid://shopify/ProductVariant/51411253854514
2026-07-23 06:21:09,Antique Finish Temple Style Jadau Kundan Stud Earrings With Pearl Border,Default Title,,1100.0,Restock,1,0,1,https://www.dulhanjewels.com/products/antique-finish-temple-style-jadau-kundan-stud-earrings-with-pearl-border?variant=gid://shopify/ProductVariant/51494625378610
2026-07-23 06:51:09,Elegant Choker Necklace With Emerald Green Bead Drops,White,,2850.0,Sold Out,1,1,0,https://www.dulhanjewels.com/products/elegant-polki-kundan-choker-necklace-with-emerald-green-bead-drops?variant=gid://shopify/ProductVariant/51219146408242
2026-07-23 07:01:42,Royal Crescent Moon & Sun Kundan Hairpin With Pearl Detailing,Default Title,,1500.0,Restock,1,0,1,https://www.dulhanjewels.com/products/royal-crescent-moon-sun-kundan-hairpin-with-pearl-detailing?variant=gid://shopify/ProductVariant/50926351384882
2026-07-23 07:01:42,Elegant Jadau Kundan Chandbali Earrings With Pearl Hangings And Green Drops,Default Title,,1650.0,Restock,1,0,1,https://www.dulhanjewels.com/products/elegant-jadau-kundan-chandbali-earrings-with-pearl-hangings-and-green-drops?variant=gid://shopify/ProductVariant/51039678038322
2026-07-23 07:01:42,Traditional Mango Haram Necklace With Temple Style Pendant,Default Title,,8350.0,Restock,1,0,1,https://www.dulhanjewels.com/products/traditional-mango-haram-necklace-with-temple-style-pendant?variant=gid://shopify/ProductVariant/51111528038706
2026-07-23 07:01:42,Elegant Choker Necklace With Emerald Green Bead Drops,White,,2850.0,Restock,1,0,1,https://www.dulhanjewels.com/products/elegant-polki-kundan-choker-necklace-with-emerald-green-bead-drops?variant=gid://shopify/ProductVariant/51219146408242
2026-07-23 07:01:42,Traditional Jadau Kundan Necklace With Green Bead Hangings,Default Title,,7100.0,Restock,1,0,1,https://www.dulhanjewels.com/products/traditional-jadau-kundan-necklace-with-green-bead-hangings?variant=gid://shopify/ProductVariant/51307431723314
2026-07-23 07:21:06,Traditional Victorian Polki Bangles with AD stones in Navaratna colour,2.6,,2500.0,Restock,1,0,1,https://www.dulhanjewels.com/products/victorian-bangles-4?variant=gid://shopify/ProductVariant/48167503724850
2026-07-23 07:31:31,Elegant Design Fusion Kundan & Polki Victorian Bangles,Red / 2/6,,3950.0,Restock,1,0,1,https://www.dulhanjewels.com/products/elegant-design-fusion-kundan-polki-victorian-bangles?variant=gid://shopify/ProductVariant/50296799953202
2026-07-23 07:31:31,Elegant Design Fusion Kundan & Polki Victorian Bangles,Green / 2/6,,3950.0,New Arrival,1,0,1,https://www.dulhanjewels.com/products/elegant-design-fusion-kundan-polki-victorian-bangles?variant=gid://shopify/ProductVariant/51502900183346
2026-07-23 07:31:31,Elegant Design Fusion Kundan & Polki Victorian Bangles,Green / 2/4,,3950.0,New Arrival,1,0,1,https://www.dulhanjewels.com/products/elegant-design-fusion-kundan-polki-victorian-bangles?variant=gid://shopify/ProductVariant/51502911062322
2026-07-23 07:31:31,Lavish Design Fusion Kundan & Polki Victorian Bangles,Ruby / 2/6 / White,,2350.0,Sold Out,1,1,0,https://www.dulhanjewels.com/products/lavish-design-fusion-kundan-polki-victorian-bangles?variant=gid://shopify/ProductVariant/50007668523314
2026-07-23 07:31:31,Lavish Design Fusion Kundan & Polki Victorian Bangles,Ruby / 2/8 / White,,2350.0,Sold Out,1,1,0,https://www.dulhanjewels.com/products/lavish-design-fusion-kundan-polki-victorian-bangles?variant=gid://shopify/ProductVariant/50334033084722
2026-07-23 07:31:31,Elegant Design Fusion Kundan & Polki Victorian Bangles,Green / 2.8,,3950.0,Sold Out,1,1,0,https://www.dulhanjewels.com/products/elegant-design-fusion-kundan-polki-victorian-bangles?variant=gid://shopify/ProductVariant/50296799985970
2026-07-23 07:31:31,Elegant Design Fusion Kundan & Polki Victorian Bangles,2/6 / Green,,3950.0,Sold Out,1,1,0,https://www.dulhanjewels.com/products/elegant-design-fusion-kundan-polki-victorian-bangles?variant=gid://shopify/ProductVariant/50411766120754
2026-07-23 07:31:31,Elegant Design Fusion Kundan & Polki Victorian Bangles,Ruby / 2/6,,3950.0,Sold Out,1,1,0,https://www.dulhanjewels.com/products/elegant-design-fusion-kundan-polki-victorian-bangles?variant=gid://shopify/ProductVariant/50426098188594
2026-07-23 07:31:31,Elegant Design Fusion Kundan & Polki Victorian Bangles,Rudy / 2/4,,3950.0,Sold Out,1,1,0,https://www.dulhanjewels.com/products/elegant-design-fusion-kundan-polki-victorian-bangles?variant=gid://shopify/ProductVariant/50426098712882
2026-07-23 08:21:13,Traditional Peacock Nakshi Jadau Kundan Necklace With Emerald Beads,Default Title,,2450.0,Sold Out,1,1,0,https://www.dulhanjewels.com/products/traditional-peacock-nakshi-jadau-kundan-necklace-with-emerald-beads?variant=gid://shopify/ProductVariant/51254349136178
2026-07-23 09:01:46,Antique Jadau Kundan Choker With Pearl Drops,Pink,,1500.0,Sold Out,1,1,0,https://www.dulhanjewels.com/products/antique-jadau-kundan-choker-with-pearl-drops?variant=gid://shopify/ProductVariant/51142923944242
2026-07-23 09:01:46,Elegant Choker Necklace With Emerald Green Bead Drops,White,,2850.0,Sold Out,1,1,0,https://www.dulhanjewels.com/products/elegant-polki-kundan-choker-necklace-with-emerald-green-bead-drops?variant=gid://shopify/ProductVariant/51219146408242
2026-07-23 09:11:07,Classic Kundan Pearl Stud Earrings With Floral Design,Default Title,,1350.0,Restock,1,1,2,https://www.dulhanjewels.com/products/classic-kundan-pearl-stud-earrings-with-floral-design?variant=gid://shopify/ProductVariant/51132043821362
2026-07-23 09:11:07,Regal Jadau Kundan Stud Earrings With Pearl Bordering,Default Title,,1500.0,Restock,1,1,2,https://www.dulhanjewels.com/products/regal-jadau-kundan-stud-earrings-with-pearl-bordering?variant=gid://shopify/ProductVariant/51234782576946
2026-07-23 09:11:07,Elegant Jadau Kundan Stud Earrings With Pearl Bordering,Default Title,,1600.0,Restock,1,1,2,https://www.dulhanjewels.com/products/elegant-jadau-kundan-stud-earrings-with-pearl-bordering-1?variant=gid://shopify/ProductVariant/51263328321842
2026-07-23 09:11:07,Floral Design Jadau Kundan Stud Earrings With Pearl Bordering,Default Title,,1500.0,Restock,1,1,2,https://www.dulhanjewels.com/products/floral-design-jadau-kundan-stud-earrings-with-pearl-bordering-1?variant=gid://shopify/ProductVariant/51269608669490
2026-07-23 09:11:07,Elegant Jadau Kundan Stud Earrings With Floral Design,Default Title,,1350.0,Restock,1,1,2,https://www.dulhanjewels.com/products/elegant-jadau-kundan-stud-earrings-with-floral-design?variant=gid://shopify/ProductVariant/51336775991602
2026-07-23 09:11:07,Stylish Jadau Kundan Stud Earrings With Pearl Bordering,Default Title,,1450.0,Restock,1,1,2,https://www.dulhanjewels.com/products/stylish-jadau-kundan-stud-earrings-with-pearl-bordering?variant=gid://shopify/ProductVariant/51353870205234
2026-07-23 09:11:07,Peacock Design Jadau Kundan Stud Earrings,Default Title,,2350.0,Restock,1,1,2,https://www.dulhanjewels.com/products/peacock-design-jadau-kundan-stud-earrings-1?variant=gid://shopify/ProductVariant/51353872367922
2026-07-23 09:11:07,Elegant Jadau Kundan Stud Earrings With Pearl Bordering,Default Title,,1700.0,Restock,1,1,2,https://www.dulhanjewels.com/products/elegant-jadau-kundan-stud-earrings-with-pearl-bordering-2?variant=gid://shopify/ProductVariant/51411310510386
2026-07-23 09:11:07,Floral Design Jadau Kundan Stud Earrings,Default Title,,1050.0,Restock,1,1,2,https://www.dulhanjewels.com/products/floral-design-jadau-kundan-stud-earrings-1?variant=gid://shopify/ProductVariant/51423501091122
2026-07-23 09:11:07,Traditional Temple Style Peacock Kundan Stud Earrings,White,,1100.0,Restock,1,2,3,https://www.dulhanjewels.com/products/traditional-temple-style-peacock-kundan-stud-earrings?variant=gid://shopify/ProductVariant/51443057393970
2026-07-23 09:11:07,Floral Stud Earrings With Pearl Bordering,Red,,1000.0,Restock,1,1,2,https://www.dulhanjewels.com/products/floral-stud-earrings-with-pearl-bordering?variant=gid://shopify/ProductVariant/51484153119026
2026-07-23 09:11:07,Antique Finish Temple Style Jadau Kundan Stud Earrings With Pearl Border,Default Title,,1100.0,Restock,1,1,2,https://www.dulhanjewels.com/products/antique-finish-temple-style-jadau-kundan-stud-earrings-with-pearl-border?variant=gid://shopify/ProductVariant/51494625378610
2026-07-23 09:11:07,Classic Pink Kundan Flower Stud Earrings,Default Title,,1000.0,Restock,1,1,2,https://www.dulhanjewels.com/products/classic-pink-kundan-flower-stud-earrings?variant=gid://shopify/ProductVariant/51501269844274
2026-07-23 09:11:07,Unique Pink And Emerald Green Kundan Stud Earrings,Default Title,,1200.0,Restock,1,1,2,https://www.dulhanjewels.com/products/unique-pink-and-emerald-green-kundan-stud-earrings?variant=gid://shopify/ProductVariant/51501272138034
2026-07-23 09:51:07,Floral Design Jadau Kundan Stud Earrings,Default Title,,1050.0,Sale,1,2,1,https://www.dulhanjewels.com/products/floral-design-jadau-kundan-stud-earrings-1?variant=gid://shopify/ProductVariant/51423501091122
2026-07-23 09:51:07,Bridal Floral Design Jadau Kundan Jhumki with Pearl and Beads Hanging,Default Title,,3150.0,Sold Out,1,1,0,https://www.dulhanjewels.com/products/bridal-floral-design-jadau-kundan-jhumki?variant=gid://shopify/ProductVariant/49789201088818
2026-07-23 09:51:07,Star Floral Jadau Kundan Stud Earrings with Pearl Border,Default Title,,1100.0,Sold Out,1,1,0,https://www.dulhanjewels.com/products/star-floral-jadau-kundan-stud-earrings-with-pearl-border?variant=gid://shopify/ProductVariant/50917031346482
2026-07-23 09:51:07,Imperial Crescent Jadau Kundan Necklace With Emerald Layered Beads,Default Title,,5400.0,Sold Out,1,1,0,https://www.dulhanjewels.com/products/imperial-crescent-jadau-kundan-necklace-with-emerald-layered-beads?variant=gid://shopify/ProductVariant/50943090426162
2026-07-23 09:51:07,Elegant Jadau Kundan Pearl Choker With Emerald Centerpiece,Default Title,,1450.0,Sold Out,1,1,0,https://www.dulhanjewels.com/products/elegant-jadau-kundan-pearl-choker-with-emerald-centerpiece?variant=gid://shopify/ProductVariant/51076488331570
2026-07-23 09:51:07,Elite Jadau Kundan Jhumka Earrings With Pearl Hangings,Default Title,,1650.0,Sold Out,1,1,0,https://www.dulhanjewels.com/products/ethnic-jadau-kundan-jhumka-earrings-with-pearl-hangings?variant=gid://shopify/ProductVariant/51368974123314
2026-07-23 09:51:07,Refined Jadau Kundan Choker With Green Beads,Default Title,,1300.0,Sold Out,1,1,0,https://www.dulhanjewels.com/products/refined-jadau-kundan-choker-with-green-beads?variant=gid://shopify/ProductVariant/51369054568754
2026-07-23 10:51:09,Classic Jadau Kundan Maang Tikka With Green Beads,Default Title,,1100.0,Sold Out,1,1,0,https://www.dulhanjewels.com/products/classic-jadau-kundan-maang-tikka-with-green-beads?variant=gid://shopify/ProductVariant/51307505287474
2026-07-23 12:21:10,Classy Victorian Bangle With Ruby Stones,Default Title,,2200.0,New Arrival,1,0,1,https://www.dulhanjewels.com/products/classy-victorian-bangle-with-ruby-stones?variant=gid://shopify/ProductVariant/51503330165042
2026-07-23 12:41:08,Chand Shaped Jadau Kundan Maangtika,Default Title,,1100.0,Sold Out,1,1,0,https://www.dulhanjewels.com/products/chand-shaped-jadau-kundan-maangtika?variant=gid://shopify/ProductVariant/50641372610866
2026-07-23 13:01:49,Antique Jadau Kundan Choker With Pearl Drops,Pink,,1500.0,Restock,1,0,1,https://www.dulhanjewels.com/products/antique-jadau-kundan-choker-with-pearl-drops?variant=gid://shopify/ProductVariant/51142923944242
2026-07-23 13:01:49,Regal Sleek Design Jadau Kundan Earrings,Multi,,790.0,Sold Out,1,1,0,https://www.dulhanjewels.com/products/regal-sleek-design-jadau-kundan-earrings?variant=gid://shopify/ProductVariant/49786680082738
2026-07-23 14:41:07,Bridal Jadau Kundan Necklace With Emerald Hangings,Default Title,,8000.0,Sold Out,1,1,0,https://www.dulhanjewels.com/products/bridal-jadau-kundan-necklace-with-emerald-hangings?variant=gid://shopify/ProductVariant/51307393319218
2026-07-23 14:41:07,Traditional Jhumka Earrings with Green Beads And Pearl Drops,Default Title,,2650.0,Sold Out,1,1,0,https://www.dulhanjewels.com/products/traditional-jhumka-earrings-with-green-beads-and-pearl-drops?variant=gid://shopify/ProductVariant/51501271089458
2026-07-23 14:51:09,Antique Jadau Kundan Choker With Pearl Drops,Pink,,1500.0,Sold Out,1,1,0,https://www.dulhanjewels.com/products/antique-jadau-kundan-choker-with-pearl-drops?variant=gid://shopify/ProductVariant/51142923944242
2026-07-23 15:41:07,Designer Victorian Polki Maang Tikka With Pearl Tassels,Default Title,,1350.0,Sold Out,1,1,0,https://www.dulhanjewels.com/products/designer-victorian-polki-maang-tikka-with-pearl-tassels?variant=gid://shopify/ProductVariant/51450318553394
2026-07-23 16:21:08,Ethnic Jadau Kundan Jhumki Earrings With Green Bead Tassels,Default Title,,1890.0,Sold Out,1,1,0,https://www.dulhanjewels.com/products/ethnic-jadau-kundan-jhumki-earrings-with-green-bead-tassels?variant=gid://shopify/ProductVariant/51501266141490
2026-07-23 16:31:30,Ethnic Jadau Kundan Jhumki Earrings With Green Bead Tassels,Default Title,,2400.0,New Arrival,1,0,1,https://www.dulhanjewels.com/products/ethnic-jadau-kundan-jhumki-earrings-with-green-bead-tassels?variant=gid://shopify/ProductVariant/51501266141490
2026-07-23 16:41:04,Unique Floral Studded Jadau Kundan Jhumki Earrings,Default Title,,3050.0,Sold Out,1,1,0,https://www.dulhanjewels.com/products/unique-floral-studded-jadau-kundan-jhumki-earrings?variant=gid://shopify/ProductVariant/50515456622898
2026-07-23 16:41:04,Traditional Jalebi Jadau Kundan Necklace With Emerald Beads,White,,3400.0,Sold Out,1,1,0,https://www.dulhanjewels.com/products/traditional-jalebi-jadau-kundan-necklace-with-emerald-beads?variant=gid://shopify/ProductVariant/51178694476082
2026-07-23 16:41:04,Gold Finish Jadau Kundan Bangles With Floral Center Motif,Red / 2/6,,1900.0,Sold Out,1,1,0,https://www.dulhanjewels.com/products/gold-finish-jadau-kundan-bangles-with-floral-center-motif?variant=gid://shopify/ProductVariant/51473044439346
2026-07-23 17:21:05,Minimal Polki Drop Necklace Set With Matching Earrings,Green,,2850.0,Sold Out,1,1,0,https://www.dulhanjewels.com/products/minimal-polki-drop-necklace-set-with-matching-earrings?variant=gid://shopify/ProductVariant/51146683679026
2026-07-23 18:41:07,Kanti Style Jadau Kundan Necklace With Rice Pearl Hangings,Default Title,,4250.0,Sold Out,1,1,0,https://www.dulhanjewels.com/products/kanti-style-jadau-kundan-necklace-with-rice-pearl-hangings?variant=gid://shopify/ProductVariant/51368931787058
2026-07-24 01:31:24,Royal Crescent Moon & Sun Kundan Hairpin With Pearl Detailing,Default Title,,1500.0,Sold Out,1,1,0,https://www.dulhanjewels.com/products/royal-crescent-moon-sun-kundan-hairpin-with-pearl-detailing?variant=gid://shopify/ProductVariant/50926351384882
2026-07-24 01:31:24,Bridal Jadau Kundan Necklace With Green Beads,Default Title,,8200.0,Sold Out,1,1,0,https://www.dulhanjewels.com/products/bridal-jadau-kundan-necklace-with-green-beads?variant=gid://shopify/ProductVariant/51423506727218
2026-07-24 01:31:24,Elegant Jadau Kundan Champasaralu With Green Hangings,Default Title,,2300.0,Sold Out,1,1,0,https://www.dulhanjewels.com/products/elegant-jadau-kundan-champasaralu-with-green-hangings?variant=gid://shopify/ProductVariant/51472982573362
2026-07-24 01:31:24,Elegant Chand Design Jadau Kundan Maang Tikka With Emerald Beads,Default Title,,1950.0,Sold Out,1,1,0,https://www.dulhanjewels.com/products/elegant-chand-design-jadau-kundan-maang-tikka-with-emerald-beads?variant=gid://shopify/ProductVariant/51494597067058
2026-07-24 01:31:24,Designer Jadau Kundan Chandbali Earrings With Emerald Beads,Default Title,,1750.0,Sold Out,1,1,0,https://www.dulhanjewels.com/products/designer-jadau-kundan-chandbali-earrings-with-emerald-beads-2?variant=gid://shopify/ProductVariant/51501260112178
2026-07-24 03:21:06,Classic Jadau Kundan Finger Ring,Default Title,,1050.0,Sold Out,1,1,0,https://www.dulhanjewels.com/products/classic-jadau-kundan-finger-ring?variant=gid://shopify/ProductVariant/50428758524210
2026-07-24 04:01:33,Floral Design Jadau Kundan Stud Earrings,Default Title,,1050.0,Sold Out,1,1,0,https://www.dulhanjewels.com/products/floral-design-jadau-kundan-stud-earrings-1?variant=gid://shopify/ProductVariant/51423501091122
2026-07-24 05:01:41,Traditional Reversible 2 in 1 Jadau Kundan Mango Mala,Default Title,,11500.0,New Arrival,2,0,2,https://www.dulhanjewels.com/products/traditional-reversible-2-in-1-jadau-kundan-mango-mala?variant=gid://shopify/ProductVariant/49740395970866
2026-07-24 05:31:22,Reversible Jadau Kundan Beads Mala With Pearl Danglings,Default Title,,7550.0,Sold Out,1,1,0,https://www.dulhanjewels.com/products/reversible-jadau-kundan-beads-mala-with-pearl-danglings?variant=gid://shopify/ProductVariant/51423462949170
2026-07-24 05:31:22,Radiant Jadau kundan Jhumki Earrings With Pearl Bordering,Default Title,,3650.0,Sold Out,1,1,0,https://www.dulhanjewels.com/products/radiant-jadau-kundan-jhumki-earrings-with-pearl-bordering?variant=gid://shopify/ProductVariant/50915097018674
2026-07-24 06:11:07,Classic Jadau Kundan Maang Tikka With Green Beads,Default Title,,1100.0,Restock,1,0,1,https://www.dulhanjewels.com/products/classic-jadau-kundan-maang-tikka-with-green-beads?variant=gid://shopify/ProductVariant/51307505287474
2026-07-24 06:11:07,Kanti Style Jadau Kundan Necklace With Rice Pearl Hangings,Default Title,,4250.0,Restock,1,0,1,https://www.dulhanjewels.com/products/kanti-style-jadau-kundan-necklace-with-rice-pearl-hangings?variant=gid://shopify/ProductVariant/51368931787058
2026-07-24 06:11:07,Elite Jadau Kundan Jhumka Earrings With Pearl Hangings,Default Title,,1650.0,Restock,1,0,1,https://www.dulhanjewels.com/products/ethnic-jadau-kundan-jhumka-earrings-with-pearl-hangings?variant=gid://shopify/ProductVariant/51368974123314
2026-07-24 06:11:07,Floral Design Jadau Kundan Stud Earrings,Default Title,,1050.0,Restock,1,0,1,https://www.dulhanjewels.com/products/floral-design-jadau-kundan-stud-earrings-1?variant=gid://shopify/ProductVariant/51423501091122
2026-07-24 06:11:07,Designer Victorian Polki Maang Tikka With Pearl Tassels,Default Title,,1350.0,Restock,1,0,1,https://www.dulhanjewels.com/products/designer-victorian-polki-maang-tikka-with-pearl-tassels?variant=gid://shopify/ProductVariant/51450318553394
2026-07-24 06:11:07,Elegant Jadau Kundan Champasaralu With Green Hangings,Default Title,,2300.0,Restock,1,0,1,https://www.dulhanjewels.com/products/elegant-jadau-kundan-champasaralu-with-green-hangings?variant=gid://shopify/ProductVariant/51472982573362
2026-07-24 06:21:07,Jadau kundan Jalebi Necklace With Pearls And Green Bead Hangings,Red,,1750.0,Restock,1,0,1,https://www.dulhanjewels.com/products/jadau-kundan-jalebi-necklace-with-pearls-and-green-bead-hangings?variant=gid://shopify/ProductVariant/51016377237810
2026-07-24 06:21:07,Elegant Victorian Earcuff With Peacock Floral Design,Green,,1250.0,Restock,1,0,1,https://www.dulhanjewels.com/products/elegant-victorian-earcuff-with-peacock-floral-design?variant=gid://shopify/ProductVariant/51148874547506
2026-07-24 06:21:07,Traditional Jalebi Jadau Kundan Necklace With Emerald Beads,White,,3400.0,Restock,1,0,1,https://www.dulhanjewels.com/products/traditional-jalebi-jadau-kundan-necklace-with-emerald-beads?variant=gid://shopify/ProductVariant/51178694476082
2026-07-24 06:21:07,Elegant Choker Necklace With Emerald Green Bead Drops,White,,2850.0,Restock,1,0,1,https://www.dulhanjewels.com/products/elegant-polki-kundan-choker-necklace-with-emerald-green-bead-drops?variant=gid://shopify/ProductVariant/51219146408242
2026-07-24 06:21:07,Traditional Peacock Nakshi Jadau Kundan Necklace With Emerald Beads,Default Title,,2450.0,Restock,1,0,1,https://www.dulhanjewels.com/products/traditional-peacock-nakshi-jadau-kundan-necklace-with-emerald-beads?variant=gid://shopify/ProductVariant/51254349136178
2026-07-24 06:21:07,Bridal Jadau Kundan Necklace With Emerald Hangings,Default Title,,8000.0,Restock,1,0,1,https://www.dulhanjewels.com/products/bridal-jadau-kundan-necklace-with-emerald-hangings?variant=gid://shopify/ProductVariant/51307393319218
2026-07-24 06:21:07,Reversible Jadau Kundan Beads Mala With Pearl Danglings,Default Title,,7550.0,Restock,1,0,1,https://www.dulhanjewels.com/products/reversible-jadau-kundan-beads-mala-with-pearl-danglings?variant=gid://shopify/ProductVariant/51423462949170
2026-07-24 06:21:07,Bridal Jadau Kundan Necklace With Green Beads,Default Title,,8200.0,Restock,1,0,1,https://www.dulhanjewels.com/products/bridal-jadau-kundan-necklace-with-green-beads?variant=gid://shopify/ProductVariant/51423506727218
2026-07-24 06:21:07,Designer Jadau Kundan Chandbali Earrings With Emerald Beads,Default Title,,1750.0,Restock,1,0,1,https://www.dulhanjewels.com/products/designer-jadau-kundan-chandbali-earrings-with-emerald-beads-2?variant=gid://shopify/ProductVariant/51501260112178
2026-07-24 06:21:07,Traditional Jhumka Earrings with Green Beads And Pearl Drops,Default Title,,2650.0,Restock,1,0,1,https://www.dulhanjewels.com/products/traditional-jhumka-earrings-with-green-beads-and-pearl-drops?variant=gid://shopify/ProductVariant/51501271089458
2026-07-24 06:31:25,Antique Jadau Kundan Choker With Pearl Drops,Pink,,1500.0,Restock,1,0,1,https://www.dulhanjewels.com/products/antique-jadau-kundan-choker-with-pearl-drops?variant=gid://shopify/ProductVariant/51142923944242
2026-07-24 06:31:25,Gold Finish Jadau Kundan Bangles With Floral Center Motif,Red / 2/6,,1900.0,Restock,1,0,1,https://www.dulhanjewels.com/products/gold-finish-jadau-kundan-bangles-with-floral-center-motif?variant=gid://shopify/ProductVariant/51473044439346
2026-07-24 06:31:25,Gold Finish Jadau Kundan Bangles With Floral Center Motif,Green / 2/6,,1900.0,Restock,1,0,1,https://www.dulhanjewels.com/products/gold-finish-jadau-kundan-bangles-with-floral-center-motif?variant=gid://shopify/ProductVariant/51473044570418
2026-07-24 06:41:07,Antique Victorian Necklace Set With Earrings,Default Title,,3900.0,Sold Out,1,1,0,https://www.dulhanjewels.com/products/antique-victorian-pendant-necklace-set-with-earrings?variant=gid://shopify/ProductVariant/51253912338738
2026-07-24 06:41:07,Ethnic Jadau Kundan Chandbali Earrings With Pearl Drops,Default Title,,1800.0,Sold Out,1,1,0,https://www.dulhanjewels.com/products/ethnic-jadau-kundan-chandbali-earrings-with-pearl-drops?variant=gid://shopify/ProductVariant/51501271679282
2026-07-24 06:51:08,Elegant Jadau Kundan Pearl Choker With Emerald Centerpiece,Default Title,,1450.0,Restock,1,0,1,https://www.dulhanjewels.com/products/elegant-jadau-kundan-pearl-choker-with-emerald-centerpiece?variant=gid://shopify/ProductVariant/51076488331570
2026-07-24 06:51:08,Elegant Chand Design Jadau Kundan Maang Tikka With Emerald Beads,Default Title,,1950.0,Restock,1,0,1,https://www.dulhanjewels.com/products/elegant-chand-design-jadau-kundan-maang-tikka-with-emerald-beads?variant=gid://shopify/ProductVariant/51494597067058
2026-07-24 06:51:08,Ethnic Jadau Kundan Chandbali Earrings With Pearl Drops,Default Title,,1800.0,Restock,1,0,1,https://www.dulhanjewels.com/products/ethnic-jadau-kundan-chandbali-earrings-with-pearl-drops?variant=gid://shopify/ProductVariant/51501271679282
2026-07-24 06:51:08,Bridal Jadau Kundan Necklace With Emerald Hangings,Default Title,,8000.0,Sold Out,1,1,0,https://www.dulhanjewels.com/products/bridal-jadau-kundan-necklace-with-emerald-hangings?variant=gid://shopify/ProductVariant/51307393319218
2026-07-24 07:31:30,Traditional Jadau Kundan Chandbali Earrings,Default Title,,2050.0,Sold Out,1,1,0,https://www.dulhanjewels.com/products/traditional-jadau-kundan-chandbali-earrings-1?variant=gid://shopify/ProductVariant/50684985966898
2026-07-24 08:01:43,Grand Bridal Green Polki Bead Necklace Set with Earrings,Default Title,,7650.0,Sold Out,1,1,0,https://www.dulhanjewels.com/products/grand-bridal-green-polki-bead-necklace-set-with-earrings?variant=gid://shopify/ProductVariant/51234786967858
2026-07-24 08:01:43,Traditional Peacock Nakshi Jadau Kundan Necklace With Emerald Beads,Default Title,,2450.0,Sold Out,1,1,0,https://www.dulhanjewels.com/products/traditional-peacock-nakshi-jadau-kundan-necklace-with-emerald-beads?variant=gid://shopify/ProductVariant/51254349136178
2026-07-24 09:11:04,Grand Bridal Green Polki Bead Necklace Set with Earrings,Default Title,,7650.0,Restock,5,0,5,https://www.dulhanjewels.com/products/grand-bridal-green-polki-bead-necklace-set-with-earrings?variant=gid://shopify/ProductVariant/51234786967858
2026-07-24 09:11:04,Traditional Peacock Nakshi Jadau Kundan Necklace With Emerald Beads,Default Title,,2450.0,Restock,1,0,1,https://www.dulhanjewels.com/products/traditional-peacock-nakshi-jadau-kundan-necklace-with-emerald-beads?variant=gid://shopify/ProductVariant/51254349136178
2026-07-24 09:30:02,Elegant Jadau Kundan Chandbali Earrings With Pearl Hangings And Green Drops,Default Title,,1650.0,Sold Out,1,1,0,https://www.dulhanjewels.com/products/elegant-jadau-kundan-chandbali-earrings-with-pearl-hangings-and-green-drops?variant=gid://shopify/ProductVariant/51039678038322
2026-07-24 09:30:02,Designer Gold Finish Jadau Jhumki With Emerald Beads,Default Title,,1450.0,Sold Out,1,1,0,https://www.dulhanjewels.com/products/designer-gold-finish-jadau-jhumki-with-emerald-beads?variant=gid://shopify/ProductVariant/51045081350450
2026-07-24 09:30:02,Elegant Chand Design Jadau Kundan Maang Tikka With Emerald Beads,Default Title,,1950.0,Sold Out,1,1,0,https://www.dulhanjewels.com/products/elegant-chand-design-jadau-kundan-maang-tikka-with-emerald-beads?variant=gid://shopify/ProductVariant/51494597067058
2026-07-24 10:01:46,Jadau kundan Jalebi Necklace With Pearls And Green Bead Hangings,Green,,1750.0,Sold Out,1,1,0,https://www.dulhanjewels.com/products/jadau-kundan-jalebi-necklace-with-pearls-and-green-bead-hangings?variant=gid://shopify/ProductVariant/51016377270578
2026-07-24 10:01:46,Designer Necklace Set With Matching Earrings,Red,,4800.0,Sold Out,1,1,0,https://www.dulhanjewels.com/products/designer-necklace-set-with-matching-earrings?variant=gid://shopify/ProductVariant/51484147253554
2026-07-24 10:11:13,Classy Jadau Kundan Bangle With Floral Center,Pink / 2/4,,1900.0,New Arrival,1,0,1,https://www.dulhanjewels.com/products/classy-jadau-kundan-bangle-with-floral-center?variant=gid://shopify/ProductVariant/51505705189682
2026-07-24 10:11:13,Classy Jadau Kundan Bangle With Floral Center,White / 2/4,,1900.0,New Arrival,1,0,1,https://www.dulhanjewels.com/products/classy-jadau-kundan-bangle-with-floral-center?variant=gid://shopify/ProductVariant/51505705222450
2026-07-24 10:11:13,Classy Jadau Kundan Bangle With Floral Center,Pink / 2/6,,1900.0,New Arrival,1,0,1,https://www.dulhanjewels.com/products/classy-jadau-kundan-bangle-with-floral-center?variant=gid://shopify/ProductVariant/51505705320754
2026-07-24 10:11:13,Classy Jadau Kundan Bangle With Floral Center,White / 2/6,,1900.0,New Arrival,1,0,1,https://www.dulhanjewels.com/products/classy-jadau-kundan-bangle-with-floral-center?variant=gid://shopify/ProductVariant/51505705353522
2026-07-24 10:21:08,Ethnic Jadau Kundan Necklace Set With Green Beads,Default Title,,4800.0,New Arrival,1,0,1,https://www.dulhanjewels.com/products/ethnic-jadau-kundan-necklace-set-with-green-beads?variant=gid://shopify/ProductVariant/51505711022386
2026-07-24 10:31:25,Mini Jadau Kundan Jhumki Earrings With Pearl Hangings,Default Title,,1200.0,New Arrival,1,0,1,https://www.dulhanjewels.com/products/mini-jadau-kundan-jhumki-earrings-with-pearl-hangings?variant=gid://shopify/ProductVariant/51505714200882
2026-07-24 11:21:09,Classic Jadau Kundan Bridal Necklace With Pearl & Beads Hanging,Default Title,,4950.0,New Arrival,1,0,1,https://www.dulhanjewels.com/products/classic-jadau-kundan-bridal-necklace-with-pearl-beads-hanging?variant=gid://shopify/ProductVariant/50542953955634
2026-07-24 11:21:09,Traditional Jadau Kundan Hip Belt,Default Title,,3000.0,New Arrival,1,0,1,https://www.dulhanjewels.com/products/traditional-jadau-kundan-hip-belt?variant=gid://shopify/ProductVariant/51505756242226
2026-07-24 11:21:09,Designer Victorian Polki Maang Tikka With Pearl Tassels,Default Title,,1350.0,Sold Out,1,1,0,https://www.dulhanjewels.com/products/designer-victorian-polki-maang-tikka-with-pearl-tassels?variant=gid://shopify/ProductVariant/51450318553394
2026-07-24 11:51:13,Regal Jadau Kundan Side Locket With Pearls & Beads Mala,Default Title,,5650.0,Sold Out,1,1,0,https://www.dulhanjewels.com/products/regal-jadau-kundan-cutting-beads-withrussian-mala-long-necklace?variant=gid://shopify/ProductVariant/50112836010290
2026-07-24 11:51:13,Traditional Peacock Nakshi Jadau Kundan Necklace With Emerald Beads,Default Title,,2450.0,Sold Out,1,1,0,https://www.dulhanjewels.com/products/traditional-peacock-nakshi-jadau-kundan-necklace-with-emerald-beads?variant=gid://shopify/ProductVariant/51254349136178
2026-07-24 14:51:11,Designer Jadau Kundan Bridal Necklace Set With Pearl Layers,Default Title,,1450.0,Sold Out,1,1,0,https://www.dulhanjewels.com/products/designer-jadau-kundan-bridal-necklace-set-with-pearl-layers?variant=gid://shopify/ProductVariant/51114540597554
2026-07-24 14:51:11,Ethnic Jadau Kundan Nantad Chain Necklace With Green Bead Hangings,Default Title,,1200.0,Sold Out,1,1,0,https://www.dulhanjewels.com/products/ethnic-jadau-kundan-nantad-chain-necklace-with-green-bead-hangings?variant=gid://shopify/ProductVariant/51223572742450
2026-07-24 14:51:11,Floral Jadau Kundan Jhumka Earrings With Hangings,Default Title,,2550.0,Sold Out,1,1,0,https://www.dulhanjewels.com/products/floral-jadau-kundan-jhumka-earrings-with-hangings-1?variant=gid://shopify/ProductVariant/51442746130738
2026-07-24 14:51:11,Designer Jadau Kundan Chandbali Earrings With Emerald Beads,Default Title,,1750.0,Sold Out,1,1,0,https://www.dulhanjewels.com/products/designer-jadau-kundan-chandbali-earrings-with-emerald-beads-2?variant=gid://shopify/ProductVariant/51501260112178
2026-07-24 15:01:41,Temple Style Peacock Vaddanam With Green Beads,White,,5880.0,Sold Out,1,1,0,https://www.dulhanjewels.com/products/temple-peacock-vaddanam-hip-belt-with-pearls-and-green-beads?variant=gid://shopify/ProductVariant/51501281870130
2026-07-24 15:17:48,Beautiful Antique Gold Played Peacock Pendant,Default Title,,6400.0,Sold Out,1,1,0,https://www.dulhanjewels.com/products/beautiful-antique-gold-played-peacock-pendant?variant=gid://shopify/ProductVariant/50577765171506
2026-07-24 15:17:48,Royal Jadau Kundan Choker Necklace With Pearl Drops And Green Emerald Hangings,Default Title,,5500.0,Sold Out,1,1,0,https://www.dulhanjewels.com/products/royal-jadau-kundan-choker-necklace-with-pearl-drops-and-green-emerald-hangings?variant=gid://shopify/ProductVariant/50943026463026
2026-07-24 15:17:48,Ethnic Jadau Kundan Beads Choker Floral Pendant,Default Title,,1200.0,Sold Out,1,1,0,https://www.dulhanjewels.com/products/ethnic-jadau-kundan-beads-choker-floral-pendant?variant=gid://shopify/ProductVariant/51287105405234
2026-07-24 15:21:09,Emerald Fantasy Jadau Kundan Chandbali Earrings,Default Title,,3350.0,Sold Out,1,1,0,https://www.dulhanjewels.com/products/emerald-fantasy-jadau-kundan-chandbali-earrings?variant=gid://shopify/ProductVariant/46820418617650
2026-07-24 15:21:09,Trending Fusion Polki & Kundan Jhumka Earrings,Green,,3050.0,Sold Out,1,1,0,https://www.dulhanjewels.com/products/trending-fusion-polki-kundan-jhumka-earrings?variant=gid://shopify/ProductVariant/50365454745906
2026-07-24 15:21:09,Moissanite Polki X Jadau Kundan Short Maangtika,Default Title,,1050.0,Sold Out,1,1,0,https://www.dulhanjewels.com/products/moissanite-polki-x-jadau-kundan-short-maangtika?variant=gid://shopify/ProductVariant/51411216302386
2026-07-24 15:21:09,Unique Jadau Kundan Jada Kucha,Default Title,,4750.0,Sold Out,1,1,0,https://www.dulhanjewels.com/products/unique-jadau-kundan-jada-kucha?variant=gid://shopify/ProductVariant/51411250872626
2026-07-24 15:21:09,Floral Studded Jadau Kundan Jhumki With Pearl Hangings,Red,,1650.0,Sold Out,1,1,0,https://www.dulhanjewels.com/products/floral-studded-jadau-kundan-jhumki-with-pearl-hangings?variant=gid://shopify/ProductVariant/51411253854514
2026-07-24 15:21:09,Floral Studded Jadau Kundan Jhumki With Pearl Hangings,White,,1650.0,Sold Out,2,2,0,https://www.dulhanjewels.com/products/floral-studded-jadau-kundan-jhumki-with-pearl-hangings?variant=gid://shopify/ProductVariant/51411297272114
2026-07-24 15:21:09,Floral Studded Jadau Kundan Jhumki With Pearl And Bead Hangings,Default Title,,2850.0,Sold Out,1,1,0,https://www.dulhanjewels.com/products/floral-studded-jadau-kundan-jhumki-with-pearl-and-bead-hangings?variant=gid://shopify/ProductVariant/51411305562418
2026-07-24 15:21:09,Divine Lakshmi Devi Jadau Kundan Beads Mala,Default Title,,2000.0,Sold Out,1,1,0,https://www.dulhanjewels.com/products/divine-lakshmi-devi-jadau-kundan-beads-mala-1?variant=gid://shopify/ProductVariant/51411309429042
2026-07-24 15:21:09,Elegant Jadau Kundan Stud Earrings With Pearl Bordering,Default Title,,1700.0,Sold Out,2,2,0,https://www.dulhanjewels.com/products/elegant-jadau-kundan-stud-earrings-with-pearl-bordering-2?variant=gid://shopify/ProductVariant/51411310510386
2026-07-24 15:21:09,Reversible Jadau Kundan Beads Mala With Pearl Danglings,Default Title,,7550.0,Sold Out,1,1,0,https://www.dulhanjewels.com/products/reversible-jadau-kundan-beads-mala-with-pearl-danglings?variant=gid://shopify/ProductVariant/51423462949170
2026-07-24 15:21:09,Refined Jadau Kundan Necklace With Emerald Hangings,Default Title,,9950.0,Sold Out,2,2,0,https://www.dulhanjewels.com/products/refined-jadau-kundan-necklace-with-emerald-hangings?variant=gid://shopify/ProductVariant/51423472550194
2026-07-24 15:21:09,Designer Jadau Kundan Choker With Green Hangings,Default Title,,2800.0,Sold Out,1,1,0,https://www.dulhanjewels.com/products/designer-jadau-kundan-choker-with-green-hangings?variant=gid://shopify/ProductVariant/51423476318514
2026-07-24 15:21:09,Royal Jadau Kundan Necklace With Guttapusalu Hangings,Default Title,,9050.0,Sold Out,1,1,0,https://www.dulhanjewels.com/products/royal-jadau-kundan-necklace-with-guttapusalu-hangings-1?variant=gid://shopify/ProductVariant/51423483724082
2026-07-24 15:21:09,Floral Design Jadau Kundan Stud Earrings,Default Title,,1050.0,Sold Out,1,1,0,https://www.dulhanjewels.com/products/floral-design-jadau-kundan-stud-earrings-1?variant=gid://shopify/ProductVariant/51423501091122
2026-07-24 15:21:09,Bridal Jadau Kundan Necklace With Green Beads,Default Title,,8200.0,Sold Out,1,1,0,https://www.dulhanjewels.com/products/bridal-jadau-kundan-necklace-with-green-beads?variant=gid://shopify/ProductVariant/51423506727218
2026-07-24 15:21:09,Ethnic Kundan Necklace With Green Beads And Pearl Fringe,Default Title,,5150.0,Sold Out,1,1,0,https://www.dulhanjewels.com/products/ethnic-kundan-necklace-with-green-beads-and-pearl-fringe?variant=gid://shopify/ProductVariant/51423521276210
2026-07-24 15:21:09,Classic White Kundan Necklace With Emerald Green Beads And Pearl Hangings,Default Title,,6350.0,Sold Out,1,1,0,https://www.dulhanjewels.com/products/classic-white-kundan-necklace-with-emerald-green-beads-and-pearl-hangings?variant=gid://shopify/ProductVariant/51423571312946
2026-07-24 15:21:09,Jadau Kundan Short Necklace Set With Emerald Green Beads,Default Title,,6650.0,Sold Out,1,1,0,https://www.dulhanjewels.com/products/jadau-kundan-short-necklace-set-with-emerald-green-beads?variant=gid://shopify/ProductVariant/51423572328754
2026-07-24 15:21:09,Traditional Jadau Kundan Chandbali Earrings Pearl Hangings,Default Title,,2200.0,Sold Out,1,1,0,https://www.dulhanjewels.com/products/traditional-jadau-kundan-chandbali-earrings-pearl-hangings?variant=gid://shopify/ProductVariant/51433637708082
2026-07-24 15:21:09,Jadau Kundan Pearl Mala Necklace With Emerald Green Beads,Default Title,,3550.0,Sold Out,1,1,0,https://www.dulhanjewels.com/products/jadau-kundan-pearl-mala-necklace-with-emerald-green-beads?variant=gid://shopify/ProductVariant/51433638494514
2026-07-24 15:21:09,Temple Style Necklace With Matching Earrings,Default Title,,2200.0,Sold Out,1,1,0,https://www.dulhanjewels.com/products/temple-style-necklace-with-matching-earrings?variant=gid://shopify/ProductVariant/51433647669554
2026-07-24 15:21:09,Elegant Jadau Kundan Necklace With Ricepearl Hangings,Default Title,,6800.0,Sold Out,1,1,0,https://www.dulhanjewels.com/products/elegant-jadau-kundan-necklace-with-ricepearl-hangings?variant=gid://shopify/ProductVariant/51433655468338
2026-07-24 15:21:09,Gold Finish Jadau Kundan Bangles With Floral Center Motif,Red / 2/4,,1900.0,Sold Out,1,1,0,https://www.dulhanjewels.com/products/gold-finish-jadau-kundan-bangles-with-floral-center-motif?variant=gid://shopify/ProductVariant/51433674473778
2026-07-24 15:21:09,Gold Finish Jadau Kundan Bangles With Floral Center Motif,White / 2/4,,1900.0,Sold Out,1,1,0,https://www.dulhanjewels.com/products/gold-finish-jadau-kundan-bangles-with-floral-center-motif?variant=gid://shopify/ProductVariant/51433674506546
2026-07-24 15:21:09,Gold Finish Jadau Kundan Bangles With Floral Center Motif,Green / 2/4,,1900.0,Sold Out,1,1,0,https://www.dulhanjewels.com/products/gold-finish-jadau-kundan-bangles-with-floral-center-motif?variant=gid://shopify/ProductVariant/51433674539314
2026-07-24 15:21:09,Gold Finish Jadau Kundan Bangles With Floral Center Motif,Red / 2/6,,1900.0,Sold Out,1,1,0,https://www.dulhanjewels.com/products/gold-finish-jadau-kundan-bangles-with-floral-center-motif?variant=gid://shopify/ProductVariant/51473044439346
2026-07-24 15:21:09,Gold Finish Jadau Kundan Bangles With Floral Center Motif,Red / 2/8,,1900.0,Sold Out,1,1,0,https://www.dulhanjewels.com/products/gold-finish-jadau-kundan-bangles-with-floral-center-motif?variant=gid://shopify/ProductVariant/51473044472114
2026-07-24 15:21:09,Gold Finish Jadau Kundan Bangles With Floral Center Motif,White / 2/6,,1900.0,Sold Out,1,1,0,https://www.dulhanjewels.com/products/gold-finish-jadau-kundan-bangles-with-floral-center-motif?variant=gid://shopify/ProductVariant/51473044504882
2026-07-24 15:21:09,Gold Finish Jadau Kundan Bangles With Floral Center Motif,White / 2/8,,1900.0,Sold Out,1,1,0,https://www.dulhanjewels.com/products/gold-finish-jadau-kundan-bangles-with-floral-center-motif?variant=gid://shopify/ProductVariant/51473044537650
2026-07-24 15:21:09,Gold Finish Jadau Kundan Bangles With Floral Center Motif,Green / 2/6,,1900.0,Sold Out,1,1,0,https://www.dulhanjewels.com/products/gold-finish-jadau-kundan-bangles-with-floral-center-motif?variant=gid://shopify/ProductVariant/51473044570418
2026-07-24 15:21:09,Gold Finish Jadau Kundan Bangles With Floral Center Motif,Green / 2/8,,1900.0,Sold Out,1,1,0,https://www.dulhanjewels.com/products/gold-finish-jadau-kundan-bangles-with-floral-center-motif?variant=gid://shopify/ProductVariant/51473044603186
2026-07-24 15:21:09,Ethnic Jadau Kundan Floral Long Necklace With Rice Pearls & Emerald Green Beads,Default Title,,6850.0,Sold Out,1,1,0,https://www.dulhanjewels.com/products/ethnic-jadau-kundan-floral-long-necklace-with-rice-pearls-emerald-green-beads?variant=gid://shopify/ProductVariant/51442137432370
2026-07-24 15:21:09,Classic Jadau Kundan Pearl Mala With Swarovski Pearls,Default Title,,3000.0,Sold Out,1,1,0,https://www.dulhanjewels.com/products/classic-jadau-kundan-pearl-mala-with-swarovski-pearls?variant=gid://shopify/ProductVariant/51442441158962
2026-07-24 15:21:09,Traditional Temple Style Peacock Kundan Stud Earrings,White,,1100.0,Sold Out,3,3,0,https://www.dulhanjewels.com/products/traditional-temple-style-peacock-kundan-stud-earrings?variant=gid://shopify/ProductVariant/51443057393970
2026-07-24 15:21:09,Traditional Temple Style Peacock Kundan Stud Earrings,Green,,1100.0,Sold Out,1,1,0,https://www.dulhanjewels.com/products/traditional-temple-style-peacock-kundan-stud-earrings?variant=gid://shopify/ProductVariant/51443057426738
2026-07-24 15:21:09,Traditional Temple Style Peacock Kundan Stud Earrings,Red,,1100.0,Sold Out,1,1,0,https://www.dulhanjewels.com/products/traditional-temple-style-peacock-kundan-stud-earrings?variant=gid://shopify/ProductVariant/51443057459506
2026-07-24 15:21:09,Traditional Temple Style Peacock Kundan Stud Earrings,Multi,,1100.0,Sold Out,1,1,0,https://www.dulhanjewels.com/products/traditional-temple-style-peacock-kundan-stud-earrings?variant=gid://shopify/ProductVariant/51443057492274
2026-07-24 15:21:09,Designer Krishna Flute Victorian Pendant With Ruby Baguette Stones,Default Title,,1200.0,Sold Out,1,1,0,https://www.dulhanjewels.com/products/designer-krishna-flute-victorian-pendant-with-ruby-baguette-stones-1?variant=gid://shopify/ProductVariant/51443058409778
2026-07-24 15:21:09,Elegant Victorian Maang Tikka With Pearl And Emerald Hangings,Green,,1350.0,Sold Out,1,1,0,https://www.dulhanjewels.com/products/elegant-victorian-maang-tikka-with-pearl-and-emerald-hangings?variant=gid://shopify/ProductVariant/51449715261746
2026-07-24 15:21:09,Elegant Victorian Maang Tikka With Pearl And Emerald Hangings,Red,,1350.0,Sold Out,1,1,0,https://www.dulhanjewels.com/products/elegant-victorian-maang-tikka-with-pearl-and-emerald-hangings?variant=gid://shopify/ProductVariant/51449715294514
2026-07-24 15:21:09,Elegant Victorian Maang Tikka With Pearl And Emerald Hangings,White,,1350.0,Sold Out,1,1,0,https://www.dulhanjewels.com/products/elegant-victorian-maang-tikka-with-pearl-and-emerald-hangings?variant=gid://shopify/ProductVariant/51449715327282
2026-07-24 15:21:09,Luxury Victorian Green Stone Polki Necklace Set With Earrings,Default Title,,7550.0,Sold Out,1,1,0,https://www.dulhanjewels.com/products/luxury-victorian-green-stone-polki-necklace-set-with-earrings?variant=gid://shopify/ProductVariant/51449779388722
2026-07-24 15:21:09,Bridal Victorian Choker Necklace Set with Earrings,Green,,7750.0,Sold Out,1,1,0,https://www.dulhanjewels.com/products/bridal-victorian-choker-necklace-set-with-earrings?variant=gid://shopify/ProductVariant/51450929348914
2026-07-24 15:21:09,Bridal Victorian Choker Necklace Set with Earrings,White,,7750.0,Sold Out,1,1,0,https://www.dulhanjewels.com/products/bridal-victorian-choker-necklace-set-with-earrings?variant=gid://shopify/ProductVariant/51450929381682
2026-07-24 15:21:09,Bridal Victorian Choker Necklace Set with Earrings,Multicolour,,7750.0,Sold Out,1,1,0,https://www.dulhanjewels.com/products/bridal-victorian-choker-necklace-set-with-earrings?variant=gid://shopify/ProductVariant/51450929414450
2026-07-24 15:21:09,Classy Victorian Short Necklace Set With Matching Earrings,Light Green,,5400.0,Sold Out,1,1,0,https://www.dulhanjewels.com/products/classy-victorian-short-necklace-set-with-matching-earrings?variant=gid://shopify/ProductVariant/51451234976050
2026-07-24 15:21:09,Classy Victorian Short Necklace Set With Matching Earrings,Dark Green,,5400.0,Sold Out,1,1,0,https://www.dulhanjewels.com/products/classy-victorian-short-necklace-set-with-matching-earrings?variant=gid://shopify/ProductVariant/51451235008818
2026-07-24 15:21:09,Unique Jadau Kundan Beads 	Mala With Floral Motifs,Default Title,,2700.0,Sold Out,1,1,0,https://www.dulhanjewels.com/products/unique-jadau-kundan-beads-mala-with-floral-motif?variant=gid://shopify/ProductVariant/51472969007410
2026-07-24 15:21:09,Elegant Jadau Kundan Champasaralu With Green Hangings,Default Title,,2300.0,Sold Out,1,1,0,https://www.dulhanjewels.com/products/elegant-jadau-kundan-champasaralu-with-green-hangings?variant=gid://shopify/ProductVariant/51472982573362
2026-07-24 15:21:09,Jadau Kundan Lakshmi Temple Necklace Set With Green Beads,Default Title,,3800.0,Sold Out,1,1,0,https://www.dulhanjewels.com/products/jadau-kundan-lakshmi-temple-necklace-set-with-green-beads?variant=gid://shopify/ProductVariant/51472991650098
2026-07-24 15:21:09,Traditional Lakshmi Devi Pendant With Emerald Beads,Default Title,,2050.0,Sold Out,1,1,0,https://www.dulhanjewels.com/products/traditional-lakshmi-devi-pendant-with-emerald-beads?variant=gid://shopify/ProductVariant/51472996925746
2026-07-24 15:21:09,Classic Jadau Kundan Maang Tikka With Green Drops,Default Title,,1000.0,Sold Out,1,1,0,https://www.dulhanjewels.com/products/classic-jadau-kundan-maang-tikka-with-green-drops?variant=gid://shopify/ProductVariant/51472999645490
2026-07-24 15:21:09,Floral Jadau Kundan Pendant With Green Beads,Default Title,,1000.0,Sold Out,1,1,0,https://www.dulhanjewels.com/products/floral-jadau-kundan-pendant-with-green-beads-1?variant=gid://shopify/ProductVariant/51473001251122
2026-07-24 15:21:09,Radiant Jadau Kundan Jhumki Earrings With Green Beads,Default Title,,2500.0,Sold Out,1,1,0,https://www.dulhanjewels.com/products/radiant-jadau-kundan-jhumki-earrings-with-green-beads?variant=gid://shopify/ProductVariant/51473003872562
2026-07-24 15:21:09,Designer Jadau Kundan Choker With Emerald Beads,Default Title,,2000.0,Sold Out,1,1,0,https://www.dulhanjewels.com/products/designer-jadau-kundan-choker-with-emerald-beads?variant=gid://shopify/ProductVariant/51473008394546
2026-07-24 15:21:09,Victorian Polki Chandbali Earrings With Jhumka Drops,Default Title,,1450.0,Sold Out,1,1,0,https://www.dulhanjewels.com/products/victorian-polki-chandbali-earrings-with-jhumka-drops?variant=gid://shopify/ProductVariant/51484143780146
2026-07-24 15:21:09,Designer Necklace Set With Matching Earrings,Green,,4800.0,Sold Out,1,1,0,https://www.dulhanjewels.com/products/designer-necklace-set-with-matching-earrings?variant=gid://shopify/ProductVariant/51484147286322
2026-07-24 15:21:09,Royal Victorian Emerald Green Multi Layer Necklace Set With Earrings,Default Title,,4800.0,Sold Out,1,1,0,https://www.dulhanjewels.com/products/royal-victorian-emerald-green-multi-layer-necklace-set-with-earrings?variant=gid://shopify/ProductVariant/51484149842226
2026-07-24 15:21:09,Floral Stud Earrings With Pearl Bordering,Red,,1000.0,Sold Out,2,2,0,https://www.dulhanjewels.com/products/floral-stud-earrings-with-pearl-bordering?variant=gid://shopify/ProductVariant/51484153119026
2026-07-24 15:21:09,Floral Stud Earrings With Pearl Bordering,Green,,1000.0,Sold Out,1,1,0,https://www.dulhanjewels.com/products/floral-stud-earrings-with-pearl-bordering?variant=gid://shopify/ProductVariant/51484153151794
2026-07-24 15:21:09,Unique Jadau Kundan Chandbali Earrings With Green Beads,Default Title,,1150.0,Sold Out,1,1,0,https://www.dulhanjewels.com/products/unique-jadau-kundan-chandbali-earrings-with-green-beads?variant=gid://shopify/ProductVariant/51484153643314
2026-07-24 15:21:09,Elegant Jadau Kundan Short Mango Haram,Default Title,,7450.0,Sold Out,1,1,0,https://www.dulhanjewels.com/products/elegant-jadau-kundan-short-mango-haram?variant=gid://shopify/ProductVariant/51484159607090
2026-07-24 15:21:09,Bridal Jadau Kundan Long Haram With Emerald Beads,Default Title,,13500.0,Sold Out,1,1,0,https://www.dulhanjewels.com/products/bridal-jadau-kundan-long-haram-with-emerald-beads?variant=gid://shopify/ProductVariant/51486487576882
2026-07-24 15:21:09,Trending Moissanite Polki Choker With Guttapusalu Hangings,Default Title,,4500.0,Sold Out,1,1,0,https://www.dulhanjewels.com/products/trending-moissanite-polki-choker-with-guttapusalu-hangings?variant=gid://shopify/ProductVariant/51486504583474
2026-07-24 15:21:09,Fusion Moissanite Polki Kundan Layered Necklace Set,Default Title,,4700.0,Sold Out,2,2,0,https://www.dulhanjewels.com/products/fusion-moissanite-polki-kundan-layered-necklace-set?variant=gid://shopify/ProductVariant/51486505992498
2026-07-24 15:21:09,Designer Moissanite Polki Necklace Set With Emerald Stone Highlights,Default Title,,5250.0,Sold Out,1,1,0,https://www.dulhanjewels.com/products/designer-moissanite-polki-necklace-set-with-emerald-stone-highlights?variant=gid://shopify/ProductVariant/51486506221874
2026-07-24 15:21:09,Gold Inspired Jadau Kundan Bridal Necklace With Pearl Hangings,Default Title,,7250.0,Sold Out,1,1,0,https://www.dulhanjewels.com/products/gold-inspired-jadau-kundan-bridal-necklace-with-pearl-hangings?variant=gid://shopify/ProductVariant/51486506680626
2026-07-24 15:21:09,Simple Green Beaded Jadau Kundan Pearl Necklace With Floral Pendant,Default Title,,1750.0,Sold Out,1,1,0,https://www.dulhanjewels.com/products/simple-green-beaded-jadau-kundan-pearl-necklace-with-floral-pendant?variant=gid://shopify/ProductVariant/51494561317170
2026-07-24 15:21:09,Ethnic Moissanite Polki With Peacock Design Pendant And Emerald Beads,Default Title,,8200.0,Sold Out,1,1,0,https://www.dulhanjewels.com/products/ethnic-moissanite-polki-with-peacock-design-pendant-and-emerald-beads?variant=gid://shopify/ProductVariant/51494566494514
2026-07-24 15:21:09,Antique Jadau Kundan Pendant With Green Beads,Default Title,,1400.0,Sold Out,1,1,0,https://www.dulhanjewels.com/products/antique-jadau-kundan-pendant-with-green-beads?variant=gid://shopify/ProductVariant/51494611190066
2026-07-24 15:21:09,Radiant Lakshmi Devi Pendant With Emerald Beads,Default Title,,1000.0,Sold Out,1,1,0,https://www.dulhanjewels.com/products/radiant-lakshmi-devi-pendant-with-emerald-beads?variant=gid://shopify/ProductVariant/51494614303026
2026-07-24 15:21:09,Graceful Laxmi Devi Pendant With Rice Pearls,Default Title,,1100.0,Sold Out,1,1,0,https://www.dulhanjewels.com/products/graceful-laxmi-devi-pendant-with-rice-pearls?variant=gid://shopify/ProductVariant/51494622527794
2026-07-24 15:21:09,Antique Finish Temple Style Jadau Kundan Stud Earrings With Pearl Border,Default Title,,1100.0,Sold Out,2,2,0,https://www.dulhanjewels.com/products/antique-finish-temple-style-jadau-kundan-stud-earrings-with-pearl-border?variant=gid://shopify/ProductVariant/51494625378610
2026-07-24 15:21:09,Classy Jadau Kundan Chandbali Earrings With Rice Pearls,Default Title,,1250.0,Sold Out,1,1,0,https://www.dulhanjewels.com/products/classy-jadau-kundan-chandbali-earrings-with-rice-pearls?variant=gid://shopify/ProductVariant/51494634160434
2026-07-24 15:21:09,Mint Green And Pink Jadau Kundan Jhumka Earrings With Pearls,Default Title,,1890.0,Sold Out,1,1,0,https://www.dulhanjewels.com/products/untitled-jul22_16-49-47?variant=gid://shopify/ProductVariant/51501262831922
2026-07-24 15:21:09,Ethnic Jadau Kundan Jhumki Earrings With Green Bead Tassels,Default Title,,2400.0,Sold Out,1,1,0,https://www.dulhanjewels.com/products/ethnic-jadau-kundan-jhumki-earrings-with-green-bead-tassels?variant=gid://shopify/ProductVariant/51501266141490
2026-07-24 15:21:09,Phool Design Jadau Kundan Jhumka Earrings With Green Beads,Default Title,,2050.0,Sold Out,1,1,0,https://www.dulhanjewels.com/products/phool-design-jadau-kundan-jhumka-earrings-with-green-beads?variant=gid://shopify/ProductVariant/51501268173106
2026-07-24 15:21:09,Classic Pink Kundan Flower Stud Earrings,Default Title,,1000.0,Sold Out,2,2,0,https://www.dulhanjewels.com/products/classic-pink-kundan-flower-stud-earrings?variant=gid://shopify/ProductVariant/51501269844274
2026-07-24 15:21:09,Traditional Jhumka Earrings with Green Beads And Pearl Drops,Default Title,,2650.0,Sold Out,1,1,0,https://www.dulhanjewels.com/products/traditional-jhumka-earrings-with-green-beads-and-pearl-drops?variant=gid://shopify/ProductVariant/51501271089458
2026-07-24 15:21:09,Ethnic Jadau Kundan Chandbali Earrings With Pearl Drops,Default Title,,1800.0,Sold Out,1,1,0,https://www.dulhanjewels.com/products/ethnic-jadau-kundan-chandbali-earrings-with-pearl-drops?variant=gid://shopify/ProductVariant/51501271679282
2026-07-24 15:21:09,Unique Pink And Emerald Green Kundan Stud Earrings,Default Title,,1200.0,Sold Out,2,2,0,https://www.dulhanjewels.com/products/unique-pink-and-emerald-green-kundan-stud-earrings?variant=gid://shopify/ProductVariant/51501272138034
2026-07-24 15:21:09,White Polki Kundan Jhumka Earrings With Green Beads,Default Title,,4500.0,Sold Out,1,1,0,https://www.dulhanjewels.com/products/white-polki-kundan-jhumka-earrings-with-green-beads?variant=gid://shopify/ProductVariant/51501273284914
2026-07-24 15:21:09,Polki Necklace Set With Green Beads And Matching Earrings,Default Title,,5400.0,Sold Out,1,1,0,https://www.dulhanjewels.com/products/polki-necklace-set-with-green-beads-and-matching-earrings?variant=gid://shopify/ProductVariant/51501275414834
2026-07-24 15:21:09,Temple Style Peacock Vaddanam With Green Beads,Multicolour,,5880.0,Sold Out,1,1,0,https://www.dulhanjewels.com/products/temple-peacock-vaddanam-hip-belt-with-pearls-and-green-beads?variant=gid://shopify/ProductVariant/51501281902898
2026-07-24 15:21:09,Bridal Mango Necklace With Peacock Pendant And Emerald Green Beads,Default Title,,14950.0,Sold Out,1,1,0,https://www.dulhanjewels.com/products/bridal-mango-necklace-with-peacock-pendant-and-emerald-green-beads?variant=gid://shopify/ProductVariant/51501282492722
2026-07-24 15:21:09,Stylish Jadau Kundan Choker With Pearl Hangings,Default Title,,4150.0,Sold Out,1,1,0,https://www.dulhanjewels.com/products/stylish-jadau-kundan-choker-with-pearl-hangings?variant=gid://shopify/ProductVariant/51501316374834
2026-07-24 15:21:09,Sleek Jadau Kundan Short Necklace With Ricepearl Hangings,Default Title,,4300.0,Sold Out,1,1,0,https://www.dulhanjewels.com/products/sleek-jadau-kundan-short-necklace-with-ricepearl-hangings?variant=gid://shopify/ProductVariant/51501320143154
2026-07-24 15:21:09,Floral Design Jadau Kundan With Green Hangings,Default Title,,2050.0,Sold Out,1,1,0,https://www.dulhanjewels.com/products/floral-design-jadau-kundan-with-green-hangings?variant=gid://shopify/ProductVariant/51501323583794
2026-07-24 15:21:09,Classy Victorian Bangle With Ruby Stones,Default Title,,2200.0,Sold Out,1,1,0,https://www.dulhanjewels.com/products/classy-victorian-bangle-with-ruby-stones?variant=gid://shopify/ProductVariant/51503330165042
2026-07-24 15:21:09,Classy Jadau Kundan Bangle With Floral Center,Pink / 2/4,,1900.0,Sold Out,1,1,0,https://www.dulhanjewels.com/products/classy-jadau-kundan-bangle-with-floral-center?variant=gid://shopify/ProductVariant/51505705189682
2026-07-24 15:21:09,Classy Jadau Kundan Bangle With Floral Center,White / 2/4,,1900.0,Sold Out,1,1,0,https://www.dulhanjewels.com/products/classy-jadau-kundan-bangle-with-floral-center?variant=gid://shopify/ProductVariant/51505705222450
2026-07-24 15:21:09,Classy Jadau Kundan Bangle With Floral Center,Pink / 2/6,,1900.0,Sold Out,1,1,0,https://www.dulhanjewels.com/products/classy-jadau-kundan-bangle-with-floral-center?variant=gid://shopify/ProductVariant/51505705320754
2026-07-24 15:31:27,Moissanite Polki X Jadau Kundan Short Maangtika,Default Title,,1050.0,New Arrival,1,0,1,https://www.dulhanjewels.com/products/moissanite-polki-x-jadau-kundan-short-maangtika?variant=gid://shopify/ProductVariant/51411216302386
2026-07-24 15:31:27,Unique Jadau Kundan Jada Kucha,Default Title,,4750.0,New Arrival,1,0,1,https://www.dulhanjewels.com/products/unique-jadau-kundan-jada-kucha?variant=gid://shopify/ProductVariant/51411250872626
2026-07-24 15:31:27,Floral Studded Jadau Kundan Jhumki With Pearl Hangings,Red,,1650.0,New Arrival,1,0,1,https://www.dulhanjewels.com/products/floral-studded-jadau-kundan-jhumki-with-pearl-hangings?variant=gid://shopify/ProductVariant/51411253854514
2026-07-24 15:31:27,Floral Studded Jadau Kundan Jhumki With Pearl Hangings,White,,1650.0,New Arrival,2,0,2,https://www.dulhanjewels.com/products/floral-studded-jadau-kundan-jhumki-with-pearl-hangings?variant=gid://shopify/ProductVariant/51411297272114
2026-07-24 15:31:27,Floral Studded Jadau Kundan Jhumki With Pearl And Bead Hangings,Default Title,,2850.0,New Arrival,1,0,1,https://www.dulhanjewels.com/products/floral-studded-jadau-kundan-jhumki-with-pearl-and-bead-hangings?variant=gid://shopify/ProductVariant/51411305562418
2026-07-24 15:31:27,Elegant Jadau Kundan Stud Earrings With Pearl Bordering,Default Title,,1700.0,New Arrival,2,0,2,https://www.dulhanjewels.com/products/elegant-jadau-kundan-stud-earrings-with-pearl-bordering-2?variant=gid://shopify/ProductVariant/51411310510386
2026-07-24 15:31:27,Reversible Jadau Kundan Beads Mala With Pearl Danglings,Default Title,,7550.0,New Arrival,1,0,1,https://www.dulhanjewels.com/products/reversible-jadau-kundan-beads-mala-with-pearl-danglings?variant=gid://shopify/ProductVariant/51423462949170
2026-07-24 15:31:27,Refined Jadau Kundan Necklace With Emerald Hangings,Default Title,,9950.0,New Arrival,2,0,2,https://www.dulhanjewels.com/products/refined-jadau-kundan-necklace-with-emerald-hangings?variant=gid://shopify/ProductVariant/51423472550194
2026-07-24 15:31:27,Designer Jadau Kundan Choker With Green Hangings,Default Title,,2800.0,New Arrival,1,0,1,https://www.dulhanjewels.com/products/designer-jadau-kundan-choker-with-green-hangings?variant=gid://shopify/ProductVariant/51423476318514
2026-07-24 15:31:27,Royal Jadau Kundan Necklace With Guttapusalu Hangings,Default Title,,9050.0,New Arrival,1,0,1,https://www.dulhanjewels.com/products/royal-jadau-kundan-necklace-with-guttapusalu-hangings-1?variant=gid://shopify/ProductVariant/51423483724082
2026-07-24 15:31:27,Floral Design Jadau Kundan Stud Earrings,Default Title,,1050.0,New Arrival,1,0,1,https://www.dulhanjewels.com/products/floral-design-jadau-kundan-stud-earrings-1?variant=gid://shopify/ProductVariant/51423501091122
2026-07-24 15:31:27,Bridal Jadau Kundan Necklace With Green Beads,Default Title,,8200.0,New Arrival,1,0,1,https://www.dulhanjewels.com/products/bridal-jadau-kundan-necklace-with-green-beads?variant=gid://shopify/ProductVariant/51423506727218
2026-07-24 15:31:27,Ethnic Kundan Necklace With Green Beads And Pearl Fringe,Default Title,,5150.0,New Arrival,1,0,1,https://www.dulhanjewels.com/products/ethnic-kundan-necklace-with-green-beads-and-pearl-fringe?variant=gid://shopify/ProductVariant/51423521276210
2026-07-24 15:31:27,Classic White Kundan Necklace With Emerald Green Beads And Pearl Hangings,Default Title,,6350.0,New Arrival,1,0,1,https://www.dulhanjewels.com/products/classic-white-kundan-necklace-with-emerald-green-beads-and-pearl-hangings?variant=gid://shopify/ProductVariant/51423571312946
2026-07-24 15:31:27,Jadau Kundan Short Necklace Set With Emerald Green Beads,Default Title,,6650.0,New Arrival,1,0,1,https://www.dulhanjewels.com/products/jadau-kundan-short-necklace-set-with-emerald-green-beads?variant=gid://shopify/ProductVariant/51423572328754
2026-07-24 15:31:27,Traditional Jadau Kundan Chandbali Earrings Pearl Hangings,Default Title,,2200.0,New Arrival,1,0,1,https://www.dulhanjewels.com/products/traditional-jadau-kundan-chandbali-earrings-pearl-hangings?variant=gid://shopify/ProductVariant/51433637708082
2026-07-24 15:31:27,Jadau Kundan Pearl Mala Necklace With Emerald Green Beads,Default Title,,3550.0,New Arrival,1,0,1,https://www.dulhanjewels.com/products/jadau-kundan-pearl-mala-necklace-with-emerald-green-beads?variant=gid://shopify/ProductVariant/51433638494514
2026-07-24 15:31:27,Temple Style Necklace With Matching Earrings,Default Title,,2200.0,New Arrival,1,0,1,https://www.dulhanjewels.com/products/temple-style-necklace-with-matching-earrings?variant=gid://shopify/ProductVariant/51433647669554
2026-07-24 15:31:27,Elegant Jadau Kundan Necklace With Ricepearl Hangings,Default Title,,6800.0,New Arrival,1,0,1,https://www.dulhanjewels.com/products/elegant-jadau-kundan-necklace-with-ricepearl-hangings?variant=gid://shopify/ProductVariant/51433655468338
2026-07-24 15:31:27,Gold Finish Jadau Kundan Bangles With Floral Center Motif,Red / 2/4,,1900.0,New Arrival,1,0,1,https://www.dulhanjewels.com/products/gold-finish-jadau-kundan-bangles-with-floral-center-motif?variant=gid://shopify/ProductVariant/51433674473778
2026-07-24 15:31:27,Gold Finish Jadau Kundan Bangles With Floral Center Motif,White / 2/4,,1900.0,New Arrival,1,0,1,https://www.dulhanjewels.com/products/gold-finish-jadau-kundan-bangles-with-floral-center-motif?variant=gid://shopify/ProductVariant/51433674506546
2026-07-24 15:31:27,Gold Finish Jadau Kundan Bangles With Floral Center Motif,Green / 2/4,,1900.0,New Arrival,1,0,1,https://www.dulhanjewels.com/products/gold-finish-jadau-kundan-bangles-with-floral-center-motif?variant=gid://shopify/ProductVariant/51433674539314
2026-07-24 15:31:27,Gold Finish Jadau Kundan Bangles With Floral Center Motif,Red / 2/6,,1900.0,New Arrival,1,0,1,https://www.dulhanjewels.com/products/gold-finish-jadau-kundan-bangles-with-floral-center-motif?variant=gid://shopify/ProductVariant/51473044439346
2026-07-24 15:31:27,Gold Finish Jadau Kundan Bangles With Floral Center Motif,Red / 2/8,,1900.0,New Arrival,1,0,1,https://www.dulhanjewels.com/products/gold-finish-jadau-kundan-bangles-with-floral-center-motif?variant=gid://shopify/ProductVariant/51473044472114
2026-07-24 15:31:27,Gold Finish Jadau Kundan Bangles With Floral Center Motif,White / 2/6,,1900.0,New Arrival,1,0,1,https://www.dulhanjewels.com/products/gold-finish-jadau-kundan-bangles-with-floral-center-motif?variant=gid://shopify/ProductVariant/51473044504882
2026-07-24 15:31:27,Gold Finish Jadau Kundan Bangles With Floral Center Motif,White / 2/8,,1900.0,New Arrival,1,0,1,https://www.dulhanjewels.com/products/gold-finish-jadau-kundan-bangles-with-floral-center-motif?variant=gid://shopify/ProductVariant/51473044537650
2026-07-24 15:31:27,Gold Finish Jadau Kundan Bangles With Floral Center Motif,Green / 2/6,,1900.0,New Arrival,1,0,1,https://www.dulhanjewels.com/products/gold-finish-jadau-kundan-bangles-with-floral-center-motif?variant=gid://shopify/ProductVariant/51473044570418
2026-07-24 15:31:27,Gold Finish Jadau Kundan Bangles With Floral Center Motif,Green / 2/8,,1900.0,New Arrival,1,0,1,https://www.dulhanjewels.com/products/gold-finish-jadau-kundan-bangles-with-floral-center-motif?variant=gid://shopify/ProductVariant/51473044603186
2026-07-24 15:31:27,Ethnic Jadau Kundan Floral Long Necklace With Rice Pearls & Emerald Green Beads,Default Title,,6850.0,New Arrival,1,0,1,https://www.dulhanjewels.com/products/ethnic-jadau-kundan-floral-long-necklace-with-rice-pearls-emerald-green-beads?variant=gid://shopify/ProductVariant/51442137432370
2026-07-24 15:31:27,Classic Jadau Kundan Pearl Mala With Swarovski Pearls,Default Title,,3000.0,New Arrival,1,0,1,https://www.dulhanjewels.com/products/classic-jadau-kundan-pearl-mala-with-swarovski-pearls?variant=gid://shopify/ProductVariant/51442441158962
2026-07-24 15:31:27,Traditional Temple Style Peacock Kundan Stud Earrings,White,,1100.0,New Arrival,3,0,3,https://www.dulhanjewels.com/products/traditional-temple-style-peacock-kundan-stud-earrings?variant=gid://shopify/ProductVariant/51443057393970
2026-07-24 15:31:27,Traditional Temple Style Peacock Kundan Stud Earrings,Green,,1100.0,New Arrival,1,0,1,https://www.dulhanjewels.com/products/traditional-temple-style-peacock-kundan-stud-earrings?variant=gid://shopify/ProductVariant/51443057426738
2026-07-24 15:31:27,Traditional Temple Style Peacock Kundan Stud Earrings,Red,,1100.0,New Arrival,1,0,1,https://www.dulhanjewels.com/products/traditional-temple-style-peacock-kundan-stud-earrings?variant=gid://shopify/ProductVariant/51443057459506
2026-07-24 15:31:27,Traditional Temple Style Peacock Kundan Stud Earrings,Multi,,1100.0,New Arrival,1,0,1,https://www.dulhanjewels.com/products/traditional-temple-style-peacock-kundan-stud-earrings?variant=gid://shopify/ProductVariant/51443057492274
2026-07-24 15:31:27,Designer Krishna Flute Victorian Pendant With Ruby Baguette Stones,Default Title,,1200.0,New Arrival,1,0,1,https://www.dulhanjewels.com/products/designer-krishna-flute-victorian-pendant-with-ruby-baguette-stones-1?variant=gid://shopify/ProductVariant/51443058409778
2026-07-24 15:31:27,Elegant Victorian Maang Tikka With Pearl And Emerald Hangings,Green,,1350.0,New Arrival,1,0,1,https://www.dulhanjewels.com/products/elegant-victorian-maang-tikka-with-pearl-and-emerald-hangings?variant=gid://shopify/ProductVariant/51449715261746
2026-07-24 15:31:27,Elegant Victorian Maang Tikka With Pearl And Emerald Hangings,Red,,1350.0,New Arrival,1,0,1,https://www.dulhanjewels.com/products/elegant-victorian-maang-tikka-with-pearl-and-emerald-hangings?variant=gid://shopify/ProductVariant/51449715294514
2026-07-24 15:31:27,Elegant Victorian Maang Tikka With Pearl And Emerald Hangings,White,,1350.0,New Arrival,1,0,1,https://www.dulhanjewels.com/products/elegant-victorian-maang-tikka-with-pearl-and-emerald-hangings?variant=gid://shopify/ProductVariant/51449715327282
2026-07-24 15:31:27,Luxury Victorian Green Stone Polki Necklace Set With Earrings,Default Title,,7550.0,New Arrival,1,0,1,https://www.dulhanjewels.com/products/luxury-victorian-green-stone-polki-necklace-set-with-earrings?variant=gid://shopify/ProductVariant/51449779388722
2026-07-24 15:31:27,Bridal Victorian Choker Necklace Set with Earrings,Green,,7750.0,New Arrival,1,0,1,https://www.dulhanjewels.com/products/bridal-victorian-choker-necklace-set-with-earrings?variant=gid://shopify/ProductVariant/51450929348914
2026-07-24 15:31:27,Bridal Victorian Choker Necklace Set with Earrings,White,,7750.0,New Arrival,1,0,1,https://www.dulhanjewels.com/products/bridal-victorian-choker-necklace-set-with-earrings?variant=gid://shopify/ProductVariant/51450929381682
2026-07-24 15:31:27,Bridal Victorian Choker Necklace Set with Earrings,Multicolour,,7750.0,New Arrival,1,0,1,https://www.dulhanjewels.com/products/bridal-victorian-choker-necklace-set-with-earrings?variant=gid://shopify/ProductVariant/51450929414450
2026-07-24 15:31:27,Classy Victorian Short Necklace Set With Matching Earrings,Light Green,,5400.0,New Arrival,1,0,1,https://www.dulhanjewels.com/products/classy-victorian-short-necklace-set-with-matching-earrings?variant=gid://shopify/ProductVariant/51451234976050
2026-07-24 15:31:27,Classy Victorian Short Necklace Set With Matching Earrings,Dark Green,,5400.0,New Arrival,1,0,1,https://www.dulhanjewels.com/products/classy-victorian-short-necklace-set-with-matching-earrings?variant=gid://shopify/ProductVariant/51451235008818
2026-07-24 15:31:27,Unique Jadau Kundan Beads 	Mala With Floral Motifs,Default Title,,2700.0,New Arrival,1,0,1,https://www.dulhanjewels.com/products/unique-jadau-kundan-beads-mala-with-floral-motif?variant=gid://shopify/ProductVariant/51472969007410
2026-07-24 15:31:27,Elegant Jadau Kundan Champasaralu With Green Hangings,Default Title,,2300.0,New Arrival,1,0,1,https://www.dulhanjewels.com/products/elegant-jadau-kundan-champasaralu-with-green-hangings?variant=gid://shopify/ProductVariant/51472982573362
2026-07-24 15:31:27,Jadau Kundan Lakshmi Temple Necklace Set With Green Beads,Default Title,,3800.0,New Arrival,1,0,1,https://www.dulhanjewels.com/products/jadau-kundan-lakshmi-temple-necklace-set-with-green-beads?variant=gid://shopify/ProductVariant/51472991650098
2026-07-24 15:31:27,Traditional Lakshmi Devi Pendant With Emerald Beads,Default Title,,2050.0,New Arrival,1,0,1,https://www.dulhanjewels.com/products/traditional-lakshmi-devi-pendant-with-emerald-beads?variant=gid://shopify/ProductVariant/51472996925746
2026-07-24 15:31:27,Classic Jadau Kundan Maang Tikka With Green Drops,Default Title,,1000.0,New Arrival,1,0,1,https://www.dulhanjewels.com/products/classic-jadau-kundan-maang-tikka-with-green-drops?variant=gid://shopify/ProductVariant/51472999645490
2026-07-24 15:31:27,Floral Jadau Kundan Pendant With Green Beads,Default Title,,1000.0,New Arrival,1,0,1,https://www.dulhanjewels.com/products/floral-jadau-kundan-pendant-with-green-beads-1?variant=gid://shopify/ProductVariant/51473001251122
2026-07-24 15:31:27,Radiant Jadau Kundan Jhumki Earrings With Green Beads,Default Title,,2500.0,New Arrival,1,0,1,https://www.dulhanjewels.com/products/radiant-jadau-kundan-jhumki-earrings-with-green-beads?variant=gid://shopify/ProductVariant/51473003872562
2026-07-24 15:31:27,Designer Jadau Kundan Choker With Emerald Beads,Default Title,,2000.0,New Arrival,1,0,1,https://www.dulhanjewels.com/products/designer-jadau-kundan-choker-with-emerald-beads?variant=gid://shopify/ProductVariant/51473008394546
2026-07-24 15:31:27,Victorian Polki Chandbali Earrings With Jhumka Drops,Default Title,,1450.0,New Arrival,1,0,1,https://www.dulhanjewels.com/products/victorian-polki-chandbali-earrings-with-jhumka-drops?variant=gid://shopify/ProductVariant/51484143780146
2026-07-24 15:31:27,Designer Necklace Set With Matching Earrings,Green,,4800.0,New Arrival,1,0,1,https://www.dulhanjewels.com/products/designer-necklace-set-with-matching-earrings?variant=gid://shopify/ProductVariant/51484147286322
2026-07-24 15:31:27,Royal Victorian Emerald Green Multi Layer Necklace Set With Earrings,Default Title,,4800.0,New Arrival,1,0,1,https://www.dulhanjewels.com/products/royal-victorian-emerald-green-multi-layer-necklace-set-with-earrings?variant=gid://shopify/ProductVariant/51484149842226
2026-07-24 15:31:27,Floral Stud Earrings With Pearl Bordering,Red,,1000.0,New Arrival,2,0,2,https://www.dulhanjewels.com/products/floral-stud-earrings-with-pearl-bordering?variant=gid://shopify/ProductVariant/51484153119026
2026-07-24 15:31:27,Floral Stud Earrings With Pearl Bordering,Green,,1000.0,New Arrival,1,0,1,https://www.dulhanjewels.com/products/floral-stud-earrings-with-pearl-bordering?variant=gid://shopify/ProductVariant/51484153151794
2026-07-24 15:31:27,Unique Jadau Kundan Chandbali Earrings With Green Beads,Default Title,,1150.0,New Arrival,1,0,1,https://www.dulhanjewels.com/products/unique-jadau-kundan-chandbali-earrings-with-green-beads?variant=gid://shopify/ProductVariant/51484153643314
2026-07-24 15:31:27,Bridal Jadau Kundan Long Haram With Emerald Beads,Default Title,,13500.0,New Arrival,1,0,1,https://www.dulhanjewels.com/products/bridal-jadau-kundan-long-haram-with-emerald-beads?variant=gid://shopify/ProductVariant/51486487576882
2026-07-24 15:31:27,Trending Moissanite Polki Choker With Guttapusalu Hangings,Default Title,,4500.0,New Arrival,1,0,1,https://www.dulhanjewels.com/products/trending-moissanite-polki-choker-with-guttapusalu-hangings?variant=gid://shopify/ProductVariant/51486504583474
2026-07-24 15:31:27,Fusion Moissanite Polki Kundan Layered Necklace Set,Default Title,,4700.0,New Arrival,2,0,2,https://www.dulhanjewels.com/products/fusion-moissanite-polki-kundan-layered-necklace-set?variant=gid://shopify/ProductVariant/51486505992498
2026-07-24 15:31:27,Designer Moissanite Polki Necklace Set With Emerald Stone Highlights,Default Title,,5250.0,New Arrival,1,0,1,https://www.dulhanjewels.com/products/designer-moissanite-polki-necklace-set-with-emerald-stone-highlights?variant=gid://shopify/ProductVariant/51486506221874
2026-07-24 15:31:27,Gold Inspired Jadau Kundan Bridal Necklace With Pearl Hangings,Default Title,,7250.0,New Arrival,1,0,1,https://www.dulhanjewels.com/products/gold-inspired-jadau-kundan-bridal-necklace-with-pearl-hangings?variant=gid://shopify/ProductVariant/51486506680626
2026-07-24 15:31:27,Simple Green Beaded Jadau Kundan Pearl Necklace With Floral Pendant,Default Title,,1750.0,New Arrival,1,0,1,https://www.dulhanjewels.com/products/simple-green-beaded-jadau-kundan-pearl-necklace-with-floral-pendant?variant=gid://shopify/ProductVariant/51494561317170
2026-07-24 15:31:27,Ethnic Moissanite Polki With Peacock Design Pendant And Emerald Beads,Default Title,,8200.0,New Arrival,1,0,1,https://www.dulhanjewels.com/products/ethnic-moissanite-polki-with-peacock-design-pendant-and-emerald-beads?variant=gid://shopify/ProductVariant/51494566494514
2026-07-24 15:31:27,Elegant Chand Design Jadau Kundan Maang Tikka With Emerald Beads,Default Title,,1950.0,Restock,1,0,1,https://www.dulhanjewels.com/products/elegant-chand-design-jadau-kundan-maang-tikka-with-emerald-beads?variant=gid://shopify/ProductVariant/51494597067058
2026-07-24 15:31:27,Antique Jadau Kundan Pendant With Green Beads,Default Title,,1400.0,New Arrival,1,0,1,https://www.dulhanjewels.com/products/antique-jadau-kundan-pendant-with-green-beads?variant=gid://shopify/ProductVariant/51494611190066
2026-07-24 15:31:27,Radiant Lakshmi Devi Pendant With Emerald Beads,Default Title,,1000.0,New Arrival,1,0,1,https://www.dulhanjewels.com/products/radiant-lakshmi-devi-pendant-with-emerald-beads?variant=gid://shopify/ProductVariant/51494614303026
2026-07-24 15:31:27,Graceful Laxmi Devi Pendant With Rice Pearls,Default Title,,1100.0,New Arrival,1,0,1,https://www.dulhanjewels.com/products/graceful-laxmi-devi-pendant-with-rice-pearls?variant=gid://shopify/ProductVariant/51494622527794
2026-07-24 15:31:27,Antique Finish Temple Style Jadau Kundan Stud Earrings With Pearl Border,Default Title,,1100.0,New Arrival,2,0,2,https://www.dulhanjewels.com/products/antique-finish-temple-style-jadau-kundan-stud-earrings-with-pearl-border?variant=gid://shopify/ProductVariant/51494625378610
2026-07-24 15:31:27,Classy Jadau Kundan Chandbali Earrings With Rice Pearls,Default Title,,1250.0,New Arrival,1,0,1,https://www.dulhanjewels.com/products/classy-jadau-kundan-chandbali-earrings-with-rice-pearls?variant=gid://shopify/ProductVariant/51494634160434
2026-07-24 15:31:27,Mint Green And Pink Jadau Kundan Jhumka Earrings With Pearls,Default Title,,1890.0,New Arrival,1,0,1,https://www.dulhanjewels.com/products/untitled-jul22_16-49-47?variant=gid://shopify/ProductVariant/51501262831922
2026-07-24 15:31:27,Ethnic Jadau Kundan Jhumki Earrings With Green Bead Tassels,Default Title,,2400.0,New Arrival,1,0,1,https://www.dulhanjewels.com/products/ethnic-jadau-kundan-jhumki-earrings-with-green-bead-tassels?variant=gid://shopify/ProductVariant/51501266141490
2026-07-24 15:31:27,Phool Design Jadau Kundan Jhumka Earrings With Green Beads,Default Title,,2050.0,New Arrival,1,0,1,https://www.dulhanjewels.com/products/phool-design-jadau-kundan-jhumka-earrings-with-green-beads?variant=gid://shopify/ProductVariant/51501268173106
2026-07-24 15:31:27,Classic Pink Kundan Flower Stud Earrings,Default Title,,1000.0,New Arrival,2,0,2,https://www.dulhanjewels.com/products/classic-pink-kundan-flower-stud-earrings?variant=gid://shopify/ProductVariant/51501269844274
2026-07-24 15:31:27,Traditional Jhumka Earrings with Green Beads And Pearl Drops,Default Title,,2650.0,New Arrival,1,0,1,https://www.dulhanjewels.com/products/traditional-jhumka-earrings-with-green-beads-and-pearl-drops?variant=gid://shopify/ProductVariant/51501271089458
2026-07-24 15:31:27,Ethnic Jadau Kundan Chandbali Earrings With Pearl Drops,Default Title,,1800.0,New Arrival,1,0,1,https://www.dulhanjewels.com/products/ethnic-jadau-kundan-chandbali-earrings-with-pearl-drops?variant=gid://shopify/ProductVariant/51501271679282
2026-07-24 15:31:27,Unique Pink And Emerald Green Kundan Stud Earrings,Default Title,,1200.0,New Arrival,2,0,2,https://www.dulhanjewels.com/products/unique-pink-and-emerald-green-kundan-stud-earrings?variant=gid://shopify/ProductVariant/51501272138034
2026-07-24 15:31:27,White Polki Kundan Jhumka Earrings With Green Beads,Default Title,,4500.0,New Arrival,1,0,1,https://www.dulhanjewels.com/products/white-polki-kundan-jhumka-earrings-with-green-beads?variant=gid://shopify/ProductVariant/51501273284914
2026-07-24 15:31:27,Polki Necklace Set With Green Beads And Matching Earrings,Default Title,,5400.0,New Arrival,1,0,1,https://www.dulhanjewels.com/products/polki-necklace-set-with-green-beads-and-matching-earrings?variant=gid://shopify/ProductVariant/51501275414834
2026-07-24 15:31:27,Temple Style Peacock Vaddanam With Green Beads,Multicolour,,5880.0,New Arrival,1,0,1,https://www.dulhanjewels.com/products/temple-peacock-vaddanam-hip-belt-with-pearls-and-green-beads?variant=gid://shopify/ProductVariant/51501281902898
2026-07-24 15:31:27,Bridal Mango Necklace With Peacock Pendant And Emerald Green Beads,Default Title,,14950.0,New Arrival,1,0,1,https://www.dulhanjewels.com/products/bridal-mango-necklace-with-peacock-pendant-and-emerald-green-beads?variant=gid://shopify/ProductVariant/51501282492722
2026-07-24 15:31:27,Stylish Jadau Kundan Choker With Pearl Hangings,Default Title,,4150.0,New Arrival,1,0,1,https://www.dulhanjewels.com/products/stylish-jadau-kundan-choker-with-pearl-hangings?variant=gid://shopify/ProductVariant/51501316374834
2026-07-24 15:31:27,Sleek Jadau Kundan Short Necklace With Ricepearl Hangings,Default Title,,4300.0,New Arrival,1,0,1,https://www.dulhanjewels.com/products/sleek-jadau-kundan-short-necklace-with-ricepearl-hangings?variant=gid://shopify/ProductVariant/51501320143154
2026-07-24 15:31:27,Floral Design Jadau Kundan With Green Hangings,Default Title,,2050.0,New Arrival,1,0,1,https://www.dulhanjewels.com/products/floral-design-jadau-kundan-with-green-hangings?variant=gid://shopify/ProductVariant/51501323583794
2026-07-24 15:31:27,Classy Victorian Bangle With Ruby Stones,Default Title,,2200.0,New Arrival,1,0,1,https://www.dulhanjewels.com/products/classy-victorian-bangle-with-ruby-stones?variant=gid://shopify/ProductVariant/51503330165042
2026-07-24 15:31:27,Classy Jadau Kundan Bangle With Floral Center,Pink / 2/4,,1900.0,New Arrival,1,0,1,https://www.dulhanjewels.com/products/classy-jadau-kundan-bangle-with-floral-center?variant=gid://shopify/ProductVariant/51505705189682
2026-07-24 15:31:27,Classy Jadau Kundan Bangle With Floral Center,White / 2/4,,1900.0,New Arrival,1,0,1,https://www.dulhanjewels.com/products/classy-jadau-kundan-bangle-with-floral-center?variant=gid://shopify/ProductVariant/51505705222450
2026-07-24 15:31:27,Classy Jadau Kundan Bangle With Floral Center,Pink / 2/6,,1900.0,New Arrival,1,0,1,https://www.dulhanjewels.com/products/classy-jadau-kundan-bangle-with-floral-center?variant=gid://shopify/ProductVariant/51505705320754
2026-07-24 16:02:07,Elegant Jadau Kundan Short Mango Haram,Default Title,,7450.0,Restock,1,0,1,https://www.dulhanjewels.com/products/elegant-jadau-kundan-short-mango-haram?variant=gid://shopify/ProductVariant/51484159607090
2026-07-24 16:36:52,Traditional Jadau Kundan Hip Belt,Default Title,,3000.0,Sold Out,1,1,0,https://www.dulhanjewels.com/products/traditional-jadau-kundan-hip-belt?variant=gid://shopify/ProductVariant/51505756242226
2026-07-24 16:41:12,Gold Style Floral Design Studded Jadau Kundan Jhumki with Beads Hanging,Default Title,,1950.0,Sold Out,1,1,0,https://www.dulhanjewels.com/products/gold-style-floral-design-studded-jadau-kundan-jhumki-with-beads-hanging?variant=gid://shopify/ProductVariant/49932025200946
2026-07-24 18:11:04,Floral Jadau Kundan Jhumka Earrings with Green Beads,Default Title,,3400.0,Sold Out,1,1,0,https://www.dulhanjewels.com/products/floral-jadau-kundan-jhumka-earrings-with-green-beads?variant=gid://shopify/ProductVariant/51156647772466
2026-07-25 02:11:03,Elegant Chand Design Jadau Kundan Maang Tikka With Emerald Beads,Default Title,,1950.0,Sold Out,1,1,0,https://www.dulhanjewels.com/products/elegant-chand-design-jadau-kundan-maang-tikka-with-emerald-beads?variant=gid://shopify/ProductVariant/51494597067058
2026-07-25 04:54:19,Triple Layered Jadau Kundan Haram With Locket,Default Title,,2850.0,Sold Out,1,1,0,https://www.dulhanjewels.com/products/triple-layered-jadau-kundan-haram-with-locket?variant=gid://shopify/ProductVariant/51369064169778
2026-07-25 06:11:05,Designer Victorian Polki Maang Tikka With Pearl Tassels,Default Title,,1350.0,Restock,1,0,1,https://www.dulhanjewels.com/products/designer-victorian-polki-maang-tikka-with-pearl-tassels?variant=gid://shopify/ProductVariant/51450318553394
2026-07-25 06:11:05,Traditional Jadau Kundan Hip Belt,Default Title,,3000.0,Restock,1,0,1,https://www.dulhanjewels.com/products/traditional-jadau-kundan-hip-belt?variant=gid://shopify/ProductVariant/51505756242226
2026-07-25 06:11:05,Divine Crescent Moon & Sun Polki Kundan Hairpin With Pearl Border,Default Title,,1500.0,Sold Out,1,1,0,https://www.dulhanjewels.com/products/divine-crescent-moon-sun-polki-kundan-hairpin-with-pearl-border?variant=gid://shopify/ProductVariant/50926354825522
2026-07-25 06:21:08,Unique Floral Studded Jadau Kundan Jhumki Earrings,Default Title,,3050.0,Restock,1,0,1,https://www.dulhanjewels.com/products/unique-floral-studded-jadau-kundan-jhumki-earrings?variant=gid://shopify/ProductVariant/50515456622898
2026-07-25 06:21:08,Royal Crescent Moon & Sun Kundan Hairpin With Pearl Detailing,Default Title,,1500.0,Restock,1,0,1,https://www.dulhanjewels.com/products/royal-crescent-moon-sun-kundan-hairpin-with-pearl-detailing?variant=gid://shopify/ProductVariant/50926351384882
2026-07-25 06:21:08,Divine Crescent Moon & Sun Polki Kundan Hairpin With Pearl Border,Default Title,,1500.0,Restock,1,0,1,https://www.dulhanjewels.com/products/divine-crescent-moon-sun-polki-kundan-hairpin-with-pearl-border?variant=gid://shopify/ProductVariant/50926354825522
2026-07-25 06:21:08,Elegant Jadau Kundan Chandbali Earrings With Pearl Hangings And Green Drops,Default Title,,1650.0,Restock,1,0,1,https://www.dulhanjewels.com/products/elegant-jadau-kundan-chandbali-earrings-with-pearl-hangings-and-green-drops?variant=gid://shopify/ProductVariant/51039678038322
2026-07-25 06:21:08,Designer Jadau Kundan Bridal Necklace Set With Pearl Layers,Default Title,,1450.0,Restock,1,0,1,https://www.dulhanjewels.com/products/designer-jadau-kundan-bridal-necklace-set-with-pearl-layers?variant=gid://shopify/ProductVariant/51114540597554
2026-07-25 06:21:08,Floral Jadau Kundan Jhumka Earrings with Green Beads,Default Title,,3400.0,Restock,1,0,1,https://www.dulhanjewels.com/products/floral-jadau-kundan-jhumka-earrings-with-green-beads?variant=gid://shopify/ProductVariant/51156647772466
2026-07-25 06:21:08,Ethnic Jadau Kundan Nantad Chain Necklace With Green Bead Hangings,Default Title,,1200.0,Restock,1,0,1,https://www.dulhanjewels.com/products/ethnic-jadau-kundan-nantad-chain-necklace-with-green-bead-hangings?variant=gid://shopify/ProductVariant/51223572742450
2026-07-25 06:21:08,Triple Layered Jadau Kundan Haram With Locket,Default Title,,2850.0,Restock,1,0,1,https://www.dulhanjewels.com/products/triple-layered-jadau-kundan-haram-with-locket?variant=gid://shopify/ProductVariant/51369064169778
2026-07-25 06:21:08,Floral Jadau Kundan Jhumka Earrings With Hangings,Default Title,,2550.0,Restock,1,0,1,https://www.dulhanjewels.com/products/floral-jadau-kundan-jhumka-earrings-with-hangings-1?variant=gid://shopify/ProductVariant/51442746130738
2026-07-25 06:21:08,Elegant Chand Design Jadau Kundan Maang Tikka With Emerald Beads,Default Title,,1950.0,Restock,1,0,1,https://www.dulhanjewels.com/products/elegant-chand-design-jadau-kundan-maang-tikka-with-emerald-beads?variant=gid://shopify/ProductVariant/51494597067058
2026-07-25 07:31:23,Designer Jadau Kundan Bridal Necklace Set With Pearl Layers,Default Title,,1450.0,Sold Out,1,1,0,https://www.dulhanjewels.com/products/designer-jadau-kundan-bridal-necklace-set-with-pearl-layers?variant=gid://shopify/ProductVariant/51114540597554
2026-07-25 08:02:32,Traditional Jadau Kundan Necklace With Green Bead Fringe,Default Title,,5600.0,Sold Out,1,1,0,https://www.dulhanjewels.com/products/traditional-jadau-kundan-necklace-with-green-bead-fringe?variant=gid://shopify/ProductVariant/51148021858610
2026-07-25 08:32:43,Jadau Kundan Bridal Necklace With Ruby Stones And Statement Pendant,Default Title,,5500.0,New Arrival,1,0,1,https://www.dulhanjewels.com/products/polki-jadau-kundan-bridal-necklace-with-ruby-stones-and-statement-pendant?variant=gid://shopify/ProductVariant/50969126568242
2026-07-25 08:41:10,Opulent Moissanite Polki Necklace With Green Beads & Pearls As Hangings,Default Title,,10900.0,New Arrival,1,0,1,https://www.dulhanjewels.com/products/opulent-jadau-kundan-short-necklace-with-polki-kundan-peacock-design-russian-rice-hanging?variant=gid://shopify/ProductVariant/50287418310962
2026-07-25 08:41:10,Bridal Short Jadau Kundan Necklace With Green Beads And Pearl Hangings,Default Title,,5950.0,New Arrival,1,0,1,https://www.dulhanjewels.com/products/bridal-short-jadau-kundan-necklace-with-green-beads-and-pearl-hangings?variant=gid://shopify/ProductVariant/51037115056434
2026-07-25 08:41:10,Ethnic Jadau Kundan Nantad Chain Necklace With Green Bead Hangings,Default Title,,1200.0,Sold Out,1,1,0,https://www.dulhanjewels.com/products/ethnic-jadau-kundan-nantad-chain-necklace-with-green-bead-hangings?variant=gid://shopify/ProductVariant/51223572742450
2026-07-25 08:51:06,Polki Pendant Nakshi Kanti Necklace,Default Title,,4050.0,Sold Out,1,1,0,https://www.dulhanjewels.com/products/polki-pendant-nakshi-kanti-necklace?variant=gid://shopify/ProductVariant/50387854885170
2026-07-25 09:04:23,Peacock Jadau Kundan Pendant With Emerald Beads,Default Title,,1450.0,Sold Out,1,1,0,https://www.dulhanjewels.com/products/peacock-jadau-kundan-pendant-with-emerald-beads?variant=gid://shopify/ProductVariant/51071771836722
2026-07-25 10:21:08,Elegant Jadau Kundan Nantad Chain With Chand Design Pendant,Default Title,,2150.0,New Arrival,1,0,1,https://www.dulhanjewels.com/products/elegant-jadau-kundan-nantad-chain-with-chand-design-pendant?variant=gid://shopify/ProductVariant/51024421060914
2026-07-25 10:21:08,Grand Bridal Jadau Kundan Necklace With Floral Pendant,Default Title,,10500.0,Restock,1,0,1,https://www.dulhanjewels.com/products/grand-bridal-jadau-kundan-necklace-with-floral-pendant?variant=gid://shopify/ProductVariant/51132235809074
2026-07-25 10:21:08,Traditional Long Jadau Kundan Haram Necklace With Emerald Beads,Default Title,,10400.0,New Arrival,1,0,1,https://www.dulhanjewels.com/products/traditional-long-jadau-kundan-haram-necklace-with-emerald-beads?variant=gid://shopify/ProductVariant/51218728485170
2026-07-25 10:21:08,South Indian Style Jadau Kundan Bottu Mala Necklace,Default Title,,12750.0,New Arrival,1,0,1,https://www.dulhanjewels.com/products/south-indian-style-jadau-kundan-bottu-mala-necklace?variant=gid://shopify/ProductVariant/51433640395058
2026-07-25 10:31:23,Delicate Gold Finish Jadau Kundan Floral Necklace,Default Title,,3800.0,Sold Out,1,1,0,https://www.dulhanjewels.com/products/delicate-gold-finish-jadau-kundan-floral-necklace?variant=gid://shopify/ProductVariant/51056756228402
2026-07-25 10:52:05,Handmade Jadau Kundan Long Rani Haar With Green Beads & Swarovski Chain,Swarovski paler,,9100.0,New Arrival,1,0,1,https://www.dulhanjewels.com/products/handmade-jadau-kundan-long-rani-haar-with-green-beads-swarovski-chain?variant=gid://shopify/ProductVariant/50458670301490
2026-07-25 11:03:09,Traditional Gandaberunda Jadau Kundan Reversible Beads Mala,Default Title,,5050.0,New Arrival,1,0,1,https://www.dulhanjewels.com/products/traditional-gandaberunda-jadau-kundan-reversible-beads-mala?variant=gid://shopify/ProductVariant/50917250892082
2026-07-25 11:03:09,Grand Temple Style Jadau Kundan Necklace With Goddess Lakshmi Pendant,Default Title,,3400.0,New Arrival,1,0,1,https://www.dulhanjewels.com/products/grand-temple-style-jadau-kundan-necklace-with-goddess-lakshmi-pendant?variant=gid://shopify/ProductVariant/51024560718130
2026-07-25 11:03:09,Designer Jadau Kundan Necklace With Emerald Beads,Default Title,,3000.0,New Arrival,1,0,1,https://www.dulhanjewels.com/products/designer-jadau-kundan-necklace-with-emerald-beads?variant=gid://shopify/ProductVariant/51196792897842
2026-07-25 11:03:09,Royal Multi Layer Pearl Jadau Kundan Necklace With Emerald Green Beads,Default Title,,3150.0,New Arrival,1,0,1,https://www.dulhanjewels.com/products/royal-multi-layer-pearl-jadau-kundan-necklace-with-emerald-green-beads?variant=gid://shopify/ProductVariant/51218775638322
2026-07-25 11:11:07,Latest Jadau Kundan Mango Necklace With Beads Hanging,Default Title,,10950.0,New Arrival,1,0,1,https://www.dulhanjewels.com/products/latest-jadau-kundan-mango-necklace-with-beads-hanging?variant=gid://shopify/ProductVariant/50641325293874
2026-07-25 11:21:05,Luxury Jadau Kundan Short Necklace With Emerald Drops,Default Title,,5500.0,Sold Out,1,1,0,https://www.dulhanjewels.com/products/luxury-jadau-kundan-short-necklace-with-emerald-drops?variant=gid://shopify/ProductVariant/51056764453170
2026-07-25 11:32:21,Imperial Jadau Kundan Jhumki Earrings With Emerald Drops,Default Title,,1500.0,Sold Out,1,1,0,https://www.dulhanjewels.com/products/imperial-jadau-kundan-jhumki-earrings-with-emerald-drops?variant=gid://shopify/ProductVariant/51039684264242
2026-07-25 11:41:05,Elegant Jadau Kundan Necklace With Pearl Beaded Layers,Default Title,,2750.0,Restock,1,0,1,https://www.dulhanjewels.com/products/elegant-jadau-kundan-necklace-with-pearl-beaded-layers?variant=gid://shopify/ProductVariant/51269613453618
2026-07-25 12:02:54,Delicate Gold Finish Jadau Kundan Floral Necklace,Default Title,,3800.0,Restock,1,0,1,https://www.dulhanjewels.com/products/delicate-gold-finish-jadau-kundan-floral-necklace?variant=gid://shopify/ProductVariant/51056756228402
2026-07-25 12:02:54,Designer Jadau Kundan Bridal Necklace Set With Pearl Layers,Default Title,,1450.0,Restock,1,0,1,https://www.dulhanjewels.com/products/designer-jadau-kundan-bridal-necklace-set-with-pearl-layers?variant=gid://shopify/ProductVariant/51114540597554
2026-07-25 12:02:54,Classic Green Beaded Necklace Set With Matching Earrings,Default Title,,1750.0,Restock,1,0,1,https://www.dulhanjewels.com/products/classic-green-beaded-necklace-set-with-matching-earrings?variant=gid://shopify/ProductVariant/51162618167602
2026-07-25 12:21:05,Designer Necklace Set With Matching Earrings,Green,,4800.0,Sold Out,1,1,0,https://www.dulhanjewels.com/products/designer-necklace-set-with-matching-earrings?variant=gid://shopify/ProductVariant/51484147286322
2026-07-25 12:31:34,Traditional Jadau Kundan Bridal Necklace Haram In Unqiue Design,Default Title,,14300.0,Sold Out,1,1,0,https://www.dulhanjewels.com/products/majestic-jadau-kundan-logo-necklace-with-lettuce-leaf-peacock-shape-design-green-beads-hanging?variant=gid://shopify/ProductVariant/50180965990706
2026-07-25 12:31:34,Layer By Layer Jadau Polki Beads Mala Set With Matching Earrings,Default Title,,3300.0,Sold Out,1,1,0,https://www.dulhanjewels.com/products/layer-by-layer-jadau-polki-beads-mala-set-with-matching-earrings?variant=gid://shopify/ProductVariant/50420139884850
2026-07-25 12:31:34,Simple Sleek Jadau Kundan Pearl Chain Necklace,Default Title,,2000.0,Sold Out,1,1,0,https://www.dulhanjewels.com/products/simple-sleek-jadau-kundan-pearl-chain-necklace?variant=gid://shopify/ProductVariant/50641481236786
2026-07-25 12:31:34,Bridal South Indian Jadau kundan Rani Haram,Default Title,,19200.0,Sold Out,1,1,0,https://www.dulhanjewels.com/products/bridal-south-indian-jadau-kundan-rani-haram?variant=gid://shopify/ProductVariant/50865962287410
2026-07-25 12:31:34,Imperial Jadau Kundan Chand Locket Necklace With Peacock Centerpiece And Pearl-Green Hangings,Default Title,,7950.0,Sold Out,1,1,0,https://www.dulhanjewels.com/products/imperial-jadau-kundan-chand-collar-necklace-with-peacock-centerpiece-and-pearl-green-hangings?variant=gid://shopify/ProductVariant/50933277524274
2026-07-25 12:31:34,Designer Jadau Kundan Pearl Mala,Default Title,,2850.0,Sold Out,1,1,0,https://www.dulhanjewels.com/products/designer-jadau-kundan-pearl-mala?variant=gid://shopify/ProductVariant/51002080526642
2026-07-25 12:31:34,Traditional Long Haram With Lord Ganesh Pendant,Default Title,,4500.0,Sold Out,1,1,0,https://www.dulhanjewels.com/products/traditional-long-haram-with-lord-ganesh-pendant?variant=gid://shopify/ProductVariant/51097212617010
2026-07-25 12:31:34,Stylish Green Beads Necklace With Traditional Mango Drops,Default Title,,3950.0,Sold Out,1,1,0,https://www.dulhanjewels.com/products/stylish-green-beads-necklace-with-traditional-mango-drops?variant=gid://shopify/ProductVariant/51114623402290
2026-07-25 12:41:04,Designer Krishna Flute Victorian Pendant With Ruby Baguette Stones,Default Title,,1200.0,Sold Out,1,1,0,https://www.dulhanjewels.com/products/designer-krishna-flute-victorian-pendant-with-ruby-baguette-stones-1?variant=gid://shopify/ProductVariant/51443058409778
2026-07-25 13:01:41,Reversible 2 in 1 Jadau Kundan Jalebi Necklace With Beads Hanging,Default Title,,2800.0,Sold Out,1,1,0,https://www.dulhanjewels.com/products/reversible-2-in-1-jadau-kundan-jalebi-necklace-with-pearl-hangings-bead-and-green-beads?variant=gid://shopify/ProductVariant/50988591939890
2026-07-25 13:01:41,Traditional Jalebi Jadau Kundan Necklace With Emerald Beads,White,,3400.0,Sold Out,1,1,0,https://www.dulhanjewels.com/products/traditional-jalebi-jadau-kundan-necklace-with-emerald-beads?variant=gid://shopify/ProductVariant/51178694476082
2026-07-25 13:01:41,Unique Jadau Kundan Hanging Chandbali Earrings,Default Title,,2250.0,Sold Out,1,1,0,https://www.dulhanjewels.com/products/unique-jadau-kundan-hanging-chandbali-earrings?variant=gid://shopify/ProductVariant/50666853237042
2026-07-25 13:01:41,Unique Jadau Kundan Necklace With Peacock Design Pendant,Default Title,,8000.0,Sold Out,1,1,0,https://www.dulhanjewels.com/products/unique-jadau-kundan-necklace-with-peacock-design-pendant?variant=gid://shopify/ProductVariant/51234786083122
2026-07-25 14:02:16,Peacock Design Jadau Kundan Stud Earrings,Default Title,,2350.0,Sale,1,2,1,https://www.dulhanjewels.com/products/peacock-design-jadau-kundan-stud-earrings-1?variant=gid://shopify/ProductVariant/51353872367922
2026-07-25 14:31:27,Jadau Kundan Grand Layer By Layer / 3 Lada Haram,Default Title,,4250.0,Sold Out,1,1,0,https://www.dulhanjewels.com/products/jadau-kundan-grand-layer-by-layer-3-lada-haram?variant=gid://shopify/ProductVariant/50799447474482
2026-07-25 14:31:27,Stylish Jadau Kundan Choker With Pearl Hangings,Default Title,,4150.0,Sold Out,1,1,0,https://www.dulhanjewels.com/products/stylish-jadau-kundan-choker-with-pearl-hangings?variant=gid://shopify/ProductVariant/51501316374834
2026-07-25 16:02:39,Bridal Circular Floral Studded Jadau Kundan Jhumki Earrings,Default Title,,3850.0,Sold Out,1,1,0,https://www.dulhanjewels.com/products/bridal-circular-floral-studded-jadau-kundan-jhumki-earrings?variant=gid://shopify/ProductVariant/50387919470898
2026-07-25 16:02:39,Ethnic Jadau Kundan Floral Long Necklace With Rice Pearls & Emerald Green Beads,Default Title,,6850.0,Sold Out,1,1,0,https://www.dulhanjewels.com/products/ethnic-jadau-kundan-floral-long-necklace-with-rice-pearls-emerald-green-beads?variant=gid://shopify/ProductVariant/51442137432370
2026-07-25 19:10:59,Traditional Jadau Kundan Long Necklace With Statement Floral Pendant,Default Title,,2750.0,Sold Out,1,1,0,https://www.dulhanjewels.com/products/traditional-jadau-kundan-long-necklace-with-statement-floral-pendant?variant=gid://shopify/ProductVariant/51107263447346
2026-07-25 19:41:00,Bridal Polki Victorian ChandBali with Swarovski Pearls,Green,,3000.0,Sold Out,1,1,0,https://www.dulhanjewels.com/products/bridal-polki-victorian-chandbali-with-swarovski-pearls?variant=gid://shopify/ProductVariant/49758674551090
2026-07-25 19:41:00,Designer Victorian Polki Maang Tikka With Pearl Tassels,Default Title,,1350.0,Sold Out,1,1,0,https://www.dulhanjewels.com/products/designer-victorian-polki-maang-tikka-with-pearl-tassels?variant=gid://shopify/ProductVariant/51450318553394
2026-07-25 21:51:02,Classic Ruby Green Jadau Kundan Chandbali Earrings With Rice Pearls,Default Title,,2600.0,Sold Out,1,1,0,https://www.dulhanjewels.com/products/classic-ruby-green-jadau-kundan-chandbali-earrings-with-rice-pearls?variant=gid://shopify/ProductVariant/51292590997810
