Timestamp,Product Title,Variant Title,SKU,Price,Event Type,Quantity,Previous Stock,Current Stock,Product URL
2026-07-17 17:02:07,Swaroski real necklace,Default Title,NK117,2310.0,Sale,1,5,4,https://www.kanshijewels.com/products/swaroski-real-necklace?variant=gid://shopify/ProductVariant/51295250841900
2026-07-17 21:02:03,Hasli necklace,Default Title,NK377,2835.0,Sale,1,3,2,https://www.kanshijewels.com/products/hasli-necklace?variant=gid://shopify/ProductVariant/50047854018860
2026-07-18 03:02:02,Hasli necklace,Default Title,NK377,2835.0,Sale,1,2,1,https://www.kanshijewels.com/products/hasli-necklace?variant=gid://shopify/ProductVariant/50047854018860
2026-07-18 03:02:02,Jadau pendant,Default Title,NK56,1250.0,Sale,1,3,2,https://www.kanshijewels.com/products/jadau-pendant-3?variant=gid://shopify/ProductVariant/52441954353452
2026-07-18 03:02:02,Elegant sheek jadau necklace and earring set,Default Title,NK913,1199.0,Sale,1,6,5,https://www.kanshijewels.com/products/elegant-sheek-jadau-necklace-and-earring-set?variant=gid://shopify/ProductVariant/53368929255724
2026-07-18 04:02:47,Classic emerald diamond motives necklace,Default Title,NK941,2200.0,Sale,1,20,19,https://www.kanshijewels.com/products/classic-emerald-diamond-motives-necklace?variant=gid://shopify/ProductVariant/53420246466860
2026-07-18 05:02:25,Jadau Kundan Choker,Default Title,NK458,1995.0,Sale,1,9,8,https://www.kanshijewels.com/products/jadau-kundan-chokar-28?variant=gid://shopify/ProductVariant/48667718484268
2026-07-18 05:02:25,Jadau Kundan Necklace,Default Title,NK366,3990.0,Sale,1,2,1,https://www.kanshijewels.com/products/jadau-kundan-necklace-199?variant=gid://shopify/ProductVariant/50048119472428
2026-07-18 05:02:25,Elegant Victorian Emerald,Default Title,ER520,450.0,Sale,1,5,4,https://www.kanshijewels.com/products/elegant-victorian-emerald?variant=gid://shopify/ProductVariant/53331945455916
2026-07-18 05:02:25,Designer coral cz danglers,Default Title,ER534,320.0,Sale,1,10,9,https://www.kanshijewels.com/products/designer-coral-cz-danglers?variant=gid://shopify/ProductVariant/53369132024108
2026-07-18 05:54:53,Jadau Kundan Earrings,Default Title,ER356,4830.0,Sale,1,3,2,https://www.kanshijewels.com/products/jadau-kundan-earrings-106?variant=gid://shopify/ProductVariant/47386691043628
2026-07-18 07:02:02,Jadau Chokar,Default Title,NK149,2205.0,Sale,1,6,5,https://www.kanshijewels.com/products/jadau-chokar-3?variant=gid://shopify/ProductVariant/51119688548652
2026-07-18 07:02:02,Dulhan jadau rani maangtika,Default Title,MT76,1450.0,Sale,1,19,18,https://www.kanshijewels.com/products/dulhan-jadau-rani-maangtika?variant=gid://shopify/ProductVariant/53420765151532
2026-07-18 08:02:02,Western yet traditional jadau bracelet,Default Title,AC155,1550.0,Sale,1,20,19,https://www.kanshijewels.com/products/western-yet-traditional-jadau-bracelet?variant=gid://shopify/ProductVariant/53418021191980
2026-07-18 08:02:02,Lotus motives dulhan jadau necklace earrings set,Default Title,NK950,4500.0,Sale,1,20,19,https://www.kanshijewels.com/products/lotus-motives-dulhan-jadau-necklace-earrings-set?variant=gid://shopify/ProductVariant/53420276613420
2026-07-18 09:03:09,Jadau Kundan Choker,Default Title,NK215,1575.0,Sale,1,5,4,https://www.kanshijewels.com/products/jadau-kundan-choker-23?variant=gid://shopify/ProductVariant/50702688878892
2026-07-18 10:03:23,Jadau Kundan Studs,Default Title,ER183,1680.0,Sale,1,9,8,https://www.kanshijewels.com/products/jadau-kundan-studs-8?variant=gid://shopify/ProductVariant/50702964293932
2026-07-18 10:47:47,Elegant Polki fusion set,Default Title,NK912,1999.0,Sale,1,6,5,https://www.kanshijewels.com/products/elegant-polki-fusion-set?variant=gid://shopify/ProductVariant/53368925651244
2026-07-18 13:03:06,Elegant minimal gold chain with pendant,Default Title,NK910,850.0,Sale,1,8,7,https://www.kanshijewels.com/products/elegant-minimal-gold-chain-with-pendant?variant=gid://shopify/ProductVariant/53368913658156
2026-07-18 14:03:19,Jadau Kundan Choker,Default Title,NK164,5775.0,Sale,1,3,2,https://www.kanshijewels.com/products/jadau-kundan-choker-36?variant=gid://shopify/ProductVariant/50786625683756
2026-07-18 14:03:19,Elegant jadau emerald white jhumkis,Default Title,ER535,1450.0,Sale,1,20,19,https://www.kanshijewels.com/products/elegant-jadau-emerald-white-jhumkis?variant=gid://shopify/ProductVariant/53420409356588
2026-07-18 14:03:19,Exclusive jadau western fusion danglers,Green,ER537,999.0,Sale,1,9,8,https://www.kanshijewels.com/products/exclusive-jadau-western-fusion-danglers?variant=gid://shopify/ProductVariant/53420803129644
2026-07-18 17:03:16,Jadau Maatil,Default Title,AC06,2360.0,Sale,2,4,2,https://www.kanshijewels.com/products/jadau-maatil?variant=gid://shopify/ProductVariant/52737325662508
2026-07-18 17:03:16,Hasli necklace,Default Title,NK377,2835.0,Sold Out,1,1,0,https://www.kanshijewels.com/products/hasli-necklace?variant=gid://shopify/ProductVariant/50047854018860
2026-07-19 03:01:58,Rani Haram,Default Title,NK124,3990.0,Sold Out,1,1,0,https://www.kanshijewels.com/products/rani-haram-6?variant=gid://shopify/ProductVariant/51119758737708
2026-07-19 04:03:36,Jadau Kundan Choker,Default Title,NK455,3885.0,Sale,1,7,6,https://www.kanshijewels.com/products/jadau-kundan-choker-necklace-set?variant=gid://shopify/ProductVariant/48667721236780
2026-07-19 04:03:36,Real Pearls Maatil,Default Title,AC75,787.5,Sale,1,2,1,https://www.kanshijewels.com/products/real-pearls-maatil?variant=gid://shopify/ProductVariant/50955131945260
2026-07-19 04:03:36,Jadau Necklace,Default Title,NK146,2100.0,Sale,1,10,9,https://www.kanshijewels.com/products/jadau-necklace-5?variant=gid://shopify/ProductVariant/51119705325868
2026-07-19 05:03:15,Elegant Polki fusion set,Default Title,NK912,1999.0,Sale,1,5,4,https://www.kanshijewels.com/products/elegant-polki-fusion-set?variant=gid://shopify/ProductVariant/53368925651244
2026-07-19 06:02:53,Jadau Kundan Maang Tikka,Default Title,MT33,1260.0,Sale,1,9,8,https://www.kanshijewels.com/products/jadau-kundan-maang-tika-26?variant=gid://shopify/ProductVariant/48249343672620
2026-07-19 06:02:53,Swaroski real necklace,Default Title,NK117,2310.0,Sale,1,4,3,https://www.kanshijewels.com/products/swaroski-real-necklace?variant=gid://shopify/ProductVariant/51295250841900
2026-07-19 06:02:53,Multipurpose hasli,Default Title,NK893,850.0,Sale,1,4,3,https://www.kanshijewels.com/products/multipurpose-hasli?variant=gid://shopify/ProductVariant/53255992475948
2026-07-19 06:02:53,Elegant minimal gold chain with pendant,Default Title,NK910,850.0,Sale,1,7,6,https://www.kanshijewels.com/products/elegant-minimal-gold-chain-with-pendant?variant=gid://shopify/ProductVariant/53368913658156
2026-07-19 06:49:39,Multipurpose Chain,Default Title,NK197,546.0,Sale,1,8,7,https://www.kanshijewels.com/products/multipurpose-chain?variant=gid://shopify/ProductVariant/50702819459372
2026-07-19 10:03:10,Elegant Polki fusion set,Default Title,NK912,1999.0,Sale,1,4,3,https://www.kanshijewels.com/products/elegant-polki-fusion-set?variant=gid://shopify/ProductVariant/53368925651244
2026-07-19 14:03:16,Multipurpose Chain,Default Title,NK197,546.0,Sale,1,7,6,https://www.kanshijewels.com/products/multipurpose-chain?variant=gid://shopify/ProductVariant/50702819459372
2026-07-19 14:03:16,Jadau Kundan Choker,Default Title,NK491,2310.0,Sold Out,1,1,0,https://www.kanshijewels.com/products/jadau-kundan-chokar-26?variant=gid://shopify/ProductVariant/48242842632492
2026-07-19 14:44:25,Designer coral cz danglers,Default Title,ER534,320.0,Sale,1,9,8,https://www.kanshijewels.com/products/designer-coral-cz-danglers?variant=gid://shopify/ProductVariant/53369132024108
2026-07-19 16:02:48,Elegant minimal gold chain with pendant,Default Title,NK910,850.0,Sale,1,6,5,https://www.kanshijewels.com/products/elegant-minimal-gold-chain-with-pendant?variant=gid://shopify/ProductVariant/53368913658156
2026-07-19 18:03:04,Jadau Necklace,Default Title,NK146,2100.0,Sale,1,9,8,https://www.kanshijewels.com/products/jadau-necklace-5?variant=gid://shopify/ProductVariant/51119705325868
2026-07-20 03:09:06,Elegant jadau green pearls studs,Default Title,ER536,1300.0,Sale,1,20,19,https://www.kanshijewels.com/products/elegant-jadau-green-pearls-studs?variant=gid://shopify/ProductVariant/53420412338476
2026-07-20 05:03:09,Jadau pendant,Default Title,NK56,1250.0,Sale,1,2,1,https://www.kanshijewels.com/products/jadau-pendant-3?variant=gid://shopify/ProductVariant/52441954353452
2026-07-20 07:02:02,Jadau Kundan Clip,Default Title,AC121,1039.5,Sale,1,4,3,https://www.kanshijewels.com/products/jadau-kundan-clip-1?variant=gid://shopify/ProductVariant/46477187088684
2026-07-20 07:02:02,Jadau Kundan Clip,Default Title,AC120,1039.5,Sale,1,2,1,https://www.kanshijewels.com/products/jadau-kundan-clip-2?variant=gid://shopify/ProductVariant/46477197902124
2026-07-20 07:02:02,Jadau Kundan Clip,Default Title,AC119,1039.5,Sale,1,2,1,https://www.kanshijewels.com/products/jadau-kundan-clip-3?variant=gid://shopify/ProductVariant/46477212156204
2026-07-20 07:02:02,Jadau Kundan Clip,Default Title,AC117,1039.5,Sale,1,3,2,https://www.kanshijewels.com/products/jadau-kundan-clip-5?variant=gid://shopify/ProductVariant/46477236666668
2026-07-20 07:02:02,Jadau kundan hair pin,Default Title,AC106,1470.0,Sale,1,4,3,https://www.kanshijewels.com/products/jadau-kundan-hair-pin?variant=gid://shopify/ProductVariant/50321645142316
2026-07-20 08:02:02,Jadau Kundan Heavy Necklace,Default Title,NK635,19950.0,Sale,1,9,8,https://www.kanshijewels.com/products/jadau-kundan-heavy-necklace-119?variant=gid://shopify/ProductVariant/46477818233132
2026-07-20 08:02:02,Jadau Kundan Earrings,Default Title,ER305,1575.0,Restock,10,0,10,https://www.kanshijewels.com/products/jadau-kundan-earrings-140?variant=gid://shopify/ProductVariant/48243340247340
2026-07-20 08:02:02,Jadau Kundan Stud Earrings,Default Title,ER271,1039.5,Restock,10,0,10,https://www.kanshijewels.com/products/jadau-kundan-stud-earrings-54?variant=gid://shopify/ProductVariant/49513761407276
2026-07-20 09:02:04,Jadau Kundan Choker,Default Title,NK496,3990.0,Sale,1,9,8,https://www.kanshijewels.com/products/jadau-kundan-chokar-21?variant=gid://shopify/ProductVariant/48242796724524
2026-07-20 12:02:06,Mangalsutra,Default Title,AC148,1260.0,Sale,1,5,4,https://www.kanshijewels.com/products/mangalsutra-1?variant=gid://shopify/ProductVariant/45448716812588
2026-07-20 12:02:06,Coral Jadau Mangalsutra,Default Title,NK411,945.0,Sale,1,5,4,https://www.kanshijewels.com/products/coral-jadau-mangalsutra?variant=gid://shopify/ProductVariant/49945920307500
2026-07-20 12:02:06,Lion jadau pendant,Default Title,NK217,3885.0,Sold Out,6,6,0,https://www.kanshijewels.com/products/lion-jadau-pendant?variant=gid://shopify/ProductVariant/50490390511916
2026-07-20 14:02:15,Jadau Kundan Maang Tikka,Default Title,MT54,1470.0,Sale,1,2,1,https://www.kanshijewels.com/products/jadau-kundan-maang-tika-8?variant=gid://shopify/ProductVariant/46476569641260
2026-07-20 14:02:15,Jadau Necklace,Default Title,NK146,2100.0,Sale,1,8,7,https://www.kanshijewels.com/products/jadau-necklace-5?variant=gid://shopify/ProductVariant/51119705325868
2026-07-20 15:02:07,Multipurpose Chain,Default Title,NK197,546.0,Sale,1,6,5,https://www.kanshijewels.com/products/multipurpose-chain?variant=gid://shopify/ProductVariant/50702819459372
2026-07-21 11:02:00,Jadau Kundan Pendant,Default Title,NK361,1470.0,Sale,1,6,5,https://www.kanshijewels.com/products/jadau-kundan-pendant-43?variant=gid://shopify/ProductVariant/50048285835564
2026-07-21 11:02:00,Bugadi,Default Title,ER176,661.5,Sale,1,5,4,https://www.kanshijewels.com/products/bugadi-4?variant=gid://shopify/ProductVariant/50724521705772
2026-07-21 11:02:00,Pearls bracelets,Default Title,AC38,313.95,Sale,1,10,9,https://www.kanshijewels.com/products/mossanite-92-5-pure-silver-nose-pin-copy?variant=gid://shopify/ProductVariant/52018498044204
2026-07-21 11:02:00,elegant jadau bridesmaids chokar,Default Title,NK931,1450.0,Sale,1,20,19,https://www.kanshijewels.com/products/elegant-jadau-bridesmaids-chokar?variant=gid://shopify/ProductVariant/53420202950956
2026-07-21 11:02:00,Mossanite necklace,Default Title,NK47,2990.0,Sold Out,1,1,0,https://www.kanshijewels.com/products/mossanite-ruby-chokar-copy?variant=gid://shopify/ProductVariant/52445222863148
2026-07-21 13:02:05,Jadau Accessories,Default Title,AC112,1890.0,Sale,1,10,9,https://www.kanshijewels.com/products/jadau-accessories-1?variant=gid://shopify/ProductVariant/47854162149676
2026-07-21 13:02:05,Jadau Kundan Maang Tikka,Default Title,MT33,1260.0,Sale,1,8,7,https://www.kanshijewels.com/products/jadau-kundan-maang-tika-26?variant=gid://shopify/ProductVariant/48249343672620
2026-07-21 13:02:05,Kundan tika,Default Title,MT10,1500.0,Sale,1,2,1,https://www.kanshijewels.com/products/mossanite-tika-5?variant=gid://shopify/ProductVariant/52445288104236
2026-07-21 13:02:05,Jadau tika,Default Title,MT02,1200.0,Sale,1,6,5,https://www.kanshijewels.com/products/jadau-tika-6?variant=gid://shopify/ProductVariant/52445307601196
2026-07-21 14:02:16,Pearl Choker,Default Title,NK213,1995.0,Sale,1,6,5,https://www.kanshijewels.com/products/pearl-choker?variant=gid://shopify/ProductVariant/50702711357740
2026-07-21 14:02:16,Jadau septum nose pin,Default Title,NP02,999.0,Sale,1,6,5,https://www.kanshijewels.com/products/jadau-septum-nose-pin-1?variant=gid://shopify/ProductVariant/52441930170668
2026-07-21 14:02:16,Jadau tika,Default Title,MT02,1200.0,Sale,1,5,4,https://www.kanshijewels.com/products/jadau-tika-6?variant=gid://shopify/ProductVariant/52445307601196
2026-07-21 14:02:16,Jadau chokar,Default Title,NK17,2300.0,Sale,1,10,9,https://www.kanshijewels.com/products/royal-jadau-kundan-choker-set?variant=gid://shopify/ProductVariant/53174040330540
2026-07-21 15:02:05,Bugadi,Default Title,ER176,661.5,Sale,1,4,3,https://www.kanshijewels.com/products/bugadi-4?variant=gid://shopify/ProductVariant/50724521705772
2026-07-21 15:57:49,Jadau Mango Necklace,Default Title,NK394,7140.0,Sale,1,6,5,https://www.kanshijewels.com/products/jadau-kundan-long-harams-28?variant=gid://shopify/ProductVariant/49987393716524
2026-07-21 15:57:49,Jadau Chokar,Default Title,NK149,2205.0,Sale,1,5,4,https://www.kanshijewels.com/products/jadau-chokar-3?variant=gid://shopify/ProductVariant/51119688548652
2026-07-21 19:02:02,Exclusive jadau western fusion danglers,Green,ER537,999.0,Sale,1,8,7,https://www.kanshijewels.com/products/exclusive-jadau-western-fusion-danglers?variant=gid://shopify/ProductVariant/53420803129644
2026-07-22 02:02:05,Classic peacock motive jadau chokar_,Default Title,NK933,1890.0,Sale,1,20,19,https://www.kanshijewels.com/products/classic-peacock-motive-jadau-chokar_?variant=gid://shopify/ProductVariant/53420215927084
2026-07-22 04:02:00,Bugadi,Default Title,ER176,661.5,Sale,1,3,2,https://www.kanshijewels.com/products/bugadi-4?variant=gid://shopify/ProductVariant/50724521705772
2026-07-22 10:02:02,Jadau necklace,Default Title,NK40,4600.0,Restock,1,0,1,https://www.kanshijewels.com/products/mossanite-chokar-copy?variant=gid://shopify/ProductVariant/52445238198572
2026-07-22 14:02:09,Jadau Kundan Maang Tikka,Default Title,MT40,1155.0,Sale,1,10,9,https://www.kanshijewels.com/products/jadau-kundan-maang-tika-19?variant=gid://shopify/ProductVariant/48243440845100
2026-07-22 14:02:09,Jadau Kundan Choker,Default Title,NK416,2520.0,Sale,1,6,5,https://www.kanshijewels.com/products/jadau-kundan-choker-17?variant=gid://shopify/ProductVariant/49513746759980
2026-07-22 14:02:09,Jadau Kundan haram,Default Title,NK77,7339.5,Sale,1,8,7,https://www.kanshijewels.com/products/jadau-kundan-long-harams-30?variant=gid://shopify/ProductVariant/52022461464876
2026-07-22 14:02:09,Multipurpose hasli,Default Title,NK893,850.0,Sale,1,3,2,https://www.kanshijewels.com/products/multipurpose-hasli?variant=gid://shopify/ProductVariant/53255992475948
2026-07-22 15:02:12,Jadau pendant,Default Title,NK56,1250.0,Sold Out,1,1,0,https://www.kanshijewels.com/products/jadau-pendant-3?variant=gid://shopify/ProductVariant/52441954353452
2026-07-22 15:54:38,Elegant minimal gold chain with pendant,Default Title,NK910,850.0,Sale,1,5,4,https://www.kanshijewels.com/products/elegant-minimal-gold-chain-with-pendant?variant=gid://shopify/ProductVariant/53368913658156
2026-07-22 17:02:06,Jadau Kundan Stud Earrings,Default Title,ER271,1039.5,Sale,1,10,9,https://www.kanshijewels.com/products/jadau-kundan-stud-earrings-54?variant=gid://shopify/ProductVariant/49513761407276
2026-07-22 18:02:07,Pearl Necklace,Default Title,NK210,2310.0,Sale,1,7,6,https://www.kanshijewels.com/products/pearl-necklace-1?variant=gid://shopify/ProductVariant/50702732788012
2026-07-22 19:02:09,Jadau jhumkas,Default Title,ER109,1550.0,Sale,1,8,7,https://www.kanshijewels.com/products/jadau-jhumkas-5?variant=gid://shopify/ProductVariant/52445348954412
2026-07-23 04:02:01,Jadau Kundan Maang Tikka,Default Title,MT44,945.0,Sale,1,4,3,https://www.kanshijewels.com/products/jadau-kundan-maang-tika-15?variant=gid://shopify/ProductVariant/48243407814956
2026-07-23 08:02:04,Classic dulhan jadau fusion chokar,Default Title,NK939,5239.0,Sale,1,20,19,https://www.kanshijewels.com/products/classic-dulhan-jadau-fusion-chokar?variant=gid://shopify/ProductVariant/53420236079404
2026-07-23 09:02:07,Jadau Kundan Choker,Default Title,NK517,2625.0,Sale,1,9,8,https://www.kanshijewels.com/products/jadau-kundan-chokar-10?variant=gid://shopify/ProductVariant/47854171488556
2026-07-23 11:02:06,Jadau pendant,Default Title,NK53,2650.0,Sold Out,1,1,0,https://www.kanshijewels.com/products/jadau-pendant-6?variant=gid://shopify/ProductVariant/52441958940972
2026-07-23 11:02:06,Jadau pendant,Default Title,NK52,1650.0,Sold Out,1,1,0,https://www.kanshijewels.com/products/jadau-pendant-7?variant=gid://shopify/ProductVariant/52441959596332
2026-07-23 16:02:05,Multipurpose Chain,Default Title,NK197,546.0,Sale,1,5,4,https://www.kanshijewels.com/products/multipurpose-chain?variant=gid://shopify/ProductVariant/50702819459372
2026-07-23 16:02:05,Elegant kundan work swaroski pearls necklace,Default Title,NK909,1990.0,Sale,1,6,5,https://www.kanshijewels.com/products/elegant-kundan-work-swaroski-pearls-necklace?variant=gid://shopify/ProductVariant/53368863424812
2026-07-23 16:02:05,Ganda berunda pendant with matar mala,Default Title,NK947,3990.0,Sale,1,20,19,https://www.kanshijewels.com/products/ganda-berunda-pendant-with-matar-mala?variant=gid://shopify/ProductVariant/53420268323116
2026-07-23 19:02:02,Jadau necklace,Default Title,NK40,4600.0,Sold Out,1,1,0,https://www.kanshijewels.com/products/mossanite-chokar-copy?variant=gid://shopify/ProductVariant/52445238198572
2026-07-24 00:14:43,Exclusive jadau western fusion danglers,Green,ER537,999.0,Sale,1,7,6,https://www.kanshijewels.com/products/exclusive-jadau-western-fusion-danglers?variant=gid://shopify/ProductVariant/53420803129644
2026-07-24 00:14:43,Jadau Kundan Jhumkas,Default Title,ER168,1785.0,Sold Out,1,1,0,https://www.kanshijewels.com/products/jadau-kundan-jhumkas-36?variant=gid://shopify/ProductVariant/51119768076588
2026-07-24 03:02:01,Jadau Chain Necklace with earrings,Default Title,ER173,3360.0,Sale,1,7,6,https://www.kanshijewels.com/products/jadau-chain-necklace?variant=gid://shopify/ProductVariant/51119233794348
2026-07-24 04:01:59,Classic peacock motive jadau chokar_,Default Title,NK933,1890.0,Sale,1,19,18,https://www.kanshijewels.com/products/classic-peacock-motive-jadau-chokar_?variant=gid://shopify/ProductVariant/53420215927084
2026-07-24 07:02:12,Test,Default Title,AC19,1.0,Sold Out,9999,9999,0,https://www.kanshijewels.com/products/test?variant=gid://shopify/ProductVariant/52616969748780
2026-07-24 09:02:05,Elegant Polki fusion set,Default Title,NK912,1999.0,Sale,1,3,2,https://www.kanshijewels.com/products/elegant-polki-fusion-set?variant=gid://shopify/ProductVariant/53368925651244
2026-07-24 09:02:05,diamond look CZ necklace earrings set,Default Title,NK930,999.0,Sale,1,20,19,https://www.kanshijewels.com/products/diamond-look-cz-necklace-earrings-set?variant=gid://shopify/ProductVariant/53420200460588
2026-07-24 12:02:09,Polki fusion set,Default Title,NK891,1999.0,Sale,1,7,6,https://www.kanshijewels.com/products/polki-fusion-set?variant=gid://shopify/ProductVariant/53255985856812
2026-07-24 13:02:16,Jadau Kundan Ear Cuffs,Default Title,AC135,1470.0,Sale,1,5,4,https://www.kanshijewels.com/products/jadau-kundan-maang-tika-51?variant=gid://shopify/ProductVariant/45462707896620
2026-07-24 13:02:16,Jadau Kundan Ear Cuffs,Default Title,AC125,577.5,Sale,1,6,5,https://www.kanshijewels.com/products/jadau-kundan-ear-cuffs?variant=gid://shopify/ProductVariant/46477093929260
2026-07-24 18:02:01,Jadau Kundan Choker,Default Title,NK455,3885.0,Sale,1,6,5,https://www.kanshijewels.com/products/jadau-kundan-choker-necklace-set?variant=gid://shopify/ProductVariant/48667721236780
2026-07-25 06:03:40,Jadau Kundan Coral Necklace,Default Title,NK363,3675.0,Sale,1,3,2,https://www.kanshijewels.com/products/jadau-kundan-coral-necklace?variant=gid://shopify/ProductVariant/50048130482476
2026-07-25 07:02:04,Elegant Polki fusion set,Default Title,NK912,1999.0,Sale,1,2,1,https://www.kanshijewels.com/products/elegant-polki-fusion-set?variant=gid://shopify/ProductVariant/53368925651244
2026-07-25 12:03:15,Multipurpose hasli,Default Title,NK893,850.0,Sold Out,2,2,0,https://www.kanshijewels.com/products/multipurpose-hasli?variant=gid://shopify/ProductVariant/53255992475948
2026-07-25 13:02:05,Jadau Kundan Choker,Default Title,NK417,2310.0,Sale,1,2,1,https://www.kanshijewels.com/products/jadau-kundan-choker-16?variant=gid://shopify/ProductVariant/49513746399532
2026-07-25 13:02:05,Pearls bracelets,Default Title,AC38,313.95,Sale,1,9,8,https://www.kanshijewels.com/products/mossanite-92-5-pure-silver-nose-pin-copy?variant=gid://shopify/ProductVariant/52018498044204
2026-07-25 15:02:25,Jadau Hasli,Default Title,NK22,2700.0,Sale,1,2,1,https://www.kanshijewels.com/products/jadau-hasli-necklace?variant=gid://shopify/ProductVariant/52737286144300
2026-07-26 06:02:53,Jadau Kundan Necklace,Default Title,NK868,3360.0,Sale,1,7,6,https://www.kanshijewels.com/products/jadau-kundan-necklace-23?variant=gid://shopify/ProductVariant/45426038047020
2026-07-26 07:02:59,Jadau Mango Necklace,Default Title,NK394,7140.0,Sale,1,5,4,https://www.kanshijewels.com/products/jadau-kundan-long-harams-28?variant=gid://shopify/ProductVariant/49987393716524
2026-07-26 07:02:59,Elegant Polki fusion set,Default Title,NK912,1999.0,Sold Out,1,1,0,https://www.kanshijewels.com/products/elegant-polki-fusion-set?variant=gid://shopify/ProductVariant/53368925651244
2026-07-26 08:00:13,Multipurpose Chain,Default Title,NK197,546.0,Sale,1,4,3,https://www.kanshijewels.com/products/multipurpose-chain?variant=gid://shopify/ProductVariant/50702819459372
2026-07-26 08:00:13,Elegant minimal gold chain with pendant,Default Title,NK910,850.0,Sale,1,4,3,https://www.kanshijewels.com/products/elegant-minimal-gold-chain-with-pendant?variant=gid://shopify/ProductVariant/53368913658156
2026-07-26 09:02:32,Jadau Kundan Maang Tikka,Default Title,MT59,1260.0,Sale,1,6,5,https://www.kanshijewels.com/products/jadau-kundan-maang-tika-3?variant=gid://shopify/ProductVariant/46476390039852
2026-07-26 13:01:58,Jadau Chokar,Default Title,NK149,2205.0,Sale,1,4,3,https://www.kanshijewels.com/products/jadau-chokar-3?variant=gid://shopify/ProductVariant/51119688548652
2026-07-26 15:46:17,Jadau Kundan Ear Cuffs,Default Title,AC125,577.5,Sale,1,5,4,https://www.kanshijewels.com/products/jadau-kundan-ear-cuffs?variant=gid://shopify/ProductVariant/46477093929260
2026-07-26 17:02:39,Jadau Kundan Earrings,Default Title,ER418,2625.0,Sale,1,4,3,https://www.kanshijewels.com/products/jadau-kundan-earrings-31?variant=gid://shopify/ProductVariant/46472095629612
2026-07-26 17:02:39,Jadau Accessories,Default Title,AC112,1890.0,Sale,1,9,8,https://www.kanshijewels.com/products/jadau-accessories-1?variant=gid://shopify/ProductVariant/47854162149676
2026-07-26 17:02:39,Jadau Kundan Choker,Default Title,NK205,3990.0,Sale,1,10,9,https://www.kanshijewels.com/products/jadau-kundan-choker-29?variant=gid://shopify/ProductVariant/50702783414572
2026-07-26 17:02:39,Jadau tika,Default Title,MT05,970.0,Sold Out,1,1,0,https://www.kanshijewels.com/products/jadau-tika-3?variant=gid://shopify/ProductVariant/52445302358316
2026-07-26 18:03:03,Jadau Chokar,Default Title,NK149,2205.0,Sale,1,3,2,https://www.kanshijewels.com/products/jadau-chokar-3?variant=gid://shopify/ProductVariant/51119688548652
2026-07-26 18:03:03,Mossanite tika,Default Title,MT14,850.0,Sale,1,8,7,https://www.kanshijewels.com/products/mossanite-tika-2?variant=gid://shopify/ProductVariant/52445284696364
2026-07-26 18:03:03,Jadau Kundan Maang Tikka,Default Title,MT54,1470.0,Sold Out,1,1,0,https://www.kanshijewels.com/products/jadau-kundan-maang-tika-8?variant=gid://shopify/ProductVariant/46476569641260
2026-07-27 07:02:38,Diamond emerald fusion set,Default Title,NK13,2100.0,Sale,1,8,7,https://www.kanshijewels.com/products/bridal-diamond-emerald-jewelry-set?variant=gid://shopify/ProductVariant/53174049014060
2026-07-27 09:01:57,Elegant Polki fusion set,Default Title,NK912,1999.0,Restock,10,0,10,https://www.kanshijewels.com/products/elegant-polki-fusion-set?variant=gid://shopify/ProductVariant/53368925651244
2026-07-27 12:02:08,Victorian gold finish,Default Title,NK958,1999.0,Sale,19,20,1,https://www.kanshijewels.com/products/victorian-gold-finish?variant=gid://shopify/ProductVariant/53420297486636
2026-07-28 03:02:07,Single Line Necklace,Default Title,NK194,2415.0,Sale,1,9,8,https://www.kanshijewels.com/products/single-line-necklace?variant=gid://shopify/ProductVariant/50702834073900
2026-07-28 08:02:04,Multipurpose Chain,Default Title,NK197,546.0,Sale,1,3,2,https://www.kanshijewels.com/products/multipurpose-chain?variant=gid://shopify/ProductVariant/50702819459372
2026-07-28 10:02:11,Dulhan bridal jadau hair choti,Default Title,AC157,5100.0,New Arrival,20,0,20,https://www.kanshijewels.com/products/dulhan-bridal-jadau-hair-choti?variant=gid://shopify/ProductVariant/53468187001132
2026-07-28 10:02:11,Dulhan rani jadau kundan traditional elegant chokar necklace,Default Title,NK961,5800.0,New Arrival,20,0,20,https://www.kanshijewels.com/products/dulhan-rani-jadau-kundan-traditional-elegant-chokar-necklace?variant=gid://shopify/ProductVariant/53468191195436
2026-07-28 10:02:11,Swaroski pearls multi tumble triple layer necklace,Default Title,NK962,1900.0,New Arrival,1,0,1,https://www.kanshijewels.com/products/swaroski-pearls-multi-tumble-triple-layer-necklace?variant=gid://shopify/ProductVariant/53468191752492
2026-07-28 12:02:08,Jadau Kundan Earrings,Default Title,ER406,3885.0,Sale,1,3,2,https://www.kanshijewels.com/products/jadau-kundan-earrings-88?variant=gid://shopify/ProductVariant/46472495169836
2026-07-28 12:02:08,Jadau Kundan Maang Tika,Default Title,MT22,1575.0,Sale,1,2,1,https://www.kanshijewels.com/products/jadau-kundan-maang-tika-37?variant=gid://shopify/ProductVariant/48249458557228
2026-07-28 12:02:08,Precious swaroski kundan work fusion mala,Default Title,NK918,1550.0,Sale,1,9,8,https://www.kanshijewels.com/products/precious-swaroski-kundan-work-fusion-mala?variant=gid://shopify/ProductVariant/53368954454316
2026-07-28 13:02:10,Sun and Moon Hair Accessory,Default Title,AC79,2079.0,Sale,1,5,4,https://www.kanshijewels.com/products/bugadi?variant=gid://shopify/ProductVariant/50724437688620
2026-07-28 16:02:02,Jadau Kundan Maang Tikka,Default Title,MT33,1260.0,Sale,1,7,6,https://www.kanshijewels.com/products/jadau-kundan-maang-tika-26?variant=gid://shopify/ProductVariant/48249343672620
2026-07-28 19:02:26,Jadau gandaberunda pendant,Default Title,NK01,3600.0,Sale,1,4,3,https://www.kanshijewels.com/products/jadau-gandaberunda-pendant?variant=gid://shopify/ProductVariant/53180547465516
2026-07-28 20:02:08,Dulhan jadau rani maangtika,Default Title,MT76,1450.0,Sale,1,18,17,https://www.kanshijewels.com/products/dulhan-jadau-rani-maangtika?variant=gid://shopify/ProductVariant/53420765151532
2026-07-29 00:02:13,Jadau tika,Default Title,MT06,950.0,Sale,1,2,1,https://www.kanshijewels.com/products/jadau-tika-2?variant=gid://shopify/ProductVariant/52445298426156
2026-07-29 00:02:13,Elegant jadau dulhan jhumkas,Default Title,ER526,2600.0,Sale,1,9,8,https://www.kanshijewels.com/products/elegant-jadau-dulhan-jhumkas?variant=gid://shopify/ProductVariant/53369020023084
2026-07-29 02:02:19,Elegant minimal gold chain with pendant,Default Title,NK910,850.0,Sale,1,3,2,https://www.kanshijewels.com/products/elegant-minimal-gold-chain-with-pendant?variant=gid://shopify/ProductVariant/53368913658156
2026-07-29 04:02:08,Jadau Kundan Choker,Default Title,NK209,2415.0,Sale,1,6,5,https://www.kanshijewels.com/products/jadau-kundan-choker-27?variant=gid://shopify/ProductVariant/50702740783404
2026-07-29 04:02:08,Multipurpose Chain,Default Title,NK197,546.0,Sale,1,2,1,https://www.kanshijewels.com/products/multipurpose-chain?variant=gid://shopify/ProductVariant/50702819459372
2026-07-29 06:01:59,Jadau Maatil,Default Title,AC06,2360.0,Sale,1,2,1,https://www.kanshijewels.com/products/jadau-maatil?variant=gid://shopify/ProductVariant/52737325662508
2026-07-29 07:02:03,Jadau bugadi,Default Title,ER131,920.0,Sale,1,9,8,https://www.kanshijewels.com/products/jadau-bugadi-1?variant=gid://shopify/ProductVariant/52441936232748
2026-07-29 08:02:09,Jadau Kundan Coral Necklace,Default Title,NK363,3675.0,Sale,1,2,1,https://www.kanshijewels.com/products/jadau-kundan-coral-necklace?variant=gid://shopify/ProductVariant/50048130482476
2026-07-29 10:03:01,Real Pearls Maatil,Default Title,AC75,787.5,Sold Out,1,1,0,https://www.kanshijewels.com/products/real-pearls-maatil?variant=gid://shopify/ProductVariant/50955131945260
2026-07-29 14:02:16,Designer coral cz danglers,Default Title,ER534,320.0,Sale,1,8,7,https://www.kanshijewels.com/products/designer-coral-cz-danglers?variant=gid://shopify/ProductVariant/53369132024108
2026-07-29 14:02:16,Multipurpose Chain,Default Title,NK197,546.0,Sold Out,1,1,0,https://www.kanshijewels.com/products/multipurpose-chain?variant=gid://shopify/ProductVariant/50702819459372
2026-07-29 16:02:01,Jadau pearl choker,Default Title,NK346,1890.0,Sale,1,7,6,https://www.kanshijewels.com/products/jadau-pearl-choker-1?variant=gid://shopify/ProductVariant/50321583800620
2026-07-29 17:01:57,Bugadi,Default Title,ER177,714.0,Sale,1,4,3,https://www.kanshijewels.com/products/bugadi-3?variant=gid://shopify/ProductVariant/50724518396204
2026-07-29 17:01:57,Exclusive jadau western fusion danglers,Green,ER537,999.0,Sale,1,6,5,https://www.kanshijewels.com/products/exclusive-jadau-western-fusion-danglers?variant=gid://shopify/ProductVariant/53420803129644
2026-07-30 03:02:08,Jadau Kundan Stud Earrings,Default Title,ER281,1039.5,Sale,1,3,2,https://www.kanshijewels.com/products/jadau-kundan-stud-earrings-50?variant=gid://shopify/ProductVariant/48974915600684
2026-07-30 04:01:57,Jadau Kundan Earrings,Default Title,ER286,1312.5,Sale,1,3,2,https://www.kanshijewels.com/products/jadau-kundan-earrings-156?variant=gid://shopify/ProductVariant/48667766554924
2026-07-30 04:01:57,Jadau Chain Necklace with earrings,Default Title,ER173,3360.0,Sale,1,6,5,https://www.kanshijewels.com/products/jadau-chain-necklace?variant=gid://shopify/ProductVariant/51119233794348
2026-07-30 04:01:57,Jadau bugadi,Default Title,ER131,920.0,Sale,1,8,7,https://www.kanshijewels.com/products/jadau-bugadi-1?variant=gid://shopify/ProductVariant/52441936232748
2026-07-30 06:02:04,Jadau Kundan Choker,Default Title,NK209,2415.0,Sale,1,5,4,https://www.kanshijewels.com/products/jadau-kundan-choker-27?variant=gid://shopify/ProductVariant/50702740783404
2026-07-30 09:02:04,Jadau Kundan Stud Earrings,Default Title,ER271,1039.5,Sale,1,9,8,https://www.kanshijewels.com/products/jadau-kundan-stud-earrings-54?variant=gid://shopify/ProductVariant/49513761407276
2026-07-30 13:01:56,Jadau Kundan Studs,Default Title,ER232,1680.0,Sale,1,7,6,https://www.kanshijewels.com/products/jadau-kundan-studs-4?variant=gid://shopify/ProductVariant/50048197787948
2026-07-30 17:01:57,Jadau Kundan Clip,Default Title,AC136,1365.0,Sale,1,2,1,https://www.kanshijewels.com/products/jadau-kundan-maang-tika-50?variant=gid://shopify/ProductVariant/45462707863852
2026-07-30 18:02:10,Jadau Kundan Maang Tika,Default Title,MT18,945.0,Sale,1,4,3,https://www.kanshijewels.com/products/jadau-kundan-maang-tika-83?variant=gid://shopify/ProductVariant/48974904492332
2026-07-30 18:02:10,Jadau Kundan Jhumkas,Default Title,ER162,4935.0,Sale,1,3,2,https://www.kanshijewels.com/products/jadau-kundan-jhumkas-42?variant=gid://shopify/ProductVariant/51119783706924
2026-07-30 19:02:11,Jadau Hasli,Default Title,NK22,2700.0,Sold Out,1,1,0,https://www.kanshijewels.com/products/jadau-hasli-necklace?variant=gid://shopify/ProductVariant/52737286144300
2026-07-31 07:01:59,Jadau Kundan Tikas or Pendant,Default Title,NK754,1260.0,Sale,1,2,1,https://www.kanshijewels.com/products/jadau-kundan-maang-tika-68?variant=gid://shopify/ProductVariant/45462708879660
2026-07-31 08:01:59,Jadau Kundan Choker,Default Title,NK455,3885.0,Sale,1,5,4,https://www.kanshijewels.com/products/jadau-kundan-choker-necklace-set?variant=gid://shopify/ProductVariant/48667721236780
2026-07-31 08:01:59,Peacock Pendant,Default Title,NK333,2310.0,Sale,1,3,2,https://www.kanshijewels.com/products/peacock-pendant?variant=gid://shopify/ProductVariant/50321677648172
2026-07-31 08:01:59,Jadau chokar,Default Title,NK17,2300.0,Sale,1,9,8,https://www.kanshijewels.com/products/royal-jadau-kundan-choker-set?variant=gid://shopify/ProductVariant/53174040330540
2026-07-31 09:02:01,Multi mossanite necklace,Default Title,NK15,1755.0,Sale,1,8,7,https://www.kanshijewels.com/products/multi-layer-kundan-beads-necklace-with-locket?variant=gid://shopify/ProductVariant/53174043377964
2026-07-31 10:02:05,Jadau Mossanite Fusion Watch,Default Title,AC05,1990.0,Sold Out,1,1,0,https://www.kanshijewels.com/products/jadau-mossanite-fusion-watch?variant=gid://shopify/ProductVariant/52737328447788
2026-07-31 12:02:19,Jadau earring,Default Title,ER92,2750.0,Restock,1,0,1,https://www.kanshijewels.com/products/jadau-earcuffs-copy?variant=gid://shopify/ProductVariant/52445382672684
2026-07-31 13:02:10,Jadau bugadi,Default Title,ER131,920.0,Sale,1,7,6,https://www.kanshijewels.com/products/jadau-bugadi-1?variant=gid://shopify/ProductVariant/52441936232748
2026-07-31 17:03:16,Diamond motives emerald swaroski dulhan necklace,Default Title,NK904,2200.0,Sale,1,7,6,https://www.kanshijewels.com/products/diamond-motives-emerald-swaroski-dulhan-necklace?variant=gid://shopify/ProductVariant/53368817615148
2026-07-31 17:03:16,Precious swaroski kundan work fusion mala,Default Title,NK918,1550.0,Sale,1,8,7,https://www.kanshijewels.com/products/precious-swaroski-kundan-work-fusion-mala?variant=gid://shopify/ProductVariant/53368954454316
2026-07-31 18:02:00,Jadau Kundan Earrings,Default Title,ER497,1575.0,Sale,1,10,9,https://www.kanshijewels.com/products/jadau-kundan-earrings-16?variant=gid://shopify/ProductVariant/45425834819884
2026-07-31 18:02:00,Jadau Kundan Choker,Default Title,NK455,3885.0,Sale,1,4,3,https://www.kanshijewels.com/products/jadau-kundan-choker-necklace-set?variant=gid://shopify/ProductVariant/48667721236780
2026-08-01 05:03:18,Elegant Polki fusion set,Default Title,NK912,2050.0,Sale,1,10,9,https://www.kanshijewels.com/products/elegant-polki-fusion-set?variant=gid://shopify/ProductVariant/53368925651244
2026-08-01 06:03:13,Jadau Kundan Heavy Necklace,Default Title,NK852,14700.0,Sale,1,10,9,https://www.kanshijewels.com/products/jadau-kundan-heavy-necklace-4?variant=gid://shopify/ProductVariant/45432861589804
2026-08-01 06:03:13,Jadau Kundan Earrings,Default Title,ER418,2625.0,Sale,1,3,2,https://www.kanshijewels.com/products/jadau-kundan-earrings-31?variant=gid://shopify/ProductVariant/46472095629612
2026-08-01 07:01:55,Jadau Kundan Clip,Default Title,AC136,1365.0,Sold Out,1,1,0,https://www.kanshijewels.com/products/jadau-kundan-maang-tika-50?variant=gid://shopify/ProductVariant/45462707863852
2026-08-01 08:57:01,Elegant Polki fusion set,Default Title,NK912,2050.0,Sale,1,9,8,https://www.kanshijewels.com/products/elegant-polki-fusion-set?variant=gid://shopify/ProductVariant/53368925651244
2026-08-01 11:02:56,Jadau Kundan Ear Cuffs,Default Title,AC125,577.5,Sale,1,4,3,https://www.kanshijewels.com/products/jadau-kundan-ear-cuffs?variant=gid://shopify/ProductVariant/46477093929260
2026-08-01 11:02:56,Elegant Polki fusion set,Default Title,NK912,2050.0,Sale,1,8,7,https://www.kanshijewels.com/products/elegant-polki-fusion-set?variant=gid://shopify/ProductVariant/53368925651244
2026-08-01 12:03:16,Elegant Polki fusion set,Default Title,NK912,2050.0,Sale,1,7,6,https://www.kanshijewels.com/products/elegant-polki-fusion-set?variant=gid://shopify/ProductVariant/53368925651244
2026-08-01 12:03:16,Designer jadau nakashi fusion statement earrings,Default Title,ER524,1499.0,Sale,1,8,7,https://www.kanshijewels.com/products/designer-jadau-nakashi-fusion-statement-earrings?variant=gid://shopify/ProductVariant/53369012650284
2026-08-01 14:03:31,Jadau Kundan Earrings,Default Title,ER486,1039.5,Sale,1,4,3,https://www.kanshijewels.com/products/jadau-kundan-earrings-24?variant=gid://shopify/ProductVariant/45425881874732
2026-08-01 14:03:31,Jadau bugadi,Default Title,ER131,920.0,Sale,1,6,5,https://www.kanshijewels.com/products/jadau-bugadi-1?variant=gid://shopify/ProductVariant/52441936232748
2026-08-01 14:03:31,Elegant Victorian Emerald,Default Title,ER520,450.0,Sale,1,4,3,https://www.kanshijewels.com/products/elegant-victorian-emerald?variant=gid://shopify/ProductVariant/53331945455916
2026-08-01 15:01:58,Coral Pearl Necklace,Default Title,NK198,1575.0,Sale,1,6,5,https://www.kanshijewels.com/products/coral-pearl-necklace-2?variant=gid://shopify/ProductVariant/50702812512556
2026-08-01 17:03:53,Jadau Kundan Stud Earrings,Default Title,ER403,441.0,Sale,1,2,1,https://www.kanshijewels.com/products/jadau-kundan-stud-earrings-8?variant=gid://shopify/ProductVariant/46472651211052
2026-08-01 17:03:53,Bugadi,Default Title,ER178,619.5,Sold Out,1,1,0,https://www.kanshijewels.com/products/bugadi-2?variant=gid://shopify/ProductVariant/50724517347628
2026-08-01 21:03:41,Jadau Necklace,Default Title,NK146,2100.0,Sale,1,7,6,https://www.kanshijewels.com/products/jadau-necklace-5?variant=gid://shopify/ProductVariant/51119705325868
2026-08-02 03:02:05,Elegant Polki fusion set,Default Title,NK912,2050.0,Sale,1,6,5,https://www.kanshijewels.com/products/elegant-polki-fusion-set?variant=gid://shopify/ProductVariant/53368925651244
2026-08-02 04:04:43,Nakashi mini choker,Default Title,NK349,1890.0,Sale,1,8,7,https://www.kanshijewels.com/products/nakashi-mini-choker?variant=gid://shopify/ProductVariant/50321577771308
2026-08-02 05:06:11,Jadau Kundan Maang Tikka,Default Title,MT49,2520.0,Sale,1,5,4,https://www.kanshijewels.com/products/jadau-kundan-maang-tika-13?variant=gid://shopify/ProductVariant/47387074756908
2026-08-02 06:09:09,Elegant jadau emerald white jhumkis,Default Title,ER535,1450.0,Sale,1,19,18,https://www.kanshijewels.com/products/elegant-jadau-emerald-white-jhumkis?variant=gid://shopify/ProductVariant/53420409356588
2026-08-02 06:09:09,Jadau Maatil,Default Title,AC06,2360.0,Sold Out,1,1,0,https://www.kanshijewels.com/products/jadau-maatil?variant=gid://shopify/ProductVariant/52737325662508
2026-08-02 07:01:59,Jadau Kundan Earrings,Default Title,ER286,1312.5,Sale,1,2,1,https://www.kanshijewels.com/products/jadau-kundan-earrings-156?variant=gid://shopify/ProductVariant/48667766554924
2026-08-02 07:01:59,Jadau Necklace,Default Title,NK146,2100.0,Sale,1,6,5,https://www.kanshijewels.com/products/jadau-necklace-5?variant=gid://shopify/ProductVariant/51119705325868
2026-08-02 07:01:59,Real Pearls Mattil,Default Title,NK113,787.5,Sale,1,5,4,https://www.kanshijewels.com/products/jadau-kundan-necklace-204?variant=gid://shopify/ProductVariant/51295273025836
2026-08-02 07:55:09,Jadau adjuistable ring,Default Title,RG01,880.0,Sale,1,9,8,https://www.kanshijewels.com/products/jadau-adjuistable-ring?variant=gid://shopify/ProductVariant/53173822521644
2026-08-02 11:01:56,Jadau Kundan Stud Earrings,Default Title,ER271,1039.5,Sale,1,8,7,https://www.kanshijewels.com/products/jadau-kundan-stud-earrings-54?variant=gid://shopify/ProductVariant/49513761407276
2026-08-02 13:02:03,Jadau septum nose pin,Default Title,NP02,999.0,Sale,1,5,4,https://www.kanshijewels.com/products/jadau-septum-nose-pin-1?variant=gid://shopify/ProductVariant/52441930170668
2026-08-02 13:02:03,elegant jadau bridesmaids chokar,Default Title,NK931,1450.0,Sale,1,19,18,https://www.kanshijewels.com/products/elegant-jadau-bridesmaids-chokar?variant=gid://shopify/ProductVariant/53420202950956
2026-08-02 15:03:03,Mangalsutra,Default Title,AC148,1260.0,Sale,1,4,3,https://www.kanshijewels.com/products/mangalsutra-1?variant=gid://shopify/ProductVariant/45448716812588
2026-08-02 15:03:03,Mangalsutra,Default Title,AC129,1260.0,Sale,1,5,4,https://www.kanshijewels.com/products/mangalsutra-9?variant=gid://shopify/ProductVariant/46476886901036
2026-08-02 15:03:03,Coral Jadau Mangalsutra,Default Title,NK411,945.0,Sale,1,4,3,https://www.kanshijewels.com/products/coral-jadau-mangalsutra?variant=gid://shopify/ProductVariant/49945920307500
2026-08-02 18:01:58,Jadau Kundan Maang Tikka,Default Title,MT38,1207.5,Sale,1,5,4,https://www.kanshijewels.com/products/jadau-kundan-maang-tika-21?variant=gid://shopify/ProductVariant/48249296421164
2026-08-03 04:02:09,Jadau Chain Necklace with earrings,Default Title,ER173,3360.0,Sale,1,5,4,https://www.kanshijewels.com/products/jadau-chain-necklace?variant=gid://shopify/ProductVariant/51119233794348
2026-08-03 06:02:55,Jadau Kundan Maang Tikka,Default Title,MT33,1260.0,Sale,1,6,5,https://www.kanshijewels.com/products/jadau-kundan-maang-tika-26?variant=gid://shopify/ProductVariant/48249343672620
2026-08-03 06:02:55,Nakashi mini choker,Default Title,NK349,1890.0,Sale,1,7,6,https://www.kanshijewels.com/products/nakashi-mini-choker?variant=gid://shopify/ProductVariant/50321577771308
2026-08-03 09:02:53,Jadau pendant with multipurpose detachable hasli,Default Title,NK108,2098.95,Sold Out,3,3,0,https://www.kanshijewels.com/products/jadau-rani-haram-2?variant=gid://shopify/ProductVariant/51518799937836
2026-08-03 11:02:05,Jadau Kundan Pendant,Default Title,NK557,3465.0,Sale,1,2,1,https://www.kanshijewels.com/products/jadau-kundan-pendant-28?variant=gid://shopify/ProductVariant/47582678548780
2026-08-03 11:02:05,Dulhan rani maangtika,Default Title,MT75,1450.0,Sale,1,4,3,https://www.kanshijewels.com/products/dulhan-rani-maangtika?variant=gid://shopify/ProductVariant/53255980286252
2026-08-03 11:02:05,Elegant Polki fusion set,Default Title,NK912,2450.0,Restock,5,5,10,https://www.kanshijewels.com/products/elegant-polki-fusion-set?variant=gid://shopify/ProductVariant/53368925651244
2026-08-03 12:02:04,Jadau Kundan Maang Tikka,Default Title,MT44,945.0,Sale,1,3,2,https://www.kanshijewels.com/products/jadau-kundan-maang-tika-15?variant=gid://shopify/ProductVariant/48243407814956
2026-08-03 12:40:04,Jadau Nakashi Hair pin,Default Title,AC107,997.5,Sale,1,4,3,https://www.kanshijewels.com/products/jadau-nakashi-hair-pin?variant=gid://shopify/ProductVariant/50321639440684
2026-08-03 12:40:04,Jadau bugadi,Default Title,ER129,750.0,Sale,1,8,7,https://www.kanshijewels.com/products/jadau-bugadi-copy?variant=gid://shopify/ProductVariant/52441943671084
2026-08-03 18:02:09,Jadau Kundan Maang Tikka,Default Title,MT33,1260.0,Sale,1,5,4,https://www.kanshijewels.com/products/jadau-kundan-maang-tika-26?variant=gid://shopify/ProductVariant/48249343672620
2026-08-03 18:02:09,Jadau tika,Default Title,MT07,1300.0,Sale,1,3,2,https://www.kanshijewels.com/products/jadau-tika-1?variant=gid://shopify/ProductVariant/52445296492844
2026-08-03 18:02:09,Jadau tika,Default Title,MT11,810.0,Sold Out,1,1,0,https://www.kanshijewels.com/products/emerald-sleek-necklace-earring-set-copy?variant=gid://shopify/ProductVariant/52445287973164
2026-08-03 19:01:40,Designer coral cz danglers,Default Title,ER534,320.0,Sale,1,7,6,https://www.kanshijewels.com/products/designer-coral-cz-danglers?variant=gid://shopify/ProductVariant/53369132024108
2026-08-04 02:02:05,Jadau septum nose pin,Default Title,NP03,900.0,Sold Out,1,1,0,https://www.kanshijewels.com/products/jadau-septum-nose-pin?variant=gid://shopify/ProductVariant/52441927549228
2026-08-04 07:02:08,Elegant jadau dulhan jhumkas,Default Title,ER526,2600.0,Sale,1,8,7,https://www.kanshijewels.com/products/elegant-jadau-dulhan-jhumkas?variant=gid://shopify/ProductVariant/53369020023084
2026-08-04 08:02:00,Gold look jadau jhumkas,Default Title,ER530,2400.0,Sale,1,10,9,https://www.kanshijewels.com/products/gold-look-jadau-jhumkas?variant=gid://shopify/ProductVariant/53369039618348
2026-08-04 10:02:17,Jadau kundan hair pin,Default Title,AC106,1470.0,Sale,1,3,2,https://www.kanshijewels.com/products/jadau-kundan-hair-pin?variant=gid://shopify/ProductVariant/50321645142316
2026-08-04 12:02:19,Jadau Mossanite Fusion Watch,Default Title,AC05,1990.0,Restock,1,0,1,https://www.kanshijewels.com/products/jadau-mossanite-fusion-watch?variant=gid://shopify/ProductVariant/52737328447788
2026-08-04 12:02:19,Multi mossanite necklace,Default Title,NK15,1755.0,Sale,1,7,6,https://www.kanshijewels.com/products/multi-layer-kundan-beads-necklace-with-locket?variant=gid://shopify/ProductVariant/53174043377964
2026-08-04 14:02:11,Jadau Kundan Necklace,Default Title,NK388,4095.0,Sale,1,6,5,https://www.kanshijewels.com/products/jadau-kundan-necklace-189?variant=gid://shopify/ProductVariant/50047804801324
2026-08-04 14:02:11,Dulhan rani maangtika,Default Title,MT75,1450.0,Sale,1,3,2,https://www.kanshijewels.com/products/dulhan-rani-maangtika?variant=gid://shopify/ProductVariant/53255980286252
2026-08-04 18:02:06,Nakashi mini choker,Default Title,NK349,1890.0,Sale,1,6,5,https://www.kanshijewels.com/products/nakashi-mini-choker?variant=gid://shopify/ProductVariant/50321577771308
2026-08-05 03:02:09,Jadau Kundan Ear Cuffs,Default Title,AC125,577.5,Sale,1,3,2,https://www.kanshijewels.com/products/jadau-kundan-ear-cuffs?variant=gid://shopify/ProductVariant/46477093929260
2026-08-05 09:02:00,Jadau Kundan Stud Earrings,Default Title,ER269,1785.0,Sale,1,4,3,https://www.kanshijewels.com/products/jadau-kundan-stud-earrings-56?variant=gid://shopify/ProductVariant/49513762423084
2026-08-05 09:02:00,lotus jadau  motives invisible chain,Default Title,NK928,590.0,Sale,1,20,19,https://www.kanshijewels.com/products/lotus-jadau-motives-invisible-chsin?variant=gid://shopify/ProductVariant/53418027286828
2026-08-05 09:02:00,elegant jadau bridesmaids chokar,Default Title,NK931,1450.0,Sale,1,18,17,https://www.kanshijewels.com/products/elegant-jadau-bridesmaids-chokar?variant=gid://shopify/ProductVariant/53420202950956
2026-08-05 10:02:08,Exclusive jadau western fusion danglers,Pink,ER538,999.0,Sale,1,8,7,https://www.kanshijewels.com/products/exclusive-jadau-western-fusion-danglers?variant=gid://shopify/ProductVariant/53420803096876
2026-08-05 11:02:12,Nakashi mini choker,Default Title,NK349,1890.0,Sale,1,5,4,https://www.kanshijewels.com/products/nakashi-mini-choker?variant=gid://shopify/ProductVariant/50321577771308
2026-08-05 11:02:12,Swaroski emerald rani haram,Default Title,NK02,4800.0,Sale,1,10,9,https://www.kanshijewels.com/products/swaroski-emerald-rani-haram?variant=gid://shopify/ProductVariant/53180532359468
2026-08-05 16:02:21,Elegant jadau emerald white jhumkis,Default Title,ER535,1450.0,Sale,1,18,17,https://www.kanshijewels.com/products/elegant-jadau-emerald-white-jhumkis?variant=gid://shopify/ProductVariant/53420409356588
2026-08-05 17:02:05,Jadau bugadi,Default Title,ER131,920.0,Sale,1,5,4,https://www.kanshijewels.com/products/jadau-bugadi-1?variant=gid://shopify/ProductVariant/52441936232748
2026-08-05 18:02:48,Jadau gandaberunda pendant,Default Title,NK01,3600.0,Sale,1,3,2,https://www.kanshijewels.com/products/jadau-gandaberunda-pendant?variant=gid://shopify/ProductVariant/53180547465516
2026-08-05 18:02:48,Elegant jadau green pearls studs,Default Title,ER536,1300.0,Sale,1,19,18,https://www.kanshijewels.com/products/elegant-jadau-green-pearls-studs?variant=gid://shopify/ProductVariant/53420412338476
2026-08-05 21:02:11,Kundan tika,Default Title,MT10,1500.0,Sold Out,1,1,0,https://www.kanshijewels.com/products/mossanite-tika-5?variant=gid://shopify/ProductVariant/52445288104236
2026-08-06 01:02:02,Jadau ear cuffs,Default Title,AC72,892.5,Sale,1,5,4,https://www.kanshijewels.com/products/jadau-ear-cuffs-1?variant=gid://shopify/ProductVariant/51119128117548
2026-08-06 05:02:06,Rani Choker,Default Title,NK207,3465.0,Sale,1,4,3,https://www.kanshijewels.com/products/rani-choker-1?variant=gid://shopify/ProductVariant/50702760575276
2026-08-06 07:02:09,Jadau Kundan Earrings,Default Title,ER419,2625.0,Sale,1,4,3,https://www.kanshijewels.com/products/jadau-kundan-earrings-30?variant=gid://shopify/ProductVariant/46472059978028
2026-08-06 07:02:09,Jadau Kundan Choker,Default Title,NK455,3885.0,Sale,1,3,2,https://www.kanshijewels.com/products/jadau-kundan-choker-necklace-set?variant=gid://shopify/ProductVariant/48667721236780
2026-08-06 07:02:09,Jadau Kundan Stud Earrings,Default Title,ER269,1785.0,Sale,1,3,2,https://www.kanshijewels.com/products/jadau-kundan-stud-earrings-56?variant=gid://shopify/ProductVariant/49513762423084
2026-08-06 08:06:58,Elegant sheek jadau necklace and earring set,Default Title,NK913,1199.0,Sale,1,5,4,https://www.kanshijewels.com/products/elegant-sheek-jadau-necklace-and-earring-set?variant=gid://shopify/ProductVariant/53368929255724
2026-08-06 09:02:12,Real Pearls Mattil,Default Title,NK113,787.5,Sale,1,4,3,https://www.kanshijewels.com/products/jadau-kundan-necklace-204?variant=gid://shopify/ProductVariant/51295273025836
2026-08-06 09:02:12,Elegant dual tone gold silver chain,Default Title,NK907,620.0,Sale,1,10,9,https://www.kanshijewels.com/products/elegant-dual-tone-gold-silver-chain?variant=gid://shopify/ProductVariant/53368843338028
2026-08-06 10:02:05,Kundan tika,Default Title,MT10,1500.0,Restock,10,0,10,https://www.kanshijewels.com/products/mossanite-tika-5?variant=gid://shopify/ProductVariant/52445288104236
2026-08-06 12:02:06,Elegant sheek jadau necklace and earring set,Default Title,NK913,1199.0,Sale,1,4,3,https://www.kanshijewels.com/products/elegant-sheek-jadau-necklace-and-earring-set?variant=gid://shopify/ProductVariant/53368929255724
2026-08-06 14:02:06,Jadau Kundan Maang Tikka,Default Title,MT54,1470.0,Restock,8,0,8,https://www.kanshijewels.com/products/jadau-kundan-maang-tika-8?variant=gid://shopify/ProductVariant/46476569641260
2026-08-06 14:02:06,Jadau Kundan Choker,Default Title,NK491,2310.0,Restock,8,0,8,https://www.kanshijewels.com/products/jadau-kundan-chokar-26?variant=gid://shopify/ProductVariant/48242842632492
2026-08-06 14:02:06,Hasli necklace,Default Title,NK377,2835.0,Restock,9,0,9,https://www.kanshijewels.com/products/hasli-necklace?variant=gid://shopify/ProductVariant/50047854018860
2026-08-06 14:02:06,Multipurpose Chain,Default Title,NK197,546.0,Restock,9,0,9,https://www.kanshijewels.com/products/multipurpose-chain?variant=gid://shopify/ProductVariant/50702819459372
2026-08-06 14:02:06,Jadau Kundan Jhumkas,Default Title,ER168,1785.0,Restock,9,0,9,https://www.kanshijewels.com/products/jadau-kundan-jhumkas-36?variant=gid://shopify/ProductVariant/51119768076588
2026-08-06 14:02:06,Jadau pendant,Default Title,NK56,1250.0,Restock,8,0,8,https://www.kanshijewels.com/products/jadau-pendant-3?variant=gid://shopify/ProductVariant/52441954353452
2026-08-06 14:02:06,Jadau pendant,Default Title,NK52,1650.0,Restock,3,0,3,https://www.kanshijewels.com/products/jadau-pendant-7?variant=gid://shopify/ProductVariant/52441959596332
2026-08-06 14:02:06,Mossanite ruby chokar,Default Title,AC28,2100.0,Restock,5,0,5,https://www.kanshijewels.com/products/nakashi-hasli-necklace-copy?variant=gid://shopify/ProductVariant/52445222666540
2026-08-06 14:02:06,Jadau tika,Default Title,MT11,810.0,Restock,8,0,8,https://www.kanshijewels.com/products/emerald-sleek-necklace-earring-set-copy?variant=gid://shopify/ProductVariant/52445287973164
2026-08-06 14:02:06,Jadau Hasli,Default Title,NK22,2700.0,Restock,9,0,9,https://www.kanshijewels.com/products/jadau-hasli-necklace?variant=gid://shopify/ProductVariant/52737286144300
2026-08-06 14:02:06,Jadau Jhumkas,Default Title,AC11,3650.0,Restock,5,0,5,https://www.kanshijewels.com/products/jadau-jhumkas-16?variant=gid://shopify/ProductVariant/52737312457004
2026-08-06 14:02:06,Elegant dual tone gold silver chain,Default Title,NK907,620.0,Sold Out,9,9,0,https://www.kanshijewels.com/products/elegant-dual-tone-gold-silver-chain?variant=gid://shopify/ProductVariant/53368843338028
2026-08-06 15:02:18,Jadau Kundan Clip,Default Title,AC136,1365.0,Restock,9,0,9,https://www.kanshijewels.com/products/jadau-kundan-maang-tika-50?variant=gid://shopify/ProductVariant/45462707863852
2026-08-06 15:02:18,Bugadi,Default Title,ER178,619.5,Restock,8,0,8,https://www.kanshijewels.com/products/bugadi-2?variant=gid://shopify/ProductVariant/50724517347628
2026-08-06 15:02:18,Real Pearls Maatil,Default Title,AC75,787.5,Restock,8,0,8,https://www.kanshijewels.com/products/real-pearls-maatil?variant=gid://shopify/ProductVariant/50955131945260
2026-08-06 15:02:18,Jadau ear cuffs,Default Title,AC73,945.0,Restock,8,0,8,https://www.kanshijewels.com/products/jadau-ear-cuffs?variant=gid://shopify/ProductVariant/51119124283692
2026-08-06 15:02:18,Jadau Maatil,Default Title,AC06,2360.0,Restock,7,0,7,https://www.kanshijewels.com/products/jadau-maatil?variant=gid://shopify/ProductVariant/52737325662508
2026-08-06 23:06:28,Jadau Necklace,Default Title,NK146,2100.0,Sale,1,5,4,https://www.kanshijewels.com/products/jadau-necklace-5?variant=gid://shopify/ProductVariant/51119705325868
2026-08-06 23:06:28,Gold look dulhan rani necklace,Default Title,NK923,8250.0,Sale,1,10,9,https://www.kanshijewels.com/products/gold-look-dulhan-rani-necklace?variant=gid://shopify/ProductVariant/53369089786156
2026-08-06 23:06:28,Exclusive jadau western fusion danglers,Green,ER537,999.0,Sale,1,5,4,https://www.kanshijewels.com/products/exclusive-jadau-western-fusion-danglers?variant=gid://shopify/ProductVariant/53420803129644
2026-08-07 01:01:59,Polki fusion set,Default Title,NK891,2450.0,Sale,2,6,4,https://www.kanshijewels.com/products/polki-fusion-set?variant=gid://shopify/ProductVariant/53255985856812
2026-08-07 01:44:50,Jadau Kundan Choker,Default Title,NK387,5239.5,Sale,1,10,9,https://www.kanshijewels.com/products/jadau-kundan-chokar-37?variant=gid://shopify/ProductVariant/50047807291692
2026-08-07 06:02:02,Jadau Kundan Choker,Default Title,NK215,1575.0,Sale,1,4,3,https://www.kanshijewels.com/products/jadau-kundan-choker-23?variant=gid://shopify/ProductVariant/50702688878892
2026-08-07 06:02:02,Jadau Kundan Choker,Default Title,NK208,3045.0,Sale,1,4,3,https://www.kanshijewels.com/products/jadau-kundan-choker-28?variant=gid://shopify/ProductVariant/50702748188972
2026-08-07 06:02:02,Elegant jadau dulhan jhumkas,Default Title,ER526,2600.0,Sale,1,7,6,https://www.kanshijewels.com/products/elegant-jadau-dulhan-jhumkas?variant=gid://shopify/ProductVariant/53369020023084
2026-08-07 06:02:02,Classic peacock motive jadau chokar_,Default Title,NK933,1890.0,Sale,1,18,17,https://www.kanshijewels.com/products/classic-peacock-motive-jadau-chokar_?variant=gid://shopify/ProductVariant/53420215927084
2026-08-07 09:02:03,Jadau nakashi fusion statement earrings,Default Title,ER09,1450.0,Sale,1,10,9,https://www.kanshijewels.com/products/jadau-nakashi-fusion-statement-earrings?variant=gid://shopify/ProductVariant/53174098526508
2026-08-07 11:01:55,Jadau Kundan harams,Default Title,NK187,4189.5,Sale,1,7,6,https://www.kanshijewels.com/products/jadau-kundan-harams-6?variant=gid://shopify/ProductVariant/50702872477996
2026-08-07 17:01:55,Jadau Kundan Stud Earrings,Default Title,ER281,1039.5,Sale,1,2,1,https://www.kanshijewels.com/products/jadau-kundan-stud-earrings-50?variant=gid://shopify/ProductVariant/48974915600684
2026-08-07 20:02:08,Jadau pendant,Default Title,NK56,1250.0,Sale,1,8,7,https://www.kanshijewels.com/products/jadau-pendant-3?variant=gid://shopify/ProductVariant/52441954353452
2026-08-08 03:02:02,Polki fusion set,Default Title,NK891,2450.0,Sale,1,4,3,https://www.kanshijewels.com/products/polki-fusion-set?variant=gid://shopify/ProductVariant/53255985856812
2026-08-08 03:58:29,Jadau Chokar,Default Title,NK24,3600.0,Sale,1,5,4,https://www.kanshijewels.com/products/jadau-kundan-choker-set-pink-kundan-green-beads?variant=gid://shopify/ProductVariant/52718638072108
2026-08-08 06:02:06,Jadau Necklace,Default Title,NK146,2100.0,Sale,1,4,3,https://www.kanshijewels.com/products/jadau-necklace-5?variant=gid://shopify/ProductVariant/51119705325868
2026-08-08 06:02:06,Jadau Kundan Earrings,Default Title,ER286,1312.5,Sold Out,1,1,0,https://www.kanshijewels.com/products/jadau-kundan-earrings-156?variant=gid://shopify/ProductVariant/48667766554924
2026-08-08 07:01:58,Jadau Kundan Jhumkas,Default Title,ER189,3465.0,Sale,1,3,2,https://www.kanshijewels.com/products/jadau-kundan-jhumkas-30?variant=gid://shopify/ProductVariant/50702948466988
2026-08-08 08:01:53,elegant jadau bridesmaids chokar,Default Title,NK931,1450.0,Sale,1,17,16,https://www.kanshijewels.com/products/elegant-jadau-bridesmaids-chokar?variant=gid://shopify/ProductVariant/53420202950956
2026-08-08 10:02:04,Elegant minimal gold chain with pendant,Default Title,NK910,850.0,Sale,1,2,1,https://www.kanshijewels.com/products/elegant-minimal-gold-chain-with-pendant?variant=gid://shopify/ProductVariant/53368913658156
2026-08-08 11:50:06,Elegant jadau dulhan jhumkas,Default Title,ER526,2600.0,Sale,1,6,5,https://www.kanshijewels.com/products/elegant-jadau-dulhan-jhumkas?variant=gid://shopify/ProductVariant/53369020023084
2026-08-08 19:17:00,Emerald jadau necklace,Default Title,NK12,2100.0,Sale,1,8,7,https://www.kanshijewels.com/products/emerald-jadau-necklace?variant=gid://shopify/ProductVariant/53174050521388
2026-08-09 07:42:12,Pearls bracelets,Default Title,AC38,313.95,Sale,1,8,7,https://www.kanshijewels.com/products/mossanite-92-5-pure-silver-nose-pin-copy?variant=gid://shopify/ProductVariant/52018498044204
2026-08-09 07:42:12,Designer coral cz danglers,Default Title,ER534,320.0,Sale,1,6,5,https://www.kanshijewels.com/products/designer-coral-cz-danglers?variant=gid://shopify/ProductVariant/53369132024108
2026-08-09 10:02:06,Jadau Kundan Stud Earrings,Default Title,ER501,451.5,Sale,1,6,5,https://www.kanshijewels.com/products/jadau-kundan-stud-earrings-1?variant=gid://shopify/ProductVariant/45425820467500
2026-08-09 10:02:06,Jadau Kundan Necklace,Default Title,NK364,3465.0,Sale,1,3,2,https://www.kanshijewels.com/products/jadau-kundan-necklace-201?variant=gid://shopify/ProductVariant/50048127074604
2026-08-09 10:02:06,Elegant Polki fusion set,Default Title,NK912,2450.0,Sale,1,10,9,https://www.kanshijewels.com/products/elegant-polki-fusion-set?variant=gid://shopify/ProductVariant/53368925651244
2026-08-09 11:01:59,Jadau Kundan Clip,Default Title,AC136,1365.0,Sale,1,9,8,https://www.kanshijewels.com/products/jadau-kundan-maang-tika-50?variant=gid://shopify/ProductVariant/45462707863852
2026-08-09 11:01:59,Jadau bugadi,Default Title,ER129,750.0,Sale,1,7,6,https://www.kanshijewels.com/products/jadau-bugadi-copy?variant=gid://shopify/ProductVariant/52441943671084
2026-08-09 13:01:53,Jadau kundan hair pin,Default Title,AC106,1470.0,Sale,1,2,1,https://www.kanshijewels.com/products/jadau-kundan-hair-pin?variant=gid://shopify/ProductVariant/50321645142316
2026-08-09 13:01:53,Jadau Necklace,Default Title,NK146,2100.0,Sale,1,3,2,https://www.kanshijewels.com/products/jadau-necklace-5?variant=gid://shopify/ProductVariant/51119705325868
2026-08-09 14:01:53,Elegant jadau pendant with rice pearls chain,Default Title,NK946,1690.0,Sale,1,20,19,https://www.kanshijewels.com/products/elegant-jadau-pendant-with-rice-pearls-chain?variant=gid://shopify/ProductVariant/53420265996588
2026-08-09 14:01:53,Jadau kundan hair pin,Default Title,AC106,1470.0,Sold Out,1,1,0,https://www.kanshijewels.com/products/jadau-kundan-hair-pin?variant=gid://shopify/ProductVariant/50321645142316
2026-08-09 15:02:00,Kanshi Exclusive Earrings,Green,,759.0,Sale,1,3,2,https://www.kanshijewels.com/products/kanshi-exclusive-earrings-1?variant=gid://shopify/ProductVariant/51323587494188
2026-08-09 15:57:57,Bugadi,Default Title,ER176,661.5,Sale,1,2,1,https://www.kanshijewels.com/products/bugadi-4?variant=gid://shopify/ProductVariant/50724521705772
2026-08-09 15:57:57,Jadau Necklace,Default Title,NK146,2100.0,Sale,1,2,1,https://www.kanshijewels.com/products/jadau-necklace-5?variant=gid://shopify/ProductVariant/51119705325868
2026-08-09 17:01:56,Jadau Kundan Tikas or Pendant,Default Title,NK753,997.5,Sale,1,5,4,https://www.kanshijewels.com/products/jadau-kundan-maang-tika-69?variant=gid://shopify/ProductVariant/45462708912428
2026-08-09 17:01:56,Jadau Kundan Clip,Default Title,AC122,997.5,Sale,1,4,3,https://www.kanshijewels.com/products/jadau-kundan-clip?variant=gid://shopify/ProductVariant/46477172506924
2026-08-09 17:01:56,Designer coral cz danglers,Default Title,ER534,320.0,Sale,1,5,4,https://www.kanshijewels.com/products/designer-coral-cz-danglers?variant=gid://shopify/ProductVariant/53369132024108
2026-08-10 03:02:10,Elegant Victorian Emerald,Default Title,ER520,450.0,Sale,1,3,2,https://www.kanshijewels.com/products/elegant-victorian-emerald?variant=gid://shopify/ProductVariant/53331945455916
2026-08-10 08:01:59,Mossanite emeralds polki necklace earrings set,Default Title,NK892,2760.0,Sale,5,6,1,https://www.kanshijewels.com/products/mossanite-emeralds-polki-necklace-earrings-set?variant=gid://shopify/ProductVariant/53255991755052
2026-08-10 09:02:01,Pearls bracelets,Default Title,AC38,313.95,Sale,2,7,5,https://www.kanshijewels.com/products/mossanite-92-5-pure-silver-nose-pin-copy?variant=gid://shopify/ProductVariant/52018498044204
2026-08-10 09:02:01,Polki fusion set,Default Title,NK891,2450.0,Restock,7,3,10,https://www.kanshijewels.com/products/polki-fusion-set?variant=gid://shopify/ProductVariant/53255985856812
2026-08-10 09:02:01,Mossanite emeralds polki necklace earrings set,Default Title,NK892,2760.0,Sold Out,1,1,0,https://www.kanshijewels.com/products/mossanite-emeralds-polki-necklace-earrings-set?variant=gid://shopify/ProductVariant/53255991755052
2026-08-10 11:02:02,Multipurpose Chain,Default Title,NK197,546.0,Sale,1,9,8,https://www.kanshijewels.com/products/multipurpose-chain?variant=gid://shopify/ProductVariant/50702819459372
2026-08-10 11:02:02,Jadau tika,Default Title,MT02,1200.0,Sale,1,4,3,https://www.kanshijewels.com/products/jadau-tika-6?variant=gid://shopify/ProductVariant/52445307601196
2026-08-10 17:02:00,Jadau jhumkas,Default Title,ER113,1800.0,Sold Out,1,1,0,https://www.kanshijewels.com/products/jadau-jhumkas-3?variant=gid://shopify/ProductVariant/52445344858412
2026-08-10 19:02:15,Multipurpose Chain,Default Title,NK197,546.0,Sale,1,8,7,https://www.kanshijewels.com/products/multipurpose-chain?variant=gid://shopify/ProductVariant/50702819459372
2026-08-11 02:01:52,Jadau Kundan Pendant,Default Title,NK559,2520.0,Sale,1,5,4,https://www.kanshijewels.com/products/jadau-kundan-pendant-26?variant=gid://shopify/ProductVariant/47582674223404
2026-08-11 02:01:52,Mossanite tika,Default Title,MT12,1700.0,Sale,1,8,7,https://www.kanshijewels.com/products/mossanite-tika-4?variant=gid://shopify/ProductVariant/52445287153964
2026-08-11 04:02:12,Polki fusion set,Default Title,NK891,2450.0,Sale,1,10,9,https://www.kanshijewels.com/products/polki-fusion-set?variant=gid://shopify/ProductVariant/53255985856812
2026-08-11 04:02:12,Elegant sheek jadau necklace and earring set,Default Title,NK913,1199.0,Sale,1,3,2,https://www.kanshijewels.com/products/elegant-sheek-jadau-necklace-and-earring-set?variant=gid://shopify/ProductVariant/53368929255724
2026-08-11 06:02:02,Diamond motives emerald swaroski dulhan necklace,Default Title,NK904,2200.0,Sale,1,6,5,https://www.kanshijewels.com/products/diamond-motives-emerald-swaroski-dulhan-necklace?variant=gid://shopify/ProductVariant/53368817615148
2026-08-11 08:01:58,Exclusive jadau western fusion danglers,Green,ER537,999.0,Sale,1,4,3,https://www.kanshijewels.com/products/exclusive-jadau-western-fusion-danglers?variant=gid://shopify/ProductVariant/53420803129644
2026-08-11 11:02:01,Hasli necklace,Default Title,NK376,1995.0,Sale,1,2,1,https://www.kanshijewels.com/products/kundan-hasli-necklace-set?variant=gid://shopify/ProductVariant/50047858671916
2026-08-11 12:02:00,Jadau Kundan Clip,Default Title,AC122,997.5,Sale,1,3,2,https://www.kanshijewels.com/products/jadau-kundan-clip?variant=gid://shopify/ProductVariant/46477172506924
2026-08-11 12:02:00,Jadau Kundan Stud Earrings,Default Title,ER281,1039.5,Sold Out,1,1,0,https://www.kanshijewels.com/products/jadau-kundan-stud-earrings-50?variant=gid://shopify/ProductVariant/48974915600684
2026-08-11 14:02:03,Jadau Kundan Maang Tikka,Default Title,MT65,1312.5,Sale,1,7,6,https://www.kanshijewels.com/products/jadau-kundan-maang-tika-71?variant=gid://shopify/ProductVariant/45462708977964
2026-08-11 19:02:05,Elegant Polki fusion set,Default Title,NK912,2450.0,Sale,1,9,8,https://www.kanshijewels.com/products/elegant-polki-fusion-set?variant=gid://shopify/ProductVariant/53368925651244
2026-08-11 19:02:05,Bugadi,Default Title,ER176,661.5,Sold Out,1,1,0,https://www.kanshijewels.com/products/bugadi-4?variant=gid://shopify/ProductVariant/50724521705772
2026-08-12 02:01:57,Polki fusion set,Default Title,NK891,2450.0,Sale,1,9,8,https://www.kanshijewels.com/products/polki-fusion-set?variant=gid://shopify/ProductVariant/53255985856812
2026-08-12 03:01:54,Jadau Kundan Stud Earrings,Default Title,ER346,2415.0,Sale,1,5,4,https://www.kanshijewels.com/products/jadau-kundan-stud-earrings-47?variant=gid://shopify/ProductVariant/47387005550892
2026-08-12 04:01:51,Jadau adjuistable ring,Default Title,RG01,880.0,Sale,1,8,7,https://www.kanshijewels.com/products/jadau-adjuistable-ring?variant=gid://shopify/ProductVariant/53173822521644
2026-08-12 04:01:51,Dulhan jadau rani maangtika,Default Title,MT76,1450.0,Sale,1,17,16,https://www.kanshijewels.com/products/dulhan-jadau-rani-maangtika?variant=gid://shopify/ProductVariant/53420765151532
2026-08-12 05:01:57,Elegant sheek jadau necklace and earring set,Default Title,NK913,1199.0,Sale,1,2,1,https://www.kanshijewels.com/products/elegant-sheek-jadau-necklace-and-earring-set?variant=gid://shopify/ProductVariant/53368929255724
2026-08-12 06:02:10,Jadau Chokar,Default Title,AC23,2700.0,Sold Out,1,1,0,https://www.kanshijewels.com/products/jadau-chokar-8?variant=gid://shopify/ProductVariant/52445265821996
2026-08-12 06:02:10,Jadau jhumkas,Default Title,ER81,2300.0,Sold Out,1,1,0,https://www.kanshijewels.com/products/jadau-earrings-copy-2?variant=gid://shopify/ProductVariant/52445404987692
2026-08-12 07:01:59,Elegant minimal gold chain with pendant,Default Title,NK910,850.0,Sold Out,1,1,0,https://www.kanshijewels.com/products/elegant-minimal-gold-chain-with-pendant?variant=gid://shopify/ProductVariant/53368913658156
2026-08-12 08:50:48,Jadau Earcuff Jhumkas,Default Title,ER28,4500.0,Sold Out,1,1,0,https://www.kanshijewels.com/products/jadau-earcuff-jhumkas-2?variant=gid://shopify/ProductVariant/52737241907500
2026-08-12 11:02:02,Jadau Chokar,Default Title,AC22,2700.0,Sold Out,1,1,0,https://www.kanshijewels.com/products/jadau-chokar-9?variant=gid://shopify/ProductVariant/52445273063724
2026-08-12 11:35:22,Pearl Necklace,Default Title,NK787,1680.0,Restock,9,0,9,https://www.kanshijewels.com/products/pearl-necklace-9?variant=gid://shopify/ProductVariant/45448715600172
2026-08-12 11:35:22,Jadau Kundan Earrings,Default Title,ER286,1312.5,Restock,9,0,9,https://www.kanshijewels.com/products/jadau-kundan-earrings-156?variant=gid://shopify/ProductVariant/48667766554924
2026-08-12 11:35:22,Jadau Kundan Stud Earrings,Default Title,ER281,1039.5,Restock,9,0,9,https://www.kanshijewels.com/products/jadau-kundan-stud-earrings-50?variant=gid://shopify/ProductVariant/48974915600684
2026-08-12 11:35:22,Jadau kundan hair pin,Default Title,AC106,1470.0,Restock,8,0,8,https://www.kanshijewels.com/products/jadau-kundan-hair-pin?variant=gid://shopify/ProductVariant/50321645142316
2026-08-12 11:35:22,Bugadi,Default Title,ER176,661.5,Restock,10,0,10,https://www.kanshijewels.com/products/bugadi-4?variant=gid://shopify/ProductVariant/50724521705772
2026-08-12 11:35:22,Rani Haram,Default Title,NK124,3990.0,Restock,10,0,10,https://www.kanshijewels.com/products/rani-haram-6?variant=gid://shopify/ProductVariant/51119758737708
2026-08-12 11:35:22,Emerald sleek necklace earring set,Default Title,ER123,999.0,Restock,1,0,1,https://www.kanshijewels.com/products/jadau-chain-necklace-copy?variant=gid://shopify/ProductVariant/52445282894124
2026-08-12 11:35:22,Mossanite tika,Default Title,MT15,1190.0,Restock,6,0,6,https://www.kanshijewels.com/products/mossanite-tika-1?variant=gid://shopify/ProductVariant/52445284270380
2026-08-12 11:35:22,Elegant minimal gold chain with pendant,Default Title,NK910,850.0,Restock,10,0,10,https://www.kanshijewels.com/products/elegant-minimal-gold-chain-with-pendant?variant=gid://shopify/ProductVariant/53368913658156
2026-08-12 11:35:22,Hand work jadau set,Default Title,NK234,3045.0,Sold Out,1,1,0,https://www.kanshijewels.com/products/hand-work-jadau-set-20?variant=gid://shopify/ProductVariant/50454077440300
2026-08-12 11:35:22,Hand work jadau set,Default Title,NK233,3045.0,Sold Out,1,1,0,https://www.kanshijewels.com/products/hand-work-jadau-set-21?variant=gid://shopify/ProductVariant/50454087401772
2026-08-12 12:02:00,Jadau Kundan Choker,Default Title,NK215,1575.0,Sale,1,3,2,https://www.kanshijewels.com/products/jadau-kundan-choker-23?variant=gid://shopify/ProductVariant/50702688878892
2026-08-12 13:01:59,Jadau Kundan Mango Necklace,Default Title,NK849,11130.0,Restock,1,0,1,https://www.kanshijewels.com/products/jadau-kundan-heavy-necklace-7?variant=gid://shopify/ProductVariant/45432861819180
2026-08-12 13:01:59,Jadau Kundan Jhumkas,Default Title,ER184,5239.5,Sale,1,5,4,https://www.kanshijewels.com/products/jadau-kundan-jhumkas-35?variant=gid://shopify/ProductVariant/50702960623916
2026-08-12 13:01:59,Emerald sleek necklace earring set,Default Title,ER123,999.0,Sold Out,1,1,0,https://www.kanshijewels.com/products/jadau-chain-necklace-copy?variant=gid://shopify/ProductVariant/52445282894124
2026-08-12 14:02:09,Jadau ear cuffs,Default Title,AC71,892.5,Sale,1,8,7,https://www.kanshijewels.com/products/jadau-ear-cuffs-2?variant=gid://shopify/ProductVariant/51119130935596
2026-08-12 17:01:54,Jadau Kundan Ear Cuffs,Default Title,AC125,577.5,Sale,1,2,1,https://www.kanshijewels.com/products/jadau-kundan-ear-cuffs?variant=gid://shopify/ProductVariant/46477093929260
2026-08-12 17:01:54,Elegant multi fusion chokar,Default Title,NK911,4000.0,Sale,1,10,9,https://www.kanshijewels.com/products/elegant-multi-fusion-chokar?variant=gid://shopify/ProductVariant/53368919884076
2026-08-13 02:01:50,Jadau Kundan Earrings,Default Title,ER286,1312.5,Sale,1,9,8,https://www.kanshijewels.com/products/jadau-kundan-earrings-156?variant=gid://shopify/ProductVariant/48667766554924
2026-08-13 02:01:50,Elegant Victorian Emerald,Default Title,ER520,450.0,Sale,1,2,1,https://www.kanshijewels.com/products/elegant-victorian-emerald?variant=gid://shopify/ProductVariant/53331945455916
2026-08-13 04:01:51,Elegant minimal gold chain with pendant,Default Title,NK910,850.0,Sale,1,10,9,https://www.kanshijewels.com/products/elegant-minimal-gold-chain-with-pendant?variant=gid://shopify/ProductVariant/53368913658156
2026-08-13 06:01:57,Elegant sheek jadau necklace and earring set,Default Title,NK913,1199.0,Sold Out,1,1,0,https://www.kanshijewels.com/products/elegant-sheek-jadau-necklace-and-earring-set?variant=gid://shopify/ProductVariant/53368929255724
2026-08-13 08:01:56,Multipurpose Chain,Default Title,NK197,546.0,Sale,1,7,6,https://www.kanshijewels.com/products/multipurpose-chain?variant=gid://shopify/ProductVariant/50702819459372
2026-08-13 09:38:03,Jadau tika,Default Title,MT02,1200.0,Sale,1,3,2,https://www.kanshijewels.com/products/jadau-tika-6?variant=gid://shopify/ProductVariant/52445307601196
2026-08-13 09:38:03,Jadau Kundan Ear Cuffs,Default Title,AC125,577.5,Sold Out,1,1,0,https://www.kanshijewels.com/products/jadau-kundan-ear-cuffs?variant=gid://shopify/ProductVariant/46477093929260
2026-08-13 10:52:24,Jadau Kundan Choker,Default Title,NK208,3045.0,Sale,1,3,2,https://www.kanshijewels.com/products/jadau-kundan-choker-28?variant=gid://shopify/ProductVariant/50702748188972
2026-08-13 10:52:24,Multipurpose Chain,Default Title,NK197,546.0,Sale,1,6,5,https://www.kanshijewels.com/products/multipurpose-chain?variant=gid://shopify/ProductVariant/50702819459372
2026-08-13 11:39:11,Elegant kundan work swaroski pearls necklace,Default Title,NK909,1990.0,Sale,1,5,4,https://www.kanshijewels.com/products/elegant-kundan-work-swaroski-pearls-necklace?variant=gid://shopify/ProductVariant/53368863424812
2026-08-13 11:39:11,Elegant pearls rani studs,Default Title,ER533,1600.0,Sale,1,9,8,https://www.kanshijewels.com/products/elegant-pearls-rani-studs?variant=gid://shopify/ProductVariant/53369126093100
2026-08-13 12:02:02,jadau dulhan hair accessory,Default Title,AC153,2990.0,Sale,1,19,18,https://www.kanshijewels.com/products/jadau-dulhan-hair-accessory?variant=gid://shopify/ProductVariant/53407818383660
2026-08-13 12:02:02,Dulhan jadau rani maangtika,Default Title,MT76,1450.0,Sale,1,16,15,https://www.kanshijewels.com/products/dulhan-jadau-rani-maangtika?variant=gid://shopify/ProductVariant/53420765151532
2026-08-13 15:01:56,Jadau Kundan Necklace,Default Title,NK365,3465.0,Sale,1,5,4,https://www.kanshijewels.com/products/jadau-kundan-necklace-200?variant=gid://shopify/ProductVariant/50048124092716
2026-08-13 15:01:56,Elegant Polki fusion set,Default Title,NK912,2450.0,Sale,1,8,7,https://www.kanshijewels.com/products/elegant-polki-fusion-set?variant=gid://shopify/ProductVariant/53368925651244
2026-08-13 16:24:58,Elegant minimal gold chain with pendant,Default Title,NK910,850.0,Sale,1,9,8,https://www.kanshijewels.com/products/elegant-minimal-gold-chain-with-pendant?variant=gid://shopify/ProductVariant/53368913658156
2026-08-13 16:24:58,Elegant jadau pendant with rice pearls chain,Default Title,NK946,1690.0,Sale,1,19,18,https://www.kanshijewels.com/products/elegant-jadau-pendant-with-rice-pearls-chain?variant=gid://shopify/ProductVariant/53420265996588
2026-08-13 18:02:00,Jadau Maatil,Default Title,AC06,2360.0,Sale,1,7,6,https://www.kanshijewels.com/products/jadau-maatil?variant=gid://shopify/ProductVariant/52737325662508
2026-08-14 03:01:54,Real Pearls Mattil,Default Title,NK113,787.5,Sale,1,3,2,https://www.kanshijewels.com/products/jadau-kundan-necklace-204?variant=gid://shopify/ProductVariant/51295273025836
2026-08-14 06:01:50,Coral nakashi mala,Default Title,NK230,2625.0,Sale,1,9,8,https://www.kanshijewels.com/products/coral-nakashi?variant=gid://shopify/ProductVariant/50490256982316
2026-08-14 06:01:50,Swaroski pearl Haram,Default Title,NK109,1785.0,Sale,1,7,6,https://www.kanshijewels.com/products/swaroski-pearl-haram?variant=gid://shopify/ProductVariant/51378812518700
2026-08-14 06:01:50,Diamond motives emerald swaroski dulhan necklace,Default Title,NK904,2200.0,Sale,1,5,4,https://www.kanshijewels.com/products/diamond-motives-emerald-swaroski-dulhan-necklace?variant=gid://shopify/ProductVariant/53368817615148
2026-08-14 10:01:51,Jadau Kundan Heavy Necklace,Default Title,NK813,9240.0,Sale,1,9,8,https://www.kanshijewels.com/products/jadau-kundan-heavy-necklace-44?variant=gid://shopify/ProductVariant/45432863457580
2026-08-14 10:48:37,Jadau Studs,Default Title,ER19,1550.0,Sold Out,1,1,0,https://www.kanshijewels.com/products/jadau-studs-9?variant=gid://shopify/ProductVariant/52737339851052
2026-08-14 17:24:07,Jadau Kundan Maang Tika,Default Title,MT24,1470.0,Sale,1,8,7,https://www.kanshijewels.com/products/jadau-kundan-maang-tika-35?variant=gid://shopify/ProductVariant/48249455509804
2026-08-14 17:24:07,Jadau Choker Studs Set,Default Title,ER29,2900.0,Sale,1,10,9,https://www.kanshijewels.com/products/jadau-kundan-choker-studs-set?variant=gid://shopify/ProductVariant/52737239023916
2026-08-14 22:12:32,Pearl Necklace,Default Title,NK763,1470.0,Sale,1,3,2,https://www.kanshijewels.com/products/pearl-necklace-33?variant=gid://shopify/ProductVariant/45448716779820
2026-08-14 22:12:32,Jadau Kundan Chain,Default Title,AC111,1890.0,Sale,1,4,3,https://www.kanshijewels.com/products/jadau-kundan-chain?variant=gid://shopify/ProductVariant/50042223067436
2026-08-14 22:12:32,Swaroski emerald chain,Default Title,AC81,1785.0,Sale,1,7,6,https://www.kanshijewels.com/products/swaroski-emerald-chain?variant=gid://shopify/ProductVariant/50490387136812
2026-08-14 22:12:32,Sun and Moon Hair Accessory,Default Title,AC79,2079.0,Sale,1,4,3,https://www.kanshijewels.com/products/bugadi?variant=gid://shopify/ProductVariant/50724437688620
2026-08-14 22:12:32,Jadau ear cuffs,Default Title,AC72,892.5,Sale,1,4,3,https://www.kanshijewels.com/products/jadau-ear-cuffs-1?variant=gid://shopify/ProductVariant/51119128117548
2026-08-14 22:12:32,Mossanite 92.5 Pure Nose Pin,Default Title,NP05,2600.0,Sale,1,9,8,https://www.kanshijewels.com/products/nose-pin?variant=gid://shopify/ProductVariant/51803428323628
2026-08-14 22:12:32,Jadau bugadi,Default Title,ER131,920.0,Sale,1,4,3,https://www.kanshijewels.com/products/jadau-bugadi-1?variant=gid://shopify/ProductVariant/52441936232748
2026-08-14 22:12:32,jadau dulhan hair accessory,Default Title,AC153,2990.0,Sale,1,18,17,https://www.kanshijewels.com/products/jadau-dulhan-hair-accessory?variant=gid://shopify/ProductVariant/53407818383660
2026-08-15 06:19:58,Exclusive jadau western fusion danglers,Green,ER537,999.0,Sale,1,3,2,https://www.kanshijewels.com/products/exclusive-jadau-western-fusion-danglers?variant=gid://shopify/ProductVariant/53420803129644
2026-08-15 07:49:55,Designer coral cz danglers,Default Title,ER534,320.0,Sale,1,4,3,https://www.kanshijewels.com/products/designer-coral-cz-danglers?variant=gid://shopify/ProductVariant/53369132024108
2026-08-15 07:49:55,Most elegant mangalsutra ever,Default Title,NK952,899.0,Sale,1,20,19,https://www.kanshijewels.com/products/most-elegant-mangalsutra-ever?variant=gid://shopify/ProductVariant/53420281594156
2026-08-15 09:47:20,Jadau pendant,Default Title,NK56,1250.0,Sale,1,7,6,https://www.kanshijewels.com/products/jadau-pendant-3?variant=gid://shopify/ProductVariant/52441954353452
2026-08-15 11:01:51,Jadau Kundan Stud Earrings,Default Title,ER403,441.0,Sold Out,1,1,0,https://www.kanshijewels.com/products/jadau-kundan-stud-earrings-8?variant=gid://shopify/ProductVariant/46472651211052
2026-08-15 11:01:51,Hasli necklace,Default Title,NK376,1995.0,Sold Out,1,1,0,https://www.kanshijewels.com/products/kundan-hasli-necklace-set?variant=gid://shopify/ProductVariant/50047858671916
2026-08-15 13:05:35,Polki fusion set,Default Title,NK891,2450.0,Sale,1,8,7,https://www.kanshijewels.com/products/polki-fusion-set?variant=gid://shopify/ProductVariant/53255985856812
2026-08-15 13:49:39,Jadau Kundan Stud Earrings,Default Title,ER281,1039.5,Sale,1,9,8,https://www.kanshijewels.com/products/jadau-kundan-stud-earrings-50?variant=gid://shopify/ProductVariant/48974915600684
2026-08-15 13:49:39,Exclusive jadau western fusion danglers,Pink,ER538,999.0,Sale,1,7,6,https://www.kanshijewels.com/products/exclusive-jadau-western-fusion-danglers?variant=gid://shopify/ProductVariant/53420803096876
2026-08-15 14:01:51,Jadau tika,Default Title,MT02,1200.0,Sale,1,2,1,https://www.kanshijewels.com/products/jadau-tika-6?variant=gid://shopify/ProductVariant/52445307601196
2026-08-15 18:01:48,Elegant jadau dulhan jhumkas,Default Title,ER526,2600.0,Sale,1,5,4,https://www.kanshijewels.com/products/elegant-jadau-dulhan-jhumkas?variant=gid://shopify/ProductVariant/53369020023084
2026-08-16 02:15:25,Designer coral cz danglers,Default Title,ER534,320.0,Sale,2,3,1,https://www.kanshijewels.com/products/designer-coral-cz-danglers?variant=gid://shopify/ProductVariant/53369132024108
2026-08-16 03:01:55,Jadau adjuistable ring,Default Title,RG01,880.0,Sale,1,7,6,https://www.kanshijewels.com/products/jadau-adjuistable-ring?variant=gid://shopify/ProductVariant/53173822521644
2026-08-16 03:01:55,Jadau tika,Default Title,MT06,950.0,Sold Out,1,1,0,https://www.kanshijewels.com/products/jadau-tika-2?variant=gid://shopify/ProductVariant/52445298426156
2026-08-16 03:25:07,Jadau Tika,Default Title,MT01,1699.0,Sold Out,1,1,0,https://www.kanshijewels.com/products/jadau-tika-7?variant=gid://shopify/ProductVariant/52737371341100
2026-08-16 05:51:26,Mangalsutra,Default Title,AC146,1155.0,Sold Out,1,1,0,https://www.kanshijewels.com/products/mangalsutra-3?variant=gid://shopify/ProductVariant/45448716943660
2026-08-16 06:21:49,Elegant Polki fusion set,Default Title,NK912,2450.0,Sale,1,7,6,https://www.kanshijewels.com/products/elegant-polki-fusion-set?variant=gid://shopify/ProductVariant/53368925651244
2026-08-16 08:16:30,Dulhan jadau rani maangtika,Default Title,MT76,1450.0,Sale,1,15,14,https://www.kanshijewels.com/products/dulhan-jadau-rani-maangtika?variant=gid://shopify/ProductVariant/53420765151532
2026-08-16 13:01:53,Jadau Kundan Maang Tikka,Default Title,MT31,1312.5,Sale,1,7,6,https://www.kanshijewels.com/products/jadau-kundan-maang-tika-28?variant=gid://shopify/ProductVariant/48249344524588
2026-08-16 13:01:53,Jadau Kundan Clip,Default Title,AC122,997.5,Sold Out,2,2,0,https://www.kanshijewels.com/products/jadau-kundan-clip?variant=gid://shopify/ProductVariant/46477172506924
2026-08-16 13:50:30,Jadau kundan hair pin,Default Title,AC80,1575.0,Sale,1,9,8,https://www.kanshijewels.com/products/jadau-kundan-hair-pin-2?variant=gid://shopify/ProductVariant/50702680981804
2026-08-16 14:13:09,Jadau Kundan Choker,Default Title,NK387,5239.5,Sale,1,9,8,https://www.kanshijewels.com/products/jadau-kundan-chokar-37?variant=gid://shopify/ProductVariant/50047807291692
2026-08-16 15:02:00,Jadau bugadi,Default Title,ER129,750.0,Sale,1,6,5,https://www.kanshijewels.com/products/jadau-bugadi-copy?variant=gid://shopify/ProductVariant/52441943671084
2026-08-16 15:43:32,Jadau Chokar,Default Title,NK150,2625.0,Sale,1,6,5,https://www.kanshijewels.com/products/jadau-chokar-2?variant=gid://shopify/ProductVariant/51119680848172
2026-08-16 17:11:35,Jadau Kundan Stud Earrings,Default Title,ER271,1039.5,Sale,1,7,6,https://www.kanshijewels.com/products/jadau-kundan-stud-earrings-54?variant=gid://shopify/ProductVariant/49513761407276
2026-08-16 18:13:55,Jadau Kundan Maang Tikka,Default Title,MT54,1470.0,Sale,1,8,7,https://www.kanshijewels.com/products/jadau-kundan-maang-tika-8?variant=gid://shopify/ProductVariant/46476569641260
2026-08-16 18:53:26,Designer coral cz danglers,Default Title,ER534,320.0,Sold Out,1,1,0,https://www.kanshijewels.com/products/designer-coral-cz-danglers?variant=gid://shopify/ProductVariant/53369132024108
2026-08-17 05:01:48,Emerald necklace earrings set,Default Title,ER213,3675.0,Sale,1,2,1,https://www.kanshijewels.com/products/emerald-necklace-earrings-set?variant=gid://shopify/ProductVariant/50321592877356
2026-08-17 05:57:42,Jadau Accessories,Default Title,AC112,1890.0,Sale,1,8,7,https://www.kanshijewels.com/products/jadau-accessories-1?variant=gid://shopify/ProductVariant/47854162149676
2026-08-17 12:21:14,Precious swaroski kundan work fusion mala,Default Title,NK918,1550.0,Sale,1,7,6,https://www.kanshijewels.com/products/precious-swaroski-kundan-work-fusion-mala?variant=gid://shopify/ProductVariant/53368954454316
2026-08-17 13:59:13,Classic jadau earrings,Default Title,,1499.0,New Arrival,10,0,10,https://www.kanshijewels.com/products/classic-jadau-earrings?variant=gid://shopify/ProductVariant/53712532046124
2026-08-17 13:59:13,Classic Jadau Earrings,Default Title,,3999.0,New Arrival,10,0,10,https://www.kanshijewels.com/products/classic-jadau-earrings-1?variant=gid://shopify/ProductVariant/53712533782828
2026-08-17 18:01:50,Jadau gandaberunda pendant,Default Title,NK01,3600.0,Sale,1,2,1,https://www.kanshijewels.com/products/jadau-gandaberunda-pendant?variant=gid://shopify/ProductVariant/53180547465516
2026-08-17 19:01:55,Jadau Kundan Maang Tikka,Default Title,MT31,1312.5,Sale,1,6,5,https://www.kanshijewels.com/products/jadau-kundan-maang-tika-28?variant=gid://shopify/ProductVariant/48249344524588
2026-08-17 19:01:55,Jadau Kundan Choker,Default Title,NK387,5239.5,Sale,1,8,7,https://www.kanshijewels.com/products/jadau-kundan-chokar-37?variant=gid://shopify/ProductVariant/50047807291692
2026-08-17 19:01:55,Jadau Kundan earcuff Jhumkas,Default Title,ER240,4620.0,Sale,1,8,7,https://www.kanshijewels.com/products/jadau-kundan-earcuff-jhumkas?variant=gid://shopify/ProductVariant/50048029524268
2026-08-17 19:01:55,Dulhan jadau rani maangtika,Default Title,MT76,1450.0,Sale,1,14,13,https://www.kanshijewels.com/products/dulhan-jadau-rani-maangtika?variant=gid://shopify/ProductVariant/53420765151532
2026-08-18 05:00:07,Jadau Kundan Necklace,Default Title,NK484,4189.5,Sale,1,5,4,https://www.kanshijewels.com/products/jadau-kundan-necklace-152?variant=gid://shopify/ProductVariant/48242993987884
2026-08-18 05:00:07,Jadau Kundan Stud Earrings,Default Title,ER271,1039.5,Sale,1,6,5,https://www.kanshijewels.com/products/jadau-kundan-stud-earrings-54?variant=gid://shopify/ProductVariant/49513761407276
2026-08-18 05:00:07,Swaroski pearl Haram,Default Title,NK109,1785.0,Sale,1,6,5,https://www.kanshijewels.com/products/swaroski-pearl-haram?variant=gid://shopify/ProductVariant/51378812518700
2026-08-18 05:00:07,Elegant Polki fusion set,Default Title,NK912,2450.0,Sale,1,6,5,https://www.kanshijewels.com/products/elegant-polki-fusion-set?variant=gid://shopify/ProductVariant/53368925651244
2026-08-18 05:30:34,Classic Jadau Earrings,Default Title,,4599.0,New Arrival,10,0,10,https://www.kanshijewels.com/products/classic-jadau-earrings-2?variant=gid://shopify/ProductVariant/53714329534764
2026-08-18 05:30:34,Classic Jadau Earrings,Default Title,,1999.0,New Arrival,10,0,10,https://www.kanshijewels.com/products/classic-jadau-earrings-3?variant=gid://shopify/ProductVariant/53714337956140
2026-08-18 05:30:34,Classic Jadau Earrings,Default Title,,1999.0,New Arrival,10,0,10,https://www.kanshijewels.com/products/classic-jadau-earrings-4?variant=gid://shopify/ProductVariant/53714344575276
2026-08-18 05:30:34,Classic Jadau Earrings,Default Title,,3999.0,New Arrival,10,0,10,https://www.kanshijewels.com/products/classic-jadau-earrings-5?variant=gid://shopify/ProductVariant/53714353389868
2026-08-18 05:56:09,Classic Jadau Earrings,Default Title,,2999.0,New Arrival,10,0,10,https://www.kanshijewels.com/products/classic-jadau-earrings-6?variant=gid://shopify/ProductVariant/53714365219116
2026-08-18 05:56:09,Classic Jadau Earrings,Default Title,,1999.0,New Arrival,10,0,10,https://www.kanshijewels.com/products/classic-jadau-earrings-7?variant=gid://shopify/ProductVariant/53714367250732
2026-08-18 05:56:09,Classic Jadau Earrings,Default Title,,1999.0,New Arrival,10,0,10,https://www.kanshijewels.com/products/classic-jadau-earrings-8?variant=gid://shopify/ProductVariant/53714371674412
2026-08-18 05:56:09,Classic Jadau Earrings,Default Title,,1999.0,New Arrival,10,0,10,https://www.kanshijewels.com/products/classic-jadau-earrings-9?variant=gid://shopify/ProductVariant/53714395529516
2026-08-18 06:01:57,Classic Jadau Earrings,Default Title,,3999.0,Restock,10,0,10,https://www.kanshijewels.com/products/classic-jadau-earrings-10?variant=gid://shopify/ProductVariant/53714404213036
2026-08-18 06:01:57,Classic Jadau Earrings,Default Title,,4599.0,New Arrival,10,0,10,https://www.kanshijewels.com/products/classic-jadau-earrings-11?variant=gid://shopify/ProductVariant/53714412110124
2026-08-18 06:24:38,Precious swaroski kundan work fusion mala,Default Title,NK918,1550.0,Sale,1,6,5,https://www.kanshijewels.com/products/precious-swaroski-kundan-work-fusion-mala?variant=gid://shopify/ProductVariant/53368954454316
2026-08-18 06:24:38,Classic Jadau Earrings,Default Title,,4999.0,New Arrival,10,0,10,https://www.kanshijewels.com/products/classic-jadau-earrings-12?variant=gid://shopify/ProductVariant/53714419122476
2026-08-18 06:24:38,Classic Jadau Earrings,Default Title,,3999.0,New Arrival,10,0,10,https://www.kanshijewels.com/products/classic-jadau-earrings-13?variant=gid://shopify/ProductVariant/53714443862316
2026-08-18 06:24:38,Classic Jadau Earrings,Default Title,,1999.0,New Arrival,10,0,10,https://www.kanshijewels.com/products/classic-jadau-earrings-14?variant=gid://shopify/ProductVariant/53714454806828
2026-08-18 06:24:38,Classic Jadau Earrings,Default Title,,2499.0,New Arrival,10,0,10,https://www.kanshijewels.com/products/classic-jadau-earrings-15?variant=gid://shopify/ProductVariant/53714465587500
2026-08-18 07:01:53,Jadau Kundan Maang Tika,Default Title,MT20,2625.0,Sale,1,2,1,https://www.kanshijewels.com/products/jadau-kundan-maang-tika-81?variant=gid://shopify/ProductVariant/48249489850668
2026-08-18 07:01:53,Classic Jadau Earrings,Default Title,,4599.0,New Arrival,10,0,10,https://www.kanshijewels.com/products/classic-jadau-earrings-16?variant=gid://shopify/ProductVariant/53714474336556
2026-08-18 07:01:53,Classic Jadau Earrings,Default Title,,2999.0,New Arrival,10,0,10,https://www.kanshijewels.com/products/classic-jadau-earrings-17?variant=gid://shopify/ProductVariant/53714481152300
2026-08-18 07:01:53,Classic Jadau Earrings,Default Title,,3999.0,New Arrival,10,0,10,https://www.kanshijewels.com/products/classic-jadau-earrings-18?variant=gid://shopify/ProductVariant/53714486526252
2026-08-18 07:01:53,Classic Jadau Earrings,Default Title,,2499.0,New Arrival,10,0,10,https://www.kanshijewels.com/products/classic-jadau-earrings-19?variant=gid://shopify/ProductVariant/53714491965740
2026-08-18 07:01:53,Classic Jadau Earrings,Default Title,,2499.0,New Arrival,10,0,10,https://www.kanshijewels.com/products/classic-jadau-earrings-20?variant=gid://shopify/ProductVariant/53714495865132
2026-08-18 07:01:53,Classic Jadau Earrings,Default Title,,2499.0,New Arrival,10,0,10,https://www.kanshijewels.com/products/classic-jadau-earrings-21?variant=gid://shopify/ProductVariant/53714499240236
2026-08-18 07:01:53,Classic Jadau Earrings,Default Title,,1999.0,New Arrival,10,0,10,https://www.kanshijewels.com/products/classic-jadau-earrings-22?variant=gid://shopify/ProductVariant/53714503434540
2026-08-18 07:01:53,Classic Jadau Earrings,Default Title,,2499.0,New Arrival,10,0,10,https://www.kanshijewels.com/products/classic-jadau-earrings-23?variant=gid://shopify/ProductVariant/53714523455788
2026-08-18 07:01:53,Classic Jadau Earrings,Default Title,,3999.0,New Arrival,10,0,10,https://www.kanshijewels.com/products/classic-jadau-earrings-24?variant=gid://shopify/ProductVariant/53714527289644
2026-08-18 07:01:53,Classic Jadau Earrings,Default Title,,4599.0,New Arrival,10,0,10,https://www.kanshijewels.com/products/classic-jadau-earrings-25?variant=gid://shopify/ProductVariant/53714530828588
2026-08-18 07:01:53,Classic Jadau Earrings,Default Title,,4599.0,New Arrival,10,0,10,https://www.kanshijewels.com/products/classic-jadau-earrings-26?variant=gid://shopify/ProductVariant/53714540364076
2026-08-18 07:13:24,Classic Jadau Earrings,Default Title,,4599.0,New Arrival,10,0,10,https://www.kanshijewels.com/products/classic-jadau-earrings-28?variant=gid://shopify/ProductVariant/53714561499436
2026-08-18 07:13:24,Classic Jadau Earrings,Default Title,,3999.0,New Arrival,10,0,10,https://www.kanshijewels.com/products/classic-jadau-earrings-29?variant=gid://shopify/ProductVariant/53714565955884
2026-08-18 08:00:20,Classic Jadau Earrings,Default Title,,3999.0,New Arrival,10,0,10,https://www.kanshijewels.com/products/classic-jadau-earrings-30?variant=gid://shopify/ProductVariant/53714571755820
2026-08-18 08:38:31,Multipurpose Chain,Default Title,NK197,546.0,Sale,1,5,4,https://www.kanshijewels.com/products/multipurpose-chain?variant=gid://shopify/ProductVariant/50702819459372
2026-08-18 09:01:57,Jadau Kundan Earrings,Default Title,ER500,1680.0,Sale,1,4,3,https://www.kanshijewels.com/products/jadau-kundan-earrings-14?variant=gid://shopify/ProductVariant/45425824203052
2026-08-18 09:55:50,Jadau Kundan Pendant,Default Title,NK169,1470.0,Sale,1,2,1,https://www.kanshijewels.com/products/jadau-kundan-pendant-44?variant=gid://shopify/ProductVariant/50702974681388
2026-08-18 10:01:54,Classic Jadau Earrings,Default Title,,3999.0,New Arrival,10,0,10,https://www.kanshijewels.com/products/classic-jadau-earrings-27?variant=gid://shopify/ProductVariant/53714550849836
2026-08-18 10:01:54,Classic Jadau Earrings,Default Title,,3999.0,New Arrival,10,0,10,https://www.kanshijewels.com/products/classic-jadau-earrings-31?variant=gid://shopify/ProductVariant/53714575294764
2026-08-18 12:22:31,Elegant minimal gold chain with pendant,Default Title,NK910,850.0,Sale,1,8,7,https://www.kanshijewels.com/products/elegant-minimal-gold-chain-with-pendant?variant=gid://shopify/ProductVariant/53368913658156
2026-08-18 12:22:31,Elegant diamond look earrings,Default Title,ER525,759.0,Sale,1,7,6,https://www.kanshijewels.com/products/elegant-diamond-look-earrings?variant=gid://shopify/ProductVariant/53369017139500
2026-08-19 04:01:57,Nakashi mini choker,Default Title,NK349,1890.0,Sale,1,4,3,https://www.kanshijewels.com/products/nakashi-mini-choker?variant=gid://shopify/ProductVariant/50321577771308
2026-08-19 04:01:57,Jadau jhumkas,Default Title,ER109,1550.0,Sale,1,7,6,https://www.kanshijewels.com/products/jadau-jhumkas-5?variant=gid://shopify/ProductVariant/52445348954412
2026-08-19 05:00:07,Jadau ear cuffs,Default Title,AC72,892.5,Sale,1,3,2,https://www.kanshijewels.com/products/jadau-ear-cuffs-1?variant=gid://shopify/ProductVariant/51119128117548
2026-08-19 07:02:01,Jadau Kundan Maang Tikka,Default Title,MT65,1312.5,Sale,1,6,5,https://www.kanshijewels.com/products/jadau-kundan-maang-tika-71?variant=gid://shopify/ProductVariant/45462708977964
2026-08-19 07:21:58,Pearls bracelets,Default Title,AC38,313.95,Sale,1,5,4,https://www.kanshijewels.com/products/mossanite-92-5-pure-silver-nose-pin-copy?variant=gid://shopify/ProductVariant/52018498044204
2026-08-19 08:39:23,Jadau Earrings,Default Title,ER26,1950.0,Sold Out,1,1,0,https://www.kanshijewels.com/products/jadau-earrings-7?variant=gid://shopify/ProductVariant/52737249050924
2026-08-19 09:01:49,Jadau Maatil,Default Title,AC06,2360.0,Sale,1,6,5,https://www.kanshijewels.com/products/jadau-maatil?variant=gid://shopify/ProductVariant/52737325662508
2026-08-19 09:56:18,Classic jadau earrings,Default Title,,1499.0,Sold Out,10,10,0,https://www.kanshijewels.com/products/classic-jadau-earrings?variant=gid://shopify/ProductVariant/53712532046124
2026-08-19 09:56:18,Classic Jadau Earrings,Default Title,,3999.0,Sold Out,10,10,0,https://www.kanshijewels.com/products/classic-jadau-earrings-1?variant=gid://shopify/ProductVariant/53712533782828
2026-08-19 09:56:18,Classic Jadau Earrings,Default Title,,4599.0,Sold Out,10,10,0,https://www.kanshijewels.com/products/classic-jadau-earrings-2?variant=gid://shopify/ProductVariant/53714329534764
2026-08-19 09:56:18,Classic Jadau Earrings,Default Title,,1999.0,Sold Out,10,10,0,https://www.kanshijewels.com/products/classic-jadau-earrings-3?variant=gid://shopify/ProductVariant/53714337956140
2026-08-19 09:56:18,Classic Jadau Earrings,Default Title,,1999.0,Sold Out,10,10,0,https://www.kanshijewels.com/products/classic-jadau-earrings-4?variant=gid://shopify/ProductVariant/53714344575276
2026-08-19 09:56:18,Classic Jadau Earrings,Default Title,,3999.0,Sold Out,10,10,0,https://www.kanshijewels.com/products/classic-jadau-earrings-5?variant=gid://shopify/ProductVariant/53714353389868
2026-08-19 09:56:18,Classic Jadau Earrings,Default Title,,2999.0,Sold Out,10,10,0,https://www.kanshijewels.com/products/classic-jadau-earrings-6?variant=gid://shopify/ProductVariant/53714365219116
2026-08-19 09:56:18,Classic Jadau Earrings,Default Title,,1999.0,Sold Out,10,10,0,https://www.kanshijewels.com/products/classic-jadau-earrings-7?variant=gid://shopify/ProductVariant/53714367250732
2026-08-19 09:56:18,Classic Jadau Earrings,Default Title,,1999.0,Sold Out,10,10,0,https://www.kanshijewels.com/products/classic-jadau-earrings-8?variant=gid://shopify/ProductVariant/53714371674412
2026-08-19 09:56:18,Classic Jadau Earrings,Default Title,,1999.0,Sold Out,10,10,0,https://www.kanshijewels.com/products/classic-jadau-earrings-9?variant=gid://shopify/ProductVariant/53714395529516
2026-08-19 09:56:18,Classic Jadau Earrings,Default Title,,3999.0,Sold Out,10,10,0,https://www.kanshijewels.com/products/classic-jadau-earrings-10?variant=gid://shopify/ProductVariant/53714404213036
2026-08-19 09:56:18,Classic Jadau Earrings,Default Title,,4599.0,Sold Out,10,10,0,https://www.kanshijewels.com/products/classic-jadau-earrings-11?variant=gid://shopify/ProductVariant/53714412110124
2026-08-19 09:56:18,Classic Jadau Earrings,Default Title,,4999.0,Sold Out,10,10,0,https://www.kanshijewels.com/products/classic-jadau-earrings-12?variant=gid://shopify/ProductVariant/53714419122476
2026-08-19 09:56:18,Classic Jadau Earrings,Default Title,,3999.0,Sold Out,10,10,0,https://www.kanshijewels.com/products/classic-jadau-earrings-13?variant=gid://shopify/ProductVariant/53714443862316
2026-08-19 09:56:18,Classic Jadau Earrings,Default Title,,1999.0,Sold Out,10,10,0,https://www.kanshijewels.com/products/classic-jadau-earrings-14?variant=gid://shopify/ProductVariant/53714454806828
2026-08-19 09:56:18,Classic Jadau Earrings,Default Title,,2499.0,Sold Out,10,10,0,https://www.kanshijewels.com/products/classic-jadau-earrings-15?variant=gid://shopify/ProductVariant/53714465587500
2026-08-19 09:56:18,Classic Jadau Earrings,Default Title,,4599.0,Sold Out,10,10,0,https://www.kanshijewels.com/products/classic-jadau-earrings-16?variant=gid://shopify/ProductVariant/53714474336556
2026-08-19 09:56:18,Classic Jadau Earrings,Default Title,,2999.0,Sold Out,10,10,0,https://www.kanshijewels.com/products/classic-jadau-earrings-17?variant=gid://shopify/ProductVariant/53714481152300
2026-08-19 09:56:18,Classic Jadau Earrings,Default Title,,3999.0,Sold Out,10,10,0,https://www.kanshijewels.com/products/classic-jadau-earrings-18?variant=gid://shopify/ProductVariant/53714486526252
2026-08-19 09:56:18,Classic Jadau Earrings,Default Title,,2499.0,Sold Out,10,10,0,https://www.kanshijewels.com/products/classic-jadau-earrings-19?variant=gid://shopify/ProductVariant/53714491965740
2026-08-19 09:56:18,Classic Jadau Earrings,Default Title,,2499.0,Sold Out,10,10,0,https://www.kanshijewels.com/products/classic-jadau-earrings-20?variant=gid://shopify/ProductVariant/53714495865132
2026-08-19 09:56:18,Classic Jadau Earrings,Default Title,,2499.0,Sold Out,10,10,0,https://www.kanshijewels.com/products/classic-jadau-earrings-21?variant=gid://shopify/ProductVariant/53714499240236
2026-08-19 09:56:18,Classic Jadau Earrings,Default Title,,1999.0,Sold Out,10,10,0,https://www.kanshijewels.com/products/classic-jadau-earrings-22?variant=gid://shopify/ProductVariant/53714503434540
2026-08-19 09:56:18,Classic Jadau Earrings,Default Title,,2499.0,Sold Out,10,10,0,https://www.kanshijewels.com/products/classic-jadau-earrings-23?variant=gid://shopify/ProductVariant/53714523455788
2026-08-19 09:56:18,Classic Jadau Earrings,Default Title,,3999.0,Sold Out,10,10,0,https://www.kanshijewels.com/products/classic-jadau-earrings-24?variant=gid://shopify/ProductVariant/53714527289644
2026-08-19 09:56:18,Classic Jadau Earrings,Default Title,,4599.0,Sold Out,10,10,0,https://www.kanshijewels.com/products/classic-jadau-earrings-25?variant=gid://shopify/ProductVariant/53714530828588
2026-08-19 09:56:18,Classic Jadau Earrings,Default Title,,4599.0,Sold Out,10,10,0,https://www.kanshijewels.com/products/classic-jadau-earrings-26?variant=gid://shopify/ProductVariant/53714540364076
2026-08-19 09:56:18,Classic Jadau Earrings,Default Title,,3999.0,Sold Out,10,10,0,https://www.kanshijewels.com/products/classic-jadau-earrings-27?variant=gid://shopify/ProductVariant/53714550849836
2026-08-19 09:56:18,Classic Jadau Earrings,Default Title,,4599.0,Sold Out,10,10,0,https://www.kanshijewels.com/products/classic-jadau-earrings-28?variant=gid://shopify/ProductVariant/53714561499436
2026-08-19 09:56:18,Classic Jadau Earrings,Default Title,,3999.0,Sold Out,10,10,0,https://www.kanshijewels.com/products/classic-jadau-earrings-29?variant=gid://shopify/ProductVariant/53714565955884
2026-08-19 09:56:18,Classic Jadau Earrings,Default Title,,3999.0,Sold Out,10,10,0,https://www.kanshijewels.com/products/classic-jadau-earrings-30?variant=gid://shopify/ProductVariant/53714571755820
2026-08-19 09:56:18,Classic Jadau Earrings,Default Title,,3999.0,Sold Out,10,10,0,https://www.kanshijewels.com/products/classic-jadau-earrings-31?variant=gid://shopify/ProductVariant/53714575294764
2026-08-19 13:02:01,Elegant Polki fusion set,Default Title,NK912,2450.0,Sale,1,5,4,https://www.kanshijewels.com/products/elegant-polki-fusion-set?variant=gid://shopify/ProductVariant/53368925651244
2026-08-19 14:59:58,Swaroski real necklace,Default Title,NK117,2310.0,Sale,1,3,2,https://www.kanshijewels.com/products/swaroski-real-necklace?variant=gid://shopify/ProductVariant/51295250841900
2026-08-19 17:18:08,Elegant Polki fusion set,Default Title,NK912,2450.0,Sale,1,4,3,https://www.kanshijewels.com/products/elegant-polki-fusion-set?variant=gid://shopify/ProductVariant/53368925651244
2026-08-19 18:02:00,Jadau Kundan Choker,Default Title,NK215,1575.0,Sale,1,2,1,https://www.kanshijewels.com/products/jadau-kundan-choker-23?variant=gid://shopify/ProductVariant/50702688878892
2026-08-19 19:00:42,Jadau pearl choker,Default Title,NK346,1890.0,Sale,1,6,5,https://www.kanshijewels.com/products/jadau-pearl-choker-1?variant=gid://shopify/ProductVariant/50321583800620
2026-08-19 19:00:42,Jadau bugadi,Default Title,ER131,920.0,Sale,1,3,2,https://www.kanshijewels.com/products/jadau-bugadi-1?variant=gid://shopify/ProductVariant/52441936232748
2026-08-20 05:53:49,lotus jadau  motives invisible chain,Default Title,NK928,590.0,Sale,1,19,18,https://www.kanshijewels.com/products/lotus-jadau-motives-invisible-chsin?variant=gid://shopify/ProductVariant/53418027286828
2026-08-20 06:01:54,Elegant jadau pendant with rice pearls chain,Default Title,NK946,1690.0,Sale,1,18,17,https://www.kanshijewels.com/products/elegant-jadau-pendant-with-rice-pearls-chain?variant=gid://shopify/ProductVariant/53420265996588
2026-08-20 07:14:49,Elegant Polki fusion set,Default Title,NK912,2450.0,Sale,1,3,2,https://www.kanshijewels.com/products/elegant-polki-fusion-set?variant=gid://shopify/ProductVariant/53368925651244
2026-08-20 09:01:56,Elegant minimal gold chain with pendant,Default Title,NK910,850.0,Sale,1,7,6,https://www.kanshijewels.com/products/elegant-minimal-gold-chain-with-pendant?variant=gid://shopify/ProductVariant/53368913658156
2026-08-20 09:57:25,Jadau Kundan Pendant,Default Title,NK571,1470.0,Sale,1,9,8,https://www.kanshijewels.com/products/jadau-kundan-pendant-15?variant=gid://shopify/ProductVariant/47582623826220
2026-08-20 09:57:25,Jadau bugadi,Default Title,ER131,920.0,Sale,1,2,1,https://www.kanshijewels.com/products/jadau-bugadi-1?variant=gid://shopify/ProductVariant/52441936232748
2026-08-20 12:02:02,Jadau Fusion Watch,Default Title,AC14,1990.0,Sale,1,9,8,https://www.kanshijewels.com/products/jadau-fusion-watch-3?variant=gid://shopify/ProductVariant/52737281098028
2026-08-20 14:01:57,Classic jadau earrings,Default Title,,1499.0,New Arrival,10,0,10,https://www.kanshijewels.com/products/classic-jadau-earrings?variant=gid://shopify/ProductVariant/53712532046124
2026-08-20 14:01:57,Classic Jadau Earrings,Default Title,,3999.0,New Arrival,10,0,10,https://www.kanshijewels.com/products/classic-jadau-earrings-1?variant=gid://shopify/ProductVariant/53712533782828
2026-08-20 14:01:57,Classic Jadau Earrings,Default Title,,4599.0,New Arrival,10,0,10,https://www.kanshijewels.com/products/classic-jadau-earrings-2?variant=gid://shopify/ProductVariant/53714329534764
2026-08-20 14:01:57,Classic Jadau Earrings,Default Title,,1999.0,New Arrival,10,0,10,https://www.kanshijewels.com/products/classic-jadau-earrings-3?variant=gid://shopify/ProductVariant/53714337956140
2026-08-20 14:01:57,Classic Jadau Earrings,Default Title,,1999.0,New Arrival,10,0,10,https://www.kanshijewels.com/products/classic-jadau-earrings-4?variant=gid://shopify/ProductVariant/53714344575276
2026-08-20 14:01:57,Classic Jadau Earrings,Default Title,,3999.0,New Arrival,10,0,10,https://www.kanshijewels.com/products/classic-jadau-earrings-5?variant=gid://shopify/ProductVariant/53714353389868
2026-08-20 14:01:57,Classic Jadau Earrings,Default Title,,2999.0,New Arrival,10,0,10,https://www.kanshijewels.com/products/classic-jadau-earrings-6?variant=gid://shopify/ProductVariant/53714365219116
2026-08-20 14:01:57,Classic Jadau Earrings,Default Title,,1999.0,New Arrival,10,0,10,https://www.kanshijewels.com/products/classic-jadau-earrings-7?variant=gid://shopify/ProductVariant/53714367250732
2026-08-20 14:01:57,Classic Jadau Earrings,Default Title,,1999.0,New Arrival,10,0,10,https://www.kanshijewels.com/products/classic-jadau-earrings-8?variant=gid://shopify/ProductVariant/53714371674412
2026-08-20 14:01:57,Classic Jadau Earrings,Default Title,,1999.0,New Arrival,10,0,10,https://www.kanshijewels.com/products/classic-jadau-earrings-9?variant=gid://shopify/ProductVariant/53714395529516
2026-08-20 14:01:57,Classic Jadau Earrings,Default Title,,3999.0,New Arrival,10,0,10,https://www.kanshijewels.com/products/classic-jadau-earrings-10?variant=gid://shopify/ProductVariant/53714404213036
2026-08-20 14:01:57,Classic Jadau Earrings,Default Title,,4599.0,New Arrival,10,0,10,https://www.kanshijewels.com/products/classic-jadau-earrings-11?variant=gid://shopify/ProductVariant/53714412110124
2026-08-20 14:01:57,Classic Jadau Earrings,Default Title,,4999.0,New Arrival,10,0,10,https://www.kanshijewels.com/products/classic-jadau-earrings-12?variant=gid://shopify/ProductVariant/53714419122476
2026-08-20 14:01:57,Classic Jadau Earrings,Default Title,,3999.0,New Arrival,10,0,10,https://www.kanshijewels.com/products/classic-jadau-earrings-13?variant=gid://shopify/ProductVariant/53714443862316
2026-08-20 14:01:57,Classic Jadau Earrings,Default Title,,1999.0,New Arrival,10,0,10,https://www.kanshijewels.com/products/classic-jadau-earrings-14?variant=gid://shopify/ProductVariant/53714454806828
2026-08-20 14:01:57,Classic Jadau Earrings,Default Title,,2499.0,New Arrival,10,0,10,https://www.kanshijewels.com/products/classic-jadau-earrings-15?variant=gid://shopify/ProductVariant/53714465587500
2026-08-20 14:01:57,Classic Jadau Earrings,Default Title,,4599.0,New Arrival,10,0,10,https://www.kanshijewels.com/products/classic-jadau-earrings-16?variant=gid://shopify/ProductVariant/53714474336556
2026-08-20 14:01:57,Classic Jadau Earrings,Default Title,,2999.0,New Arrival,10,0,10,https://www.kanshijewels.com/products/classic-jadau-earrings-17?variant=gid://shopify/ProductVariant/53714481152300
2026-08-20 14:01:57,Classic Jadau Earrings,Default Title,,3999.0,New Arrival,10,0,10,https://www.kanshijewels.com/products/classic-jadau-earrings-18?variant=gid://shopify/ProductVariant/53714486526252
2026-08-20 14:01:57,Classic Jadau Earrings,Default Title,,2499.0,New Arrival,10,0,10,https://www.kanshijewels.com/products/classic-jadau-earrings-19?variant=gid://shopify/ProductVariant/53714491965740
2026-08-20 14:01:57,Classic Jadau Earrings,Default Title,,2499.0,New Arrival,10,0,10,https://www.kanshijewels.com/products/classic-jadau-earrings-20?variant=gid://shopify/ProductVariant/53714495865132
2026-08-20 14:01:57,Classic Jadau Earrings,Default Title,,2499.0,New Arrival,10,0,10,https://www.kanshijewels.com/products/classic-jadau-earrings-21?variant=gid://shopify/ProductVariant/53714499240236
2026-08-20 14:01:57,Classic Jadau Earrings,Default Title,,1999.0,New Arrival,10,0,10,https://www.kanshijewels.com/products/classic-jadau-earrings-22?variant=gid://shopify/ProductVariant/53714503434540
2026-08-20 14:01:57,Classic Jadau Earrings,Default Title,,2499.0,New Arrival,10,0,10,https://www.kanshijewels.com/products/classic-jadau-earrings-23?variant=gid://shopify/ProductVariant/53714523455788
2026-08-20 14:01:57,Classic Jadau Earrings,Default Title,,3999.0,New Arrival,10,0,10,https://www.kanshijewels.com/products/classic-jadau-earrings-24?variant=gid://shopify/ProductVariant/53714527289644
2026-08-20 14:01:57,Classic Jadau Earrings,Default Title,,4599.0,New Arrival,10,0,10,https://www.kanshijewels.com/products/classic-jadau-earrings-25?variant=gid://shopify/ProductVariant/53714530828588
2026-08-20 14:01:57,Classic Jadau Earrings,Default Title,,4599.0,New Arrival,10,0,10,https://www.kanshijewels.com/products/classic-jadau-earrings-26?variant=gid://shopify/ProductVariant/53714540364076
2026-08-20 14:01:57,Classic Jadau Earrings,Default Title,,3999.0,New Arrival,10,0,10,https://www.kanshijewels.com/products/classic-jadau-earrings-27?variant=gid://shopify/ProductVariant/53714550849836
2026-08-20 14:01:57,Classic Jadau Earrings,Default Title,,4599.0,New Arrival,10,0,10,https://www.kanshijewels.com/products/classic-jadau-earrings-28?variant=gid://shopify/ProductVariant/53714561499436
2026-08-20 14:01:57,Classic Jadau Earrings,Default Title,,3999.0,New Arrival,10,0,10,https://www.kanshijewels.com/products/classic-jadau-earrings-29?variant=gid://shopify/ProductVariant/53714565955884
2026-08-20 14:01:57,Classic Jadau Earrings,Default Title,,3999.0,New Arrival,10,0,10,https://www.kanshijewels.com/products/classic-jadau-earrings-30?variant=gid://shopify/ProductVariant/53714571755820
2026-08-20 14:01:57,Classic Jadau Earrings,Default Title,,3999.0,New Arrival,10,0,10,https://www.kanshijewels.com/products/classic-jadau-earrings-31?variant=gid://shopify/ProductVariant/53714575294764
2026-08-20 16:59:16,Jadau Kundan Stud Earrings,Default Title,ER382,2415.0,Sale,1,2,1,https://www.kanshijewels.com/products/jadau-kundan-stud-earrings-29?variant=gid://shopify/ProductVariant/46472990523692
2026-08-20 16:59:16,Elegant Victorian Emerald,Default Title,ER520,450.0,Sold Out,1,1,0,https://www.kanshijewels.com/products/elegant-victorian-emerald?variant=gid://shopify/ProductVariant/53331945455916
2026-08-20 22:52:07,Classic Jadau Earrings,Default Title,,3999.0,Sale,9,10,1,https://www.kanshijewels.com/products/classic-jadau-earrings-5?variant=gid://shopify/ProductVariant/53714353389868
2026-08-20 22:52:07,Classic Jadau Earrings,Default Title,,1999.0,Sale,1,10,9,https://www.kanshijewels.com/products/classic-jadau-earrings-8?variant=gid://shopify/ProductVariant/53714371674412
2026-08-20 22:52:07,Classic Jadau Earrings,Default Title,,1999.0,Sale,1,10,9,https://www.kanshijewels.com/products/classic-jadau-earrings-14?variant=gid://shopify/ProductVariant/53714454806828
2026-08-21 04:01:56,Jadau Kundan Studs,Default Title,ER230,1365.0,Sale,1,8,7,https://www.kanshijewels.com/products/jadau-kundan-studs-6?variant=gid://shopify/ProductVariant/50048211190060
2026-08-21 09:58:24,Classic peacock motive jadau chokar_,Default Title,NK933,1890.0,Sale,1,17,16,https://www.kanshijewels.com/products/classic-peacock-motive-jadau-chokar_?variant=gid://shopify/ProductVariant/53420215927084
2026-08-21 13:24:42,Jadau Accessories,Default Title,AC112,1890.0,Sale,1,7,6,https://www.kanshijewels.com/products/jadau-accessories-1?variant=gid://shopify/ProductVariant/47854162149676
2026-08-21 13:24:42,Jadau Kundan Chain,Default Title,AC111,1890.0,Sale,1,3,2,https://www.kanshijewels.com/products/jadau-kundan-chain?variant=gid://shopify/ProductVariant/50042223067436
2026-08-21 13:24:42,Elegant jadau dulhan jhumkas,Default Title,ER526,2600.0,Sale,1,4,3,https://www.kanshijewels.com/products/elegant-jadau-dulhan-jhumkas?variant=gid://shopify/ProductVariant/53369020023084
2026-08-21 14:01:59,Elegant Polki fusion set,Default Title,NK912,2450.0,Sale,1,2,1,https://www.kanshijewels.com/products/elegant-polki-fusion-set?variant=gid://shopify/ProductVariant/53368925651244
2026-08-21 16:02:00,Jadau Kundan Jhumkas,Default Title,ER165,2310.0,Sale,1,7,6,https://www.kanshijewels.com/products/jadau-kundan-jhumkas-39?variant=gid://shopify/ProductVariant/51119778234668
2026-08-21 16:02:00,Kundan chokar necklace,Default Title,NK61,3990.0,Sale,1,10,9,https://www.kanshijewels.com/products/mossanite-chokar-necklace-copy-18?variant=gid://shopify/ProductVariant/52022625763628
2026-08-21 16:59:05,Jadau gandaberunda pendant,Default Title,NK01,3600.0,Sold Out,1,1,0,https://www.kanshijewels.com/products/jadau-gandaberunda-pendant?variant=gid://shopify/ProductVariant/53180547465516
2026-08-21 17:26:29,Jadau Kundan Clip,Default Title,AC134,1365.0,Sale,1,3,2,https://www.kanshijewels.com/products/jadau-kundan-maang-tika-52?variant=gid://shopify/ProductVariant/45462708125996
2026-08-21 17:26:29,Jadau Kundan Ear Cuffs,Default Title,AC124,1470.0,Sale,1,7,6,https://www.kanshijewels.com/products/jadau-kundan-ear-cuffs-1?variant=gid://shopify/ProductVariant/46477113622828
2026-08-21 17:26:29,Jadau Accessories,Default Title,AC112,1890.0,Sale,1,6,5,https://www.kanshijewels.com/products/jadau-accessories-1?variant=gid://shopify/ProductVariant/47854162149676
2026-08-21 18:02:00,Classic Jadau Earrings,Default Title,,3999.0,Restock,8,1,9,https://www.kanshijewels.com/products/classic-jadau-earrings-5?variant=gid://shopify/ProductVariant/53714353389868
2026-08-21 18:02:00,Jadau bugadi,Default Title,ER131,920.0,Sold Out,1,1,0,https://www.kanshijewels.com/products/jadau-bugadi-1?variant=gid://shopify/ProductVariant/52441936232748
2026-08-22 04:01:56,Multipurpose Chain,Default Title,NK197,546.0,Sale,1,4,3,https://www.kanshijewels.com/products/multipurpose-chain?variant=gid://shopify/ProductVariant/50702819459372
2026-08-22 04:01:56,Jadau Necklace,Default Title,NK146,2100.0,Sold Out,1,1,0,https://www.kanshijewels.com/products/jadau-necklace-5?variant=gid://shopify/ProductVariant/51119705325868
2026-08-22 09:49:01,Jadau Necklace,Default Title,NK146,2100.0,Restock,9,0,9,https://www.kanshijewels.com/products/jadau-necklace-5?variant=gid://shopify/ProductVariant/51119705325868
2026-08-22 09:49:01,Jadau pendant,Default Title,NK53,2650.0,Restock,5,0,5,https://www.kanshijewels.com/products/jadau-pendant-6?variant=gid://shopify/ProductVariant/52441958940972
2026-08-22 09:49:01,Jadau gandaberunda pendant,Default Title,NK01,3600.0,Restock,10,0,10,https://www.kanshijewels.com/products/jadau-gandaberunda-pendant?variant=gid://shopify/ProductVariant/53180547465516
2026-08-22 09:49:01,Elegant sheek jadau necklace and earring set,Default Title,NK913,1699.0,Restock,7,0,7,https://www.kanshijewels.com/products/elegant-sheek-jadau-necklace-and-earring-set?variant=gid://shopify/ProductVariant/53368929255724
2026-08-22 10:46:29,Classic jadau earrings,Default Title,,1499.0,Sale,9,10,1,https://www.kanshijewels.com/products/classic-jadau-earrings?variant=gid://shopify/ProductVariant/53712532046124
2026-08-22 10:46:29,Classic Jadau Earrings,Default Title,,3999.0,Sale,9,10,1,https://www.kanshijewels.com/products/classic-jadau-earrings-1?variant=gid://shopify/ProductVariant/53712533782828
2026-08-22 10:46:29,Classic Jadau Earrings,Default Title,,4599.0,Sale,9,10,1,https://www.kanshijewels.com/products/classic-jadau-earrings-2?variant=gid://shopify/ProductVariant/53714329534764
2026-08-22 10:46:29,Classic Jadau Earrings,Default Title,,1999.0,Sale,9,10,1,https://www.kanshijewels.com/products/classic-jadau-earrings-3?variant=gid://shopify/ProductVariant/53714337956140
2026-08-22 10:46:29,Classic Jadau Earrings,Default Title,,1999.0,Sale,9,10,1,https://www.kanshijewels.com/products/classic-jadau-earrings-4?variant=gid://shopify/ProductVariant/53714344575276
2026-08-22 10:46:29,Classic Jadau Earrings,Default Title,,3999.0,Sale,8,9,1,https://www.kanshijewels.com/products/classic-jadau-earrings-5?variant=gid://shopify/ProductVariant/53714353389868
2026-08-22 10:46:29,Classic Jadau Earrings,Default Title,,2999.0,Sale,9,10,1,https://www.kanshijewels.com/products/classic-jadau-earrings-6?variant=gid://shopify/ProductVariant/53714365219116
2026-08-22 10:46:29,Classic Jadau Earrings,Default Title,,1999.0,Sale,9,10,1,https://www.kanshijewels.com/products/classic-jadau-earrings-7?variant=gid://shopify/ProductVariant/53714367250732
2026-08-22 10:46:29,Classic Jadau Earrings,Default Title,,1999.0,Sale,8,9,1,https://www.kanshijewels.com/products/classic-jadau-earrings-8?variant=gid://shopify/ProductVariant/53714371674412
2026-08-22 10:46:29,Classic Jadau Earrings,Default Title,,1999.0,Sale,9,10,1,https://www.kanshijewels.com/products/classic-jadau-earrings-9?variant=gid://shopify/ProductVariant/53714395529516
2026-08-22 10:46:29,Classic Jadau Earrings,Default Title,,3999.0,Sale,9,10,1,https://www.kanshijewels.com/products/classic-jadau-earrings-10?variant=gid://shopify/ProductVariant/53714404213036
2026-08-22 10:46:29,Classic Jadau Earrings,Default Title,,4599.0,Sale,9,10,1,https://www.kanshijewels.com/products/classic-jadau-earrings-11?variant=gid://shopify/ProductVariant/53714412110124
2026-08-22 10:46:29,Classic Jadau Earrings,Default Title,,4999.0,Sale,9,10,1,https://www.kanshijewels.com/products/classic-jadau-earrings-12?variant=gid://shopify/ProductVariant/53714419122476
2026-08-22 10:46:29,Classic Jadau Earrings,Default Title,,3999.0,Sale,9,10,1,https://www.kanshijewels.com/products/classic-jadau-earrings-13?variant=gid://shopify/ProductVariant/53714443862316
2026-08-22 10:46:29,Classic Jadau Earrings,Default Title,,1999.0,Sale,8,9,1,https://www.kanshijewels.com/products/classic-jadau-earrings-14?variant=gid://shopify/ProductVariant/53714454806828
2026-08-22 10:46:29,Classic Jadau Earrings,Default Title,,2499.0,Sale,9,10,1,https://www.kanshijewels.com/products/classic-jadau-earrings-15?variant=gid://shopify/ProductVariant/53714465587500
2026-08-22 10:46:29,Classic Jadau Earrings,Default Title,,4599.0,Sale,9,10,1,https://www.kanshijewels.com/products/classic-jadau-earrings-16?variant=gid://shopify/ProductVariant/53714474336556
2026-08-22 10:46:29,Classic Jadau Earrings,Default Title,,2999.0,Sale,9,10,1,https://www.kanshijewels.com/products/classic-jadau-earrings-17?variant=gid://shopify/ProductVariant/53714481152300
2026-08-22 10:46:29,Classic Jadau Earrings,Default Title,,3999.0,Sale,9,10,1,https://www.kanshijewels.com/products/classic-jadau-earrings-18?variant=gid://shopify/ProductVariant/53714486526252
2026-08-22 10:46:29,Classic Jadau Earrings,Default Title,,2499.0,Sale,9,10,1,https://www.kanshijewels.com/products/classic-jadau-earrings-19?variant=gid://shopify/ProductVariant/53714491965740
2026-08-22 10:46:29,Classic Jadau Earrings,Default Title,,2499.0,Sale,9,10,1,https://www.kanshijewels.com/products/classic-jadau-earrings-20?variant=gid://shopify/ProductVariant/53714495865132
2026-08-22 10:46:29,Classic Jadau Earrings,Default Title,,2499.0,Sale,9,10,1,https://www.kanshijewels.com/products/classic-jadau-earrings-21?variant=gid://shopify/ProductVariant/53714499240236
2026-08-22 10:46:29,Classic Jadau Earrings,Default Title,,1999.0,Sale,9,10,1,https://www.kanshijewels.com/products/classic-jadau-earrings-22?variant=gid://shopify/ProductVariant/53714503434540
2026-08-22 10:46:29,Classic Jadau Earrings,Default Title,,2499.0,Sale,9,10,1,https://www.kanshijewels.com/products/classic-jadau-earrings-23?variant=gid://shopify/ProductVariant/53714523455788
2026-08-22 10:46:29,Classic Jadau Earrings,Default Title,,3999.0,Sale,9,10,1,https://www.kanshijewels.com/products/classic-jadau-earrings-24?variant=gid://shopify/ProductVariant/53714527289644
2026-08-22 10:46:29,Classic Jadau Earrings,Default Title,,4599.0,Sale,9,10,1,https://www.kanshijewels.com/products/classic-jadau-earrings-25?variant=gid://shopify/ProductVariant/53714530828588
2026-08-22 10:46:29,Classic Jadau Earrings,Default Title,,4599.0,Sale,9,10,1,https://www.kanshijewels.com/products/classic-jadau-earrings-26?variant=gid://shopify/ProductVariant/53714540364076
2026-08-22 10:46:29,Classic Jadau Earrings,Default Title,,3999.0,Sale,9,10,1,https://www.kanshijewels.com/products/classic-jadau-earrings-27?variant=gid://shopify/ProductVariant/53714550849836
2026-08-22 10:46:29,Classic Jadau Earrings,Default Title,,4599.0,Sale,9,10,1,https://www.kanshijewels.com/products/classic-jadau-earrings-28?variant=gid://shopify/ProductVariant/53714561499436
2026-08-22 10:46:29,Classic Jadau Earrings,Default Title,,3999.0,Sale,9,10,1,https://www.kanshijewels.com/products/classic-jadau-earrings-29?variant=gid://shopify/ProductVariant/53714565955884
2026-08-22 10:46:29,Classic Jadau Earrings,Default Title,,3999.0,Sale,9,10,1,https://www.kanshijewels.com/products/classic-jadau-earrings-30?variant=gid://shopify/ProductVariant/53714571755820
2026-08-22 10:46:29,Classic Jadau Earrings,Default Title,,3999.0,Sale,9,10,1,https://www.kanshijewels.com/products/classic-jadau-earrings-31?variant=gid://shopify/ProductVariant/53714575294764
2026-08-22 11:01:48,Swaroski pearl Haram,Default Title,NK109,1785.0,Sale,1,5,4,https://www.kanshijewels.com/products/swaroski-pearl-haram?variant=gid://shopify/ProductVariant/51378812518700
2026-08-22 12:01:59,Jadau Kundan Necklace,Default Title,NK872,1680.0,Sale,1,2,1,https://www.kanshijewels.com/products/jadau-kundan-necklace-19?variant=gid://shopify/ProductVariant/45426029134124
2026-08-22 12:01:59,Classic Jadau Earrings,Default Title,,3999.0,Sold Out,1,1,0,https://www.kanshijewels.com/products/classic-jadau-earrings-10?variant=gid://shopify/ProductVariant/53714404213036
2026-08-22 12:01:59,Classic Jadau Earrings,Default Title,,3999.0,Sold Out,1,1,0,https://www.kanshijewels.com/products/classic-jadau-earrings-27?variant=gid://shopify/ProductVariant/53714550849836
2026-08-22 13:07:55,Peacock Pendant,Default Title,NK333,2310.0,Sale,1,2,1,https://www.kanshijewels.com/products/peacock-pendant?variant=gid://shopify/ProductVariant/50321677648172
2026-08-22 14:45:02,elegant jadau bridesmaids chokar,Default Title,NK931,1450.0,Sale,1,16,15,https://www.kanshijewels.com/products/elegant-jadau-bridesmaids-chokar?variant=gid://shopify/ProductVariant/53420202950956
2026-08-22 15:01:50,Jadau Kundan haram,Default Title,NK77,7339.5,Sale,1,7,6,https://www.kanshijewels.com/products/jadau-kundan-long-harams-30?variant=gid://shopify/ProductVariant/52022461464876
2026-08-22 15:01:50,Jadau tika,Default Title,MT02,1200.0,Sold Out,1,1,0,https://www.kanshijewels.com/products/jadau-tika-6?variant=gid://shopify/ProductVariant/52445307601196
2026-08-22 16:11:29,Jadau Kundan Maang Tikka,Default Title,MT33,1260.0,Sale,1,4,3,https://www.kanshijewels.com/products/jadau-kundan-maang-tika-26?variant=gid://shopify/ProductVariant/48249343672620
2026-08-22 17:01:56,Jadau Kundan Necklace,Default Title,NK551,6500.0,Sale,1,6,5,https://www.kanshijewels.com/products/jadau-kundan-necklace-119?variant=gid://shopify/ProductVariant/47582737727788
2026-08-23 05:27:42,Elegant sheek jadau necklace and earring set,Default Title,NK913,1699.0,Sale,1,7,6,https://www.kanshijewels.com/products/elegant-sheek-jadau-necklace-and-earring-set?variant=gid://shopify/ProductVariant/53368929255724
2026-08-23 05:53:48,Jadau jhumkas,Default Title,ER117,2550.0,Sold Out,1,1,0,https://www.kanshijewels.com/products/jadau-jhumkas-1?variant=gid://shopify/ProductVariant/52445335585068
2026-08-23 08:55:33,Jadau Kundan Choker,Default Title,NK441,4830.0,Sale,1,4,3,https://www.kanshijewels.com/products/jadau-kundan-choker-4?variant=gid://shopify/ProductVariant/48974824997164
2026-08-23 09:17:51,Jadau gandaberunda pendant,Default Title,NK01,3600.0,Sale,1,10,9,https://www.kanshijewels.com/products/jadau-gandaberunda-pendant?variant=gid://shopify/ProductVariant/53180547465516
2026-08-23 10:01:52,Jadau Kundan Stud Earrings,Default Title,ER501,451.5,Sale,1,5,4,https://www.kanshijewels.com/products/jadau-kundan-stud-earrings-1?variant=gid://shopify/ProductVariant/45425820467500
2026-08-23 11:42:41,Jadau Kundan Choker,Default Title,NK209,2415.0,Sale,1,4,3,https://www.kanshijewels.com/products/jadau-kundan-choker-27?variant=gid://shopify/ProductVariant/50702740783404
2026-08-23 13:51:48,Jadau peacock pendant,Default Title,NK218,2730.0,Sale,1,2,1,https://www.kanshijewels.com/products/jadau-peacock-pendant?variant=gid://shopify/ProductVariant/50490389037356
2026-08-23 14:46:37,Pearl Necklace,Default Title,NK210,2310.0,Sale,1,6,5,https://www.kanshijewels.com/products/pearl-necklace-1?variant=gid://shopify/ProductVariant/50702732788012
2026-08-23 16:01:55,Elegant sheek jadau necklace and earring set,Default Title,NK913,1699.0,Sale,1,6,5,https://www.kanshijewels.com/products/elegant-sheek-jadau-necklace-and-earring-set?variant=gid://shopify/ProductVariant/53368929255724
2026-08-23 16:01:55,Gold look jadau jhumkas,Default Title,ER530,2400.0,Sale,1,9,8,https://www.kanshijewels.com/products/gold-look-jadau-jhumkas?variant=gid://shopify/ProductVariant/53369039618348
2026-08-23 17:42:31,Jadau Kundan Clip,Default Title,AC136,1365.0,Sale,1,8,7,https://www.kanshijewels.com/products/jadau-kundan-maang-tika-50?variant=gid://shopify/ProductVariant/45462707863852
2026-08-23 17:42:31,Elegant sheek jadau necklace and earring set,Default Title,NK913,1699.0,Sale,1,5,4,https://www.kanshijewels.com/products/elegant-sheek-jadau-necklace-and-earring-set?variant=gid://shopify/ProductVariant/53368929255724
2026-08-23 20:45:36,Jadau Kundan Maang Tikka,Default Title,MT54,1470.0,Sale,1,7,6,https://www.kanshijewels.com/products/jadau-kundan-maang-tika-8?variant=gid://shopify/ProductVariant/46476569641260
2026-08-23 20:45:36,Jadau Kundan Jhumka,Default Title,ER325,4620.0,Sale,1,3,2,https://www.kanshijewels.com/products/jadau-kundan-jhumka-5?variant=gid://shopify/ProductVariant/47754707403052
2026-08-23 20:45:36,Jadau Kundan Maang Tikka,Default Title,MT31,1312.5,Sale,1,5,4,https://www.kanshijewels.com/products/jadau-kundan-maang-tika-28?variant=gid://shopify/ProductVariant/48249344524588
2026-08-23 20:45:36,Exclusive dulhan rani jhumkas,Default Title,ER528,3500.0,Sale,1,10,9,https://www.kanshijewels.com/products/exclusive-dulhan-rani-jhumkas?variant=gid://shopify/ProductVariant/53369031131436
2026-08-23 20:45:36,Classic dulhan mossanite necklace earrings set,Default Title,NK940,12500.0,Sale,1,20,19,https://www.kanshijewels.com/products/classic-dulhan-mossanite-necklace-earrings-set?variant=gid://shopify/ProductVariant/53420241944876
2026-08-24 05:08:54,Multipurpose Chain,Default Title,NK197,546.0,Sale,1,3,2,https://www.kanshijewels.com/products/multipurpose-chain?variant=gid://shopify/ProductVariant/50702819459372
2026-08-24 08:01:57,Jadau Necklace,Default Title,NK146,2100.0,Sale,1,9,8,https://www.kanshijewels.com/products/jadau-necklace-5?variant=gid://shopify/ProductVariant/51119705325868
2026-08-24 10:01:58,Coral Jadau Mangalsutra,Default Title,NK411,945.0,Sale,1,3,2,https://www.kanshijewels.com/products/coral-jadau-mangalsutra?variant=gid://shopify/ProductVariant/49945920307500
2026-08-24 10:01:58,Jadau Kundan Jhumkas,Default Title,ER184,5239.5,Sale,1,4,3,https://www.kanshijewels.com/products/jadau-kundan-jhumkas-35?variant=gid://shopify/ProductVariant/50702960623916
2026-08-24 11:29:58,Jadau Kundan Jhumkas,Default Title,ER159,3675.0,Sale,1,2,1,https://www.kanshijewels.com/products/jadau-kundan-jhumkas-45?variant=gid://shopify/ProductVariant/51119787278636
2026-08-24 11:29:58,Classic Jadau Earrings,Default Title,,1999.0,Sold Out,1,1,0,https://www.kanshijewels.com/products/classic-jadau-earrings-8?variant=gid://shopify/ProductVariant/53714371674412
2026-08-24 11:29:58,Classic Jadau Earrings,Default Title,,1999.0,Sold Out,1,1,0,https://www.kanshijewels.com/products/classic-jadau-earrings-14?variant=gid://shopify/ProductVariant/53714454806828
2026-08-24 11:54:57,Dulhan jadau rani maangtika,Default Title,MT76,1450.0,Sale,1,13,12,https://www.kanshijewels.com/products/dulhan-jadau-rani-maangtika?variant=gid://shopify/ProductVariant/53420765151532
2026-08-24 13:02:00,Exclusive jadau western fusion danglers,Pink,ER538,999.0,Sale,1,6,5,https://www.kanshijewels.com/products/exclusive-jadau-western-fusion-danglers?variant=gid://shopify/ProductVariant/53420803096876
2026-08-24 15:02:11,Jadau Kundan Clip,Default Title,AC134,1365.0,Sale,1,2,1,https://www.kanshijewels.com/products/jadau-kundan-maang-tika-52?variant=gid://shopify/ProductVariant/45462708125996
2026-08-24 15:02:11,Jadau Kundan Clip,Default Title,AC118,1039.5,Sale,1,6,5,https://www.kanshijewels.com/products/jadau-kundan-clip-4?variant=gid://shopify/ProductVariant/46477222117676
2026-08-24 15:02:11,Mossanite hair accessory,Default Title,AC30,1300.0,Sale,1,10,9,https://www.kanshijewels.com/products/mossanite-hair-accessory?variant=gid://shopify/ProductVariant/52441950191916
2026-08-24 21:28:20,Jadau Kundan Earrings,Default Title,ER517,5355.0,Sale,2,3,1,https://www.kanshijewels.com/products/jadau-kundan-earrings?variant=gid://shopify/ProductVariant/45422164279596
2026-08-24 21:28:20,Jadau Kundan Earrings,Default Title,ER516,3675.0,Sale,7,8,1,https://www.kanshijewels.com/products/jadau-kundan-earrings-1?variant=gid://shopify/ProductVariant/45422168965420
2026-08-24 21:28:20,Jadau Kundan Earrings,Default Title,ER515,5145.0,Sale,9,10,1,https://www.kanshijewels.com/products/jadau-kundan-earrings-2?variant=gid://shopify/ProductVariant/45422180237612
2026-08-24 21:28:20,Jadau Kundan Earrings,Default Title,ER514,3517.5,Sale,8,9,1,https://www.kanshijewels.com/products/jadau-kundan-earrings-3?variant=gid://shopify/ProductVariant/45422214185260
2026-08-24 21:28:20,Jadau Kundan Earrings,Default Title,ER513,2467.5,Sale,5,6,1,https://www.kanshijewels.com/products/jadau-kundan-earrings-4?variant=gid://shopify/ProductVariant/45422232928556
2026-08-24 21:28:20,Jadau Kundan Earrings,Default Title,ER512,3045.0,Sale,9,10,1,https://www.kanshijewels.com/products/jadau-kundan-earrings-5?variant=gid://shopify/ProductVariant/45422329233708
2026-08-24 21:28:20,Jadau Kundan Earrings,Default Title,ER511,2940.0,Sale,7,8,1,https://www.kanshijewels.com/products/jadau-kundan-earrings-6?variant=gid://shopify/ProductVariant/45422359347500
2026-08-24 21:28:20,Jadau Kundan Earrings,Default Title,ER509,3444.0,Sale,8,9,1,https://www.kanshijewels.com/products/jadau-kundan-earrings-8?variant=gid://shopify/ProductVariant/45422419968300
2026-08-24 21:28:20,Jadau Kundan Earrings,Default Title,ER508,3465.0,Sale,11,12,1,https://www.kanshijewels.com/products/jadau-kundan-earrings-9?variant=gid://shopify/ProductVariant/45422477148460
2026-08-24 21:28:20,Jadau Kundan Earrings,Default Title,ER507,1575.0,Sale,4,5,1,https://www.kanshijewels.com/products/jadau-kundan-earrings-10?variant=gid://shopify/ProductVariant/45425793270060
2026-08-24 21:28:20,Jadau Kundan Earrings,Default Title,ER506,1680.0,Sale,9,10,1,https://www.kanshijewels.com/products/jadau-kundan-earrings-11?variant=gid://shopify/ProductVariant/45425796514092
2026-08-24 21:28:20,Jadau Kundan Earrings,Default Title,ER504,1449.0,Sale,6,7,1,https://www.kanshijewels.com/products/jadau-kundan-earrings-12?variant=gid://shopify/ProductVariant/45425801134380
2026-08-24 21:28:20,Jadau Kundan Earrings,Default Title,ER503,1039.5,Sale,3,4,1,https://www.kanshijewels.com/products/jadau-kundan-earrings-13?variant=gid://shopify/ProductVariant/45425815421228
2026-08-24 21:28:20,Jadau Kundan Stud Earrings,Default Title,ER502,2415.0,Sale,9,10,1,https://www.kanshijewels.com/products/jadau-kundan-stud-earrings?variant=gid://shopify/ProductVariant/45425817911596
2026-08-24 21:28:20,Jadau Kundan Stud Earrings,Default Title,ER501,451.5,Sale,3,4,1,https://www.kanshijewels.com/products/jadau-kundan-stud-earrings-1?variant=gid://shopify/ProductVariant/45425820467500
2026-08-24 21:28:20,Jadau Kundan Earrings,Default Title,ER500,1680.0,Sale,2,3,1,https://www.kanshijewels.com/products/jadau-kundan-earrings-14?variant=gid://shopify/ProductVariant/45425824203052
2026-08-24 21:28:20,Jadau Kundan Earrings,Default Title,ER499,1039.5,Sale,8,9,1,https://www.kanshijewels.com/products/jadau-kundan-earrings-15?variant=gid://shopify/ProductVariant/45425828987180
2026-08-24 21:28:20,Jadau Kundan Stud Earrings,Default Title,ER498,451.5,Sale,2,3,1,https://www.kanshijewels.com/products/jadau-kundan-stud-earrings-2?variant=gid://shopify/ProductVariant/45425832624428
2026-08-24 21:28:20,Jadau Kundan Earrings,Default Title,ER497,1575.0,Sale,8,9,1,https://www.kanshijewels.com/products/jadau-kundan-earrings-16?variant=gid://shopify/ProductVariant/45425834819884
2026-08-24 21:28:20,Jadau Kundan Stud Earrings,Default Title,ER496,2415.0,Sale,9,10,1,https://www.kanshijewels.com/products/jadau-kundan-stud-earrings-3?variant=gid://shopify/ProductVariant/45425836491052
2026-08-24 21:28:20,Jadau Kundan Stud Earrings,Default Title,ER495,2310.0,Sale,8,9,1,https://www.kanshijewels.com/products/jadau-kundan-stud-earrings-4?variant=gid://shopify/ProductVariant/45425838489900
2026-08-24 21:28:20,Jadau Kundan Stud Earrings,Default Title,ER494,2310.0,Sale,8,9,1,https://www.kanshijewels.com/products/jadau-kundan-stud-earrings-5?variant=gid://shopify/ProductVariant/45425844748588
2026-08-24 21:28:20,Jadau Kundan Earrings,Default Title,ER492,3937.5,Sale,9,10,1,https://www.kanshijewels.com/products/jadau-kundan-earrings-18?variant=gid://shopify/ProductVariant/45425855332652
2026-08-24 21:28:20,Jadau Kundan Earrings,Default Title,ER490,2089.5,Sale,9,10,1,https://www.kanshijewels.com/products/jadau-kundan-earrings-20?variant=gid://shopify/ProductVariant/45425864081708
2026-08-24 21:28:20,Jadau Kundan Earrings,Default Title,ER488,1785.0,Sale,9,10,1,https://www.kanshijewels.com/products/jadau-kundan-earrings-22?variant=gid://shopify/ProductVariant/45425877975340
2026-08-24 21:28:20,Jadau Kundan Earrings,Default Title,ER487,1365.0,Sale,9,10,1,https://www.kanshijewels.com/products/jadau-kundan-earrings-23?variant=gid://shopify/ProductVariant/45425880465708
2026-08-24 21:28:20,Jadau Kundan Earrings,Default Title,ER486,1039.5,Sale,2,3,1,https://www.kanshijewels.com/products/jadau-kundan-earrings-24?variant=gid://shopify/ProductVariant/45425881874732
2026-08-24 21:28:20,Jadau Kundan Stud Earrings,Default Title,ER484,2205.0,Sale,9,10,1,https://www.kanshijewels.com/products/jadau-kundan-stud-earrings-6?variant=gid://shopify/ProductVariant/45425885184300
2026-08-24 21:28:20,Jadau Kundan Earrings,Default Title,ER483,2089.5,Sale,9,10,1,https://www.kanshijewels.com/products/jadau-kundan-earrings-26?variant=gid://shopify/ProductVariant/45425887084844
2026-08-24 21:28:20,Jadau Kundan Earrings,Default Title,ER480,2520.0,Sale,9,10,1,https://www.kanshijewels.com/products/jadau-kundan-earrings-28?variant=gid://shopify/ProductVariant/45425929716012
2026-08-24 21:28:20,Jadau Kundan Necklace,Default Title,NK888,3675.0,Sale,8,9,1,https://www.kanshijewels.com/products/jadau-kundan-necklace-1?variant=gid://shopify/ProductVariant/45425977033004
2026-08-24 21:28:20,Jadau Kundan Necklace,Default Title,NK886,2625.0,Sale,7,8,1,https://www.kanshijewels.com/products/jadau-kundan-necklace-3?variant=gid://shopify/ProductVariant/45425985225004
2026-08-24 21:28:20,Jadau Kundan Necklace,Default Title,NK885,2625.0,Sale,8,9,1,https://www.kanshijewels.com/products/jadau-kundan-necklace-4?variant=gid://shopify/ProductVariant/45425986994476
2026-08-24 21:28:20,Jadau Kundan Necklace,Default Title,NK884,2940.0,Sale,7,8,1,https://www.kanshijewels.com/products/jadau-kundan-necklace-5?variant=gid://shopify/ProductVariant/45425988763948
2026-08-24 21:28:20,Jadau Kundan Necklace,Default Title,NK883,4095.0,Sale,4,5,1,https://www.kanshijewels.com/products/jadau-kundan-necklace-6?variant=gid://shopify/ProductVariant/45425991385388
2026-08-24 21:28:20,Jadau Kundan Necklace,Default Title,NK882,7245.0,Sale,9,10,1,https://www.kanshijewels.com/products/jadau-kundan-necklace-7?variant=gid://shopify/ProductVariant/45425993220396
2026-08-24 21:28:20,Jadau Kundan Necklace,Default Title,NK881,7140.0,Sale,9,10,1,https://www.kanshijewels.com/products/jadau-kundan-necklace-8?variant=gid://shopify/ProductVariant/45425995514156
2026-08-24 21:28:20,Jadau Kundan Necklace,Default Title,NK880,8085.0,Sale,3,4,1,https://www.kanshijewels.com/products/jadau-kundan-necklace-9?variant=gid://shopify/ProductVariant/45425998364972
2026-08-24 21:28:20,Jadau Kundan Necklace,Default Title,NK879,3675.0,Sale,6,7,1,https://www.kanshijewels.com/products/jadau-kundan-necklace-10?variant=gid://shopify/ProductVariant/45426001281324
2026-08-24 21:28:20,Jadau Kundan Necklace,Default Title,NK878,4935.0,Sale,9,10,1,https://www.kanshijewels.com/products/jadau-kundan-necklace-11?variant=gid://shopify/ProductVariant/45426004361516
2026-08-24 21:28:20,Jadau Kundan Necklace Earring Set,Default Title,ER478,10290.0,Sale,8,9,1,https://www.kanshijewels.com/products/jadau-kundan-necklace-12?variant=gid://shopify/ProductVariant/45426007146796
2026-08-24 21:28:20,Jadau Kundan Necklace,Default Title,NK876,7035.0,Sale,8,9,1,https://www.kanshijewels.com/products/jadau-kundan-necklace-14?variant=gid://shopify/ProductVariant/45426015011116
2026-08-24 21:28:20,Jadau Kundan Necklace Earring Set,Default Title,ER477,14385.0,Sale,7,8,1,https://www.kanshijewels.com/products/jadau-kundan-necklace-15?variant=gid://shopify/ProductVariant/45426016616748
2026-08-24 21:28:20,Jadau Kundan Necklace,Default Title,NK874,10185.0,Sale,9,10,1,https://www.kanshijewels.com/products/jadau-kundan-necklace-17?variant=gid://shopify/ProductVariant/45426022547756
2026-08-24 21:28:20,Jadau Kundan Necklace,Default Title,NK873,5145.0,Sale,4,5,1,https://www.kanshijewels.com/products/jadau-kundan-necklace-18?variant=gid://shopify/ProductVariant/45426023924012
2026-08-24 21:28:20,Jadau Kundan Necklace,Default Title,NK871,2089.5,Sale,6,7,1,https://www.kanshijewels.com/products/jadau-kundan-necklace-20?variant=gid://shopify/ProductVariant/45426031624492
2026-08-24 21:28:20,Jadau Kundan Necklace,Default Title,NK870,6195.0,Sale,9,10,1,https://www.kanshijewels.com/products/jadau-kundan-necklace-21?variant=gid://shopify/ProductVariant/45426033492268
2026-08-24 21:28:20,Jadau Kundan Necklace,Default Title,NK869,2625.0,Sale,9,10,1,https://www.kanshijewels.com/products/jadau-kundan-necklace-22?variant=gid://shopify/ProductVariant/45426036343084
2026-08-24 21:28:20,Jadau Kundan Necklace,Default Title,NK868,3360.0,Sale,5,6,1,https://www.kanshijewels.com/products/jadau-kundan-necklace-23?variant=gid://shopify/ProductVariant/45426038047020
2026-08-24 21:28:20,Jadau Kundan Necklace,Default Title,NK867,4515.0,Sale,8,9,1,https://www.kanshijewels.com/products/jadau-kundan-necklace-24?variant=gid://shopify/ProductVariant/45426039685420
2026-08-24 21:28:20,Jadau Kundan Necklace,Default Title,NK866,3360.0,Sale,9,10,1,https://www.kanshijewels.com/products/jadau-kundan-necklace-25?variant=gid://shopify/ProductVariant/45426044076332
2026-08-24 21:28:20,Jadau Kundan Necklace,Default Title,NK865,6195.0,Sale,9,10,1,https://www.kanshijewels.com/products/jadau-kundan-necklace-26?variant=gid://shopify/ProductVariant/45426045649196
2026-08-24 21:28:20,Jadau Kundan Necklace,Default Title,NK864,7770.0,Sale,4,5,1,https://www.kanshijewels.com/products/jadau-kundan-necklace-27?variant=gid://shopify/ProductVariant/45426320015660
2026-08-24 21:28:20,Jadau Kundan Necklace,Default Title,NK863,3139.5,Sale,5,6,1,https://www.kanshijewels.com/products/jadau-kundan-necklace-28?variant=gid://shopify/ProductVariant/45426335547692
2026-08-24 21:28:20,Jadau Kundan Necklace,Default Title,NK862,3360.0,Sale,6,7,1,https://www.kanshijewels.com/products/jadau-kundan-necklace-29?variant=gid://shopify/ProductVariant/45426349769004
2026-08-24 21:28:20,Jadau Kundan Necklace,Default Title,NK861,3990.0,Sale,9,10,1,https://www.kanshijewels.com/products/jadau-kundan-necklace-30?variant=gid://shopify/ProductVariant/45426356519212
2026-08-24 21:28:20,Jadau Kundan Necklace,Default Title,NK859,4935.0,Sale,8,9,1,https://www.kanshijewels.com/products/jadau-kundan-necklace-32?variant=gid://shopify/ProductVariant/45426390335788
2026-08-24 21:28:20,Jadau Kundan Necklace,Default Title,NK858,3990.0,Sale,8,9,1,https://www.kanshijewels.com/products/jadau-kundan-necklace-33?variant=gid://shopify/ProductVariant/45426416058668
2026-08-24 21:28:20,Jadau Kundan Necklace Earring Set,Default Title,ER476,7560.0,Sale,7,8,1,https://www.kanshijewels.com/products/jadau-kundan-necklace-34?variant=gid://shopify/ProductVariant/45426430017836
2026-08-24 21:28:20,Jadau Kundan Necklace,Default Title,NK857,8295.0,Sale,9,10,1,https://www.kanshijewels.com/products/jadau-kundan-necklace-35?variant=gid://shopify/ProductVariant/45426449645868
2026-08-24 21:28:20,Jadau Kundan Necklace,Default Title,NK856,2730.0,Sale,9,10,1,https://www.kanshijewels.com/products/jadau-kundan-necklace-36?variant=gid://shopify/ProductVariant/45426473369900
2026-08-24 21:28:20,Jadau Kundan Necklace,Default Title,NK855,2940.0,Sale,9,10,1,https://www.kanshijewels.com/products/jadau-kundan-necklace-37?variant=gid://shopify/ProductVariant/45426490507564
2026-08-24 21:28:20,Jadau Kundan Heavy Necklace,Default Title,NK854,9345.0,Sale,9,10,1,https://www.kanshijewels.com/products/jadau-kundan-heavy-necklace-2?variant=gid://shopify/ProductVariant/45432861524268
2026-08-24 21:28:20,Jadau Kundan Mango Necklace,Default Title,NK853,19950.0,Sale,7,8,1,https://www.kanshijewels.com/products/jadau-kundan-heavy-necklace-3?variant=gid://shopify/ProductVariant/45432861557036
2026-08-24 21:28:20,Jadau Kundan Heavy Necklace,Default Title,NK852,14700.0,Sale,8,9,1,https://www.kanshijewels.com/products/jadau-kundan-heavy-necklace-4?variant=gid://shopify/ProductVariant/45432861589804
2026-08-24 21:28:20,Jadau Kundan Heavy Necklace,Default Title,NK850,14910.0,Sale,9,10,1,https://www.kanshijewels.com/products/jadau-kundan-heavy-necklace-6?variant=gid://shopify/ProductVariant/45432861786412
2026-08-24 21:28:20,Jadau Kundan Amethyst Necklace,Default Title,NK848,6300.0,Sale,8,9,1,https://www.kanshijewels.com/products/jadau-kundan-heavy-necklace-8?variant=gid://shopify/ProductVariant/45432861851948
2026-08-24 21:28:20,Jadau Kundan Pearl Necklace,Default Title,NK847,6825.0,Sale,9,10,1,https://www.kanshijewels.com/products/jadau-kundan-heavy-necklace-9?variant=gid://shopify/ProductVariant/45432861884716
2026-08-24 21:28:20,Jadau Kundan Amethyst Necklace,Default Title,NK845,6300.0,Sale,5,6,1,https://www.kanshijewels.com/products/jadau-kundan-heavy-necklace-11?variant=gid://shopify/ProductVariant/45432861983020
2026-08-24 21:28:20,Jadau Kundan Necklace Earring Set,Default Title,ER474,10500.0,Sale,9,10,1,https://www.kanshijewels.com/products/jadau-kundan-heavy-necklace-13?variant=gid://shopify/ProductVariant/45432862048556
2026-08-24 21:28:20,Jadau Kundan Heavy Necklace,Default Title,NK837,9240.0,Sale,8,9,1,https://www.kanshijewels.com/products/jadau-kundan-heavy-necklace-20?variant=gid://shopify/ProductVariant/45432862310700
2026-08-24 21:28:20,Jadau Kundan Necklace,Default Title,NK836,8925.0,Sale,4,5,1,https://www.kanshijewels.com/products/jadau-kundan-heavy-necklace-21?variant=gid://shopify/ProductVariant/45432862376236
2026-08-24 21:28:20,Jadau Kundan Necklace,Default Title,NK835,5985.0,Sale,5,6,1,https://www.kanshijewels.com/products/jadau-kundan-heavy-necklace-22?variant=gid://shopify/ProductVariant/45432862409004
2026-08-24 21:28:20,Jadau Kundan Heavy Necklace,Default Title,NK834,9240.0,Sale,7,8,1,https://www.kanshijewels.com/products/jadau-kundan-heavy-necklace-23?variant=gid://shopify/ProductVariant/45432862441772
2026-08-24 21:28:20,Jadau Kundan Mango Necklace,Default Title,NK833,9660.0,Sale,9,10,1,https://www.kanshijewels.com/products/jadau-kundan-heavy-necklace-24?variant=gid://shopify/ProductVariant/45432862507308
2026-08-24 21:28:20,Jadau Kundan Necklace,Default Title,NK832,5145.0,Sale,9,10,1,https://www.kanshijewels.com/products/jadau-kundan-heavy-necklace-25?variant=gid://shopify/ProductVariant/45432862540076
2026-08-24 21:28:20,Jadau Kundan Mango Necklace,Default Title,NK831,10395.0,Sale,8,9,1,https://www.kanshijewels.com/products/jadau-kundan-heavy-necklace-26?variant=gid://shopify/ProductVariant/45432862638380
2026-08-24 21:28:20,Jadau Kundan Pearl Necklace,Default Title,NK830,2625.0,Sale,8,9,1,https://www.kanshijewels.com/products/jadau-kundan-heavy-necklace-27?variant=gid://shopify/ProductVariant/45432862671148
2026-08-24 21:28:20,Jadau Kundan Necklace,Default Title,NK829,5775.0,Sale,2,3,1,https://www.kanshijewels.com/products/jadau-kundan-heavy-necklace-28?variant=gid://shopify/ProductVariant/45432862736684
2026-08-24 21:28:20,Jadau Kundan Heavy Necklace,Default Title,NK828,14700.0,Sale,9,10,1,https://www.kanshijewels.com/products/jadau-kundan-heavy-necklace-29?variant=gid://shopify/ProductVariant/45432862769452
2026-08-24 21:28:20,Jadau Kundan Heavy Necklace,Default Title,NK826,7560.0,Sale,8,9,1,https://www.kanshijewels.com/products/jadau-kundan-heavy-necklace-31?variant=gid://shopify/ProductVariant/45432862867756
2026-08-24 21:28:20,Jadau Kundan Heavy Necklace,Default Title,NK824,11025.0,Sale,8,9,1,https://www.kanshijewels.com/products/jadau-kundan-heavy-necklace-33?variant=gid://shopify/ProductVariant/45432862933292
2026-08-24 21:28:20,Jadau Kundan Buttumala,Default Title,NK821,14700.0,Sale,9,10,1,https://www.kanshijewels.com/products/jadau-kundan-heavy-necklace-36?variant=gid://shopify/ProductVariant/45432863064364
2026-08-24 21:28:20,Jadau Kundan Buttumala,Default Title,NK820,8610.0,Sale,9,10,1,https://www.kanshijewels.com/products/jadau-kundan-heavy-necklace-37?variant=gid://shopify/ProductVariant/45432863097132
2026-08-24 21:28:20,Jadau Kundan Heavy Necklace,Default Title,NK818,7245.0,Sale,9,10,1,https://www.kanshijewels.com/products/jadau-kundan-heavy-necklace-39?variant=gid://shopify/ProductVariant/45432863195436
2026-08-24 21:28:20,Jadau Kundan Necklace,Default Title,NK814,5880.0,Sale,8,9,1,https://www.kanshijewels.com/products/jadau-kundan-heavy-necklace-43?variant=gid://shopify/ProductVariant/45432863424812
2026-08-24 21:28:20,Jadau Kundan Heavy Necklace,Default Title,NK813,9240.0,Sale,7,8,1,https://www.kanshijewels.com/products/jadau-kundan-heavy-necklace-44?variant=gid://shopify/ProductVariant/45432863457580
2026-08-24 21:28:20,Jadau Kundan Peacock Necklace Set,Default Title,NK812,10500.0,Sale,8,9,1,https://www.kanshijewels.com/products/jadau-kundan-heavy-necklace-45?variant=gid://shopify/ProductVariant/45432863490348
2026-08-24 21:28:20,Jadau Kundan Heavy Necklace,Default Title,NK809,6825.0,Sale,8,9,1,https://www.kanshijewels.com/products/jadau-kundan-heavy-necklace-48?variant=gid://shopify/ProductVariant/45432863588652
2026-08-24 21:28:20,Jadau Kundan Heavy Necklace,Default Title,NK808,7245.0,Sale,9,10,1,https://www.kanshijewels.com/products/jadau-kundan-heavy-necklace-49?variant=gid://shopify/ProductVariant/45432863654188
2026-08-24 21:28:20,Jadau Kundan Heavy Necklace,Default Title,NK807,9765.0,Sale,9,10,1,https://www.kanshijewels.com/products/jadau-kundan-heavy-necklace-50?variant=gid://shopify/ProductVariant/45432863752492
2026-08-24 21:28:20,Jadau Kundan Heavy Necklace,Default Title,NK806,11550.0,Sale,9,10,1,https://www.kanshijewels.com/products/jadau-kundan-heavy-necklace-51?variant=gid://shopify/ProductVariant/45432863785260
2026-08-24 21:28:20,Jadau Kundan Heavy Necklace Set,Default Title,NK805,25200.0,Sale,9,10,1,https://www.kanshijewels.com/products/jadau-kundan-heavy-necklace-52?variant=gid://shopify/ProductVariant/45432863850796
2026-08-24 21:28:20,Jadau Kundan Heavy Necklace Set,Default Title,NK803,23100.0,Sale,8,9,1,https://www.kanshijewels.com/products/jadau-kundan-heavy-necklace-54?variant=gid://shopify/ProductVariant/45432863916332
2026-08-24 21:28:20,Jadau Kundan Heavy Necklace,Default Title,NK802,8295.0,Sale,9,10,1,https://www.kanshijewels.com/products/jadau-kundan-heavy-necklace-55?variant=gid://shopify/ProductVariant/45432863949100
2026-08-24 21:28:20,Jadau Kundan Heavy Necklace,Default Title,NK801,9975.0,Sale,9,10,1,https://www.kanshijewels.com/products/jadau-kundan-heavy-necklace-56?variant=gid://shopify/ProductVariant/45432864014636
2026-08-24 21:28:20,Jadau Kundan Heavy Necklace,Default Title,NK800,6825.0,Sale,9,10,1,https://www.kanshijewels.com/products/jadau-kundan-heavy-necklace-57?variant=gid://shopify/ProductVariant/45432864047404
2026-08-24 21:28:20,Jadau Kundan Heavy Necklace,Default Title,NK799,14700.0,Sale,9,10,1,https://www.kanshijewels.com/products/jadau-kundan-heavy-necklace-58?variant=gid://shopify/ProductVariant/45432864080172
2026-08-24 21:28:20,Jadau Kundan Heavy Necklace,Default Title,NK798,5775.0,Sale,9,10,1,https://www.kanshijewels.com/products/jadau-kundan-heavy-necklace-59?variant=gid://shopify/ProductVariant/45432864145708
2026-08-24 21:28:20,Jadau Kundan Heavy Necklace Set,Default Title,NK797,17325.0,Sale,9,10,1,https://www.kanshijewels.com/products/jadau-kundan-heavy-necklace-60?variant=gid://shopify/ProductVariant/45432864211244
2026-08-24 21:28:20,Jadau Kundan Heavy Necklace,Default Title,NK795,7245.0,Sale,7,8,1,https://www.kanshijewels.com/products/jadau-kundan-heavy-necklace-62?variant=gid://shopify/ProductVariant/45432864309548
2026-08-24 21:28:20,Jadau Kundan Heavy Necklace,Default Title,NK794,14700.0,Sale,5,6,1,https://www.kanshijewels.com/products/jadau-kundan-heavy-necklace-63?variant=gid://shopify/ProductVariant/45432864342316
2026-08-24 21:28:20,Jadau Kundan Heavy Necklace,Default Title,NK793,14700.0,Sale,9,10,1,https://www.kanshijewels.com/products/jadau-kundan-heavy-necklace-64?variant=gid://shopify/ProductVariant/45432864375084
2026-08-24 21:28:20,Jadau Kundan Heavy Necklace Set,Default Title,NK792,12390.0,Sale,9,10,1,https://www.kanshijewels.com/products/jadau-kundan-heavy-necklace-65?variant=gid://shopify/ProductVariant/45432864407852
2026-08-24 21:28:20,Pearl Necklace Earring Set,Default Title,ER473,1995.0,Sale,9,10,1,https://www.kanshijewels.com/products/pearl-necklace-3?variant=gid://shopify/ProductVariant/45448715338028
2026-08-24 21:28:20,Pearl Necklace Earring Set,Default Title,ER472,3045.0,Sale,4,5,1,https://www.kanshijewels.com/products/pearl-necklace-4?variant=gid://shopify/ProductVariant/45448715370796
2026-08-24 21:28:20,Pearl Necklace,Default Title,NK791,3139.5,Sale,4,5,1,https://www.kanshijewels.com/products/pearl-necklace-5?variant=gid://shopify/ProductVariant/45448715403564
2026-08-24 21:28:20,Pearl Necklace,Default Title,NK790,2625.0,Sale,7,8,1,https://www.kanshijewels.com/products/pearl-necklace-6?variant=gid://shopify/ProductVariant/45448715436332
2026-08-24 21:28:20,Pearl Necklace,Default Title,NK789,2310.0,Sale,9,10,1,https://www.kanshijewels.com/products/pearl-necklace-7?variant=gid://shopify/ProductVariant/45448715501868
2026-08-24 21:28:20,Pearl Necklace,Default Title,NK787,1680.0,Sale,8,9,1,https://www.kanshijewels.com/products/pearl-necklace-9?variant=gid://shopify/ProductVariant/45448715600172
2026-08-24 21:28:20,Pearl Necklace,Default Title,NK783,2520.0,Sale,9,10,1,https://www.kanshijewels.com/products/pearl-necklace-13?variant=gid://shopify/ProductVariant/45448715796780
2026-08-24 21:28:20,Pearl Necklace,Default Title,NK782,2730.0,Sale,9,10,1,https://www.kanshijewels.com/products/pearl-necklace-14?variant=gid://shopify/ProductVariant/45448715862316
2026-08-24 21:28:20,Pearl Necklace,Default Title,NK781,1680.0,Sale,6,7,1,https://www.kanshijewels.com/products/pearl-necklace-15?variant=gid://shopify/ProductVariant/45448715895084
2026-08-24 21:28:20,Pearl Necklace,Default Title,NK780,1680.0,Sale,7,8,1,https://www.kanshijewels.com/products/pearl-necklace-16?variant=gid://shopify/ProductVariant/45448715927852
2026-08-24 21:28:20,Pearl Necklace,Default Title,NK775,2625.0,Sale,9,10,1,https://www.kanshijewels.com/products/pearl-necklace-21?variant=gid://shopify/ProductVariant/45448716189996
2026-08-24 21:28:20,Pearl Necklace,Default Title,NK772,1995.0,Sale,1,2,1,https://www.kanshijewels.com/products/pearl-necklace-24?variant=gid://shopify/ProductVariant/45448716386604
2026-08-24 21:28:20,Pearl Necklace,Default Title,NK770,3045.0,Sale,2,3,1,https://www.kanshijewels.com/products/pearl-necklace-26?variant=gid://shopify/ProductVariant/45448716517676
2026-08-24 21:28:20,Pearl Necklace,Default Title,NK769,2835.0,Sale,7,8,1,https://www.kanshijewels.com/products/pearl-necklace-27?variant=gid://shopify/ProductVariant/45448716550444
2026-08-24 21:28:20,Pearl Necklace,Default Title,NK768,3990.0,Sale,5,6,1,https://www.kanshijewels.com/products/pearl-necklace-28?variant=gid://shopify/ProductVariant/45448716583212
2026-08-24 21:28:20,Pearl Necklace,Default Title,NK767,2625.0,Sale,9,10,1,https://www.kanshijewels.com/products/pearl-necklace-29?variant=gid://shopify/ProductVariant/45448716615980
2026-08-24 21:28:20,Pearl Necklace,Default Title,NK763,1470.0,Sale,1,2,1,https://www.kanshijewels.com/products/pearl-necklace-33?variant=gid://shopify/ProductVariant/45448716779820
2026-08-24 21:28:20,Mangalsutra,Default Title,AC148,1260.0,Sale,2,3,1,https://www.kanshijewels.com/products/mangalsutra-1?variant=gid://shopify/ProductVariant/45448716812588
2026-08-24 21:28:20,Mangalsutra,Default Title,AC147,1155.0,Sale,8,9,1,https://www.kanshijewels.com/products/mangalsutra-2?variant=gid://shopify/ProductVariant/45448716845356
2026-08-24 21:28:20,Mangalsutra,Default Title,AC144,1039.5,Sale,5,6,1,https://www.kanshijewels.com/products/mangalsutra-5?variant=gid://shopify/ProductVariant/45448717074732
2026-08-24 21:28:20,Jadau Kundan Earrings,Default Title,ER471,3675.0,Sale,7,8,1,https://www.kanshijewels.com/products/jadau-kundan-earrings-40?variant=gid://shopify/ProductVariant/45453785563436
2026-08-24 21:28:20,Jadau Kundan Earrings,Default Title,ER470,3990.0,Sale,8,9,1,https://www.kanshijewels.com/products/jadau-kundan-earrings-41?variant=gid://shopify/ProductVariant/45453785628972
2026-08-24 21:28:20,Jadau Kundan Earrings,Default Title,ER469,4830.0,Sale,7,8,1,https://www.kanshijewels.com/products/jadau-kundan-earrings-42?variant=gid://shopify/ProductVariant/45453785661740
2026-08-24 21:28:20,Jadau Kundan Earrings,Default Title,ER467,3990.0,Sale,5,6,1,https://www.kanshijewels.com/products/jadau-kundan-earrings-44?variant=gid://shopify/ProductVariant/45453785760044
2026-08-24 21:28:20,Jadau Kundan Earrings,Default Title,ER465,3832.5,Sale,9,10,1,https://www.kanshijewels.com/products/jadau-kundan-earrings-46?variant=gid://shopify/ProductVariant/45453785858348
2026-08-24 21:28:20,Jadau Kundan Earrings,Default Title,ER459,3570.0,Sale,8,9,1,https://www.kanshijewels.com/products/jadau-kundan-earrings-52?variant=gid://shopify/ProductVariant/45453786218796
2026-08-24 21:28:20,Jadau Kundan Earrings,Default Title,ER458,4620.0,Sale,9,10,1,https://www.kanshijewels.com/products/jadau-kundan-earrings-53?variant=gid://shopify/ProductVariant/45453786284332
2026-08-24 21:28:20,Jadau Kundan Earrings,Default Title,ER457,5250.0,Sale,8,9,1,https://www.kanshijewels.com/products/jadau-kundan-earrings-54?variant=gid://shopify/ProductVariant/45453786317100
2026-08-24 21:28:20,Jadau Kundan Earrings,Default Title,ER456,4935.0,Sale,6,7,1,https://www.kanshijewels.com/products/jadau-kundan-earrings-55?variant=gid://shopify/ProductVariant/45453786349868
2026-08-24 21:28:20,Jadau Kundan Earrings,Default Title,ER455,3139.5,Sale,8,9,1,https://www.kanshijewels.com/products/jadau-kundan-earrings-56?variant=gid://shopify/ProductVariant/45453786415404
2026-08-24 21:28:20,Jadau Kundan Earrings,Default Title,ER454,3045.0,Sale,7,8,1,https://www.kanshijewels.com/products/jadau-kundan-earrings-57?variant=gid://shopify/ProductVariant/45453786480940
2026-08-24 21:28:20,Jadau Kundan Earrings,Default Title,ER453,4620.0,Sale,3,4,1,https://www.kanshijewels.com/products/jadau-kundan-earrings-58?variant=gid://shopify/ProductVariant/45453786546476
2026-08-24 21:28:20,Jadau Kundan Earrings,Default Title,ER450,2625.0,Sale,4,5,1,https://www.kanshijewels.com/products/jadau-kundan-earrings-61?variant=gid://shopify/ProductVariant/45453786677548
2026-08-24 21:28:20,Jadau Kundan Earrings,Default Title,ER449,5145.0,Sale,3,4,1,https://www.kanshijewels.com/products/jadau-kundan-earrings-62?variant=gid://shopify/ProductVariant/45453786710316
2026-08-24 21:28:20,Jadau Kundan Earrings,Default Title,ER447,4830.0,Sale,9,10,1,https://www.kanshijewels.com/products/jadau-kundan-earrings-64?variant=gid://shopify/ProductVariant/45453786808620
2026-08-24 21:28:20,Jadau Kundan Earrings,Default Title,ER446,4620.0,Sale,9,10,1,https://www.kanshijewels.com/products/jadau-kundan-earrings-65?variant=gid://shopify/ProductVariant/45453786874156
2026-08-24 21:28:20,Jadau Kundan Earrings,Default Title,ER445,4830.0,Sale,8,9,1,https://www.kanshijewels.com/products/jadau-kundan-earrings-66?variant=gid://shopify/ProductVariant/45453786972460
2026-08-24 21:28:20,Jadau Kundan Earrings,Default Title,ER443,4830.0,Sale,4,5,1,https://www.kanshijewels.com/products/jadau-kundan-earrings-68?variant=gid://shopify/ProductVariant/45453787037996
2026-08-24 21:28:20,Jadau Kundan Earrings,Default Title,ER442,4830.0,Sale,9,10,1,https://www.kanshijewels.com/products/jadau-kundan-earrings-69?variant=gid://shopify/ProductVariant/45453787070764
2026-08-24 21:28:20,Jadau Kundan Earrings,Default Title,ER441,4620.0,Sale,9,10,1,https://www.kanshijewels.com/products/jadau-kundan-earrings-70?variant=gid://shopify/ProductVariant/45453787103532
2026-08-24 21:28:20,Jadau Kundan Earrings,Default Title,ER440,4672.5,Sale,8,9,1,https://www.kanshijewels.com/products/jadau-kundan-earrings-71?variant=gid://shopify/ProductVariant/45453787136300
2026-08-24 21:28:20,Jadau Kundan Earrings,Default Title,ER439,4725.0,Sale,6,7,1,https://www.kanshijewels.com/products/jadau-kundan-earrings-72?variant=gid://shopify/ProductVariant/45453787234604
2026-08-24 21:28:20,Jadau Kundan Earrings,Default Title,ER438,2625.0,Sale,6,7,1,https://www.kanshijewels.com/products/jadau-kundan-earrings-73?variant=gid://shopify/ProductVariant/45453787267372
2026-08-24 21:28:20,Jadau Kundan Earrings,Default Title,ER437,4567.5,Sale,5,6,1,https://www.kanshijewels.com/products/jadau-kundan-earrings-74?variant=gid://shopify/ProductVariant/45453787300140
2026-08-24 21:28:20,Jadau Kundan Earrings,Default Title,ER436,5145.0,Sale,9,10,1,https://www.kanshijewels.com/products/jadau-kundan-earrings-75?variant=gid://shopify/ProductVariant/45453787365676
2026-08-24 21:28:20,Jadau Kundan Earrings,Default Title,ER435,3570.0,Sale,7,8,1,https://www.kanshijewels.com/products/jadau-kundan-earrings-76?variant=gid://shopify/ProductVariant/45453787431212
2026-08-24 21:28:20,Jadau Kundan Earrings,Default Title,ER434,4725.0,Sale,4,5,1,https://www.kanshijewels.com/products/jadau-kundan-earrings-77?variant=gid://shopify/ProductVariant/45453787463980
2026-08-24 21:28:20,Jadau Kundan Earrings,Default Title,ER433,4830.0,Sale,6,7,1,https://www.kanshijewels.com/products/jadau-kundan-earrings-78?variant=gid://shopify/ProductVariant/45453787496748
2026-08-24 21:28:20,Jadau Kundan Earrings,Default Title,ER432,2940.0,Sale,9,10,1,https://www.kanshijewels.com/products/jadau-kundan-earrings-79?variant=gid://shopify/ProductVariant/45453787529516
2026-08-24 21:28:20,Jadau Kundan Earrings,Default Title,ER431,4830.0,Sale,6,7,1,https://www.kanshijewels.com/products/jadau-kundan-earrings-80?variant=gid://shopify/ProductVariant/45453787595052
2026-08-24 21:28:20,Jadau Kundan Earrings,Default Title,ER430,4830.0,Sale,2,3,1,https://www.kanshijewels.com/products/jadau-kundan-earrings-81?variant=gid://shopify/ProductVariant/45453787660588
2026-08-24 21:28:20,Jadau Kundan Earrings,Default Title,ER429,3360.0,Sale,9,10,1,https://www.kanshijewels.com/products/jadau-kundan-earrings-82?variant=gid://shopify/ProductVariant/45453787693356
2026-08-24 21:28:20,Jadau Kundan Earrings,Default Title,ER428,3465.0,Sale,6,7,1,https://www.kanshijewels.com/products/jadau-kundan-earrings-83?variant=gid://shopify/ProductVariant/45453787758892
2026-08-24 21:28:20,Jadau Kundan Earrings,Default Title,ER427,3465.0,Sale,8,9,1,https://www.kanshijewels.com/products/jadau-kundan-earrings-84?variant=gid://shopify/ProductVariant/45453787824428
2026-08-24 21:28:20,Jadau Kundan Pendant,Default Title,NK762,2572.5,Sale,1,2,1,https://www.kanshijewels.com/products/jadau-kundan-maang-tika-49?variant=gid://shopify/ProductVariant/45462707831084
2026-08-24 21:28:20,Jadau Kundan Clip,Default Title,AC136,1365.0,Sale,6,7,1,https://www.kanshijewels.com/products/jadau-kundan-maang-tika-50?variant=gid://shopify/ProductVariant/45462707863852
2026-08-24 21:28:20,Jadau Kundan Ear Cuffs,Default Title,AC135,1470.0,Sale,3,4,1,https://www.kanshijewels.com/products/jadau-kundan-maang-tika-51?variant=gid://shopify/ProductVariant/45462707896620
2026-08-24 21:28:20,Jadau Kundan Pendant,Default Title,NK759,4095.0,Sale,8,9,1,https://www.kanshijewels.com/products/jadau-kundan-maang-tika-57?variant=gid://shopify/ProductVariant/45462708289836
2026-08-24 21:28:20,Jadau Kundan Pendant,Default Title,NK758,2415.0,Sale,8,9,1,https://www.kanshijewels.com/products/jadau-kundan-maang-tika-59?variant=gid://shopify/ProductVariant/45462708355372
2026-08-24 21:28:20,Jadau Kundan Pendant,Default Title,NK757,1890.0,Sale,1,2,1,https://www.kanshijewels.com/products/jadau-kundan-maang-tika-60?variant=gid://shopify/ProductVariant/45462708388140
2026-08-24 21:28:20,Jadau Kundan Tika and Pendant,Default Title,MT71,1365.0,Sale,5,6,1,https://www.kanshijewels.com/products/jadau-kundan-maang-tika-61?variant=gid://shopify/ProductVariant/45462708420908
2026-08-24 21:28:20,Jadau Kundan Tika or Pendant,Default Title,MT70,1470.0,Sale,1,2,1,https://www.kanshijewels.com/products/jadau-kundan-maang-tika-62?variant=gid://shopify/ProductVariant/45462708453676
2026-08-24 21:28:20,Jadau Kundan Pendant,Default Title,NK756,1890.0,Sale,8,9,1,https://www.kanshijewels.com/products/jadau-kundan-maang-tika-63?variant=gid://shopify/ProductVariant/45462708519212
2026-08-24 21:28:20,Jadau Kundan Tika and Pendant,Default Title,MT69,1575.0,Sale,5,6,1,https://www.kanshijewels.com/products/jadau-kundan-maang-tika-64?variant=gid://shopify/ProductVariant/45462708551980
2026-08-24 21:28:20,Jadau Kundan Tika and Pendant,Default Title,MT68,1260.0,Sale,8,9,1,https://www.kanshijewels.com/products/jadau-kundan-maang-tika-65?variant=gid://shopify/ProductVariant/45462708781356
2026-08-24 21:28:20,Jadau Kundan Tika and Pendant,Default Title,MT67,1365.0,Sale,8,9,1,https://www.kanshijewels.com/products/jadau-kundan-maang-tika-66?variant=gid://shopify/ProductVariant/45462708814124
2026-08-24 21:28:20,Jadau Kundan pendant,Default Title,NK755,2625.0,Sale,8,9,1,https://www.kanshijewels.com/products/jadau-kundan-maang-tika-67?variant=gid://shopify/ProductVariant/45462708846892
2026-08-24 21:28:20,Jadau Kundan Tikas or Pendant,Default Title,NK753,997.5,Sale,3,4,1,https://www.kanshijewels.com/products/jadau-kundan-maang-tika-69?variant=gid://shopify/ProductVariant/45462708912428
2026-08-24 21:28:20,Jadau Kundan Maang Tikka,Default Title,MT66,2415.0,Sale,9,10,1,https://www.kanshijewels.com/products/jadau-kundan-maang-tika-70?variant=gid://shopify/ProductVariant/45462708945196
2026-08-24 21:28:20,Jadau Kundan Maang Tikka,Default Title,MT65,1312.5,Sale,4,5,1,https://www.kanshijewels.com/products/jadau-kundan-maang-tika-71?variant=gid://shopify/ProductVariant/45462708977964
2026-08-24 21:28:20,Jadau Kundan Pendant,Default Title,NK752,1890.0,Sale,3,4,1,https://www.kanshijewels.com/products/jadau-kundan-maang-tika-72?variant=gid://shopify/ProductVariant/45462709010732
2026-08-24 21:28:20,Jadau Kundan Pendant,Default Title,NK751,3885.0,Sale,8,9,1,https://www.kanshijewels.com/products/jadau-kundan-maang-tika-73?variant=gid://shopify/ProductVariant/45462709043500
2026-08-24 21:28:20,Jadau Kundan Pendant,Default Title,NK750,3990.0,Sale,7,8,1,https://www.kanshijewels.com/products/jadau-kundan-maang-tika-74?variant=gid://shopify/ProductVariant/45462709076268
2026-08-24 21:28:20,Jadau Kundan Pendant,Default Title,NK748,3990.0,Sale,7,8,1,https://www.kanshijewels.com/products/jadau-kundan-maang-tika-76?variant=gid://shopify/ProductVariant/45462709141804
2026-08-24 21:28:20,Jadau Kundan Pendant,Default Title,NK747,3990.0,Sale,6,7,1,https://www.kanshijewels.com/products/jadau-kundan-maang-tika-77?variant=gid://shopify/ProductVariant/45462709371180
2026-08-24 21:28:20,Jadau Kundan Pendant,Default Title,NK746,3570.0,Sale,8,9,1,https://www.kanshijewels.com/products/jadau-kundan-maang-tika-78?variant=gid://shopify/ProductVariant/45462709403948
2026-08-24 21:28:20,Jadau Kundan Maang Tikka,Default Title,MT64,1575.0,Sale,7,8,1,https://www.kanshijewels.com/products/jadau-kundan-maang-tika-79?variant=gid://shopify/ProductVariant/45462709436716
2026-08-24 21:28:20,Jadau Kundan Pendant,Default Title,NK745,2572.5,Sale,7,8,1,https://www.kanshijewels.com/products/jadau-kundan-maang-tika-80?variant=gid://shopify/ProductVariant/45462709469484
2026-08-24 21:28:20,Jadau Kundan Necklace Earring Set,Default Title,ER426,9765.0,Sale,9,10,1,https://www.kanshijewels.com/products/jadau-kundan-necklace-42?variant=gid://shopify/ProductVariant/45469031039276
2026-08-24 21:28:20,Jadau Kundan Necklace,Default Title,NK742,6195.0,Sale,7,8,1,https://www.kanshijewels.com/products/jadau-kundan-necklace-43?variant=gid://shopify/ProductVariant/45469031629100
2026-08-24 21:28:20,Jadau Kundan Necklace Earring Set,Default Title,ER425,9975.0,Sale,8,9,1,https://www.kanshijewels.com/products/jadau-kundan-necklace-44?variant=gid://shopify/ProductVariant/45469032186156
2026-08-24 21:28:20,Jadau Kundan Necklace,Default Title,NK740,2730.0,Sale,6,7,1,https://www.kanshijewels.com/products/jadau-kundan-necklace-46?variant=gid://shopify/ProductVariant/45469032841516
2026-08-24 21:28:20,Jadau Kundan Necklace,Default Title,NK738,4095.0,Sale,9,10,1,https://www.kanshijewels.com/products/jadau-kundan-necklace-48?variant=gid://shopify/ProductVariant/45469032972588
2026-08-24 21:28:20,Jadau Kundan Necklace,Default Title,NK737,1995.0,Sale,9,10,1,https://www.kanshijewels.com/products/jadau-kundan-necklace-49?variant=gid://shopify/ProductVariant/45469033562412
2026-08-24 21:28:20,Jadau Kundan Necklace,Default Title,NK736,7140.0,Sale,9,10,1,https://www.kanshijewels.com/products/jadau-kundan-necklace-50?variant=gid://shopify/ProductVariant/45469033759020
2026-08-24 21:28:20,Jadau Kundan Necklace,Default Title,NK735,3360.0,Sale,6,7,1,https://www.kanshijewels.com/products/jadau-kundan-necklace-51?variant=gid://shopify/ProductVariant/45469034185004
2026-08-24 21:28:20,Jadau Kundan Necklace,Default Title,NK734,2730.0,Sale,4,5,1,https://www.kanshijewels.com/products/jadau-kundan-necklace-52?variant=gid://shopify/ProductVariant/45469034283308
2026-08-24 21:28:20,Jadau Kundan Necklace,Default Title,NK733,2520.0,Sale,7,8,1,https://www.kanshijewels.com/products/jadau-kundan-necklace-53?variant=gid://shopify/ProductVariant/45469034873132
2026-08-24 21:28:20,Jadau Kundan Necklace,Default Title,NK732,2310.0,Sale,8,9,1,https://www.kanshijewels.com/products/jadau-kundan-necklace-54?variant=gid://shopify/ProductVariant/45469034905900
2026-08-24 21:28:20,Jadau Kundan Necklace,Default Title,NK731,2415.0,Sale,7,8,1,https://www.kanshijewels.com/products/jadau-kundan-necklace-55?variant=gid://shopify/ProductVariant/45469035495724
2026-08-24 21:28:20,Jadau Kundan Necklace,Default Title,NK730,9660.0,Sale,9,10,1,https://www.kanshijewels.com/products/jadau-kundan-necklace-56?variant=gid://shopify/ProductVariant/45469035561260
2026-08-24 21:28:20,Jadau Kundan Necklace,Default Title,NK729,1890.0,Sale,8,9,1,https://www.kanshijewels.com/products/jadau-kundan-necklace-57?variant=gid://shopify/ProductVariant/45469035659564
2026-08-24 21:28:20,Jadau Kundan Necklace,Default Title,NK728,1575.0,Sale,2,3,1,https://www.kanshijewels.com/products/jadau-kundan-necklace-58?variant=gid://shopify/ProductVariant/45469036216620
2026-08-24 21:28:20,Jadau Kundan Necklace,Default Title,NK726,2310.0,Sale,9,10,1,https://www.kanshijewels.com/products/jadau-kundan-necklace-60?variant=gid://shopify/ProductVariant/45469036871980
2026-08-24 21:28:20,Jadau Kundan Necklace,Default Title,NK725,3045.0,Sale,3,4,1,https://www.kanshijewels.com/products/jadau-kundan-necklace-61?variant=gid://shopify/ProductVariant/45469036970284
2026-08-24 21:28:20,Jadau Kundan Necklace,Default Title,NK724,5145.0,Sale,7,8,1,https://www.kanshijewels.com/products/jadau-kundan-necklace-62?variant=gid://shopify/ProductVariant/45469037560108
2026-08-24 21:28:20,Jadau Kundan Necklace,Default Title,NK720,3990.0,Sale,8,9,1,https://www.kanshijewels.com/products/jadau-kundan-necklace-66?variant=gid://shopify/ProductVariant/45469038346540
2026-08-24 21:28:20,Jadau Kundan Necklace,Default Title,NK719,7980.0,Sale,8,9,1,https://www.kanshijewels.com/products/jadau-kundan-necklace-67?variant=gid://shopify/ProductVariant/45469038379308
2026-08-24 21:28:20,Jadau Kundan Necklace Earring Set,Default Title,ER424,4095.0,Sale,6,7,1,https://www.kanshijewels.com/products/jadau-kundan-necklace-68?variant=gid://shopify/ProductVariant/45469038444844
2026-08-24 21:28:20,Jadau Kundan Necklace Earring Set,Default Title,ER423,13125.0,Sale,9,10,1,https://www.kanshijewels.com/products/jadau-kundan-necklace-69?variant=gid://shopify/ProductVariant/45469038936364
2026-08-24 21:28:20,Jadau Kundan Necklace,Default Title,NK718,2835.0,Sale,5,6,1,https://www.kanshijewels.com/products/jadau-kundan-necklace-70?variant=gid://shopify/ProductVariant/45469039067436
2026-08-24 21:28:20,Jadau Kundan Necklace,Default Title,NK717,2835.0,Sale,7,8,1,https://www.kanshijewels.com/products/jadau-kundan-necklace-71?variant=gid://shopify/ProductVariant/45469039132972
2026-08-24 21:28:20,Jadau Kundan Necklace,Default Title,NK716,14700.0,Sale,9,10,1,https://www.kanshijewels.com/products/jadau-kundan-necklace-72?variant=gid://shopify/ProductVariant/45469039198508
2026-08-24 21:28:20,Jadau Kundan Necklace,Default Title,NK715,3990.0,Sale,7,8,1,https://www.kanshijewels.com/products/jadau-kundan-necklace-73?variant=gid://shopify/ProductVariant/45469039788332
2026-08-24 21:28:20,Jadau Kundan Necklace,Default Title,NK714,3885.0,Sale,9,10,1,https://www.kanshijewels.com/products/jadau-kundan-necklace-74?variant=gid://shopify/ProductVariant/45469039821100
2026-08-24 21:28:20,Jadau Kundan Necklace,Default Title,NK713,10290.0,Sale,4,5,1,https://www.kanshijewels.com/products/jadau-kundan-necklace-75?variant=gid://shopify/ProductVariant/45469040410924
2026-08-24 21:28:20,Jadau Kundan Necklace,Default Title,NK711,6405.0,Sale,7,8,1,https://www.kanshijewels.com/products/jadau-kundan-necklace-77?variant=gid://shopify/ProductVariant/45469040541996
2026-08-24 21:28:20,Jadau Kundan Necklace Earring Set,Default Title,ER422,11550.0,Sale,8,9,1,https://www.kanshijewels.com/products/jadau-kundan-necklace-78?variant=gid://shopify/ProductVariant/45469041131820
2026-08-24 21:28:20,Jadau Kundan Necklace,Default Title,NK709,2300.0,Sale,4,5,1,https://www.kanshijewels.com/products/jadau-kundan-necklace-80?variant=gid://shopify/ProductVariant/45469041787180
2026-08-24 21:28:20,Jadau Kundan Necklace,Default Title,NK708,3465.0,Sale,8,9,1,https://www.kanshijewels.com/products/jadau-kundan-necklace-81?variant=gid://shopify/ProductVariant/45469041852716
2026-08-24 21:28:20,Jadau Kundan Necklace,Default Title,NK704,7245.0,Sale,4,5,1,https://www.kanshijewels.com/products/jadau-kundan-necklace-85?variant=gid://shopify/ProductVariant/45469043163436
2026-08-24 21:28:20,Jadau Kundan Necklace,Default Title,NK703,3990.0,Sale,8,9,1,https://www.kanshijewels.com/products/jadau-kundan-necklace-86?variant=gid://shopify/ProductVariant/45469043753260
2026-08-24 21:28:20,Jadau Kundan Necklace,Default Title,NK702,8085.0,Sale,5,6,1,https://www.kanshijewels.com/products/jadau-kundan-necklace-87?variant=gid://shopify/ProductVariant/45469043786028
2026-08-24 21:28:20,Jadau Kundan Necklace Earring Set,Default Title,ER421,2940.0,Sale,8,9,1,https://www.kanshijewels.com/products/jadau-kundan-necklace-89?variant=gid://shopify/ProductVariant/45469044605228
2026-08-24 21:28:20,Jadau Kundan Necklace Earring Set,Default Title,ER420,1995.0,Sale,5,6,1,https://www.kanshijewels.com/products/jadau-kundan-necklace-90?variant=gid://shopify/ProductVariant/45469044867372
2026-08-24 21:28:20,Jadau Kundan Necklace,Default Title,NK700,8925.0,Sale,9,10,1,https://www.kanshijewels.com/products/jadau-kundan-necklace-91?variant=gid://shopify/ProductVariant/45469045227820
2026-08-24 21:28:20,Jadau Kundan Necklace,Default Title,NK699,3675.0,Sale,9,10,1,https://www.kanshijewels.com/products/jadau-kundan-necklace-92?variant=gid://shopify/ProductVariant/45469045817644
2026-08-24 21:28:20,Jadau Kundan Necklace,Default Title,NK697,6825.0,Sale,9998,9999,1,https://www.kanshijewels.com/products/jewellery-set?variant=gid://shopify/ProductVariant/46070097707308
2026-08-24 21:28:20,Jadau Kundan Earrings,Default Title,ER419,2625.0,Sale,2,3,1,https://www.kanshijewels.com/products/jadau-kundan-earrings-30?variant=gid://shopify/ProductVariant/46472059978028
2026-08-24 21:28:20,Jadau Kundan Earrings,Default Title,ER418,2625.0,Sale,1,2,1,https://www.kanshijewels.com/products/jadau-kundan-earrings-31?variant=gid://shopify/ProductVariant/46472095629612
2026-08-24 21:28:20,Jadau Kundan Earrings,Default Title,ER417,2730.0,Sale,6,7,1,https://www.kanshijewels.com/products/jadau-kundan-earrings-32?variant=gid://shopify/ProductVariant/46472211300652
2026-08-24 21:28:20,Jadau Kundan Earrings,Default Title,ER416,2835.0,Sale,3,4,1,https://www.kanshijewels.com/products/jadau-kundan-earrings-33?variant=gid://shopify/ProductVariant/46472239644972
2026-08-24 21:28:20,Jadau Kundan Earrings,Default Title,ER415,2835.0,Sale,9,10,1,https://www.kanshijewels.com/products/jadau-kundan-earrings-34?variant=gid://shopify/ProductVariant/46472263696684
2026-08-24 21:28:20,Jadau Kundan Earrings,Default Title,ER414,2940.0,Sale,6,7,1,https://www.kanshijewels.com/products/jadau-kundan-earrings-35?variant=gid://shopify/ProductVariant/46472311046444
2026-08-24 21:28:20,Jadau Kundan Earrings,Default Title,ER413,2940.0,Sale,9,10,1,https://www.kanshijewels.com/products/jadau-kundan-earrings-36?variant=gid://shopify/ProductVariant/46472390345004
2026-08-24 21:28:20,Jadau Kundan Earrings,Default Title,ER411,3465.0,Sale,4,5,1,https://www.kanshijewels.com/products/jadau-kundan-earrings-38?variant=gid://shopify/ProductVariant/46472416297260
2026-08-24 21:28:20,Jadau Kundan Earrings,Default Title,ER410,3465.0,Sale,2,3,1,https://www.kanshijewels.com/products/jadau-kundan-earrings-39?variant=gid://shopify/ProductVariant/46472432681260
2026-08-24 21:28:20,Jadau Kundan Earrings,Default Title,ER406,3885.0,Sale,1,2,1,https://www.kanshijewels.com/products/jadau-kundan-earrings-88?variant=gid://shopify/ProductVariant/46472495169836
2026-08-24 21:28:20,Jadau Kundan Earrings,Default Title,ER405,4620.0,Sale,9,10,1,https://www.kanshijewels.com/products/jadau-kundan-earrings-89?variant=gid://shopify/ProductVariant/46472505196844
2026-08-24 21:28:20,Jadau Kundan Earrings,Default Title,ER404,5239.5,Sale,6,7,1,https://www.kanshijewels.com/products/jadau-kundan-earrings-90?variant=gid://shopify/ProductVariant/46472524628268
2026-08-24 21:28:20,Jadau Kundan Stud Earrings,Default Title,ER402,514.5,Sale,1,2,1,https://www.kanshijewels.com/products/jadau-kundan-stud-earrings-9?variant=gid://shopify/ProductVariant/46472671396140
2026-08-24 21:28:20,Jadau Kundan Earrings,Default Title,ER401,1039.5,Sale,2,3,1,https://www.kanshijewels.com/products/jadau-kundan-stud-earrings-10?variant=gid://shopify/ProductVariant/46472684798252
2026-08-24 21:28:20,Jadau Kundan Earrings,Default Title,ER399,1365.0,Sale,8,9,1,https://www.kanshijewels.com/products/jadau-kundan-stud-earrings-12?variant=gid://shopify/ProductVariant/46472736735532
2026-08-24 21:28:20,Jadau Kundan Stud Earrings,Default Title,ER398,1890.0,Sale,9,10,1,https://www.kanshijewels.com/products/jadau-kundan-stud-earrings-13?variant=gid://shopify/ProductVariant/46472741519660
2026-08-24 21:28:20,Jadau Kundan Stud Earrings,Default Title,ER397,1890.0,Sale,9,10,1,https://www.kanshijewels.com/products/jadau-kundan-stud-earrings-14?variant=gid://shopify/ProductVariant/46472751972652
2026-08-24 21:28:20,Jadau Kundan Stud Earrings,Default Title,ER395,1995.0,Sale,9,10,1,https://www.kanshijewels.com/products/jadau-kundan-stud-earrings-16?variant=gid://shopify/ProductVariant/46472776843564
2026-08-24 21:28:20,Jadau Kundan Stud Earrings,Default Title,ER394,1995.0,Sale,9,10,1,https://www.kanshijewels.com/products/jadau-kundan-stud-earrings-17?variant=gid://shopify/ProductVariant/46472794112300
2026-08-24 21:28:20,Jadau Kundan Earrings,Default Title,ER393,2089.5,Sale,4,5,1,https://www.kanshijewels.com/products/jadau-kundan-stud-earrings-18?variant=gid://shopify/ProductVariant/46472810692908
2026-08-24 21:28:20,Jadau Kundan Stud Earrings,Default Title,ER391,2310.0,Sale,8,9,1,https://www.kanshijewels.com/products/jadau-kundan-stud-earrings-20?variant=gid://shopify/ProductVariant/46472855060780
2026-08-24 21:28:20,Jadau Kundan Earrings,Default Title,ER390,2310.0,Sale,7,8,1,https://www.kanshijewels.com/products/jadau-kundan-stud-earrings-21?variant=gid://shopify/ProductVariant/46472865808684
2026-08-24 21:28:20,Jadau Kundan Stud Earrings,Default Title,ER389,2310.0,Sale,7,8,1,https://www.kanshijewels.com/products/jadau-kundan-stud-earrings-22?variant=gid://shopify/ProductVariant/46472879800620
2026-08-24 21:28:20,Jadau Kundan Stud Earrings,Default Title,ER388,2310.0,Sale,5,6,1,https://www.kanshijewels.com/products/jadau-kundan-stud-earrings-23?variant=gid://shopify/ProductVariant/46472888746284
2026-08-24 21:28:20,Jadau Kundan Stud Earrings,Default Title,ER384,2310.0,Sale,8,9,1,https://www.kanshijewels.com/products/jadau-kundan-stud-earrings-27?variant=gid://shopify/ProductVariant/46472967094572
2026-08-24 21:28:20,Jadau Kundan Stud Earrings,Default Title,ER383,2310.0,Sale,9,10,1,https://www.kanshijewels.com/products/jadau-kundan-stud-earrings-28?variant=gid://shopify/ProductVariant/46472978432300
2026-08-24 21:28:20,Jadau Kundan Stud Earrings,Default Title,ER381,2415.0,Sale,5,6,1,https://www.kanshijewels.com/products/jadau-kundan-stud-earrings-30?variant=gid://shopify/ProductVariant/46473018835244
2026-08-24 21:28:20,Jadau Kundan Stud Earrings,Default Title,ER380,2415.0,Sale,8,9,1,https://www.kanshijewels.com/products/jadau-kundan-stud-earrings-31?variant=gid://shopify/ProductVariant/46473030107436
2026-08-24 21:28:20,Jadau Kundan Earrings,Default Title,ER378,2520.0,Sale,7,8,1,https://www.kanshijewels.com/products/jadau-kundan-stud-earrings-33?variant=gid://shopify/ProductVariant/46473055142188
2026-08-24 21:28:20,Jadau Kundan Stud Earrings,Default Title,ER377,2520.0,Sale,7,8,1,https://www.kanshijewels.com/products/jadau-kundan-stud-earrings-34?variant=gid://shopify/ProductVariant/46473072574764
2026-08-24 21:28:20,Jadau Kundan Stud Earrings,Default Title,ER375,2520.0,Sale,9,10,1,https://www.kanshijewels.com/products/jadau-kundan-stud-earrings-36?variant=gid://shopify/ProductVariant/46473104163116
2026-08-24 21:28:20,Jadau Kundan Pendant,Default Title,NK696,1470.0,Sale,5,6,1,https://www.kanshijewels.com/products/jadau-kundan-stud-earrings-37?variant=gid://shopify/ProductVariant/46475503206700
2026-08-24 21:28:20,Jadau Kundan Pendant,Default Title,NK695,1785.0,Sale,6,7,1,https://www.kanshijewels.com/products/jadau-kundan-pendant?variant=gid://shopify/ProductVariant/46475538989356
2026-08-24 21:28:20,Jadau Kundan Pendant,Default Title,NK693,4095.0,Sale,8,9,1,https://www.kanshijewels.com/products/jadau-kundan-pendant-2?variant=gid://shopify/ProductVariant/46475604754732
2026-08-24 21:28:20,Jadau Kundan Pendant,Default Title,NK692,5145.0,Sale,5,6,1,https://www.kanshijewels.com/products/jadau-kundan-pendant-3?variant=gid://shopify/ProductVariant/46475628740908
2026-08-24 21:28:20,Jadau Kundan Pendant,Default Title,NK691,9450.0,Sale,9,10,1,https://www.kanshijewels.com/products/jadau-kundan-pendant-4?variant=gid://shopify/ProductVariant/46475675140396
2026-08-24 21:28:20,Jadau Kundan Maang Tikka,Default Title,MT63,1260.0,Sale,5,6,1,https://www.kanshijewels.com/products/jadau-kundan-pendant-5?variant=gid://shopify/ProductVariant/46476157616428
2026-08-24 21:28:20,Jadau Kundan Maang Tikka,Default Title,MT62,1155.0,Sale,4,5,1,https://www.kanshijewels.com/products/jadau-kundan-maang-tika?variant=gid://shopify/ProductVariant/46476231606572
2026-08-24 21:28:20,Jadau Kundan Maang Tikka,Default Title,MT61,1155.0,Sale,3,4,1,https://www.kanshijewels.com/products/jadau-kundan-maang-tika-1?variant=gid://shopify/ProductVariant/46476261982508
2026-08-24 21:28:20,Jadau Kundan Maang Tikka,Default Title,MT60,1260.0,Sale,2,3,1,https://www.kanshijewels.com/products/jadau-kundan-maang-tika-2?variant=gid://shopify/ProductVariant/46476347834668
2026-08-24 21:28:20,Jadau Kundan Maang Tikka,Default Title,MT59,1260.0,Sale,4,5,1,https://www.kanshijewels.com/products/jadau-kundan-maang-tika-3?variant=gid://shopify/ProductVariant/46476390039852
2026-08-24 21:28:20,Jadau Kundan Maang Tikka,Default Title,MT58,1260.0,Sale,6,7,1,https://www.kanshijewels.com/products/jadau-kundan-maang-tika-4?variant=gid://shopify/ProductVariant/46476434374956
2026-08-24 21:28:20,Jadau Kundan Maang Tikka,Default Title,MT57,1365.0,Sale,7,8,1,https://www.kanshijewels.com/products/jadau-kundan-maang-tika-5?variant=gid://shopify/ProductVariant/46476472975660
2026-08-24 21:28:20,Jadau Kundan Maang Tikka,Default Title,MT56,1365.0,Sale,4,5,1,https://www.kanshijewels.com/products/jadau-kundan-maang-tika-6?variant=gid://shopify/ProductVariant/46476513345836
2026-08-24 21:28:20,Jadau Kundan Maang Tikka,Default Title,MT55,1365.0,Sale,5,6,1,https://www.kanshijewels.com/products/jadau-kundan-maang-tika-7?variant=gid://shopify/ProductVariant/46476541165868
2026-08-24 21:28:20,Jadau Kundan Maang Tikka,Default Title,MT54,1470.0,Sale,5,6,1,https://www.kanshijewels.com/products/jadau-kundan-maang-tika-8?variant=gid://shopify/ProductVariant/46476569641260
2026-08-24 21:28:20,Jadau Kundan Maang Tikka,Default Title,MT53,1470.0,Sale,8,9,1,https://www.kanshijewels.com/products/jadau-kundan-maang-tika-9?variant=gid://shopify/ProductVariant/46476612010284
2026-08-24 21:28:20,Jadau Kundan Maang Tikka,Default Title,MT52,1470.0,Sale,2,3,1,https://www.kanshijewels.com/products/jadau-kundan-maang-tika-10?variant=gid://shopify/ProductVariant/46476641927468
2026-08-24 21:28:20,Jadau Kundan Maang Tikka,Default Title,MT51,2625.0,Sale,1,2,1,https://www.kanshijewels.com/products/jadau-kundan-maang-tika-11?variant=gid://shopify/ProductVariant/46476679807276
2026-08-24 21:28:20,Mangalsutra,Default Title,AC133,1039.5,Sale,6,7,1,https://www.kanshijewels.com/products/mangalsutra?variant=gid://shopify/ProductVariant/46476756353324
2026-08-24 21:28:20,Mangalsutra,Default Title,AC132,1155.0,Sale,8,9,1,https://www.kanshijewels.com/products/mangalsutra-6?variant=gid://shopify/ProductVariant/46476784861484
2026-08-24 21:28:20,Mangalsutra,Default Title,AC131,1155.0,Sale,3,4,1,https://www.kanshijewels.com/products/mangalsutra-7?variant=gid://shopify/ProductVariant/46476802490668
2026-08-24 21:28:20,Mangalsutra,Default Title,AC129,1260.0,Sale,3,4,1,https://www.kanshijewels.com/products/mangalsutra-9?variant=gid://shopify/ProductVariant/46476886901036
2026-08-24 21:28:20,Mangalsutra,Default Title,AC128,1260.0,Sale,6,7,1,https://www.kanshijewels.com/products/mangalsutra-10?variant=gid://shopify/ProductVariant/46476922388780
2026-08-24 21:28:20,Mangalsutra,Default Title,AC127,1995.0,Sale,8,9,1,https://www.kanshijewels.com/products/mangalsutra-11?variant=gid://shopify/ProductVariant/46476955058476
2026-08-24 21:28:20,Mangalsutra,Default Title,AC126,1995.0,Sale,9,10,1,https://www.kanshijewels.com/products/mangalsutra-12?variant=gid://shopify/ProductVariant/46476978127148
2026-08-24 21:28:20,Jadau Kundan Ear Cuffs,Default Title,AC124,1470.0,Sale,5,6,1,https://www.kanshijewels.com/products/jadau-kundan-ear-cuffs-1?variant=gid://shopify/ProductVariant/46477113622828
2026-08-24 21:28:20,Jadau Kundan Clip,Default Title,AC121,1039.5,Sale,2,3,1,https://www.kanshijewels.com/products/jadau-kundan-clip-1?variant=gid://shopify/ProductVariant/46477187088684
2026-08-24 21:28:20,Jadau Kundan Clip,Default Title,AC118,1039.5,Sale,4,5,1,https://www.kanshijewels.com/products/jadau-kundan-clip-4?variant=gid://shopify/ProductVariant/46477222117676
2026-08-24 21:28:20,Jadau Kundan Clip,Default Title,AC117,1039.5,Sale,1,2,1,https://www.kanshijewels.com/products/jadau-kundan-clip-5?variant=gid://shopify/ProductVariant/46477236666668
2026-08-24 21:28:20,Jadau Kundan Heavy Necklace,Default Title,NK690,19950.0,Sale,9,10,1,https://www.kanshijewels.com/products/jadau-kundan-heavy-necklace?variant=gid://shopify/ProductVariant/46477364494636
2026-08-24 21:28:20,Jadau Kundan Heavy Necklace,Default Title,NK689,19950.0,Sale,9,10,1,https://www.kanshijewels.com/products/jadau-kundan-heavy-necklace-66?variant=gid://shopify/ProductVariant/46477386121516
2026-08-24 21:28:20,Jadau Kundan Heavy Necklace,Default Title,NK688,2415.0,Sale,9,10,1,https://www.kanshijewels.com/products/jadau-kundan-heavy-necklace-67?variant=gid://shopify/ProductVariant/46477559136556
2026-08-24 21:28:20,Jadau Kundan Heavy Necklace,Default Title,NK687,2415.0,Sale,9,10,1,https://www.kanshijewels.com/products/jadau-kundan-heavy-necklace-68?variant=gid://shopify/ProductVariant/46477578764588
2026-08-24 21:28:20,Jadau Kundan Heavy Necklace,Default Title,NK686,2415.0,Sale,4,5,1,https://www.kanshijewels.com/products/jadau-kundan-heavy-necklace-69?variant=gid://shopify/ProductVariant/46477593215276
2026-08-24 21:28:20,Jadau Kundan Necklace Set,Default Title,NK685,3045.0,Sale,8,9,1,https://www.kanshijewels.com/products/jadau-kundan-heavy-necklace-70?variant=gid://shopify/ProductVariant/46477620314412
2026-08-24 21:28:20,Jadau Kundan Heavy Necklace,Default Title,NK684,3045.0,Sale,8,9,1,https://www.kanshijewels.com/products/jadau-kundan-heavy-necklace-71?variant=gid://shopify/ProductVariant/46477655179564
2026-08-24 21:28:20,Jadau Kundan Heavy Necklace,Default Title,NK683,3045.0,Sale,7,8,1,https://www.kanshijewels.com/products/jadau-kundan-heavy-necklace-72?variant=gid://shopify/ProductVariant/46477672349996
2026-08-24 21:28:20,Jadau Kundan Heavy Necklace,Default Title,NK681,3990.0,Sale,5,6,1,https://www.kanshijewels.com/products/jadau-kundan-heavy-necklace-74?variant=gid://shopify/ProductVariant/46477703840044
2026-08-24 21:28:20,Jadau Kundan Heavy Necklace,Default Title,NK679,3885.0,Sale,7,8,1,https://www.kanshijewels.com/products/jadau-kundan-heavy-necklace-76?variant=gid://shopify/ProductVariant/46477710655788
2026-08-24 21:28:20,Jadau Kundan Heavy Necklace,Default Title,NK677,3990.0,Sale,8,9,1,https://www.kanshijewels.com/products/jadau-kundan-heavy-necklace-78?variant=gid://shopify/ProductVariant/46477717438764
2026-08-24 21:28:20,Jadau Kundan Heavy Necklace,Default Title,NK676,3990.0,Sale,2,3,1,https://www.kanshijewels.com/products/jadau-kundan-heavy-necklace-79?variant=gid://shopify/ProductVariant/46477719863596
2026-08-24 21:28:20,Jadau Kundan Heavy Necklace,Default Title,NK675,3990.0,Sale,8,9,1,https://www.kanshijewels.com/products/jadau-kundan-heavy-necklace-80?variant=gid://shopify/ProductVariant/46477724025132
2026-08-24 21:28:20,Jadau Kundan Heavy Necklace,Default Title,NK674,3990.0,Sale,6,7,1,https://www.kanshijewels.com/products/jadau-kundan-heavy-necklace-81?variant=gid://shopify/ProductVariant/46477725991212
2026-08-24 21:28:20,Jadau Kundan Heavy Necklace,Default Title,NK673,4410.0,Sale,4,5,1,https://www.kanshijewels.com/products/jadau-kundan-heavy-necklace-82?variant=gid://shopify/ProductVariant/46477729235244
2026-08-24 21:28:20,Jadau Kundan Heavy Necklace,Default Title,NK672,3990.0,Sale,8,9,1,https://www.kanshijewels.com/products/jadau-kundan-heavy-necklace-83?variant=gid://shopify/ProductVariant/46477733429548
2026-08-24 21:28:20,Jadau Kundan Necklace Set,Default Title,NK671,4095.0,Sale,1,2,1,https://www.kanshijewels.com/products/jadau-kundan-heavy-necklace-84?variant=gid://shopify/ProductVariant/46477735199020
2026-08-24 21:28:20,Jadau Kundan Necklace Set,Default Title,NK670,4095.0,Sale,7,8,1,https://www.kanshijewels.com/products/jadau-kundan-heavy-necklace-85?variant=gid://shopify/ProductVariant/46477737328940
2026-08-24 21:28:20,Jadau Kundan Necklace Set,Default Title,NK669,4515.0,Sale,6,7,1,https://www.kanshijewels.com/products/jadau-kundan-heavy-necklace-86?variant=gid://shopify/ProductVariant/46477739196716
2026-08-24 21:28:20,Jadau Kundan Heavy Necklace,Default Title,NK667,3675.0,Sale,3,4,1,https://www.kanshijewels.com/products/jadau-kundan-heavy-necklace-88?variant=gid://shopify/ProductVariant/46477746176300
2026-08-24 21:28:20,Jadau Kundan Heavy Necklace,Default Title,NK666,4725.0,Sale,8,9,1,https://www.kanshijewels.com/products/jadau-kundan-heavy-necklace-89?variant=gid://shopify/ProductVariant/46477748142380
2026-08-24 21:28:20,Jadau Kundan Heavy Necklace,Default Title,NK665,4935.0,Sale,5,6,1,https://www.kanshijewels.com/products/jadau-kundan-heavy-necklace-90?variant=gid://shopify/ProductVariant/46477750862124
2026-08-24 21:28:20,Jadau Kundan Heavy Necklace,Default Title,NK663,4900.0,Sale,6,7,1,https://www.kanshijewels.com/products/jadau-kundan-heavy-necklace-92?variant=gid://shopify/ProductVariant/46477754269996
2026-08-24 21:28:20,Jadau Kundan Heavy Necklace,Default Title,NK662,5145.0,Sale,3,4,1,https://www.kanshijewels.com/products/jadau-kundan-heavy-necklace-93?variant=gid://shopify/ProductVariant/46477755384108
2026-08-24 21:28:20,Jadau Kundan Heavy Necklace,Default Title,NK661,5145.0,Sale,5,6,1,https://www.kanshijewels.com/products/jadau-kundan-heavy-necklace-94?variant=gid://shopify/ProductVariant/46477756105004
2026-08-24 21:28:20,Jadau Kundan Heavy Necklace,Default Title,NK660,7140.0,Sale,7,8,1,https://www.kanshijewels.com/products/jadau-kundan-heavy-necklace-95?variant=gid://shopify/ProductVariant/46477757677868
2026-08-24 21:28:20,Jadau Kundan Heavy Necklace,Default Title,NK659,5355.0,Sale,5,6,1,https://www.kanshijewels.com/products/jadau-kundan-heavy-necklace-96?variant=gid://shopify/ProductVariant/46477757907244
2026-08-24 21:28:20,Jadau Kundan Heavy Necklace,Default Title,NK657,6289.5,Sale,6,7,1,https://www.kanshijewels.com/products/jadau-kundan-heavy-necklace-98?variant=gid://shopify/ProductVariant/46477761085740
2026-08-24 21:28:20,Jadau Kundan Heavy Necklace,Default Title,NK656,6289.5,Sale,9,10,1,https://www.kanshijewels.com/products/jadau-kundan-heavy-necklace-99?variant=gid://shopify/ProductVariant/46477762363692
2026-08-24 21:28:20,Jadau Kundan Heavy Necklace,Default Title,NK655,6289.5,Sale,8,9,1,https://www.kanshijewels.com/products/jadau-kundan-heavy-necklace-100?variant=gid://shopify/ProductVariant/46477763641644
2026-08-24 21:28:20,Jadau Kundan Heavy Necklace,Default Title,NK654,6825.0,Sale,9,10,1,https://www.kanshijewels.com/products/jadau-kundan-heavy-necklace-101?variant=gid://shopify/ProductVariant/46477764722988
2026-08-24 21:28:20,Jadau Kundan Necklace Set,Default Title,NK652,7560.0,Sale,7,8,1,https://www.kanshijewels.com/products/jadau-kundan-heavy-necklace-102?variant=gid://shopify/ProductVariant/46477769834796
2026-08-24 21:28:20,Jadau Kundan Necklace Set,Default Title,NK651,7875.0,Sale,8,9,1,https://www.kanshijewels.com/products/jadau-kundan-heavy-necklace-103?variant=gid://shopify/ProductVariant/46477771768108
2026-08-24 21:28:20,Jadau Kundan Heavy Necklace,Default Title,NK650,8295.0,Sale,7,8,1,https://www.kanshijewels.com/products/jadau-kundan-heavy-necklace-104?variant=gid://shopify/ProductVariant/46477774913836
2026-08-24 21:28:20,Jadau Kundan Heavy Necklace Set,Default Title,NK647,9450.0,Sale,7,8,1,https://www.kanshijewels.com/products/jadau-kundan-heavy-necklace-107?variant=gid://shopify/ProductVariant/46477783728428
2026-08-24 21:28:20,Jadau Kundan Necklace Set,Default Title,NK644,10500.0,Sale,8,9,1,https://www.kanshijewels.com/products/jadau-kundan-heavy-necklace-110?variant=gid://shopify/ProductVariant/46477790904620
2026-08-24 21:28:20,Jadau Kundan Heavy Necklace,Default Title,NK643,11445.0,Sale,8,9,1,https://www.kanshijewels.com/products/jadau-kundan-heavy-necklace-111?variant=gid://shopify/ProductVariant/46477804765484
2026-08-24 21:28:20,Jadau Kundan Heavy Necklace,Default Title,NK640,13545.0,Sale,9,10,1,https://www.kanshijewels.com/products/jadau-kundan-heavy-necklace-114?variant=gid://shopify/ProductVariant/46477812039980
2026-08-24 21:28:20,Jadau Kundan Heavy Necklace Set,Default Title,NK639,15750.0,Sale,8,9,1,https://www.kanshijewels.com/products/jadau-kundan-heavy-necklace-115?variant=gid://shopify/ProductVariant/46477813449004
2026-08-24 21:28:20,Jadau Kundan Heavy Necklace,Default Title,NK637,19950.0,Sale,8,9,1,https://www.kanshijewels.com/products/jadau-kundan-heavy-necklace-117?variant=gid://shopify/ProductVariant/46477815939372
2026-08-24 21:28:20,Jadau Kundan Heavy Necklace,Default Title,NK636,19950.0,Sale,9,10,1,https://www.kanshijewels.com/products/jadau-kundan-heavy-necklace-118?variant=gid://shopify/ProductVariant/46477817086252
2026-08-24 21:28:20,Jadau Kundan Heavy Necklace,Default Title,NK635,19950.0,Sale,7,8,1,https://www.kanshijewels.com/products/jadau-kundan-heavy-necklace-119?variant=gid://shopify/ProductVariant/46477818233132
2026-08-24 21:28:20,Jadau Kundan Heavy Necklace,Default Title,NK634,19950.0,Sale,9,10,1,https://www.kanshijewels.com/products/jadau-kundan-heavy-necklace-120?variant=gid://shopify/ProductVariant/46477818790188
2026-08-24 21:28:20,Jadau Kundan Necklace Set,Default Title,NK633,23100.0,Sale,9,10,1,https://www.kanshijewels.com/products/jadau-kundan-heavy-necklace-121?variant=gid://shopify/ProductVariant/46477821018412
2026-08-24 21:28:20,Jadau Kundan Earrings,Default Title,ER374,4725.0,Sale,6,7,1,https://www.kanshijewels.com/products/jadau-kundan-earrings-91?variant=gid://shopify/ProductVariant/46477848871212
2026-08-24 21:28:20,Jadau Kundan Stud Earrings,Default Title,ER373,1890.0,Sale,2,3,1,https://www.kanshijewels.com/products/jadau-kundan-stud-earrings-38?variant=gid://shopify/ProductVariant/47162033766700
2026-08-24 21:28:20,Jadau Kundan Earrings,Default Title,ER372,2089.5,Sale,8,9,1,https://www.kanshijewels.com/products/jadau-kundan-stud-earrings-39?variant=gid://shopify/ProductVariant/47162039107884
2026-08-24 21:28:20,Jadau accessories,Default Title,AC115,1680.0,Sale,6,7,1,https://www.kanshijewels.com/products/accessories?variant=gid://shopify/ProductVariant/47162061685036
2026-08-24 21:28:20,Jadau accessories,Default Title,AC114,1575.0,Sale,4,5,1,https://www.kanshijewels.com/products/jadau-accessories?variant=gid://shopify/ProductVariant/47162070958380
2026-08-24 21:28:20,Jadau Kundan Maang Tikka,Default Title,MT50,2310.0,Sale,1,2,1,https://www.kanshijewels.com/products/jadau-kundan-maang-tika-12?variant=gid://shopify/ProductVariant/47162090160428
2026-08-24 21:28:20,Jadau Kundan Pendant,Default Title,NK632,1470.0,Sale,7,8,1,https://www.kanshijewels.com/products/jadau-kundan-pendant-6?variant=gid://shopify/ProductVariant/47162124894508
2026-08-24 21:28:20,Jadau Kundan Pendant,Default Title,NK631,1785.0,Sale,9,10,1,https://www.kanshijewels.com/products/jadau-kundan-pendant-7?variant=gid://shopify/ProductVariant/47162132627756
2026-08-24 21:28:20,Jadau Kundan Pendant,Default Title,NK629,1995.0,Sale,6,7,1,https://www.kanshijewels.com/products/jadau-kundan-pendant-9?variant=gid://shopify/ProductVariant/47162142327084
2026-08-24 21:28:20,Jadau Kundan Pendant,Default Title,NK628,3675.0,Sale,3,4,1,https://www.kanshijewels.com/products/jadau-kundan-pendant-10?variant=gid://shopify/ProductVariant/47162147733804
2026-08-24 21:28:20,Jadau Kundan Pendant,Default Title,NK627,3570.0,Sale,9,10,1,https://www.kanshijewels.com/products/jadau-kundan-pendant-11?variant=gid://shopify/ProductVariant/47162153632044
2026-08-24 21:28:20,Jadau Kundan Pendant,Default Title,NK626,3465.0,Sale,8,9,1,https://www.kanshijewels.com/products/jadau-kundan-pendant-12?variant=gid://shopify/ProductVariant/47162159595820
2026-08-24 21:28:20,Jadau Kundan Earrings,Default Title,ER371,2415.0,Sale,9,10,1,https://www.kanshijewels.com/products/jadau-kundan-earrings-92?variant=gid://shopify/ProductVariant/47162168082732
2026-08-24 21:28:20,Jadau Kundan Earrings,Default Title,ER365,3990.0,Sale,8,9,1,https://www.kanshijewels.com/products/jadau-kundan-earrings-98?variant=gid://shopify/ProductVariant/47162213597484
2026-08-24 21:28:20,Jadau Kundan Long harams,Default Title,NK625,9660.0,Sale,9,10,1,https://www.kanshijewels.com/products/jadau-kundan-long-harams?variant=gid://shopify/ProductVariant/47162227196204
2026-08-24 21:28:20,Jadau Kundan Long harams,Default Title,NK624,11025.0,Sale,9,10,1,https://www.kanshijewels.com/products/jadau-kundan-long-harams-1?variant=gid://shopify/ProductVariant/47162232308012
2026-08-24 21:28:20,Jadau Kundan Long harams,Default Title,NK621,20895.0,Sale,8,9,1,https://www.kanshijewels.com/products/jadau-kundan-long-harams-4?variant=gid://shopify/ProductVariant/47162240041260
2026-08-24 21:28:20,Jadau Kundan Long Harams,Default Title,NK619,7560.0,Sale,8,9,1,https://www.kanshijewels.com/products/jadau-kundan-long-harams-6?variant=gid://shopify/ProductVariant/47162253148460
2026-08-24 21:28:20,Jadau Kundan Long Harams,Default Title,NK618,8295.0,Sale,7,8,1,https://www.kanshijewels.com/products/jadau-kundan-long-harams-7?variant=gid://shopify/ProductVariant/47162257506604
2026-08-24 21:28:20,Jadau Kundan Long Harams,Default Title,NK617,9000.0,Sale,3,4,1,https://www.kanshijewels.com/products/jadau-kundan-long-harams-8?variant=gid://shopify/ProductVariant/47162263601452
2026-08-24 21:28:20,Jadau Kundan Long Harams,Default Title,NK616,9345.0,Sale,9,10,1,https://www.kanshijewels.com/products/jadau-kundan-long-harams-9?variant=gid://shopify/ProductVariant/47162266222892
2026-08-24 21:28:20,Jadau Kundan Necklace,Default Title,NK615,1995.0,Sale,3,4,1,https://www.kanshijewels.com/products/jadau-kundan-necklace-38?variant=gid://shopify/ProductVariant/47162372292908
2026-08-24 21:28:20,Jadau Kundan Necklace,Default Title,NK614,2205.0,Sale,7,8,1,https://www.kanshijewels.com/products/jadau-kundan-necklace-39?variant=gid://shopify/ProductVariant/47162374488364
2026-08-24 21:28:20,Jadau Kundan Necklace,Default Title,NK612,2310.0,Sale,2,3,1,https://www.kanshijewels.com/products/jadau-kundan-necklace-95?variant=gid://shopify/ProductVariant/47162378191148
2026-08-24 21:28:20,Jadau Kundan Necklace,Default Title,NK611,2520.0,Sale,8,9,1,https://www.kanshijewels.com/products/jadau-kundan-necklace-96?variant=gid://shopify/ProductVariant/47162382319916
2026-08-24 21:28:20,Jadau Kundan Necklace,Default Title,NK603,4095.0,Sale,4,5,1,https://www.kanshijewels.com/products/jadau-kundan-necklace-104?variant=gid://shopify/ProductVariant/47162411712812
2026-08-24 21:28:20,Nakashi Necklace Set,Default Title,NK602,4410.0,Sale,3,4,1,https://www.kanshijewels.com/products/jadau-kundan-necklace-105?variant=gid://shopify/ProductVariant/47162413449516
2026-08-24 21:28:20,Jadau Kundan Necklace,Default Title,NK600,5355.0,Sale,8,9,1,https://www.kanshijewels.com/products/jadau-kundan-necklace-107?variant=gid://shopify/ProductVariant/47162446610732
2026-08-24 21:28:20,Jadau Kundan Necklace,Default Title,NK599,6510.0,Sale,8,9,1,https://www.kanshijewels.com/products/jadau-kundan-necklace-108?variant=gid://shopify/ProductVariant/47162449559852
2026-08-24 21:28:20,Jadau Kundan Necklace,Default Title,NK598,7245.0,Sale,6,7,1,https://www.kanshijewels.com/products/jadau-kundan-necklace-109?variant=gid://shopify/ProductVariant/47162454311212
2026-08-24 21:28:20,Jadau Kundan Necklace,Default Title,NK597,7560.0,Sale,8,9,1,https://www.kanshijewels.com/products/jadau-kundan-necklace-110?variant=gid://shopify/ProductVariant/47162457948460
2026-08-24 21:28:20,Jadau Kundan Necklace,Default Title,NK595,8925.0,Sale,8,9,1,https://www.kanshijewels.com/products/jadau-kundan-necklace-112?variant=gid://shopify/ProductVariant/47162461651244
2026-08-24 21:28:20,Jadau Kundan Necklace,Default Title,NK594,3045.0,Sale,4,5,1,https://www.kanshijewels.com/products/jadau-kundan-necklace-113?variant=gid://shopify/ProductVariant/47386468778284
2026-08-24 21:28:20,Jadau Kundan Necklace,Default Title,NK593,2940.0,Sale,6,7,1,https://www.kanshijewels.com/products/jadau-kundan-necklace-114?variant=gid://shopify/ProductVariant/47386482999596
2026-08-24 21:28:20,Jadau Kundan Necklace,Default Title,NK592,7560.0,Sale,8,9,1,https://www.kanshijewels.com/products/jadau-kundan-necklace-115?variant=gid://shopify/ProductVariant/47386501021996
2026-08-24 21:28:20,Jadau Kundan Necklace,Default Title,NK591,6930.0,Sale,9,10,1,https://www.kanshijewels.com/products/jadau-kundan-necklace-116?variant=gid://shopify/ProductVariant/47386511671596
2026-08-24 21:28:20,Pearl Necklace,Default Title,NK590,5145.0,Sale,8,9,1,https://www.kanshijewels.com/products/pearl-necklace?variant=gid://shopify/ProductVariant/47386524483884
2026-08-24 21:28:20,Jadau Kundan Necklace,Default Title,NK589,3990.0,Sale,7,8,1,https://www.kanshijewels.com/products/jadau-kundan-necklace-117?variant=gid://shopify/ProductVariant/47386532872492
2026-08-24 21:28:20,Jadau Kundan Earrings,Default Title,ER364,4935.0,Sale,5,6,1,https://www.kanshijewels.com/products/jadau-kundan-earrings-99?variant=gid://shopify/ProductVariant/47386578387244
2026-08-24 21:28:20,Jadau Kundan Earrings,Default Title,ER363,3780.0,Sale,7,8,1,https://www.kanshijewels.com/products/copy-of-jadau-kundan-earrings?variant=gid://shopify/ProductVariant/47386582745388
2026-08-24 21:28:20,Jadau Kundan Earrings,Default Title,ER362,4410.0,Sale,8,9,1,https://www.kanshijewels.com/products/jadau-kundan-earrings-100?variant=gid://shopify/ProductVariant/47386597851436
2026-08-24 21:28:20,Jadau Kundan Earrings,Default Title,ER359,2625.0,Sale,3,4,1,https://www.kanshijewels.com/products/jadau-kundan-earrings-103?variant=gid://shopify/ProductVariant/47386650738988
2026-08-24 21:28:20,Jadau Kundan Earrings,Default Title,ER358,5355.0,Sale,9,10,1,https://www.kanshijewels.com/products/jadau-kundan-earrings-104?variant=gid://shopify/ProductVariant/47386668794156
2026-08-24 21:28:20,Jadau Kundan Earrings,Default Title,ER356,4830.0,Sale,1,2,1,https://www.kanshijewels.com/products/jadau-kundan-earrings-106?variant=gid://shopify/ProductVariant/47386691043628
2026-08-24 21:28:20,Jadau Kundan Earrings,Default Title,ER354,5145.0,Sale,5,6,1,https://www.kanshijewels.com/products/jadau-kundan-earrings-108?variant=gid://shopify/ProductVariant/47386707820844
2026-08-24 21:28:20,Jadau Kundan Long Harams,Default Title,NK588,5145.0,Sale,9,10,1,https://www.kanshijewels.com/products/jadau-kundan-long-harams-10?variant=gid://shopify/ProductVariant/47386752745772
2026-08-24 21:28:20,Jadau Kundan Necklace Set,Default Title,NK587,19950.0,Sale,9,10,1,https://www.kanshijewels.com/products/jadau-kundan-long-harams-11?variant=gid://shopify/ProductVariant/47386764411180
2026-08-24 21:28:20,Jadau Kundan Necklace Set,Default Title,NK586,19950.0,Sale,8,9,1,https://www.kanshijewels.com/products/jadau-kundan-long-harams-12?variant=gid://shopify/ProductVariant/47386771849516
2026-08-24 21:28:20,Jadau Kundan Long Harams,Default Title,NK584,10395.0,Sale,8,9,1,https://www.kanshijewels.com/products/jadau-kundan-long-harams-14?variant=gid://shopify/ProductVariant/47386790002988
2026-08-24 21:28:20,Jadau Kundan Necklace Set,Default Title,NK583,9345.0,Sale,4,5,1,https://www.kanshijewels.com/products/jadau-kundan-long-harams-15?variant=gid://shopify/ProductVariant/47386803208492
2026-08-24 21:28:20,Jadau Kundan Long Harams,Default Title,NK582,7560.0,Sale,9,10,1,https://www.kanshijewels.com/products/jadau-kundan-long-harams-16?variant=gid://shopify/ProductVariant/47386809729324
2026-08-24 21:28:20,Jadau Kundan Long Harams,Default Title,NK581,6615.0,Sale,6,7,1,https://www.kanshijewels.com/products/jadau-kundan-long-harams-17?variant=gid://shopify/ProductVariant/47386826637612
2026-08-24 21:28:20,Jadau Kundan Long Harams,Default Title,NK580,5880.0,Sale,9,10,1,https://www.kanshijewels.com/products/jadau-kundan-long-harams-18?variant=gid://shopify/ProductVariant/47386834338092
2026-08-24 21:28:20,Jadau Kundan Long Harams,Default Title,NK579,5670.0,Sale,9,10,1,https://www.kanshijewels.com/products/jadau-kundan-long-harams-19?variant=gid://shopify/ProductVariant/47386843742508
2026-08-24 21:28:20,Jadau Kundan Long Harams,Default Title,NK578,5775.0,Sale,9,10,1,https://www.kanshijewels.com/products/jadau-kundan-long-harams-20?variant=gid://shopify/ProductVariant/47386851017004
2026-08-24 21:28:20,Jadau Kundan Long Harams,Default Title,NK577,5460.0,Sale,9,10,1,https://www.kanshijewels.com/products/jadau-kundan-long-harams-21?variant=gid://shopify/ProductVariant/47386863894828
2026-08-24 21:28:20,Jadau Kundan Long Harams,Default Title,NK576,5460.0,Sale,8,9,1,https://www.kanshijewels.com/products/jadau-kundan-long-harams-22?variant=gid://shopify/ProductVariant/47386874478892
2026-08-24 21:28:20,Jadau Kundan Long Harams,Default Title,NK575,5145.0,Sale,8,9,1,https://www.kanshijewels.com/products/jadau-kundan-long-harams-23?variant=gid://shopify/ProductVariant/47386886471980
2026-08-24 21:28:20,Jadau Kundan Long Harams,Default Title,NK574,5145.0,Sale,7,8,1,https://www.kanshijewels.com/products/jadau-kundan-long-harams-24?variant=gid://shopify/ProductVariant/47386895253804
2026-08-24 21:28:20,Jadau Kundan Stud Earrings,Default Title,ER353,2310.0,Sale,6,7,1,https://www.kanshijewels.com/products/jadau-kundan-stud-earrings-40?variant=gid://shopify/ProductVariant/47386934903084
2026-08-24 21:28:20,Jadau Kundan Stud Earrings,Default Title,ER352,2310.0,Sale,8,9,1,https://www.kanshijewels.com/products/jadau-kundan-stud-earrings-41?variant=gid://shopify/ProductVariant/47386937262380
2026-08-24 21:28:20,Jadau Kundan Stud Earrings,Default Title,ER351,2100.0,Sale,8,9,1,https://www.kanshijewels.com/products/jadau-kundan-stud-earrings-42?variant=gid://shopify/ProductVariant/47386955874604
2026-08-24 21:28:20,Jadau Kundan Stud Earrings,Default Title,ER350,1890.0,Sale,8,9,1,https://www.kanshijewels.com/products/jadau-kundan-stud-earrings-43?variant=gid://shopify/ProductVariant/47386963214636
2026-08-24 21:28:20,Jadau Kundan Stud Earrings,Default Title,ER349,2205.0,Sale,9,10,1,https://www.kanshijewels.com/products/jadau-kundan-stud-earrings-44?variant=gid://shopify/ProductVariant/47386972848428
2026-08-24 21:28:20,Jadau Kundan Stud Earrings,Default Title,ER348,1039.5,Sale,1,2,1,https://www.kanshijewels.com/products/jadau-kundan-stud-earrings-45?variant=gid://shopify/ProductVariant/47386983334188
2026-08-24 21:28:20,Kundan Stud Earrings Collection,Default Title,ER347,2415.0,Sale,4,5,1,https://www.kanshijewels.com/products/jadau-kundan-stud-earrings-46?variant=gid://shopify/ProductVariant/47386994442540
2026-08-24 21:28:20,Jadau Kundan Stud Earrings,Default Title,ER346,2415.0,Sale,3,4,1,https://www.kanshijewels.com/products/jadau-kundan-stud-earrings-47?variant=gid://shopify/ProductVariant/47387005550892
2026-08-24 21:28:20,Jadau Kundan Stud Earrings,Default Title,ER345,2310.0,Sale,6,7,1,https://www.kanshijewels.com/products/jadau-kundan-stud-earrings-48?variant=gid://shopify/ProductVariant/47387015676204
2026-08-24 21:28:20,Jadau Kundan Stud Earrings,Default Title,ER344,2310.0,Sale,6,7,1,https://www.kanshijewels.com/products/jadau-kundan-stud-earrings-49?variant=gid://shopify/ProductVariant/47387025342764
2026-08-24 21:28:20,Jadau Kundan Stud Earrings,Default Title,ER343,2310.0,Sale,7,8,1,https://www.kanshijewels.com/products/jadau-kundan-earrings-109?variant=gid://shopify/ProductVariant/47387049034028
2026-08-24 21:28:20,Jadau Kundan Maang Tikka,Default Title,MT49,2520.0,Sale,3,4,1,https://www.kanshijewels.com/products/jadau-kundan-maang-tika-13?variant=gid://shopify/ProductVariant/47387074756908
2026-08-24 21:28:20,Jadau Kundan Pendant,Default Title,NK573,1890.0,Sale,9,10,1,https://www.kanshijewels.com/products/jadau-kundan-pendant-13?variant=gid://shopify/ProductVariant/47387089568044
2026-08-24 21:28:20,Jadau Kundan Pendant,Default Title,NK572,3360.0,Sale,6,7,1,https://www.kanshijewels.com/products/jadau-kundan-pendant-14?variant=gid://shopify/ProductVariant/47582555406636
2026-08-24 21:28:20,Jadau Kundan Pendant,Default Title,NK571,1470.0,Sale,7,8,1,https://www.kanshijewels.com/products/jadau-kundan-pendant-15?variant=gid://shopify/ProductVariant/47582623826220
2026-08-24 21:28:20,Jadau Kundan Pendant,Default Title,NK570,1680.0,Sale,6,7,1,https://www.kanshijewels.com/products/jadau-kundans-pendant?variant=gid://shopify/ProductVariant/47582631625004
2026-08-24 21:28:20,Jadau Kundan Pendant,Default Title,NK569,1680.0,Sale,4,5,1,https://www.kanshijewels.com/products/jadau-kundan-pendant-16?variant=gid://shopify/ProductVariant/47582643257644
2026-08-24 21:28:20,Jadau Kundan Pendant,Default Title,NK567,1890.0,Sale,4,5,1,https://www.kanshijewels.com/products/jadau-kundan-pendant-18?variant=gid://shopify/ProductVariant/47582647976236
2026-08-24 21:28:20,Jadau Kundan Pendant,Default Title,NK566,1890.0,Sale,5,6,1,https://www.kanshijewels.com/products/jadau-kundan-pendant-19?variant=gid://shopify/ProductVariant/47582651187500
2026-08-24 21:28:20,Jadau Kundan Pendant,Default Title,NK565,1890.0,Sale,9,10,1,https://www.kanshijewels.com/products/jadau-kundan-pendant-20?variant=gid://shopify/ProductVariant/47582655775020
2026-08-24 21:28:20,Jadau Kundan Pendant,Default Title,NK564,1785.0,Sale,7,8,1,https://www.kanshijewels.com/products/jadau-kundan-pendant-21?variant=gid://shopify/ProductVariant/47582658953516
2026-08-24 21:28:20,Jadau Kundan Pendant,Default Title,NK562,2310.0,Sale,1,2,1,https://www.kanshijewels.com/products/jadau-kundan-pendant-23?variant=gid://shopify/ProductVariant/47582665834796
2026-08-24 21:28:20,Jadau Kundan Pendant,Default Title,NK561,2520.0,Sale,9,10,1,https://www.kanshijewels.com/products/jadau-kundan-pendant-24?variant=gid://shopify/ProductVariant/47582669668652
2026-08-24 21:28:20,Jadau Kundan Pendant,Default Title,NK560,2520.0,Sale,1,2,1,https://www.kanshijewels.com/products/jadau-kundan-pendant-25?variant=gid://shopify/ProductVariant/47582672453932
2026-08-24 21:28:20,Jadau Kundan Pendant,Default Title,NK559,2520.0,Sale,3,4,1,https://www.kanshijewels.com/products/jadau-kundan-pendant-26?variant=gid://shopify/ProductVariant/47582674223404
2026-08-24 21:28:20,Jadau Kundan Pendant,Default Title,NK558,3465.0,Sale,5,6,1,https://www.kanshijewels.com/products/jadau-kundan-pendant-27?variant=gid://shopify/ProductVariant/47582677238060
2026-08-24 21:28:20,Jadau Kundan Pendant,Default Title,NK556,3465.0,Sale,3,4,1,https://www.kanshijewels.com/products/jadau-kundan-pendant-29?variant=gid://shopify/ProductVariant/47582681432364
2026-08-24 21:28:20,Jadau Kundan Pendant,Default Title,NK554,3990.0,Sale,8,9,1,https://www.kanshijewels.com/products/jadau-kundan-pendant-31?variant=gid://shopify/ProductVariant/47582683398444
2026-08-24 21:28:20,Jadau Kundan Pendant,Default Title,NK553,4095.0,Sale,3,4,1,https://www.kanshijewels.com/products/jadau-kundan-pendant-32?variant=gid://shopify/ProductVariant/47582685528364
2026-08-24 21:28:20,Jadau Kundan Necklace,Default Title,NK552,9975.0,Sale,2,3,1,https://www.kanshijewels.com/products/jadau-kundan-necklace-118?variant=gid://shopify/ProductVariant/47582735958316
2026-08-24 21:28:20,Jadau Kundan Necklace,Default Title,NK551,6500.0,Sale,4,5,1,https://www.kanshijewels.com/products/jadau-kundan-necklace-119?variant=gid://shopify/ProductVariant/47582737727788
2026-08-24 21:28:20,Jadau Kundan Necklace,Default Title,NK548,7140.0,Sale,5,6,1,https://www.kanshijewels.com/products/jadau-kundan-necklace-122?variant=gid://shopify/ProductVariant/47582745854252
2026-08-24 21:28:20,Jadau Kundan Necklace,Default Title,NK547,6720.0,Sale,8,9,1,https://www.kanshijewels.com/products/jadau-kundan-necklace-123?variant=gid://shopify/ProductVariant/47582748901676
2026-08-24 21:28:20,Jadau Kundan Necklace,Default Title,NK546,4725.0,Sale,7,8,1,https://www.kanshijewels.com/products/jadau-kundan-necklace-124?variant=gid://shopify/ProductVariant/47582751785260
2026-08-24 21:28:20,Jadau Kundan Necklace & Earrings,Default Title,ER341,5250.0,Sale,7,8,1,https://www.kanshijewels.com/products/jadau-kundan-necklace-earrings?variant=gid://shopify/ProductVariant/47582757126444
2026-08-24 21:28:20,Jadau Kundan Necklace & Earrings,Default Title,ER339,10290.0,Sale,6,7,1,https://www.kanshijewels.com/products/jadau-kundan-necklace-earrings-2?variant=gid://shopify/ProductVariant/47582762926380
2026-08-24 21:28:20,Jadau Kundan Necklace & Earrings,Default Title,ER338,9345.0,Sale,8,9,1,https://www.kanshijewels.com/products/jadau-kundan-necklace-earrings-3?variant=gid://shopify/ProductVariant/47582766170412
2026-08-24 21:28:20,Jadau Kundan Earrings,Default Title,ER337,1260.0,Sale,1,2,1,https://www.kanshijewels.com/products/jadau-kundan-earrings-111?variant=gid://shopify/ProductVariant/47582785077548
2026-08-24 21:28:20,Jadau Kundan Earrings,Default Title,ER336,1785.0,Sale,5,6,1,https://www.kanshijewels.com/products/jadau-kundan-earrings-112?variant=gid://shopify/ProductVariant/47582788878636
2026-08-24 21:28:20,Jadau Kundan Earrings,Default Title,ER335,1470.0,Sale,5,6,1,https://www.kanshijewels.com/products/jadau-kundan-earrings-113?variant=gid://shopify/ProductVariant/47582791041324
2026-08-24 21:28:20,Jadau Kundan Earrings,Default Title,ER333,4515.0,Sale,2,3,1,https://www.kanshijewels.com/products/jadau-kundan-earrings-115?variant=gid://shopify/ProductVariant/47582810931500
2026-08-24 21:28:20,Jadau Kundan Earrings,Default Title,ER332,4725.0,Sale,5,6,1,https://www.kanshijewels.com/products/jadau-kundan-earrings-116?variant=gid://shopify/ProductVariant/47582813618476
2026-08-24 21:28:20,Jadau Kundan Earrings,Default Title,ER328,3360.0,Sale,8,9,1,https://www.kanshijewels.com/products/jadau-kundan-earrings-120?variant=gid://shopify/ProductVariant/47582822433068
2026-08-24 21:28:20,Jadau Kundan Necklace,Default Title,NK545,3990.0,Sale,6,7,1,https://www.kanshijewels.com/products/jadau-kundan-chokar-necklace?variant=gid://shopify/ProductVariant/47582837080364
2026-08-24 21:28:20,Jadau Kundan Necklace,Default Title,NK544,4095.0,Sale,6,7,1,https://www.kanshijewels.com/products/jadau-kundan-necklace-125?variant=gid://shopify/ProductVariant/47582841045292
2026-08-24 21:28:20,Jadau Kundan Necklace,Default Title,NK543,2520.0,Sale,1,2,1,https://www.kanshijewels.com/products/jadau-kundan-necklace-126?variant=gid://shopify/ProductVariant/47582843076908
2026-08-24 21:28:20,Jadau Kundan Necklace,Default Title,NK542,3045.0,Sale,4,5,1,https://www.kanshijewels.com/products/jadau-kundan-necklace-127?variant=gid://shopify/ProductVariant/47582844158252
2026-08-24 21:28:20,Jadau Kundan Necklace,Default Title,NK541,3570.0,Sale,8,9,1,https://www.kanshijewels.com/products/jadau-kundan-necklace-128?variant=gid://shopify/ProductVariant/47582844911916
2026-08-24 21:28:20,Jadau Kundan Necklace,Default Title,NK540,4410.0,Sale,7,8,1,https://www.kanshijewels.com/products/jadau-kundan-necklace-129?variant=gid://shopify/ProductVariant/47582852972844
2026-08-24 21:28:20,Jadau Kundan Earrings,Default Title,ER326,4620.0,Sale,8,9,1,https://www.kanshijewels.com/products/jadau-kundan-earrings-121?variant=gid://shopify/ProductVariant/47651984703788
2026-08-24 21:28:20,Jadau Kundan Chokar Necklace,Default Title,NK539,7665.0,Sale,5,6,1,https://www.kanshijewels.com/products/jadau-kundan-chokar-necklace-1?variant=gid://shopify/ProductVariant/47652012622124
2026-08-24 21:28:20,Jadau Kundan Choker,Default Title,NK536,2100.0,Sale,3,4,1,https://www.kanshijewels.com/products/jadau-kundan-chokar?variant=gid://shopify/ProductVariant/47652116496684
2026-08-24 21:28:20,Jadau Kundan Choker,Default Title,NK535,3885.0,Sale,9,10,1,https://www.kanshijewels.com/products/jadau-kundan-chokar-1?variant=gid://shopify/ProductVariant/47652123705644
2026-08-24 21:28:20,Jadau Kundan Choker,Default Title,NK534,2310.0,Sale,5,6,1,https://www.kanshijewels.com/products/jadau-kundan-chokar-2?variant=gid://shopify/ProductVariant/47652130586924
2026-08-24 21:28:20,Jadau Kundan Choker,Default Title,NK533,2310.0,Sale,9,10,1,https://www.kanshijewels.com/products/jadau-kundan-chokar-3?variant=gid://shopify/ProductVariant/47652134093100
2026-08-24 21:28:20,Jadau Kundan Choker,Default Title,NK532,3045.0,Sale,7,8,1,https://www.kanshijewels.com/products/jadau-kundan-chokar-4?variant=gid://shopify/ProductVariant/47652137468204
2026-08-24 21:28:20,Jadau Kundan Choker,Default Title,NK531,2520.0,Sale,4,5,1,https://www.kanshijewels.com/products/jadau-kundan-chokar-5?variant=gid://shopify/ProductVariant/47652147167532
2026-08-24 21:28:20,Jadau Kundan Choker,Default Title,NK529,4515.0,Sale,7,8,1,https://www.kanshijewels.com/products/jadau-kundan-chokar-7?variant=gid://shopify/ProductVariant/47652153852204
2026-08-24 21:28:20,Jadau Kundan Choker,Default Title,NK528,4725.0,Sale,6,7,1,https://www.kanshijewels.com/products/jadau-kundan-chokar-8?variant=gid://shopify/ProductVariant/47652157522220
2026-08-24 21:28:20,Jadau Kundan Choker,Default Title,NK527,4462.5,Sale,7,8,1,https://www.kanshijewels.com/products/jadau-kundan-chokar-9?variant=gid://shopify/ProductVariant/47652160274732
2026-08-24 21:28:20,Jadau Kundan Choker Necklace,Default Title,NK525,3675.0,Sale,9,10,1,https://www.kanshijewels.com/products/jadau-kundan-chokar-necklace-3?variant=gid://shopify/ProductVariant/47754678862124
2026-08-24 21:28:20,Jadau Kundan Jhumka,Default Title,ER325,4620.0,Sale,1,2,1,https://www.kanshijewels.com/products/jadau-kundan-jhumka-5?variant=gid://shopify/ProductVariant/47754707403052
2026-08-24 21:28:20,Jadau Kundan Jhumka,Default Title,ER324,4200.0,Sale,9,10,1,https://www.kanshijewels.com/products/jadau-kundan-jhumka-1?variant=gid://shopify/ProductVariant/47754718347564
2026-08-24 21:28:20,Jadau Kundan Necklace,Default Title,NK524,3780.0,Sale,8,9,1,https://www.kanshijewels.com/products/jadau-kundan-necklace-132?variant=gid://shopify/ProductVariant/47754819436844
2026-08-24 21:28:20,Jadau Kundan Necklace,Default Title,NK523,3780.0,Sale,5,6,1,https://www.kanshijewels.com/products/jadau-kundan-necklace-133?variant=gid://shopify/ProductVariant/47754828054828
2026-08-24 21:28:20,Jadau Kundan Necklace,Default Title,NK522,7140.0,Sale,7,8,1,https://www.kanshijewels.com/products/jadau-kundan-necklace-134?variant=gid://shopify/ProductVariant/47754837426476
2026-08-24 21:28:20,Jadau Kundan Necklace,Default Title,NK521,7560.0,Sale,8,9,1,https://www.kanshijewels.com/products/jadau-kundan-necklace-135?variant=gid://shopify/ProductVariant/47754853286188
2026-08-24 21:28:20,Jadau Kundan Necklace,Default Title,NK520,8085.0,Sale,9,10,1,https://www.kanshijewels.com/products/jadau-kundan-necklace-136?variant=gid://shopify/ProductVariant/47754860462380
2026-08-24 21:28:20,Jadau Kundan Tika,Default Title,MT48,1365.0,Sale,6,7,1,https://www.kanshijewels.com/products/jadau-kundan-tika?variant=gid://shopify/ProductVariant/47754908959020
2026-08-24 21:28:20,Jadau Kundan Pendant,Default Title,NK519,1470.0,Sale,7,8,1,https://www.kanshijewels.com/products/jadau-kundan-pendant-33?variant=gid://shopify/ProductVariant/47754919772460
2026-08-24 21:28:20,Jadau Kundan Pendant,Default Title,NK518,2415.0,Sale,4,5,1,https://www.kanshijewels.com/products/jadau-kundan-pendant-34?variant=gid://shopify/ProductVariant/47754925998380
2026-08-24 21:28:20,Jadau Kundan Earrings,Default Title,ER323,1470.0,Sale,4,5,1,https://www.kanshijewels.com/products/jadau-kundan-earrings-122?variant=gid://shopify/ProductVariant/47754968858924
2026-08-24 21:28:20,Jadau Kundan Earrings,Default Title,ER322,1995.0,Sale,8,9,1,https://www.kanshijewels.com/products/jadau-kundan-earrings-123?variant=gid://shopify/ProductVariant/47754974396716
2026-08-24 21:28:20,Jadau Kundan Earrings,Default Title,ER321,2310.0,Sale,8,9,1,https://www.kanshijewels.com/products/jadau-kundan-earrings-124?variant=gid://shopify/ProductVariant/47754985079084
2026-08-24 21:28:20,Jadau Kundan Earrings,Default Title,ER320,2415.0,Sale,8,9,1,https://www.kanshijewels.com/products/jadau-kundan-earrings-125?variant=gid://shopify/ProductVariant/47754995564844
2026-08-24 21:28:20,Jadau Accessories,Default Title,AC112,1890.0,Sale,4,5,1,https://www.kanshijewels.com/products/jadau-accessories-1?variant=gid://shopify/ProductVariant/47854162149676
2026-08-24 21:28:20,Jadau Kundan Choker,Default Title,NK517,2625.0,Sale,7,8,1,https://www.kanshijewels.com/products/jadau-kundan-chokar-10?variant=gid://shopify/ProductVariant/47854171488556
2026-08-24 21:28:20,Jadau Kundan Choker,Default Title,NK516,3255.0,Sale,8,9,1,https://www.kanshijewels.com/products/jadau-kundan-chokar-11?variant=gid://shopify/ProductVariant/47854175191340
2026-08-24 21:28:20,Jadau Kundan Earrings,Default Title,ER319,3465.0,Sale,8,9,1,https://www.kanshijewels.com/products/jadau-kundan-earrings-126?variant=gid://shopify/ProductVariant/47854188855596
2026-08-24 21:28:20,Jadau Kundan Tika,Default Title,MT47,724.5,Sale,1,2,1,https://www.kanshijewels.com/products/jadau-kundan-tika-1?variant=gid://shopify/ProductVariant/47854195409196
2026-08-24 21:28:20,Jadaun Kundan Tika,Default Title,MT46,1365.0,Sale,9,10,1,https://www.kanshijewels.com/products/jadaun-kundan-tika?variant=gid://shopify/ProductVariant/47854200095020
2026-08-24 21:28:20,Jadau Kundan Pendant,Default Title,NK513,1470.0,Sale,7,8,1,https://www.kanshijewels.com/products/jadau-kundan-pendant-35?variant=gid://shopify/ProductVariant/47854205862188
2026-08-24 21:28:20,Jadau Kundan Necklace,Default Title,NK512,3780.0,Sale,9,10,1,https://www.kanshijewels.com/products/jadau-kundan-necklace-137?variant=gid://shopify/ProductVariant/47854212120876
2026-08-24 21:28:20,Jadau Kundan Necklace,Default Title,NK510,6090.0,Sale,7,8,1,https://www.kanshijewels.com/products/jadau-kundan-necklace-139?variant=gid://shopify/ProductVariant/47854217527596
2026-08-24 21:28:20,Jadau Kundan Necklace Set,Default Title,NK509,6510.0,Sale,9,10,1,https://www.kanshijewels.com/products/jadau-kundan-necklace-140?variant=gid://shopify/ProductVariant/47854220181804
2026-08-24 21:28:20,Jadau Kundan Necklace,Default Title,NK507,10395.0,Sale,4,5,1,https://www.kanshijewels.com/products/jadau-kundan-necklace-142?variant=gid://shopify/ProductVariant/47854230896940
2026-08-24 21:28:20,Jadau Kundan Necklace,Default Title,NK506,3465.0,Sale,2,3,1,https://www.kanshijewels.com/products/jadau-kundan-necklace-143?variant=gid://shopify/ProductVariant/47854234501420
2026-08-24 21:28:20,Jadau Kundan Necklace,Default Title,NK505,7875.0,Sale,9,10,1,https://www.kanshijewels.com/products/jadau-kundan-necklace-144?variant=gid://shopify/ProductVariant/47854238433580
2026-08-24 21:28:20,Jadau Kundan Necklace,Default Title,NK504,8925.0,Sale,4,5,1,https://www.kanshijewels.com/products/jadau-kundan-necklace-145?variant=gid://shopify/ProductVariant/47854245085484
2026-08-24 21:28:20,Jadau Kundan Choker,Default Title,NK503,4410.0,Sale,7,8,1,https://www.kanshijewels.com/products/jadau-kundan-chokar-14?variant=gid://shopify/ProductVariant/48242697568556
2026-08-24 21:28:20,Jadau Kundan Choker,Default Title,NK502,4515.0,Sale,8,9,1,https://www.kanshijewels.com/products/jadau-kundan-chokar-15?variant=gid://shopify/ProductVariant/48242733023532
2026-08-24 21:28:20,Jadau Kundan Choker,Default Title,NK500,5040.0,Sale,9,10,1,https://www.kanshijewels.com/products/jadau-kundan-chokar-17?variant=gid://shopify/ProductVariant/48242766381356
2026-08-24 21:28:20,Jadau Kundan Choker,Default Title,NK499,5355.0,Sale,8,9,1,https://www.kanshijewels.com/products/jadau-kundan-chokar-18?variant=gid://shopify/ProductVariant/48242772476204
2026-08-24 21:28:20,Jadau Kundan Choker,Default Title,NK498,5460.0,Sale,8,9,1,https://www.kanshijewels.com/products/jadau-kundan-chokar-19?variant=gid://shopify/ProductVariant/48242774802732
2026-08-24 21:28:20,Jadau Kundan Choker,Default Title,NK497,3360.0,Sale,4,5,1,https://www.kanshijewels.com/products/jadau-kundan-chokar-20?variant=gid://shopify/ProductVariant/48242793283884
2026-08-24 21:28:20,Jadau Kundan Choker,Default Title,NK496,3990.0,Sale,7,8,1,https://www.kanshijewels.com/products/jadau-kundan-chokar-21?variant=gid://shopify/ProductVariant/48242796724524
2026-08-24 21:28:20,Jadau Kundan Choker,Default Title,NK495,3990.0,Sale,9,10,1,https://www.kanshijewels.com/products/jadau-kundan-chokar-22?variant=gid://shopify/ProductVariant/48242797609260
2026-08-24 21:28:20,Jadau Kundan Choker,Default Title,NK494,4830.0,Sale,8,9,1,https://www.kanshijewels.com/products/jadau-kundan-chokar-23?variant=gid://shopify/ProductVariant/48242799804716
2026-08-24 21:28:20,Jadau Kundan Choker,Default Title,NK493,4935.0,Sale,9,10,1,https://www.kanshijewels.com/products/jadau-kundan-chokar-24?variant=gid://shopify/ProductVariant/48242800197932
2026-08-24 21:28:20,Jadau Kundan Choker,Default Title,NK492,5460.0,Sale,9,10,1,https://www.kanshijewels.com/products/jadau-kundan-chokar-25?variant=gid://shopify/ProductVariant/48242815107372
2026-08-24 21:28:20,Jadau Kundan Earrings,Default Title,ER318,2625.0,Sale,1,2,1,https://www.kanshijewels.com/products/jadau-kundan-earrings-127?variant=gid://shopify/ProductVariant/48242838110508
2026-08-24 21:28:20,Jadau Kundan Choker,Default Title,NK491,2310.0,Sale,7,8,1,https://www.kanshijewels.com/products/jadau-kundan-chokar-26?variant=gid://shopify/ProductVariant/48242842632492
2026-08-24 21:28:20,Jadau Kundan Earrings,Default Title,ER316,4095.0,Sale,8,9,1,https://www.kanshijewels.com/products/jadau-kundan-earrings-129?variant=gid://shopify/ProductVariant/48242852659500
2026-08-24 21:28:20,Jadau Kundan Earrings,Default Title,ER315,3360.0,Sale,2,3,1,https://www.kanshijewels.com/products/jadau-kundan-earrings-130?variant=gid://shopify/ProductVariant/48242853511468
2026-08-24 21:28:20,Jadau Kundan Earrings,Default Title,ER314,3990.0,Sale,2,3,1,https://www.kanshijewels.com/products/jadau-kundan-earrings-131?variant=gid://shopify/ProductVariant/48242865242412
2026-08-24 21:28:20,Jadau Kundan Earrings,Default Title,ER313,3045.0,Sale,5,6,1,https://www.kanshijewels.com/products/jadau-kundan-earrings-132?variant=gid://shopify/ProductVariant/48242922094892
2026-08-24 21:28:20,Jadau Kundan Earrings,Default Title,ER312,3360.0,Sale,8,9,1,https://www.kanshijewels.com/products/jadau-kundan-earrings-133?variant=gid://shopify/ProductVariant/48242922619180
2026-08-24 21:28:20,Jadau Kundan Earrings,Default Title,ER311,3570.0,Sale,1,2,1,https://www.kanshijewels.com/products/jadau-kundan-earrings-134?variant=gid://shopify/ProductVariant/48242922848556
2026-08-24 21:28:20,Jadau Kundan Necklace,Default Title,NK490,12075.0,Sale,9,10,1,https://www.kanshijewels.com/products/jadau-kundan-necklace-146?variant=gid://shopify/ProductVariant/48242927796524
2026-08-24 21:28:20,Jadau Kundan Necklace Set,Default Title,NK488,9660.0,Sale,9,10,1,https://www.kanshijewels.com/products/jadau-kundan-necklace-148?variant=gid://shopify/ProductVariant/48242931040556
2026-08-24 21:28:20,Jadau Kundan Necklace,Default Title,NK487,9240.0,Sale,9,10,1,https://www.kanshijewels.com/products/jadau-kundan-necklace-149?variant=gid://shopify/ProductVariant/48242932056364
2026-08-24 21:28:20,Jadau Kundan Necklace,Default Title,NK486,8505.0,Sale,8,9,1,https://www.kanshijewels.com/products/jadau-kundan-necklace-150?variant=gid://shopify/ProductVariant/48242987237676
2026-08-24 21:28:20,Jadau Kundan Necklace,Default Title,NK485,16800.0,Sale,8,9,1,https://www.kanshijewels.com/products/jadau-kundan-necklace-151?variant=gid://shopify/ProductVariant/48242988024108
2026-08-24 21:28:20,Jadau Kundan Necklace,Default Title,NK484,4189.5,Sale,3,4,1,https://www.kanshijewels.com/products/jadau-kundan-necklace-152?variant=gid://shopify/ProductVariant/48242993987884
2026-08-24 21:28:20,Jadau Kundan Necklace,Default Title,NK483,4189.5,Sale,2,3,1,https://www.kanshijewels.com/products/jadau-kundan-necklace-153?variant=gid://shopify/ProductVariant/48242994217260
2026-08-24 21:28:20,Jadau Kundan Necklace,Default Title,NK482,5460.0,Sale,9,10,1,https://www.kanshijewels.com/products/jadau-kundan-necklace-154?variant=gid://shopify/ProductVariant/48243019350316
2026-08-24 21:28:20,Jadau Kundan Necklace,Default Title,NK481,4830.0,Sale,2,3,1,https://www.kanshijewels.com/products/jadau-kundan-necklace-155?variant=gid://shopify/ProductVariant/48243024167212
2026-08-24 21:28:20,Jadau Kundan Necklace,Default Title,NK480,5145.0,Sale,6,7,1,https://www.kanshijewels.com/products/jadau-kundan-necklace-156?variant=gid://shopify/ProductVariant/48243039863084
2026-08-24 21:28:20,Jadau Kundan Necklace,Default Title,NK478,9500.0,Sale,9,10,1,https://www.kanshijewels.com/products/jadau-kundan-necklace-158?variant=gid://shopify/ProductVariant/48243059163436
2026-08-24 21:28:20,Jadau Kundan Necklace,Default Title,NK476,8505.0,Sale,1,2,1,https://www.kanshijewels.com/products/jadau-kundan-necklace-160?variant=gid://shopify/ProductVariant/48243063095596
2026-08-24 21:28:20,Jadau Kundan Necklace,Default Title,NK475,7245.0,Sale,9,10,1,https://www.kanshijewels.com/products/jadau-kundan-necklace-161?variant=gid://shopify/ProductVariant/48243063456044
2026-08-24 21:28:20,Jadau Kundan Necklace,Default Title,NK474,6825.0,Sale,6,7,1,https://www.kanshijewels.com/products/jadau-kundan-necklace-162?variant=gid://shopify/ProductVariant/48243064111404
2026-08-24 21:28:20,Jadau Kundan Necklace,Default Title,NK473,5880.0,Sale,2,3,1,https://www.kanshijewels.com/products/jadau-kundan-necklace-163?variant=gid://shopify/ProductVariant/48243064373548
2026-08-24 21:28:20,Jadau Kundan Necklace,Default Title,NK472,10489.5,Sale,1,2,1,https://www.kanshijewels.com/products/jadau-kundan-necklace-164?variant=gid://shopify/ProductVariant/48243137708332
2026-08-24 21:28:20,Jadau Kundan Necklace,Default Title,NK470,7665.0,Sale,8,9,1,https://www.kanshijewels.com/products/jadau-kundan-necklace-166?variant=gid://shopify/ProductVariant/48243139838252
2026-08-24 21:28:20,Jadau Kundan Necklace Set,Default Title,NK469,9135.0,Sale,7,8,1,https://www.kanshijewels.com/products/jadau-kundan-necklace-167?variant=gid://shopify/ProductVariant/48243144163628
2026-08-24 21:28:20,Jadau Kundan Necklace,Default Title,NK466,20475.0,Sale,5,6,1,https://www.kanshijewels.com/products/jadau-kundan-necklace-170?variant=gid://shopify/ProductVariant/48243166052652
2026-08-24 21:28:20,Jadau Kundan Necklace Set,Default Title,NK465,13230.0,Sale,4,5,1,https://www.kanshijewels.com/products/jadau-kundan-necklace-171?variant=gid://shopify/ProductVariant/48243166282028
2026-08-24 21:28:20,Jadau Kundan Earrings,Default Title,ER310,892.5,Sale,4,5,1,https://www.kanshijewels.com/products/jadau-kundan-earrings-135?variant=gid://shopify/ProductVariant/48243327435052
2026-08-24 21:28:20,Jadau Kundan Earrings,Default Title,ER309,1312.5,Sale,5,6,1,https://www.kanshijewels.com/products/jadau-kundan-earrings-136?variant=gid://shopify/ProductVariant/48243328516396
2026-08-24 21:28:20,Jadau Kundan Earrings,Default Title,ER307,1575.0,Sale,3,4,1,https://www.kanshijewels.com/products/jadau-kundan-earrings-138?variant=gid://shopify/ProductVariant/48243333333292
2026-08-24 21:28:20,Jadau Kundan Earrings,Default Title,ER305,1575.0,Sale,9,10,1,https://www.kanshijewels.com/products/jadau-kundan-earrings-140?variant=gid://shopify/ProductVariant/48243340247340
2026-08-24 21:28:20,Jadau Kundan Earrings,Default Title,ER304,1995.0,Sale,1,2,1,https://www.kanshijewels.com/products/jadau-kundan-earrings-141?variant=gid://shopify/ProductVariant/48243341001004
2026-08-24 21:28:20,Jadau Kundan Earrings,Default Title,ER303,1470.0,Sale,6,7,1,https://www.kanshijewels.com/products/jadau-kundan-earrings-142?variant=gid://shopify/ProductVariant/48243342606636
2026-08-24 21:28:20,Jadau Kundan Earrings,Default Title,ER302,2992.5,Sale,7,8,1,https://www.kanshijewels.com/products/jadau-kundan-earrings-143?variant=gid://shopify/ProductVariant/48243343065388
2026-08-24 21:28:20,Jadau Kundan Earrings,Default Title,ER299,997.5,Sale,9,10,1,https://www.kanshijewels.com/products/jadau-kundan-earrings-146?variant=gid://shopify/ProductVariant/48243349029164
2026-08-24 21:28:20,Jadau Kundan Earrings,Default Title,ER298,3360.0,Sale,8,9,1,https://www.kanshijewels.com/products/jadau-kundan-earrings-147?variant=gid://shopify/ProductVariant/48243359580460
2026-08-24 21:28:20,Jadau Kundan Earrings,Default Title,ER297,2310.0,Sale,6,7,1,https://www.kanshijewels.com/products/jadau-kundan-earrings-148?variant=gid://shopify/ProductVariant/48243365937452
2026-08-24 21:28:20,Jadau Kundan Earrings,Default Title,ER296,3045.0,Sale,8,9,1,https://www.kanshijewels.com/products/jadau-kundan-earrings-149?variant=gid://shopify/ProductVariant/48243366265132
2026-08-24 21:28:20,Jadau Kundan Maang Tikka,Default Title,MT45,819.0,Sale,4,5,1,https://www.kanshijewels.com/products/jadau-kundan-maang-tika-14?variant=gid://shopify/ProductVariant/48243406176556
2026-08-24 21:28:20,Jadau Kundan Maang Tikka,Default Title,MT44,945.0,Sale,1,2,1,https://www.kanshijewels.com/products/jadau-kundan-maang-tika-15?variant=gid://shopify/ProductVariant/48243407814956
2026-08-24 21:28:20,Jadau Kundan Maang Tikka,Default Title,MT43,997.5,Sale,6,7,1,https://www.kanshijewels.com/products/jadau-kundan-maang-tika-16?variant=gid://shopify/ProductVariant/48243408961836
2026-08-24 21:28:20,Jadau Kundan Maang Tikka,Default Title,MT42,1155.0,Sale,9,10,1,https://www.kanshijewels.com/products/jadau-kundan-maang-tika-17?variant=gid://shopify/ProductVariant/48243411943724
2026-08-24 21:28:20,Jadau Kundan Maang Tikka,Default Title,MT41,1155.0,Sale,7,8,1,https://www.kanshijewels.com/products/jadau-kundan-maang-tika-18?variant=gid://shopify/ProductVariant/48243417219372
2026-08-24 21:28:20,Jadau Kundan Maang Tikka,Default Title,MT40,1155.0,Sale,8,9,1,https://www.kanshijewels.com/products/jadau-kundan-maang-tika-19?variant=gid://shopify/ProductVariant/48243440845100
2026-08-24 21:28:20,Jadau Kundan Maang Tikka,Default Title,MT39,1207.5,Sale,2,3,1,https://www.kanshijewels.com/products/jadau-kundan-maang-tika-20?variant=gid://shopify/ProductVariant/48249292456236
2026-08-24 21:28:20,Jadau Kundan Maang Tikka,Default Title,MT38,1207.5,Sale,3,4,1,https://www.kanshijewels.com/products/jadau-kundan-maang-tika-21?variant=gid://shopify/ProductVariant/48249296421164
2026-08-24 21:28:20,Jadau Kundan Maang Tikka,Default Title,MT37,1260.0,Sale,1,2,1,https://www.kanshijewels.com/products/jadau-kundan-maang-tika-22?variant=gid://shopify/ProductVariant/48249298551084
2026-08-24 21:28:20,Jadau Kundan Maang Tikka,Default Title,MT36,1260.0,Sale,1,2,1,https://www.kanshijewels.com/products/jadau-kundan-maang-tika-23?variant=gid://shopify/ProductVariant/48249299599660
2026-08-24 21:28:20,Jadau Kundan Maang Tikka,Default Title,MT35,1260.0,Sale,7,8,1,https://www.kanshijewels.com/products/jadau-kundan-maang-tika-24?variant=gid://shopify/ProductVariant/48249303499052
2026-08-24 21:28:20,Jadau Kundan Maang Tikka,Default Title,MT34,1260.0,Sale,3,4,1,https://www.kanshijewels.com/products/jadau-kundan-maang-tika-25?variant=gid://shopify/ProductVariant/48249343476012
2026-08-24 21:28:20,Jadau Kundan Maang Tikka,Default Title,MT33,1260.0,Sale,2,3,1,https://www.kanshijewels.com/products/jadau-kundan-maang-tika-26?variant=gid://shopify/ProductVariant/48249343672620
2026-08-24 21:28:20,Jadau Kundan Maang Tikka,Default Title,MT32,1312.5,Sale,5,6,1,https://www.kanshijewels.com/products/jadau-kundan-maang-tika-27?variant=gid://shopify/ProductVariant/48249343901996
2026-08-24 21:28:20,Jadau Kundan Maang Tikka,Default Title,MT31,1312.5,Sale,3,4,1,https://www.kanshijewels.com/products/jadau-kundan-maang-tika-28?variant=gid://shopify/ProductVariant/48249344524588
2026-08-24 21:28:20,Jadau Kundan Maang Tikka,Default Title,MT30,1312.5,Sale,3,4,1,https://www.kanshijewels.com/products/jadau-kundan-maang-tika-29?variant=gid://shopify/ProductVariant/48249344622892
2026-08-24 21:28:20,Jadau Kundan Maang Tikka,Default Title,MT29,1365.0,Sale,4,5,1,https://www.kanshijewels.com/products/jadau-kundan-maang-tika-30?variant=gid://shopify/ProductVariant/48249389220140
2026-08-24 21:28:20,Jadau Kundan Maang Tika,Default Title,MT28,1417.5,Sale,6,7,1,https://www.kanshijewels.com/products/jadau-kundan-maang-tika-31?variant=gid://shopify/ProductVariant/48249389646124
2026-08-24 21:28:20,Jadau Kundan Maang Tika,Default Title,MT27,1417.5,Sale,8,9,1,https://www.kanshijewels.com/products/jadau-kundan-maang-tika-32?variant=gid://shopify/ProductVariant/48249390956844
2026-08-24 21:28:20,Jadau Kundan Maang Tika,Default Title,MT26,1417.5,Sale,6,7,1,https://www.kanshijewels.com/products/jadau-kundan-maang-tika-33?variant=gid://shopify/ProductVariant/48249391481132
2026-08-24 21:28:20,Jadau Kundan Maang Tika,Default Title,MT25,1470.0,Sale,8,9,1,https://www.kanshijewels.com/products/jadau-kundan-maang-tika-34?variant=gid://shopify/ProductVariant/48249392660780
2026-08-24 21:28:20,Jadau Kundan Maang Tika,Default Title,MT24,1470.0,Sale,6,7,1,https://www.kanshijewels.com/products/jadau-kundan-maang-tika-35?variant=gid://shopify/ProductVariant/48249455509804
2026-08-24 21:28:20,Jadau Kundan Pendant,Default Title,NK464,1890.0,Sale,7,8,1,https://www.kanshijewels.com/products/jadau-kundan-maang-tika-38?variant=gid://shopify/ProductVariant/48249467470124
2026-08-24 21:28:20,Jadau Kundan Earrings and Maang Tikka,Default Title,MT21,1995.0,Sale,5,6,1,https://www.kanshijewels.com/products/jadau-kundan-earrings-and-maang-tika?variant=gid://shopify/ProductVariant/48249468158252
2026-08-24 21:28:20,Jadau Kundan Pendant,Default Title,NK462,3465.0,Sale,3,4,1,https://www.kanshijewels.com/products/jadau-kundan-maang-tika-44?variant=gid://shopify/ProductVariant/48249489490220
2026-08-24 21:28:20,Jadau Kundan Maang Tika,Default Title,MT19,1260.0,Sale,5,6,1,https://www.kanshijewels.com/products/jadau-kundan-maang-tika-82?variant=gid://shopify/ProductVariant/48249554731308
2026-08-24 21:28:20,Jadau Kundan Pendant,Default Title,NK461,3570.0,Sale,6,7,1,https://www.kanshijewels.com/products/jadau-kundan-pendant-36?variant=gid://shopify/ProductVariant/48667696988460
2026-08-24 21:28:20,Jadau Kundan Pendant,Default Title,NK460,3045.0,Sale,1,2,1,https://www.kanshijewels.com/products/jadau-kundan-pendant-37?variant=gid://shopify/ProductVariant/48667697283372
2026-08-24 21:28:20,Jadau Kundan Choker,Default Title,NK459,1995.0,Sale,2,3,1,https://www.kanshijewels.com/products/jadau-kundan-chokar-27?variant=gid://shopify/ProductVariant/48667718254892
2026-08-24 21:28:20,Jadau Kundan Choker,Default Title,NK458,1995.0,Sale,7,8,1,https://www.kanshijewels.com/products/jadau-kundan-chokar-28?variant=gid://shopify/ProductVariant/48667718484268
2026-08-24 21:28:20,Jadau Kundan Choker,Default Title,NK457,2940.0,Sale,8,9,1,https://www.kanshijewels.com/products/jadau-kundan-chokar-29?variant=gid://shopify/ProductVariant/48667720286508
2026-08-24 21:28:20,Jadau Kundan Choker,Default Title,NK456,3045.0,Sale,4,5,1,https://www.kanshijewels.com/products/jadau-kundan-chokar-30?variant=gid://shopify/ProductVariant/48667720712492
2026-08-24 21:28:20,Jadau Kundan Choker,Default Title,NK455,3885.0,Sale,1,2,1,https://www.kanshijewels.com/products/jadau-kundan-choker-necklace-set?variant=gid://shopify/ProductVariant/48667721236780
2026-08-24 21:28:20,Jadau Kundan Choker,Default Title,NK454,4305.0,Sale,9,10,1,https://www.kanshijewels.com/products/jadau-kundan-chokar-32?variant=gid://shopify/ProductVariant/48667722055980
2026-08-24 21:28:20,Jadau Kundan Choker,Default Title,NK453,4410.0,Sale,8,9,1,https://www.kanshijewels.com/products/jadau-kundan-chokar-33?variant=gid://shopify/ProductVariant/48667722613036
2026-08-24 21:28:20,Jadau Kundan Jhumka,Default Title,ER295,3139.5,Sale,8,9,1,https://www.kanshijewels.com/products/jadau-kundan-jhumka-2?variant=gid://shopify/ProductVariant/48667729920300
2026-08-24 21:28:20,Jadau Kundan Jhumka,Default Title,ER294,4515.0,Sale,5,6,1,https://www.kanshijewels.com/products/jadau-kundan-jhumka-3?variant=gid://shopify/ProductVariant/48667730346284
2026-08-24 21:28:20,Jadau Kundan Jhumka,Default Title,ER293,4725.0,Sale,5,6,1,https://www.kanshijewels.com/products/jadau-kundan-jhumka-4?variant=gid://shopify/ProductVariant/48667730673964
2026-08-24 21:28:20,Jadau Kundan Necklace,Default Title,NK449,6825.0,Sale,8,9,1,https://www.kanshijewels.com/products/jadau-kundan-necklace-174?variant=gid://shopify/ProductVariant/48667739455788
2026-08-24 21:28:20,Jadau Kundan Necklace,Default Title,NK448,9870.0,Sale,3,4,1,https://www.kanshijewels.com/products/jadau-kundan-necklace-175?variant=gid://shopify/ProductVariant/48667739685164
2026-08-24 21:28:20,Jadau Kundan Necklace,Default Title,NK447,9975.0,Sale,8,9,1,https://www.kanshijewels.com/products/jadau-kundan-necklace-176?variant=gid://shopify/ProductVariant/48667740078380
2026-08-24 21:28:20,Jadau Kundan Necklace,Default Title,NK446,10290.0,Sale,4,5,1,https://www.kanshijewels.com/products/jadau-kundan-necklace-177?variant=gid://shopify/ProductVariant/48667740471596
2026-08-24 21:28:20,Jadau Kundan Earrings,Default Title,ER291,2520.0,Sale,9,10,1,https://www.kanshijewels.com/products/jadau-kundan-earrings-151?variant=gid://shopify/ProductVariant/48667762393388
2026-08-24 21:28:20,Jadau Kundan Earrings,Default Title,ER290,2520.0,Sale,8,9,1,https://www.kanshijewels.com/products/jadau-kundan-earrings-152?variant=gid://shopify/ProductVariant/48667762688300
2026-08-24 21:28:20,Jadau Kundan Earrings,Default Title,ER288,2205.0,Sale,9,10,1,https://www.kanshijewels.com/products/jadau-kundan-earrings-154?variant=gid://shopify/ProductVariant/48667763245356
2026-08-24 21:28:20,Jadau Kundan Earrings,Default Title,ER287,2205.0,Sale,8,9,1,https://www.kanshijewels.com/products/jadau-kundan-earrings-155?variant=gid://shopify/ProductVariant/48667765965100
2026-08-24 21:28:20,Jadau Kundan Earrings,Default Title,ER286,1312.5,Sale,7,8,1,https://www.kanshijewels.com/products/jadau-kundan-earrings-156?variant=gid://shopify/ProductVariant/48667766554924
2026-08-24 21:28:20,Jadau Kundan Choker,Default Title,NK445,4725.0,Sale,7,8,1,https://www.kanshijewels.com/products/jadau-kundan-choker?variant=gid://shopify/ProductVariant/48974823063852
2026-08-24 21:28:20,Jadau Kundan Choker,Default Title,NK444,4462.5,Sale,7,8,1,https://www.kanshijewels.com/products/jadau-kundan-choker-1?variant=gid://shopify/ProductVariant/48974823358764
2026-08-24 21:28:20,Jadau Kundan Choker,Default Title,NK443,4095.0,Sale,9,10,1,https://www.kanshijewels.com/products/jadau-kundan-choker-2?variant=gid://shopify/ProductVariant/48974824014124
2026-08-24 21:28:20,Jadau Kundan Choker,Default Title,NK442,4725.0,Sale,1,2,1,https://www.kanshijewels.com/products/jadau-kundan-choker-3?variant=gid://shopify/ProductVariant/48974824505644
2026-08-24 21:28:20,Jadau Kundan Choker,Default Title,NK441,4830.0,Sale,2,3,1,https://www.kanshijewels.com/products/jadau-kundan-choker-4?variant=gid://shopify/ProductVariant/48974824997164
2026-08-24 21:28:20,Jadau Kundan Choker,Default Title,NK440,4189.5,Sale,7,8,1,https://www.kanshijewels.com/products/jadau-kundan-choker-5?variant=gid://shopify/ProductVariant/48974825357612
2026-08-24 21:28:20,Jadau Kundan Choker,Default Title,NK438,2415.0,Sale,3,4,1,https://www.kanshijewels.com/products/jadau-kundan-choker-7?variant=gid://shopify/ProductVariant/48974828208428
2026-08-24 21:28:20,Jadau Kundan Choker,Default Title,NK437,3097.5,Sale,9,10,1,https://www.kanshijewels.com/products/jadau-kundan-choker-8?variant=gid://shopify/ProductVariant/48974831190316
2026-08-24 21:28:20,Jadau Kundan Choker,Default Title,NK436,1575.0,Sale,3,4,1,https://www.kanshijewels.com/products/jadau-kundan-choker-9?variant=gid://shopify/ProductVariant/48974831485228
2026-08-24 21:28:20,Jadau Kundan Choker,Default Title,NK435,3360.0,Sale,6,7,1,https://www.kanshijewels.com/products/jadau-kundan-choker-10?variant=gid://shopify/ProductVariant/48974831681836
2026-08-24 21:28:20,Jadau Kundan Choker,Default Title,NK434,3675.0,Sale,6,7,1,https://www.kanshijewels.com/products/jadau-kundan-choker-11?variant=gid://shopify/ProductVariant/48974831911212
2026-08-24 21:28:20,Jadau Kundan Choker,Default Title,NK433,3675.0,Sale,1,2,1,https://www.kanshijewels.com/products/jadau-kundan-choker-12?variant=gid://shopify/ProductVariant/48974832173356
2026-08-24 21:28:20,Jadau Kundan Choker,Default Title,NK432,4410.0,Sale,7,8,1,https://www.kanshijewels.com/products/jadau-kundan-choker-13?variant=gid://shopify/ProductVariant/48974832304428
2026-08-24 21:28:20,Jadau Kundan Choker,Default Title,NK431,3990.0,Sale,8,9,1,https://www.kanshijewels.com/products/jadau-kundan-choker-14?variant=gid://shopify/ProductVariant/48974832468268
2026-08-24 21:28:20,Jadau Kundan Choker,Default Title,NK430,3465.0,Sale,9,10,1,https://www.kanshijewels.com/products/jadau-kundan-choker-15?variant=gid://shopify/ProductVariant/48974832697644
2026-08-24 21:28:20,Jadau Kundan Jhumka,Default Title,ER285,2730.0,Sale,6,7,1,https://www.kanshijewels.com/products/jadau-kundan-jhumka?variant=gid://shopify/ProductVariant/48974857797932
2026-08-24 21:28:20,Jadau Kundan Jhumka,Default Title,ER282,6825.0,Sale,8,9,1,https://www.kanshijewels.com/products/jadau-kundan-jhumka-8?variant=gid://shopify/ProductVariant/48974863991084
2026-08-24 21:28:20,Jadau Kundan Long Harams,Default Title,NK429,12495.0,Sale,6,7,1,https://www.kanshijewels.com/products/jadau-kundan-long-harams-25?variant=gid://shopify/ProductVariant/48974883324204
2026-08-24 21:28:20,Jadau Kundan Long Harams,Default Title,NK428,13125.0,Sale,8,9,1,https://www.kanshijewels.com/products/jadau-kundan-long-harams-26?variant=gid://shopify/ProductVariant/48974885880108
2026-08-24 21:28:20,Jadau Kundan Maang Tika,Default Title,MT18,945.0,Sale,2,3,1,https://www.kanshijewels.com/products/jadau-kundan-maang-tika-83?variant=gid://shopify/ProductVariant/48974904492332
2026-08-24 21:28:20,Jadau Kundan Pendant,Default Title,NK427,3045.0,Sale,4,5,1,https://www.kanshijewels.com/products/jadau-kundan-pendant-38?variant=gid://shopify/ProductVariant/48974904951084
2026-08-24 21:28:20,Jadau Kundan Pendant,Default Title,NK426,1417.5,Sale,4,5,1,https://www.kanshijewels.com/products/jadau-kundan-pendant-39?variant=gid://shopify/ProductVariant/48974905049388
2026-08-24 21:28:20,Jadau Kundan Pendant,Default Title,NK425,2415.0,Sale,8,9,1,https://www.kanshijewels.com/products/jadau-kundan-pendant-40?variant=gid://shopify/ProductVariant/48974905901356
2026-08-24 21:28:20,Jadau Kundan Pendant,Default Title,NK424,2415.0,Sale,7,8,1,https://www.kanshijewels.com/products/jadau-kundan-pendant-41?variant=gid://shopify/ProductVariant/48974906097964
2026-08-24 21:28:20,Jadau Kundan Stud Earrings,Default Title,ER281,1039.5,Sale,7,8,1,https://www.kanshijewels.com/products/jadau-kundan-stud-earrings-50?variant=gid://shopify/ProductVariant/48974915600684
2026-08-24 21:28:20,Jadau Kundan Stud Earrings,Default Title,ER280,1260.0,Sale,8,9,1,https://www.kanshijewels.com/products/jadau-kundan-stud-earrings-51?variant=gid://shopify/ProductVariant/48974917435692
2026-08-24 21:28:20,Jadau Kundan Stud Earrings,Default Title,ER279,1785.0,Sale,7,8,1,https://www.kanshijewels.com/products/jadau-kundan-stud-earrings-52?variant=gid://shopify/ProductVariant/48974917697836
2026-08-24 21:28:20,Jadau Kundan Stud Earrings,Default Title,ER278,2730.0,Sale,9,10,1,https://www.kanshijewels.com/products/jadau-kundan-stud-earrings-53?variant=gid://shopify/ProductVariant/48974917828908
2026-08-24 21:28:20,Jadau Kundan Jhumka,Default Title,ER275,2940.0,Sale,2,3,1,https://www.kanshijewels.com/products/jadau-kundan-jhumka-11?variant=gid://shopify/ProductVariant/49513694331180
2026-08-24 21:28:20,Jadau Kundan Jhumka,Default Title,ER273,4672.5,Sale,8,9,1,https://www.kanshijewels.com/products/jadau-kundan-jhumka-13?variant=gid://shopify/ProductVariant/49513695609132
2026-08-24 21:28:20,Jadau Kundan Necklace,Default Title,NK423,11539.5,Sale,8,9,1,https://www.kanshijewels.com/products/jadau-kundan-necklace-178?variant=gid://shopify/ProductVariant/49513717825836
2026-08-24 21:28:20,Jadau Kundan Necklace,Default Title,NK422,5775.0,Sale,8,9,1,https://www.kanshijewels.com/products/jadau-kundan-necklace-179?variant=gid://shopify/ProductVariant/49513719497004
2026-08-24 21:28:20,Jadau Kundan Necklace,Default Title,NK420,9975.0,Sale,3,4,1,https://www.kanshijewels.com/products/jadau-kundan-necklace-182?variant=gid://shopify/ProductVariant/49513722380588
2026-08-24 21:28:20,Jadau Kundan Necklace,Default Title,NK419,6195.0,Sale,9,10,1,https://www.kanshijewels.com/products/jadau-kundan-necklace-183?variant=gid://shopify/ProductVariant/49513723199788
2026-08-24 21:28:20,Jadau Kundan Necklace,Default Title,NK418,7980.0,Sale,6,7,1,https://www.kanshijewels.com/products/jadau-kundan-necklace-186?variant=gid://shopify/ProductVariant/49513724707116
2026-08-24 21:28:20,Jadau Kundan Choker,Default Title,NK416,2520.0,Sale,4,5,1,https://www.kanshijewels.com/products/jadau-kundan-choker-17?variant=gid://shopify/ProductVariant/49513746759980
2026-08-24 21:28:20,Jadau Kundan Choker,Default Title,NK415,2940.0,Sale,1,2,1,https://www.kanshijewels.com/products/jadau-kundan-choker-18?variant=gid://shopify/ProductVariant/49513748103468
2026-08-24 21:28:20,Jadau Kundan necklace,Default Title,NK414,5775.0,Sale,6,7,1,https://www.kanshijewels.com/products/jadau-kundan-choker-19?variant=gid://shopify/ProductVariant/49513750036780
2026-08-24 21:28:20,Jadau Kundan Choker Set,Default Title,NK413,4800.0,Sale,2,3,1,https://www.kanshijewels.com/products/jadau-kundan-choker-set?variant=gid://shopify/ProductVariant/49513753182508
2026-08-24 21:28:20,Jadau Kundan Choker,Default Title,NK412,5460.0,Sale,9,10,1,https://www.kanshijewels.com/products/jadau-kundan-choker-20?variant=gid://shopify/ProductVariant/49513753805100
2026-08-24 21:28:20,Jadau Kundan Stud Earrings,Default Title,ER271,1039.5,Sale,4,5,1,https://www.kanshijewels.com/products/jadau-kundan-stud-earrings-54?variant=gid://shopify/ProductVariant/49513761407276
2026-08-24 21:28:20,Jadau Kundan Stud Earrings,Default Title,ER270,1890.0,Sale,4,5,1,https://www.kanshijewels.com/products/jadau-kundan-stud-earrings-55?variant=gid://shopify/ProductVariant/49513761898796
2026-08-24 21:28:20,Jadau Kundan Stud Earrings,Default Title,ER269,1785.0,Sale,1,2,1,https://www.kanshijewels.com/products/jadau-kundan-stud-earrings-56?variant=gid://shopify/ProductVariant/49513762423084
2026-08-24 21:28:20,Coral Jadau Mangalsutra,Default Title,NK411,945.0,Sale,1,2,1,https://www.kanshijewels.com/products/coral-jadau-mangalsutra?variant=gid://shopify/ProductVariant/49945920307500
2026-08-24 21:28:20,Ganesha nakashi necklace,Default Title,NK410,5460.0,Sale,9,10,1,https://www.kanshijewels.com/products/ganesha-nakashi-necklace?variant=gid://shopify/ProductVariant/49945961333036
2026-08-24 21:28:20,jadau kundan Choker,Default Title,NK409,2625.0,Sale,5,6,1,https://www.kanshijewels.com/products/jadau-kundan-chokar-35?variant=gid://shopify/ProductVariant/49945962905900
2026-08-24 21:28:20,Jadau kundan Choker,Default Title,NK408,2415.0,Sale,9,10,1,https://www.kanshijewels.com/products/jadau-kundan-chokar-36?variant=gid://shopify/ProductVariant/49945972965676
2026-08-24 21:28:20,Jadau kundan coral Choker,Default Title,NK407,3885.0,Sale,4,5,1,https://www.kanshijewels.com/products/jadau-kundan-coral-chokar?variant=gid://shopify/ProductVariant/49945978274092
2026-08-24 21:28:20,Jadau kundan crystal necklace,Default Title,NK406,4987.5,Sale,9,10,1,https://www.kanshijewels.com/products/jadau-kundan-crystal-necklace?variant=gid://shopify/ProductVariant/49945980207404
2026-08-24 21:28:20,Jadau kundan necklace,Default Title,NK405,3780.0,Sale,2,3,1,https://www.kanshijewels.com/products/jadau-kundan-necklace-180?variant=gid://shopify/ProductVariant/49945982894380
2026-08-24 21:28:20,jadau kundan necklace,Default Title,NK404,3990.0,Sale,9,10,1,https://www.kanshijewels.com/products/jadau-kundan-necklace-184?variant=gid://shopify/ProductVariant/49945995280684
2026-08-24 21:28:20,Jadau kundan necklace,Default Title,NK403,5040.0,Sale,4,5,1,https://www.kanshijewels.com/products/jadau-kundan-necklace-185?variant=gid://shopify/ProductVariant/49945997476140
2026-08-24 21:28:20,Jadau kundan pearl necklace,Default Title,NK402,3412.5,Sale,9,10,1,https://www.kanshijewels.com/products/jadau-kundan-pearl-necklace?variant=gid://shopify/ProductVariant/49946000228652
2026-08-24 21:28:20,Jadau Nakashi necklace,Default Title,NK401,3990.0,Sale,8,9,1,https://www.kanshijewels.com/products/jadau-nakashi-necklace?variant=gid://shopify/ProductVariant/49946003276076
2026-08-24 21:28:20,Jadau Pearl mala,Default Title,NK400,1575.0,Sale,1,2,1,https://www.kanshijewels.com/products/jadau-pearl-mala?variant=gid://shopify/ProductVariant/49946005438764
2026-08-24 21:28:20,Jadau poth mala,Default Title,NK399,1785.0,Sale,8,9,1,https://www.kanshijewels.com/products/jadau-poth-mala?variant=gid://shopify/ProductVariant/49946012090668
2026-08-24 21:28:20,Exclusive Jalebi Necklace Set,Default Title,NK398,5145.0,Sale,4,5,1,https://www.kanshijewels.com/products/exclusive-jalebi-necklace-set?variant=gid://shopify/ProductVariant/49987304980780
2026-08-24 21:28:20,Jadau Kundan Necklace,Default Title,NK397,3727.5,Sale,9,10,1,https://www.kanshijewels.com/products/jadau-kundan-necklace-187?variant=gid://shopify/ProductVariant/49987323724076
2026-08-24 21:28:20,Pumpkin Choker,Default Title,NK396,5775.0,Sale,6,7,1,https://www.kanshijewels.com/products/pumpkin-chokar?variant=gid://shopify/ProductVariant/49987330965804
2026-08-24 21:28:20,Jadau Kundan Jhumkas,Default Title,ER268,4935.0,Sale,8,9,1,https://www.kanshijewels.com/products/jadau-kundan-jhumkas?variant=gid://shopify/ProductVariant/49987352822060
2026-08-24 21:28:20,Jadau Kundan Jhumkas,Default Title,ER267,5040.0,Sale,4,5,1,https://www.kanshijewels.com/products/jadau-kundan-jhumkas-1?variant=gid://shopify/ProductVariant/49987355967788
2026-08-24 21:28:20,Jadau Kundan Jhumkas,Default Title,ER266,3045.0,Sale,4,5,1,https://www.kanshijewels.com/products/jadau-kundan-jhumkas-2?variant=gid://shopify/ProductVariant/49987356983596
2026-08-24 21:28:20,Jadau Kundan Jhumkas,Default Title,ER265,3780.0,Sale,6,7,1,https://www.kanshijewels.com/products/jadau-kundan-jhumkas-3?variant=gid://shopify/ProductVariant/49987362816300
2026-08-24 21:28:20,Jadau Kundan Jhumkas,Default Title,ER264,4725.0,Sale,9,10,1,https://www.kanshijewels.com/products/jadau-kundan-jhumkas-4?variant=gid://shopify/ProductVariant/49987364847916
2026-08-24 21:28:20,Jadau Kundan Jhumkas,Default Title,ER263,4777.5,Sale,6,7,1,https://www.kanshijewels.com/products/jadau-kundan-jhumkas-5?variant=gid://shopify/ProductVariant/49987367272748
2026-08-24 21:28:20,Jadau Kundan Rani Necklace,Default Title,NK395,15225.0,Sale,5,6,1,https://www.kanshijewels.com/products/jadau-kundan-long-harams-27?variant=gid://shopify/ProductVariant/49987390734636
2026-08-24 21:28:20,Jadau Mango Necklace,Default Title,NK394,7140.0,Sale,3,4,1,https://www.kanshijewels.com/products/jadau-kundan-long-harams-28?variant=gid://shopify/ProductVariant/49987393716524
2026-08-24 21:28:20,Jadau Carving Rani Necklace,Default Title,NK393,8925.0,Sale,8,9,1,https://www.kanshijewels.com/products/jadau-mango-necklace?variant=gid://shopify/ProductVariant/49987398304044
2026-08-24 21:28:20,Jadau Kundan Mango Necklace,Default Title,NK392,18900.0,Sale,7,8,1,https://www.kanshijewels.com/products/jadau-carving-rani-necklace?variant=gid://shopify/ProductVariant/49987402268972
2026-08-24 21:28:20,Jadau Kundan Necklace,Default Title,NK391,7245.0,Sale,4,5,1,https://www.kanshijewels.com/products/jadau-kundan-necklace-188?variant=gid://shopify/ProductVariant/49987405840684
2026-08-24 21:28:20,Jadau Rice Pearls Studs,Default Title,ER262,2089.5,Sale,1,2,1,https://www.kanshijewels.com/products/jadau-kundan-stud-earrings-57?variant=gid://shopify/ProductVariant/49987424878892
2026-08-24 21:28:20,Jadau Kundan Earrings,Default Title,ER260,1365.0,Sale,6,7,1,https://www.kanshijewels.com/products/jadau-round-bali-copy?variant=gid://shopify/ProductVariant/49987435495724
2026-08-24 21:28:20,Jadau Earrings,Default Title,ER259,1365.0,Sale,8,9,1,https://www.kanshijewels.com/products/jadau-kundan-earrings-157?variant=gid://shopify/ProductVariant/49987444900140
2026-08-24 21:28:20,Jadau Kundan Jhumkas,Default Title,ER258,3045.0,Sale,8,9,1,https://www.kanshijewels.com/products/jadau-earrings-copy?variant=gid://shopify/ProductVariant/49987446341932
2026-08-24 21:28:20,Jadau Pendant,Default Title,NK390,1522.5,Sale,7,8,1,https://www.kanshijewels.com/products/jadau-pendant?variant=gid://shopify/ProductVariant/49987452338476
2026-08-24 21:28:20,Jadau Kundan Chain,Default Title,AC111,1890.0,Sale,1,2,1,https://www.kanshijewels.com/products/jadau-kundan-chain?variant=gid://shopify/ProductVariant/50042223067436
2026-08-24 21:28:20,Jadau Hair pin,Default Title,AC110,997.5,Sale,2,3,1,https://www.kanshijewels.com/products/jadau-hair-pin?variant=gid://shopify/ProductVariant/50042261504300
2026-08-24 21:28:20,Jadau Kundan Necklace,Default Title,NK388,4095.0,Sale,4,5,1,https://www.kanshijewels.com/products/jadau-kundan-necklace-189?variant=gid://shopify/ProductVariant/50047804801324
2026-08-24 21:28:20,Jadau Kundan Choker,Default Title,NK387,5239.5,Sale,6,7,1,https://www.kanshijewels.com/products/jadau-kundan-chokar-37?variant=gid://shopify/ProductVariant/50047807291692
2026-08-24 21:28:20,Jadau Kundan Choker,Default Title,NK386,4777.5,Sale,1,2,1,https://www.kanshijewels.com/products/jadau-kundan-chokar-38?variant=gid://shopify/ProductVariant/50047813714220
2026-08-24 21:28:20,Jadau Kundan Choker,Default Title,NK385,4672.5,Sale,9,10,1,https://www.kanshijewels.com/products/jadau-kundan-chokar-39?variant=gid://shopify/ProductVariant/50047817810220
2026-08-24 21:28:20,Jadau Kundan Choker,Default Title,NK384,4672.5,Sale,9,10,1,https://www.kanshijewels.com/products/jadau-kundan-chokar-40?variant=gid://shopify/ProductVariant/50047821349164
2026-08-24 21:28:20,Jadau Kundan Choker,Default Title,NK383,4725.0,Sale,1,2,1,https://www.kanshijewels.com/products/jadau-kundan-chokar-41?variant=gid://shopify/ProductVariant/50047826657580
2026-08-24 21:28:20,Jadau Kundan Choker,Default Title,NK382,4095.0,Sale,4,5,1,https://www.kanshijewels.com/products/jadau-kundan-chokar-42?variant=gid://shopify/ProductVariant/50047830294828
2026-08-24 21:28:20,Jadau Kundan Choker,Default Title,NK381,3885.0,Sale,5,6,1,https://www.kanshijewels.com/products/jadau-kundan-chokar-43?variant=gid://shopify/ProductVariant/50047834980652
2026-08-24 21:28:20,Jadau Kundan Choker,Default Title,NK380,3780.0,Sale,4,5,1,https://www.kanshijewels.com/products/jadau-kundan-chokar-44?variant=gid://shopify/ProductVariant/50047837569324
2026-08-24 21:28:20,Jadau Kundan Choker,Default Title,NK379,3139.5,Sale,4,5,1,https://www.kanshijewels.com/products/jadau-kundan-chokar-45?variant=gid://shopify/ProductVariant/50047841468716
2026-08-24 21:28:20,Jadau Kundan Choker,Default Title,NK378,2677.5,Sale,5,6,1,https://www.kanshijewels.com/products/jadau-kundan-chokar-46?variant=gid://shopify/ProductVariant/50047844516140
2026-08-24 21:28:20,Hasli necklace,Default Title,NK377,2835.0,Sale,8,9,1,https://www.kanshijewels.com/products/hasli-necklace?variant=gid://shopify/ProductVariant/50047854018860
2026-08-24 21:28:20,Jadau Nakashi earrings,Default Title,ER253,3570.0,Sale,5,6,1,https://www.kanshijewels.com/products/jadau-nakashi-earrings?variant=gid://shopify/ProductVariant/50047932825900
2026-08-24 21:28:20,Jadau Kundan Jhumkas,Default Title,ER252,4935.0,Sale,8,9,1,https://www.kanshijewels.com/products/jadau-kundan-jhumkas-6?variant=gid://shopify/ProductVariant/50047937675564
2026-08-24 21:28:20,Jadau Kundan Jhumkas,Default Title,ER251,4935.0,Sale,9,10,1,https://www.kanshijewels.com/products/jadau-kundan-jhumkas-7?variant=gid://shopify/ProductVariant/50047978242348
2026-08-24 21:28:20,Jadau Kundan Jhumkas,Default Title,ER250,4830.0,Sale,4,5,1,https://www.kanshijewels.com/products/jadau-kundan-jhumkas-8?variant=gid://shopify/ProductVariant/50047996363052
2026-08-24 21:28:20,Jadau Kundan Jhumkas,Default Title,ER249,4725.0,Sale,1,2,1,https://www.kanshijewels.com/products/jadau-kundan-jhumkas-9?variant=gid://shopify/ProductVariant/50048000164140
2026-08-24 21:28:20,Jadau Kundan Jhumkas,Default Title,ER248,4725.0,Sale,6,7,1,https://www.kanshijewels.com/products/jadau-kundan-jhumkas-10?variant=gid://shopify/ProductVariant/50048002916652
2026-08-24 21:28:20,Jadau Kundan Jhumkas,Default Title,ER247,4725.0,Sale,8,9,1,https://www.kanshijewels.com/products/jadau-kundan-jhumkas-11?variant=gid://shopify/ProductVariant/50048007602476
2026-08-24 21:28:20,Jadau Kundan Jhumkas,Default Title,ER246,4672.5,Sale,9,10,1,https://www.kanshijewels.com/products/jadau-kundan-jhumkas-12?variant=gid://shopify/ProductVariant/50048009535788
2026-08-24 21:28:20,Jadau Kundan Jhumkas,Default Title,ER245,4672.5,Sale,9,10,1,https://www.kanshijewels.com/products/jadau-kundan-jhumkas-13?variant=gid://shopify/ProductVariant/50048012288300
2026-08-24 21:28:20,Jadau Kundan Jhumkas,Default Title,ER244,4515.0,Sale,9,10,1,https://www.kanshijewels.com/products/jadau-kundan-jhumkas-14?variant=gid://shopify/ProductVariant/50048013828396
2026-08-24 21:28:20,Jadau Kundan Jhumkas,Default Title,ER242,4095.0,Sale,8,9,1,https://www.kanshijewels.com/products/jadau-kundan-jhumkas-16?variant=gid://shopify/ProductVariant/50048017236268
2026-08-24 21:28:20,Jadau Kundan earcuff Jhumkas,Default Title,ER241,4410.0,Sale,9,10,1,https://www.kanshijewels.com/products/jadau-kundan-jhumkas-17?variant=gid://shopify/ProductVariant/50048027754796
2026-08-24 21:28:20,Jadau Kundan earcuff Jhumkas,Default Title,ER240,4620.0,Sale,6,7,1,https://www.kanshijewels.com/products/jadau-kundan-earcuff-jhumkas?variant=gid://shopify/ProductVariant/50048029524268
2026-08-24 21:28:20,Jadau Kundan chandbali,Default Title,ER239,4095.0,Sale,6,7,1,https://www.kanshijewels.com/products/jadau-kundan-chandbali?variant=gid://shopify/ProductVariant/50048032047404
2026-08-24 21:28:20,Jadau Kundan chandbali,Default Title,ER238,3150.0,Sale,8,9,1,https://www.kanshijewels.com/products/jadau-kundan-chandbali-1?variant=gid://shopify/ProductVariant/50048035520812
2026-08-24 21:28:20,Jadau Kundan Necklace,Default Title,NK375,13545.0,Sale,8,9,1,https://www.kanshijewels.com/products/jadau-kundan-necklace-190?variant=gid://shopify/ProductVariant/50048066748716
2026-08-24 21:28:20,Jadau Kundan Necklace,Default Title,NK373,10290.0,Sale,8,9,1,https://www.kanshijewels.com/products/jadau-kundan-necklace-192?variant=gid://shopify/ProductVariant/50048074744108
2026-08-24 21:28:20,Jadau Kundan Necklace,Default Title,NK372,7350.0,Sale,8,9,1,https://www.kanshijewels.com/products/jadau-kundan-necklace-193?variant=gid://shopify/ProductVariant/50048078414124
2026-08-24 21:28:20,Jadau Kundan Necklace,Default Title,NK371,7234.5,Sale,8,9,1,https://www.kanshijewels.com/products/jadau-kundan-necklace-194?variant=gid://shopify/ProductVariant/50048081068332
2026-08-24 21:28:20,Jadau Kundan Necklace,Default Title,NK370,7140.0,Sale,5,6,1,https://www.kanshijewels.com/products/jadau-kundan-necklace-195?variant=gid://shopify/ProductVariant/50048084738348
2026-08-24 21:28:20,Jadau Kundan Necklace,Default Title,NK369,6930.0,Sale,7,8,1,https://www.kanshijewels.com/products/jadau-kundan-necklace-196?variant=gid://shopify/ProductVariant/50048101122348
2026-08-24 21:28:20,Jadau Kundan Necklace,Default Title,NK368,6195.0,Sale,8,9,1,https://www.kanshijewels.com/products/jadau-kundan-necklace-197?variant=gid://shopify/ProductVariant/50048112623916
2026-08-24 21:28:20,Jadau Kundan Necklace,Default Title,NK367,5145.0,Sale,9,10,1,https://www.kanshijewels.com/products/jadau-kundan-necklace-198?variant=gid://shopify/ProductVariant/50048114360620
2026-08-24 21:28:20,Jadau Kundan Necklace,Default Title,NK365,3465.0,Sale,3,4,1,https://www.kanshijewels.com/products/jadau-kundan-necklace-200?variant=gid://shopify/ProductVariant/50048124092716
2026-08-24 21:28:20,Jadau Kundan Necklace,Default Title,NK364,3465.0,Sale,1,2,1,https://www.kanshijewels.com/products/jadau-kundan-necklace-201?variant=gid://shopify/ProductVariant/50048127074604
2026-08-24 21:28:20,Jadau Kundan Studs,Default Title,ER236,2310.0,Sale,9,10,1,https://www.kanshijewels.com/products/jadau-kundan-studs?variant=gid://shopify/ProductVariant/50048172327212
2026-08-24 21:28:20,Jadau Kundan Studs,Default Title,ER235,2205.0,Sale,9,10,1,https://www.kanshijewels.com/products/jadau-kundan-studs-1?variant=gid://shopify/ProductVariant/50048187793708
2026-08-24 21:28:20,Jadau Kundan Studs,Default Title,ER234,2100.0,Sale,8,9,1,https://www.kanshijewels.com/products/jadau-kundan-studs-2?variant=gid://shopify/ProductVariant/50048190316844
2026-08-24 21:28:20,Jadau Kundan Studs,Default Title,ER233,1995.0,Sale,8,9,1,https://www.kanshijewels.com/products/jadau-kundan-studs-3?variant=gid://shopify/ProductVariant/50048194511148
2026-08-24 21:28:20,Jadau Kundan Studs,Default Title,ER232,1680.0,Sale,5,6,1,https://www.kanshijewels.com/products/jadau-kundan-studs-4?variant=gid://shopify/ProductVariant/50048197787948
2026-08-24 21:28:20,Jadau Kundan Studs,Default Title,ER231,1470.0,Sale,9,10,1,https://www.kanshijewels.com/products/jadau-kundan-studs-5?variant=gid://shopify/ProductVariant/50048200016172
2026-08-24 21:28:20,Jadau Kundan Studs,Default Title,ER230,1365.0,Sale,6,7,1,https://www.kanshijewels.com/products/jadau-kundan-studs-6?variant=gid://shopify/ProductVariant/50048211190060
2026-08-24 21:28:20,Jadau Kundan Studs,Default Title,ER229,1365.0,Sale,8,9,1,https://www.kanshijewels.com/products/jadau-kundan-studs-7?variant=gid://shopify/ProductVariant/50048215515436
2026-08-24 21:28:20,Jadau Kundan Jhumkas,Default Title,ER228,3045.0,Sale,9,10,1,https://www.kanshijewels.com/products/jadau-kundan-jhumkas-18?variant=gid://shopify/ProductVariant/50048219808044
2026-08-24 21:28:20,Jadau Kundan Earrings,Default Title,ER224,1470.0,Sale,9,10,1,https://www.kanshijewels.com/products/jadau-kundan-earrings-159?variant=gid://shopify/ProductVariant/50048235864364
2026-08-24 21:28:20,Jadau Kundan Chandbali,Default Title,ER221,1365.0,Sale,8,9,1,https://www.kanshijewels.com/products/jadau-kundan-chandbali-4?variant=gid://shopify/ProductVariant/50048265879852
2026-08-24 21:28:20,Jadau Kundan Pendant,Default Title,NK362,2310.0,Sale,6,7,1,https://www.kanshijewels.com/products/jadau-kundan-pendant-42?variant=gid://shopify/ProductVariant/50048278266156
2026-08-24 21:28:20,Jadau Kundan Pendant,Default Title,NK361,1470.0,Sale,4,5,1,https://www.kanshijewels.com/products/jadau-kundan-pendant-43?variant=gid://shopify/ProductVariant/50048285835564
2026-08-24 21:28:20,Jadau Kundan Jhumkas,Default Title,ER220,4725.0,Sale,3,4,1,https://www.kanshijewels.com/products/jadau-kundan-jhumkas-21?variant=gid://shopify/ProductVariant/50321516855596
2026-08-24 21:28:20,Jadau Kundan Jhumkas,Default Title,ER219,4672.5,Sale,9,10,1,https://www.kanshijewels.com/products/jadau-kundan-jhumkas-22?variant=gid://shopify/ProductVariant/50321517609260
2026-08-24 21:28:20,Jadau Kundan Jhumkas,Default Title,ER216,3139.5,Sale,7,8,1,https://www.kanshijewels.com/products/jadau-kundan-jhumkas-25?variant=gid://shopify/ProductVariant/50321521705260
2026-08-24 21:28:20,Jalebi Chain Necklace,Default Title,NK360,3780.0,Sale,4,5,1,https://www.kanshijewels.com/products/jalebi-chain-necklace?variant=gid://shopify/ProductVariant/50321526161708
2026-08-24 21:28:20,Jadau Pearl Necklace,Default Title,NK359,3675.0,Sale,6,7,1,https://www.kanshijewels.com/products/jalebi-pearl-necklace?variant=gid://shopify/ProductVariant/50321527505196
2026-08-24 21:28:20,Jadau Kundan Necklace,Default Title,NK358,9240.0,Sale,4,5,1,https://www.kanshijewels.com/products/jadau-kundan-necklace-202?variant=gid://shopify/ProductVariant/50321530126636
2026-08-24 21:28:20,Jadau Kundan Nakashi Necklace,Default Title,NK357,7339.5,Sale,8,9,1,https://www.kanshijewels.com/products/jadau-kundan-nakashi-necklace?variant=gid://shopify/ProductVariant/50321532748076
2026-08-24 21:28:20,Jadau Kundan Nakashi Necklace,Default Title,NK356,6510.0,Sale,8,9,1,https://www.kanshijewels.com/products/jadau-kundan-nakashi-necklace-1?variant=gid://shopify/ProductVariant/50321533829420
2026-08-24 21:28:20,Jadau coral mango necklace set & earrings set,Default Title,ER214,5985.0,Sale,7,8,1,https://www.kanshijewels.com/products/jadau-coral-mango-necklace-set-earrings-set?variant=gid://shopify/ProductVariant/50321535598892
2026-08-24 21:28:20,Sleek Mangalsutra,Default Title,AC109,787.5,Sale,3,4,1,https://www.kanshijewels.com/products/mangalsutra-13?variant=gid://shopify/ProductVariant/50321538973996
2026-08-24 21:28:20,Sleek Choker design,Default Title,NK355,1785.0,Sale,5,6,1,https://www.kanshijewels.com/products/sleek-choker-design?variant=gid://shopify/ProductVariant/50321567514924
2026-08-24 21:28:20,Ruby pearl necklace,Default Title,NK354,3139.5,Sale,1,2,1,https://www.kanshijewels.com/products/ruby-pearl-necklace?variant=gid://shopify/ProductVariant/50321568989484
2026-08-24 21:28:20,Rani choker,Default Title,NK353,3570.0,Sale,9,10,1,https://www.kanshijewels.com/products/rani-choker?variant=gid://shopify/ProductVariant/50321570201900
2026-08-24 21:28:20,Peacock choker,Default Title,NK351,3622.5,Sale,8,9,1,https://www.kanshijewels.com/products/peacock-choker?variant=gid://shopify/ProductVariant/50321574527276
2026-08-24 21:28:20,Peacock choker,Default Title,NK350,2625.0,Sale,7,8,1,https://www.kanshijewels.com/products/peacock-choker-1?variant=gid://shopify/ProductVariant/50321575346476
2026-08-24 21:28:20,Nakashi mini choker,Default Title,NK349,1890.0,Sale,2,3,1,https://www.kanshijewels.com/products/nakashi-mini-choker?variant=gid://shopify/ProductVariant/50321577771308
2026-08-24 21:28:20,Lotus jalebi necklace,Default Title,NK348,4777.5,Sale,9,10,1,https://www.kanshijewels.com/products/lotus-jalebi-necklace?variant=gid://shopify/ProductVariant/50321578787116
2026-08-24 21:28:20,Jadau pearl choker,Default Title,NK347,2310.0,Sale,8,9,1,https://www.kanshijewels.com/products/jadau-pearl-choker?variant=gid://shopify/ProductVariant/50321580753196
2026-08-24 21:28:20,Jadau pearl choker,Default Title,NK346,1890.0,Sale,4,5,1,https://www.kanshijewels.com/products/jadau-pearl-choker-1?variant=gid://shopify/ProductVariant/50321583800620
2026-08-24 21:28:20,Jadau pearl choker,Default Title,NK345,1890.0,Sale,5,6,1,https://www.kanshijewels.com/products/jadau-pearl-choker-2?variant=gid://shopify/ProductVariant/50321585078572
2026-08-24 21:28:20,Jadau necklace,Default Title,NK344,4725.0,Sale,9,10,1,https://www.kanshijewels.com/products/jadau-necklace?variant=gid://shopify/ProductVariant/50321586192684
2026-08-24 21:28:20,Jadau nakashi choker,Default Title,NK342,2415.0,Sale,8,9,1,https://www.kanshijewels.com/products/jadau-nakashi-choker?variant=gid://shopify/ProductVariant/50321587732780
2026-08-24 21:28:20,Jadau kundan necklace,Default Title,NK341,3780.0,Sale,9,10,1,https://www.kanshijewels.com/products/jadau-kundan-nacklace?variant=gid://shopify/ProductVariant/50321588945196
2026-08-24 21:28:20,Jadau choker,Default Title,NK340,4725.0,Sale,7,8,1,https://www.kanshijewels.com/products/jadau-choker?variant=gid://shopify/ProductVariant/50321589731628
2026-08-24 21:28:20,Jadau choker,Default Title,NK339,2835.0,Sale,4,5,1,https://www.kanshijewels.com/products/jadau-choker-1?variant=gid://shopify/ProductVariant/50321590157612
2026-08-24 21:28:20,Fish necklace,Default Title,NK338,2730.0,Sale,8,9,1,https://www.kanshijewels.com/products/fish-necklace?variant=gid://shopify/ProductVariant/50321591304492
2026-08-24 21:28:20,Choker,Default Title,NK336,1995.0,Sale,7,8,1,https://www.kanshijewels.com/products/choker?variant=gid://shopify/ProductVariant/50321593368876
2026-08-24 21:28:20,Amethyst choker,Default Title,NK334,3045.0,Sale,3,4,1,https://www.kanshijewels.com/products/amethyst-choker?variant=gid://shopify/ProductVariant/50321624826156
2026-08-24 21:28:20,Nakashi Jadau Hair pin,Default Title,AC108,1365.0,Sale,9,10,1,https://www.kanshijewels.com/products/nakashi-jadau-hair-pin?variant=gid://shopify/ProductVariant/50321638424876
2026-08-24 21:28:20,Jadau Nakashi Hair pin,Default Title,AC107,997.5,Sale,2,3,1,https://www.kanshijewels.com/products/jadau-nakashi-hair-pin?variant=gid://shopify/ProductVariant/50321639440684
2026-08-24 21:28:20,Jadau kundan ring,Default Title,RG05,1365.0,Sale,5,6,1,https://www.kanshijewels.com/products/jadau-kundan-ring?variant=gid://shopify/ProductVariant/50321641373996
2026-08-24 21:28:20,Jadau kundan ring,Default Title,RG04,1365.0,Sale,5,6,1,https://www.kanshijewels.com/products/jadau-kundan-ring-1?variant=gid://shopify/ProductVariant/50321642684716
2026-08-24 21:28:20,Jadau kundan hair pin,Default Title,AC106,1470.0,Sale,7,8,1,https://www.kanshijewels.com/products/jadau-kundan-hair-pin?variant=gid://shopify/ProductVariant/50321645142316
2026-08-24 21:28:20,Jadau kundan hair pin,Default Title,AC105,1260.0,Sale,2,3,1,https://www.kanshijewels.com/products/jadau-kundan-hair-pin-1?variant=gid://shopify/ProductVariant/50321645961516
2026-08-24 21:28:20,Jadau hair pin,Default Title,AC104,1522.5,Sale,5,6,1,https://www.kanshijewels.com/products/jadau-hair-pin-1?variant=gid://shopify/ProductVariant/50321646453036
2026-08-24 21:28:20,Jadau hair pin,Default Title,AC103,1365.0,Sale,4,5,1,https://www.kanshijewels.com/products/jadau-hair-pin-2?variant=gid://shopify/ProductVariant/50321647370540
2026-08-24 21:28:20,Peacock Chandbali,Default Title,ER211,1575.0,Sale,9,10,1,https://www.kanshijewels.com/products/peacock-chandbali?variant=gid://shopify/ProductVariant/50321657332012
2026-08-24 21:28:20,Nakashi earrings,Default Title,ER210,1680.0,Sale,8,9,1,https://www.kanshijewels.com/products/nakashi-earrings?variant=gid://shopify/ProductVariant/50321658675500
2026-08-24 21:28:20,Mini studs,Default Title,ER209,628.95,Sale,7,8,1,https://www.kanshijewels.com/products/mini-studs?variant=gid://shopify/ProductVariant/50321660379436
2026-08-24 21:28:20,Mini earrings,Default Title,ER208,934.5,Sale,9,10,1,https://www.kanshijewels.com/products/mini-earrings?variant=gid://shopify/ProductVariant/50321663000876
2026-08-24 21:28:20,Mango studs,Default Title,ER207,2205.0,Sale,5,6,1,https://www.kanshijewels.com/products/mango-studs?variant=gid://shopify/ProductVariant/50321667785004
2026-08-24 21:28:20,Jadau studs,Default Title,ER206,2310.0,Sale,8,9,1,https://www.kanshijewels.com/products/jadau-studs?variant=gid://shopify/ProductVariant/50321669423404
2026-08-24 21:28:20,Jadau earrings,Default Title,ER205,2887.5,Sale,9,10,1,https://www.kanshijewels.com/products/jadau-earrings?variant=gid://shopify/ProductVariant/50321671881004
2026-08-24 21:28:20,Jadau earrings,Default Title,ER204,2520.0,Sale,9,10,1,https://www.kanshijewels.com/products/jadau-earrings-1?variant=gid://shopify/ProductVariant/50321673879852
2026-08-24 21:28:20,Rani Maang Tika,Default Title,MT17,2940.0,Sale,8,9,1,https://www.kanshijewels.com/products/rani-maang-tika?variant=gid://shopify/ProductVariant/50321676271916
2026-08-24 21:28:20,Jadau Kundan Long harams,Default Title,NK332,11025.0,Sale,9,10,1,https://www.kanshijewels.com/products/jadau-kundan-long-harams-copy?variant=gid://shopify/ProductVariant/50330661585196
2026-08-24 21:28:20,Jadau Choker,Default Title,NK232,2625.0,Sale,9,10,1,https://www.kanshijewels.com/products/jadau-choker-2?variant=gid://shopify/ProductVariant/50490253803820
2026-08-24 21:28:20,Peacock long chain necklace,Default Title,NK231,3150.0,Sale,9,10,1,https://www.kanshijewels.com/products/peacock?variant=gid://shopify/ProductVariant/50490255376684
2026-08-24 21:28:20,Coral nakashi mala,Default Title,NK230,2625.0,Sale,7,8,1,https://www.kanshijewels.com/products/coral-nakashi?variant=gid://shopify/ProductVariant/50490256982316
2026-08-24 21:28:20,Jadau kundan choker,Default Title,NK229,3990.0,Sale,8,9,1,https://www.kanshijewels.com/products/jadau-kundan-choker-21?variant=gid://shopify/ProductVariant/50490264256812
2026-08-24 21:28:20,Jadau kundan necklace,Default Title,NK228,5145.0,Sale,9,10,1,https://www.kanshijewels.com/products/jadau-kundan-necklace-203?variant=gid://shopify/ProductVariant/50490266222892
2026-08-24 21:28:20,Jadau pumpkin swaroski chokar,Default Title,NK227,2100.0,Sale,4,5,1,https://www.kanshijewels.com/products/jadau-pumpkin?variant=gid://shopify/ProductVariant/50490268680492
2026-08-24 21:28:20,Jadau Kundan Jhumkas,Default Title,ER202,3360.0,Sale,8,9,1,https://www.kanshijewels.com/products/jadau-kundan-jhumka-15?variant=gid://shopify/ProductVariant/50490287685932
2026-08-24 21:28:20,Jadau Kundan Jhumkas,Default Title,ER201,3675.0,Sale,5,6,1,https://www.kanshijewels.com/products/jadau-kundan-jhumkas-26?variant=gid://shopify/ProductVariant/50490293584172
2026-08-24 21:28:20,Jadau Kundan Jhumkas,Default Title,ER200,3360.0,Sale,7,8,1,https://www.kanshijewels.com/products/jadau-kundan-jhumkas-27?variant=gid://shopify/ProductVariant/50490296238380
2026-08-24 21:28:20,Jadau kundan necklace,Default Title,NK223,8610.0,Sale,9,10,1,https://www.kanshijewels.com/products/jadau-kundan?variant=gid://shopify/ProductVariant/50490325369132
2026-08-24 21:28:20,Rani haram,Default Title,NK221,15225.0,Sale,8,9,1,https://www.kanshijewels.com/products/rani-haram-1?variant=gid://shopify/ProductVariant/50490334085420
2026-08-24 21:28:20,Rani jadau necklace,Default Title,NK220,10185.0,Sale,9,10,1,https://www.kanshijewels.com/products/rani-jadau-necklace?variant=gid://shopify/ProductVariant/50490335330604
2026-08-24 21:28:20,Rani long mango peacock necklace,Default Title,NK219,12600.0,Sale,9,10,1,https://www.kanshijewels.com/products/rani-long-mango-jadau-necklace?variant=gid://shopify/ProductVariant/50490336772396
2026-08-24 21:28:20,Jadau ring,Default Title,RG03,1050.0,Sale,6,7,1,https://www.kanshijewels.com/products/jadau-ring?variant=gid://shopify/ProductVariant/50490354827564
2026-08-24 21:28:20,Swaroski emerald chain,Default Title,AC81,1785.0,Sale,5,6,1,https://www.kanshijewels.com/products/swaroski-emerald-chain?variant=gid://shopify/ProductVariant/50490387136812
2026-08-24 21:28:20,Peacock studs,Default Title,ER199,1365.0,Sale,7,8,1,https://www.kanshijewels.com/products/peacock-studs?variant=gid://shopify/ProductVariant/50490398671148
2026-08-24 21:28:20,Jadau carving peacock studs,Default Title,ER198,1260.0,Sale,9,10,1,https://www.kanshijewels.com/products/jadau-carving-peacock-studs?variant=gid://shopify/ProductVariant/50490406601004
2026-08-24 21:28:20,Jadau nakashi chandbali,Default Title,ER196,2415.0,Sale,4,5,1,https://www.kanshijewels.com/products/jadau-nakashi-chandbali?variant=gid://shopify/ProductVariant/50490419806508
2026-08-24 21:28:20,Jadau peacock studs,Default Title,ER195,2310.0,Sale,7,8,1,https://www.kanshijewels.com/products/jadau-peacock-studs?variant=gid://shopify/ProductVariant/50490420789548
2026-08-24 21:28:20,Peacock jhumki,Default Title,ER193,2089.5,Sale,9,10,1,https://www.kanshijewels.com/products/peacock-jhumki-1?variant=gid://shopify/ProductVariant/50490445955372
2026-08-24 21:28:20,Rice pearls earrings,Default Title,ER192,1785.0,Sale,9,10,1,https://www.kanshijewels.com/products/rice-pearls-earrings?variant=gid://shopify/ProductVariant/50490447331628
2026-08-24 21:28:20,Jadau kundan hair pin,Default Title,AC80,1575.0,Sale,7,8,1,https://www.kanshijewels.com/products/jadau-kundan-hair-pin-2?variant=gid://shopify/ProductVariant/50702680981804
2026-08-24 21:28:20,Jadau Kundan Choker,Default Title,NK214,1890.0,Sale,2,3,1,https://www.kanshijewels.com/products/jadau-kundan-choker-24?variant=gid://shopify/ProductVariant/50702704804140
2026-08-24 21:28:20,Pearl Choker,Default Title,NK213,1995.0,Sale,4,5,1,https://www.kanshijewels.com/products/pearl-choker?variant=gid://shopify/ProductVariant/50702711357740
2026-08-24 21:28:20,Jadau Kundan Choker,Default Title,NK212,2205.0,Sale,7,8,1,https://www.kanshijewels.com/products/jadau-kundan-choker-25?variant=gid://shopify/ProductVariant/50702716240172
2026-08-24 21:28:20,Pearl Necklace,Default Title,NK210,2310.0,Sale,4,5,1,https://www.kanshijewels.com/products/pearl-necklace-1?variant=gid://shopify/ProductVariant/50702732788012
2026-08-24 21:28:20,Jadau Kundan Choker,Default Title,NK209,2415.0,Sale,2,3,1,https://www.kanshijewels.com/products/jadau-kundan-choker-27?variant=gid://shopify/ProductVariant/50702740783404
2026-08-24 21:28:20,Jadau Kundan Choker,Default Title,NK208,3045.0,Sale,1,2,1,https://www.kanshijewels.com/products/jadau-kundan-choker-28?variant=gid://shopify/ProductVariant/50702748188972
2026-08-24 21:28:20,Rani Choker,Default Title,NK207,3465.0,Sale,2,3,1,https://www.kanshijewels.com/products/rani-choker-1?variant=gid://shopify/ProductVariant/50702760575276
2026-08-24 21:28:20,Peacock Choker,Default Title,NK206,3780.0,Sale,8,9,1,https://www.kanshijewels.com/products/peacock-choker-2?variant=gid://shopify/ProductVariant/50702778237228
2026-08-24 21:28:20,Jadau Kundan Choker,Default Title,NK205,3990.0,Sale,8,9,1,https://www.kanshijewels.com/products/jadau-kundan-choker-29?variant=gid://shopify/ProductVariant/50702783414572
2026-08-24 21:28:20,Jadau Kundan Choker,Default Title,NK204,4095.0,Sale,6,7,1,https://www.kanshijewels.com/products/jadau-kundan-choker-30?variant=gid://shopify/ProductVariant/50702786265388
2026-08-24 21:28:20,Jadau Kundan Choker,Default Title,NK203,4410.0,Sale,6,7,1,https://www.kanshijewels.com/products/jadau-kundan-choker-31?variant=gid://shopify/ProductVariant/50702794064172
2026-08-24 21:28:20,Jadau Kundan Choker,Default Title,NK202,4935.0,Sale,5,6,1,https://www.kanshijewels.com/products/jadau-kundan-choker-32?variant=gid://shopify/ProductVariant/50702801633580
2026-08-24 21:28:20,Jadau Kundan Choker,Default Title,NK201,5775.0,Sale,7,8,1,https://www.kanshijewels.com/products/jadau-kundan-choker-33?variant=gid://shopify/ProductVariant/50702803697964
2026-08-24 21:28:20,Jadau Kundan Choker,Default Title,NK200,6090.0,Sale,7,8,1,https://www.kanshijewels.com/products/jadau-kundan-choker-34?variant=gid://shopify/ProductVariant/50702808940844
2026-08-24 21:28:20,Jadau Kundan Choker,Default Title,NK199,7245.0,Sale,8,9,1,https://www.kanshijewels.com/products/jadau-kundan-choker-35?variant=gid://shopify/ProductVariant/50702810972460
2026-08-24 21:28:20,Coral Pearl Necklace,Default Title,NK198,1575.0,Sale,4,5,1,https://www.kanshijewels.com/products/coral-pearl-necklace-2?variant=gid://shopify/ProductVariant/50702812512556
2026-08-24 21:28:20,Multipurpose Chain,Default Title,NK197,546.0,Sale,1,2,1,https://www.kanshijewels.com/products/multipurpose-chain?variant=gid://shopify/ProductVariant/50702819459372
2026-08-24 21:28:20,Nakashi Choker,Default Title,NK195,1995.0,Sale,6,7,1,https://www.kanshijewels.com/products/nakashi-choker?variant=gid://shopify/ProductVariant/50702828077356
2026-08-24 21:28:20,Single Line Necklace,Default Title,NK194,2415.0,Sale,7,8,1,https://www.kanshijewels.com/products/single-line-necklace?variant=gid://shopify/ProductVariant/50702834073900
2026-08-24 21:28:20,Jadau Kundan harams,Default Title,NK192,3675.0,Sale,8,9,1,https://www.kanshijewels.com/products/jadau-kundan-harams-1?variant=gid://shopify/ProductVariant/50702850654508
2026-08-24 21:28:20,Jadau Kundan harams,Default Title,NK189,4189.5,Sale,8,9,1,https://www.kanshijewels.com/products/jadau-kundan-harams-4?variant=gid://shopify/ProductVariant/50702861336876
2026-08-24 21:28:20,Jadau Kundan harams,Default Title,NK188,4189.5,Sale,7,8,1,https://www.kanshijewels.com/products/jadau-kundan-harams-5?variant=gid://shopify/ProductVariant/50702866940204
2026-08-24 21:28:20,Jadau Kundan harams,Default Title,NK187,4189.5,Sale,5,6,1,https://www.kanshijewels.com/products/jadau-kundan-harams-6?variant=gid://shopify/ProductVariant/50702872477996
2026-08-24 21:28:20,Jadau Kundan harams,Default Title,NK186,4830.0,Sale,9,10,1,https://www.kanshijewels.com/products/jadau-kundan-harams-7?variant=gid://shopify/ProductVariant/50702875296044
2026-08-24 21:28:20,Jadau Kundan harams,Default Title,NK185,5145.0,Sale,8,9,1,https://www.kanshijewels.com/products/jadau-kundan-harams-8?variant=gid://shopify/ProductVariant/50702879326508
2026-08-24 21:28:20,Jadau Kundan harams,Default Title,NK184,5460.0,Sale,7,8,1,https://www.kanshijewels.com/products/jadau-kundan-harams-9?variant=gid://shopify/ProductVariant/50702882177324
2026-08-24 21:28:20,Jadau Kundan harams,Default Title,NK183,5145.0,Sale,9,10,1,https://www.kanshijewels.com/products/jadau-kundan-harams-10?variant=gid://shopify/ProductVariant/50702884077868
2026-08-24 21:28:20,Jadau Kundan harams,Default Title,NK182,5775.0,Sale,9,10,1,https://www.kanshijewels.com/products/jadau-kundan-harams-11?variant=gid://shopify/ProductVariant/50702885257516
2026-08-24 21:28:20,Jadau Kundan harams,Default Title,NK181,5775.0,Sale,8,9,1,https://www.kanshijewels.com/products/jadau-kundan-harams-12?variant=gid://shopify/ProductVariant/50702887059756
2026-08-24 21:28:20,Jadau Kundan harams,Default Title,NK180,6510.0,Sale,8,9,1,https://www.kanshijewels.com/products/jadau-kundan-harams-13?variant=gid://shopify/ProductVariant/50702891778348
2026-08-24 21:28:20,Jadau Kundan harams,Default Title,NK179,6825.0,Sale,7,8,1,https://www.kanshijewels.com/products/jadau-kundan-harams-14?variant=gid://shopify/ProductVariant/50702894203180
2026-08-24 21:28:20,Jadau Kundan harams,Default Title,NK178,7035.0,Sale,6,7,1,https://www.kanshijewels.com/products/jadau-kundan-harams-15?variant=gid://shopify/ProductVariant/50702896464172
2026-08-24 21:28:20,Jadau Kundan harams,Default Title,NK177,7140.0,Sale,6,7,1,https://www.kanshijewels.com/products/jadau-kundan-harams-16?variant=gid://shopify/ProductVariant/50702903574828
2026-08-24 21:28:20,Jadau Kundan harams,Default Title,NK176,7665.0,Sale,6,7,1,https://www.kanshijewels.com/products/jadau-kundan-harams-17?variant=gid://shopify/ProductVariant/50702908916012
2026-08-24 21:28:20,Jadau Kundan harams,Default Title,NK175,8085.0,Sale,7,8,1,https://www.kanshijewels.com/products/jadau-kundan-harams-18?variant=gid://shopify/ProductVariant/50702912454956
2026-08-24 21:28:20,Jadau Kundan harams,Default Title,NK174,13125.0,Sale,6,7,1,https://www.kanshijewels.com/products/jadau-kundan-harams-19?variant=gid://shopify/ProductVariant/50702916354348
2026-08-24 21:28:20,Jadau Kundan harams,Default Title,NK173,13545.0,Sale,8,9,1,https://www.kanshijewels.com/products/jadau-kundan-harams-20?variant=gid://shopify/ProductVariant/50702924808492
2026-08-24 21:28:20,Jadau Kundan harams,Default Title,NK172,14175.0,Sale,2,3,1,https://www.kanshijewels.com/products/jadau-kundan-harams-21?variant=gid://shopify/ProductVariant/50702925889836
2026-08-24 21:28:20,Jadau Kundan harams,Default Title,NK171,14175.0,Sale,9,10,1,https://www.kanshijewels.com/products/jadau-kundan-harams-22?variant=gid://shopify/ProductVariant/50702929494316
2026-08-24 21:28:20,Jadau Kundan harams,Default Title,NK170,16800.0,Sale,9,10,1,https://www.kanshijewels.com/products/jadau-kundan-harams-23?variant=gid://shopify/ProductVariant/50702932476204
2026-08-24 21:28:20,Jadau Kundan Jhumkas,Default Title,ER191,3255.0,Sale,5,6,1,https://www.kanshijewels.com/products/jadau-kundan-jhumkas-28?variant=gid://shopify/ProductVariant/50702940635436
2026-08-24 21:28:20,Jadau Kundan Jhumkas,Default Title,ER189,3465.0,Sale,1,2,1,https://www.kanshijewels.com/products/jadau-kundan-jhumkas-30?variant=gid://shopify/ProductVariant/50702948466988
2026-08-24 21:28:20,Jadau Kundan Jhumkas,Default Title,ER188,3990.0,Sale,4,5,1,https://www.kanshijewels.com/products/jadau-kundan-jhumkas-31?variant=gid://shopify/ProductVariant/50702951448876
2026-08-24 21:28:20,Jadau Kundan Jhumkas,Default Title,ER187,4620.0,Sale,8,9,1,https://www.kanshijewels.com/products/jadau-kundan-jhumkas-32?variant=gid://shopify/ProductVariant/50702953349420
2026-08-24 21:28:20,Jadau Kundan Jhumkas,Default Title,ER186,4830.0,Sale,8,9,1,https://www.kanshijewels.com/products/jadau-kundan-jhumkas-33?variant=gid://shopify/ProductVariant/50702955544876
2026-08-24 21:28:20,Jadau Kundan Jhumkas,Default Title,ER185,5040.0,Sale,3,4,1,https://www.kanshijewels.com/products/jadau-kundan-jhumkas-34?variant=gid://shopify/ProductVariant/50702957805868
2026-08-24 21:28:20,Jadau Kundan Jhumkas,Default Title,ER184,5239.5,Sale,2,3,1,https://www.kanshijewels.com/products/jadau-kundan-jhumkas-35?variant=gid://shopify/ProductVariant/50702960623916
2026-08-24 21:28:20,Jadau Kundan Studs,Default Title,ER183,1680.0,Sale,7,8,1,https://www.kanshijewels.com/products/jadau-kundan-studs-8?variant=gid://shopify/ProductVariant/50702964293932
2026-08-24 21:28:20,Jadau Kundan Studs,Default Title,ER181,2310.0,Sale,9,10,1,https://www.kanshijewels.com/products/jadau-kundan-studs-10?variant=gid://shopify/ProductVariant/50702968127788
2026-08-24 21:28:20,Jadau Kundan Studs,Default Title,ER180,3139.5,Sale,9,10,1,https://www.kanshijewels.com/products/jadau-kundan-studs-11?variant=gid://shopify/ProductVariant/50702969733420
2026-08-24 21:28:20,Sun and Moon Hair Accessory,Default Title,AC79,2079.0,Sale,2,3,1,https://www.kanshijewels.com/products/bugadi?variant=gid://shopify/ProductVariant/50724437688620
2026-08-24 21:28:20,Maatil,Default Title,AC77,1890.0,Sale,5,6,1,https://www.kanshijewels.com/products/maatil-1?variant=gid://shopify/ProductVariant/50724512792876
2026-08-24 21:28:20,Maatil,Default Title,AC76,1470.0,Sale,6,7,1,https://www.kanshijewels.com/products/maatil-2?variant=gid://shopify/ProductVariant/50724513808684
2026-08-24 21:28:20,Bugadi,Default Title,ER179,609.0,Sale,3,4,1,https://www.kanshijewels.com/products/bugadi-1?variant=gid://shopify/ProductVariant/50724515152172
2026-08-24 21:28:20,Bugadi,Default Title,ER178,619.5,Sale,7,8,1,https://www.kanshijewels.com/products/bugadi-2?variant=gid://shopify/ProductVariant/50724517347628
2026-08-24 21:28:20,Bugadi,Default Title,ER177,714.0,Sale,2,3,1,https://www.kanshijewels.com/products/bugadi-3?variant=gid://shopify/ProductVariant/50724518396204
2026-08-24 21:28:20,Bugadi,Default Title,ER176,661.5,Sale,9,10,1,https://www.kanshijewels.com/products/bugadi-4?variant=gid://shopify/ProductVariant/50724521705772
2026-08-24 21:28:20,Jadau Kundan Choker,Default Title,NK164,5775.0,Sale,1,2,1,https://www.kanshijewels.com/products/jadau-kundan-choker-36?variant=gid://shopify/ProductVariant/50786625683756
2026-08-24 21:28:20,Real Pearls Maatil,Default Title,AC75,787.5,Sale,7,8,1,https://www.kanshijewels.com/products/real-pearls-maatil?variant=gid://shopify/ProductVariant/50955131945260
2026-08-24 21:28:20,Jadau ring,Default Title,RG02,1575.0,Sale,8,9,1,https://www.kanshijewels.com/products/jadau-ring-1?variant=gid://shopify/ProductVariant/51119117959468
2026-08-24 21:28:20,Jadau mathapatti,Default Title,AC74,7245.0,Sale,9,10,1,https://www.kanshijewels.com/products/jadau-mathapatti?variant=gid://shopify/ProductVariant/51119120220460
2026-08-24 21:28:20,Jadau ear cuffs,Default Title,AC73,945.0,Sale,7,8,1,https://www.kanshijewels.com/products/jadau-ear-cuffs?variant=gid://shopify/ProductVariant/51119124283692
2026-08-24 21:28:20,Jadau ear cuffs,Default Title,AC72,892.5,Sale,1,2,1,https://www.kanshijewels.com/products/jadau-ear-cuffs-1?variant=gid://shopify/ProductVariant/51119128117548
2026-08-24 21:28:20,Jadau ear cuffs,Default Title,AC71,892.5,Sale,6,7,1,https://www.kanshijewels.com/products/jadau-ear-cuffs-2?variant=gid://shopify/ProductVariant/51119130935596
2026-08-24 21:28:20,Jadau ear cuffs,Default Title,AC70,619.5,Sale,3,4,1,https://www.kanshijewels.com/products/jadau-ear-cuffs-3?variant=gid://shopify/ProductVariant/51119137521964
2026-08-24 21:28:20,Hair accessory,Default Title,AC69,1522.5,Sale,4,5,1,https://www.kanshijewels.com/products/hair-accessory?variant=gid://shopify/ProductVariant/51119140438316
2026-08-24 21:28:20,Jadau Necklace,Default Title,NK160,6825.0,Sale,4,5,1,https://www.kanshijewels.com/products/jadau-necklace-1?variant=gid://shopify/ProductVariant/51119154757932
2026-08-24 21:28:20,Jadau Nakashi Necklace,Default Title,NK158,5985.0,Sale,6,7,1,https://www.kanshijewels.com/products/jadau-nakashi-necklace-2?variant=gid://shopify/ProductVariant/51119214362924
2026-08-24 21:28:20,Jadau Necklace,Default Title,NK157,5250.0,Sale,8,9,1,https://www.kanshijewels.com/products/jadau-necklace-2?variant=gid://shopify/ProductVariant/51119216132396
2026-08-24 21:28:20,Jadau Choker Necklace,Default Title,NK156,5145.0,Sale,5,6,1,https://www.kanshijewels.com/products/jadau-choker-necklace?variant=gid://shopify/ProductVariant/51119218262316
2026-08-24 21:28:20,Jadau Chain Necklace with earrings,Default Title,ER173,3360.0,Sale,3,4,1,https://www.kanshijewels.com/products/jadau-chain-necklace?variant=gid://shopify/ProductVariant/51119233794348
2026-08-24 21:28:20,Jadau Chokar,Default Title,NK155,3990.0,Sale,3,4,1,https://www.kanshijewels.com/products/jadau-chokar?variant=gid://shopify/ProductVariant/51119259451692
2026-08-24 21:28:20,Jadau Chokar,Default Title,NK154,5040.0,Sale,4,5,1,https://www.kanshijewels.com/products/jadau-chokar-1?variant=gid://shopify/ProductVariant/51119268135212
2026-08-24 21:28:20,Jadau Emerald Chokar,Default Title,NK153,2625.0,Sale,5,6,1,https://www.kanshijewels.com/products/jadau-emerald-chokar?variant=gid://shopify/ProductVariant/51119271313708
2026-08-24 21:28:20,Jadau Necklace,Default Title,NK152,4620.0,Sale,7,8,1,https://www.kanshijewels.com/products/jadau-necklace-3?variant=gid://shopify/ProductVariant/51119283372332
2026-08-24 21:28:20,Jadau Choker,Default Title,NK151,3780.0,Sale,8,9,1,https://www.kanshijewels.com/products/jadau-choker-3?variant=gid://shopify/ProductVariant/51119662596396
2026-08-24 21:28:20,Jadau Mango pendant tops set,Default Title,ER171,2310.0,Sale,2,3,1,https://www.kanshijewels.com/products/jadau-mango-pendant?variant=gid://shopify/ProductVariant/51119678456108
2026-08-24 21:28:20,Jadau Chokar,Default Title,NK150,2625.0,Sale,4,5,1,https://www.kanshijewels.com/products/jadau-chokar-2?variant=gid://shopify/ProductVariant/51119680848172
2026-08-24 21:28:20,Jadau Chokar,Default Title,NK149,2205.0,Sale,1,2,1,https://www.kanshijewels.com/products/jadau-chokar-3?variant=gid://shopify/ProductVariant/51119688548652
2026-08-24 21:28:20,Jadau Mango Necklace,Default Title,NK148,5775.0,Sale,7,8,1,https://www.kanshijewels.com/products/jadau-mango-necklace-1?variant=gid://shopify/ProductVariant/51119693103404
2026-08-24 21:28:20,Jadau Necklace,Default Title,NK147,3360.0,Sale,3,4,1,https://www.kanshijewels.com/products/jadau-necklace-4?variant=gid://shopify/ProductVariant/51119699067180
2026-08-24 21:28:20,Jadau Necklace,Default Title,NK146,2100.0,Sale,7,8,1,https://www.kanshijewels.com/products/jadau-necklace-5?variant=gid://shopify/ProductVariant/51119705325868
2026-08-24 21:28:20,Jadau Necklace,Default Title,NK145,5239.5,Sale,6,7,1,https://www.kanshijewels.com/products/jadau-necklace-6?variant=gid://shopify/ProductVariant/51119706538284
2026-08-24 21:28:20,Jadau Emerald Necklace,Default Title,NK144,3990.0,Sale,7,8,1,https://www.kanshijewels.com/products/jadau-emerald-necklace?variant=gid://shopify/ProductVariant/51119707849004
2026-08-24 21:28:20,Jadau Hali Necklace,Default Title,NK143,3045.0,Sale,4,5,1,https://www.kanshijewels.com/products/jadau-hali-necklace?variant=gid://shopify/ProductVariant/51119708766508
2026-08-24 21:28:20,Mango necklace,Default Title,NK142,18900.0,Sale,6,7,1,https://www.kanshijewels.com/products/mango-necklace?variant=gid://shopify/ProductVariant/51119720988972
2026-08-24 21:28:20,Rani Haram,Default Title,NK141,9450.0,Sale,4,5,1,https://www.kanshijewels.com/products/rani-haram-2?variant=gid://shopify/ProductVariant/51119722430764
2026-08-24 21:28:20,Rani Haram,Default Title,NK140,3360.0,Sale,6,7,1,https://www.kanshijewels.com/products/rani-haram-3?variant=gid://shopify/ProductVariant/51119724265772
2026-08-24 21:28:20,Rani Haram,Default Title,NK139,5145.0,Sale,8,9,1,https://www.kanshijewels.com/products/rani-haram-4?variant=gid://shopify/ProductVariant/51119725576492
2026-08-24 21:28:20,Rani Haram,Default Title,NK137,5250.0,Sale,8,9,1,https://www.kanshijewels.com/products/rani-haram-5?variant=gid://shopify/ProductVariant/51119727706412
2026-08-24 21:28:20,Mango necklace,Default Title,NK136,13125.0,Sale,9,10,1,https://www.kanshijewels.com/products/mango-necklace-1?variant=gid://shopify/ProductVariant/51119729541420
2026-08-24 21:28:20,Rani Buttamala,Default Title,NK135,16800.0,Sale,8,9,1,https://www.kanshijewels.com/products/rani-buttamala?variant=gid://shopify/ProductVariant/51119731376428
2026-08-24 21:28:20,Jadau Haram,Default Title,NK134,3990.0,Sale,8,9,1,https://www.kanshijewels.com/products/jadau-haram?variant=gid://shopify/ProductVariant/51119732425004
2026-08-24 21:28:20,Jadau Necklace with Earrings Set,Default Title,ER170,12075.0,Sale,9,10,1,https://www.kanshijewels.com/products/jadau-necklace-with-earrings-set?variant=gid://shopify/ProductVariant/51119734063404
2026-08-24 21:28:20,Jadau Pendant haram,Default Title,NK133,3675.0,Sale,3,4,1,https://www.kanshijewels.com/products/jadau-pendant-haram?variant=gid://shopify/ProductVariant/51119735800108
2026-08-24 21:28:20,Jadau Emerald Pearls haram,Default Title,NK131,3780.0,Sale,6,7,1,https://www.kanshijewels.com/products/jadau-emeralds-pearl-haram?variant=gid://shopify/ProductVariant/51119737635116
2026-08-24 21:28:20,Jadau Heavy haram,Default Title,NK130,13999.0,Sale,7,8,1,https://www.kanshijewels.com/products/jadau-heavy-haram?variant=gid://shopify/ProductVariant/51119738716460
2026-08-24 21:28:20,Pendant haram,Default Title,NK129,4410.0,Sale,8,9,1,https://www.kanshijewels.com/products/pendant-haram?variant=gid://shopify/ProductVariant/51119739797804
2026-08-24 21:28:20,Swaroski haram,Default Title,NK128,2310.0,Sale,4,5,1,https://www.kanshijewels.com/products/swaroski-haram?variant=gid://shopify/ProductVariant/51119741010220
2026-08-24 21:28:20,Jadau Teenlada,Default Title,NK127,6825.0,Sale,8,9,1,https://www.kanshijewels.com/products/jadau-teenlada?variant=gid://shopify/ProductVariant/51119743303980
2026-08-24 21:28:20,Jadau Necklace,Default Title,NK126,10395.0,Sale,7,8,1,https://www.kanshijewels.com/products/jadau-necklace-7?variant=gid://shopify/ProductVariant/51119749366060
2026-08-24 21:28:20,Rani Haram,Default Title,NK124,3990.0,Sale,9,10,1,https://www.kanshijewels.com/products/rani-haram-6?variant=gid://shopify/ProductVariant/51119758737708
2026-08-24 21:28:20,Jadau Kundan Jhumkas,Default Title,ER168,1785.0,Sale,8,9,1,https://www.kanshijewels.com/products/jadau-kundan-jhumkas-36?variant=gid://shopify/ProductVariant/51119768076588
2026-08-24 21:28:20,Jadau Kundan Jhumkas,Default Title,ER167,2100.0,Sale,5,6,1,https://www.kanshijewels.com/products/jadau-kundan-jhumkas-37?variant=gid://shopify/ProductVariant/51119771681068
2026-08-24 21:28:20,Jadau Kundan Jhumkas,Default Title,ER166,3360.0,Sale,7,8,1,https://www.kanshijewels.com/products/jadau-kundan-jhumkas-38?variant=gid://shopify/ProductVariant/51119775777068
2026-08-24 21:28:20,Jadau Kundan Jhumkas,Default Title,ER165,2310.0,Sale,5,6,1,https://www.kanshijewels.com/products/jadau-kundan-jhumkas-39?variant=gid://shopify/ProductVariant/51119778234668
2026-08-24 21:28:20,Jadau Kundan Jhumkas,Default Title,ER164,4410.0,Sale,8,9,1,https://www.kanshijewels.com/products/jadau-kundan-jhumkas-40?variant=gid://shopify/ProductVariant/51119780856108
2026-08-24 21:28:20,Jadau Kundan Jhumkas,Default Title,ER163,4410.0,Sale,6,7,1,https://www.kanshijewels.com/products/jadau-kundan-jhumkas-41?variant=gid://shopify/ProductVariant/51119782134060
2026-08-24 21:28:20,Jadau Kundan Jhumkas,Default Title,ER162,4935.0,Sale,1,2,1,https://www.kanshijewels.com/products/jadau-kundan-jhumkas-42?variant=gid://shopify/ProductVariant/51119783706924
2026-08-24 21:28:20,Jadau Kundan Jhumkas,Default Title,ER161,3990.0,Sale,7,8,1,https://www.kanshijewels.com/products/jadau-kundan-jhumkas-43?variant=gid://shopify/ProductVariant/51119785017644
2026-08-24 21:28:20,Jadau Kundan Jhumkas,Default Title,ER160,3465.0,Sale,7,8,1,https://www.kanshijewels.com/products/jadau-kundan-jhumkas-44?variant=gid://shopify/ProductVariant/51119786721580
2026-08-24 21:28:20,Jadau Kundan Jhumkas,Default Title,ER158,3780.0,Sale,9,10,1,https://www.kanshijewels.com/products/jadau-kundan-jhumkas-46?variant=gid://shopify/ProductVariant/51119787901228
2026-08-24 21:28:20,Jadau Kundan Jhumkas,Default Title,ER157,4410.0,Sale,8,9,1,https://www.kanshijewels.com/products/jadau-kundan-jhumkas-47?variant=gid://shopify/ProductVariant/51119789343020
2026-08-24 21:28:20,Jadau Earrings,Default Title,ER156,2100.0,Sale,1,2,1,https://www.kanshijewels.com/products/jadau-earrings-2?variant=gid://shopify/ProductVariant/51119791374636
2026-08-24 21:28:20,Moon fusion Jhumkas,Default Title,ER155,1575.0,Sale,7,8,1,https://www.kanshijewels.com/products/moon-fusion-jhumkas?variant=gid://shopify/ProductVariant/51119793340716
2026-08-24 21:28:20,Jadau Kundan Pendant,Default Title,NK123,1680.0,Sale,6,7,1,https://www.kanshijewels.com/products/jadau-kundan-pendant-45?variant=gid://shopify/ProductVariant/51119795274028
2026-08-24 21:28:20,Jadau Kundan Pendant,Default Title,NK122,3045.0,Sale,7,8,1,https://www.kanshijewels.com/products/jadau-kundan-pendant-46?variant=gid://shopify/ProductVariant/51119796257068
2026-08-24 21:28:20,Jadau Kundan Pendant,Default Title,NK121,5145.0,Sale,4,5,1,https://www.kanshijewels.com/products/jadau-kundan-pendant-47?variant=gid://shopify/ProductVariant/51119797371180
2026-08-24 21:28:20,Jadau Pendant,Default Title,NK120,5145.0,Sale,8,9,1,https://www.kanshijewels.com/products/jadau-kundan-pendant-48?variant=gid://shopify/ProductVariant/51119798747436
2026-08-24 21:28:20,Jadau Kundan Pendant,Default Title,NK119,2310.0,Sale,2,3,1,https://www.kanshijewels.com/products/jadau-kundan-pendant-49?variant=gid://shopify/ProductVariant/51119799501100
2026-08-24 21:28:20,Jadau Kundan Pendant,Default Title,NK118,1995.0,Sale,4,5,1,https://www.kanshijewels.com/products/jadau-kundan-pendant-50?variant=gid://shopify/ProductVariant/51139148644652
2026-08-24 21:28:20,Kanshi Exclusive Earrings,Red,ER153-RED,724.5,Sale,8,9,1,https://www.kanshijewels.com/products/kanshi-exclusive-earrings-1?variant=gid://shopify/ProductVariant/51323584413996
2026-08-24 21:28:20,Kanshi Exclusive Earrings,Green,,759.0,Sale,1,2,1,https://www.kanshijewels.com/products/kanshi-exclusive-earrings-1?variant=gid://shopify/ProductVariant/51323587494188
2026-08-24 21:28:20,Jadau Kundan earrings,Default Title,ER152,2310.0,Sale,7,8,1,https://www.kanshijewels.com/products/jadau-kundan-earrings-162?variant=gid://shopify/ProductVariant/51295223808300
2026-08-24 21:28:20,Swaroski real necklace,Default Title,NK117,2310.0,Sale,1,2,1,https://www.kanshijewels.com/products/swaroski-real-necklace?variant=gid://shopify/ProductVariant/51295250841900
2026-08-24 21:28:20,Jadau Kundan Chokar,Default Title,NK116,5775.0,Sale,8,9,1,https://www.kanshijewels.com/products/jadau-kundan-chokar-47?variant=gid://shopify/ProductVariant/51295258214700
2026-08-24 21:28:20,Real Pearls Mattil,Default Title,NK113,787.5,Sale,1,2,1,https://www.kanshijewels.com/products/jadau-kundan-necklace-204?variant=gid://shopify/ProductVariant/51295273025836
2026-08-24 21:28:20,Jadau Rani haram,Default Title,NK111,9975.0,Sale,9,10,1,https://www.kanshijewels.com/products/jadau-rani-haram-1?variant=gid://shopify/ProductVariant/51378736365868
2026-08-24 21:28:20,Jadau Kundan Choker Necklace,Default Title,NK110,6615.0,Sale,9,10,1,https://www.kanshijewels.com/products/jadau-kundan-choker-necklace?variant=gid://shopify/ProductVariant/51378766905644
2026-08-24 21:28:20,Swaroski pearl Haram,Default Title,NK109,1785.0,Sale,3,4,1,https://www.kanshijewels.com/products/swaroski-pearl-haram?variant=gid://shopify/ProductVariant/51378812518700
2026-08-24 21:28:20,Jadau Mango Pendant & Studs set,Default Title,ER149,1522.5,Sale,1,2,1,https://www.kanshijewels.com/products/jadau-kundan-mango-pendant?variant=gid://shopify/ProductVariant/51792336814380
2026-08-24 21:28:20,Jadau Pendant,Default Title,NK107,3139.5,Sale,7,8,1,https://www.kanshijewels.com/products/jadau-pendant-1?variant=gid://shopify/ProductVariant/51792345497900
2026-08-24 21:28:20,Mossanite rose necklace,Default Title,NK106,5880.0,Sale,9,10,1,https://www.kanshijewels.com/products/jadau-choker-necklace-1?variant=gid://shopify/ProductVariant/51792352837932
2026-08-24 21:28:20,Mossanite chokar necklace,Default Title,NK104,4830.0,Sale,9,10,1,https://www.kanshijewels.com/products/jadau?variant=gid://shopify/ProductVariant/51792358736172
2026-08-24 21:28:20,Mossanite 92.5 Pure Nose Pin,Default Title,NP05,2600.0,Sale,7,8,1,https://www.kanshijewels.com/products/nose-pin?variant=gid://shopify/ProductVariant/51803428323628
2026-08-24 21:28:20,Jadau kundan Hair Accesories,Default Title,AC41,4725.0,Sale,4,5,1,https://www.kanshijewels.com/products/mossanite-92-5-pure-nose-pin-copy?variant=gid://shopify/ProductVariant/52018418712876
2026-08-24 21:28:20,Jadau kundan Hair choti,Default Title,AC40,14000.0,Sale,4,5,1,https://www.kanshijewels.com/products/jadau-kundan-hair-accesories-copy?variant=gid://shopify/ProductVariant/52018461311276
2026-08-24 21:28:20,Jadau kundan Hair choti,Default Title,AC39,14000.0,Sale,3,4,1,https://www.kanshijewels.com/products/jadau-kundan-hair-choti-copy?variant=gid://shopify/ProductVariant/52018481103148
2026-08-24 21:28:20,Mossanite 92.5 pure silver nose pin,Default Title,NP04,2600.0,Sale,4,5,1,https://www.kanshijewels.com/products/jadau-kundan-hair-choti-copy-1?variant=gid://shopify/ProductVariant/52018493456684
2026-08-24 21:28:20,Pearls bracelets,Default Title,AC38,313.95,Sale,3,4,1,https://www.kanshijewels.com/products/mossanite-92-5-pure-silver-nose-pin-copy?variant=gid://shopify/ProductVariant/52018498044204
2026-08-24 21:28:20,Jadau fusion peacock jhumkas,Default Title,ER146,3360.0,Sale,8,9,1,https://www.kanshijewels.com/products/jadau-jhumkas-copy?variant=gid://shopify/ProductVariant/52018508955948
2026-08-24 21:28:20,Jadau jhumkas with ear chain,Default Title,ER145,3780.0,Sale,1,2,1,https://www.kanshijewels.com/products/jadau-fusion-peacock-jhumkas-copy?variant=gid://shopify/ProductVariant/52018518524204
2026-08-24 21:28:20,Jadau rani bali earrings,Default Title,ER144,3800.0,Sale,7,8,1,https://www.kanshijewels.com/products/jadau-jhumkas-with-ear-chain-copy?variant=gid://shopify/ProductVariant/52018550964524
2026-08-24 21:28:20,Mossanite chandbali,Default Title,ER143,1890.0,Sale,3,4,1,https://www.kanshijewels.com/products/jadau-rani-bali-earrings-copy?variant=gid://shopify/ProductVariant/52018557354284
2026-08-24 21:28:20,Kundan chokar necklace,Default Title,NK103,3360.0,Sale,4,5,1,https://www.kanshijewels.com/products/mossanite-chokar-necklace-copy?variant=gid://shopify/ProductVariant/52018671288620
2026-08-24 21:28:20,Kundan chokar necklace,Default Title,NK102,3675.0,Sale,4,5,1,https://www.kanshijewels.com/products/mossanite-chokar-necklace-copy-1?variant=gid://shopify/ProductVariant/52018683805996
2026-08-24 21:28:20,Kundan chokar necklace,Default Title,NK101,4990.0,Sale,9,10,1,https://www.kanshijewels.com/products/mossanite-chokar-necklace-copy-2?variant=gid://shopify/ProductVariant/52018753798444
2026-08-24 21:28:20,Kundan chokar necklace,Default Title,NK100,5775.0,Sale,7,8,1,https://www.kanshijewels.com/products/mossanite-chokar-necklace-copy-3?variant=gid://shopify/ProductVariant/52018762023212
2026-08-24 21:28:20,Mossanite chokar necklace,Default Title,NK99,4830.0,Sale,8,9,1,https://www.kanshijewels.com/products/mossanite-chokar-necklace-copy-4?variant=gid://shopify/ProductVariant/52018771853612
2026-08-24 21:28:20,Kundan chokar necklace,Default Title,NK98,1575.0,Sale,6,7,1,https://www.kanshijewels.com/products/mossanite-chokar-necklace-copy-5?variant=gid://shopify/ProductVariant/52018776146220
2026-08-24 21:28:20,Kundan chokar necklace,Default Title,NK97,2310.0,Sale,9,10,1,https://www.kanshijewels.com/products/mossanite-chokar-necklace-copy-6?variant=gid://shopify/ProductVariant/52018785485100
2026-08-24 21:28:20,Kundan chokar necklace,Default Title,NK96,1995.0,Sale,8,9,1,https://www.kanshijewels.com/products/mossanite-chokar-necklace-copy-7?variant=gid://shopify/ProductVariant/52018791448876
2026-08-24 21:28:20,Kundan chokar necklace,Default Title,NK95,2940.0,Sale,7,8,1,https://www.kanshijewels.com/products/mossanite-chokar-necklace-copy-8?variant=gid://shopify/ProductVariant/52018796888364
2026-08-24 21:28:20,Kundan chokar necklace,Default Title,NK94,3675.0,Sale,2,3,1,https://www.kanshijewels.com/products/mossanite-chokar-necklace-copy-9?variant=gid://shopify/ProductVariant/52018800329004
2026-08-24 21:28:20,Kundan chokar necklace,Default Title,NK93,3990.0,Sale,8,9,1,https://www.kanshijewels.com/products/mossanite-chokar-necklace-copy-10?variant=gid://shopify/ProductVariant/52018802524460
2026-08-24 21:28:20,Mossanite chokar necklace,Default Title,NK92,6300.0,Sale,8,9,1,https://www.kanshijewels.com/products/mossanite-chokar-necklace-copy-11?variant=gid://shopify/ProductVariant/52018803933484
2026-08-24 21:28:20,Kundan chokar necklace,Default Title,NK91,3885.0,Sale,9,10,1,https://www.kanshijewels.com/products/mossanite-chokar-necklace-copy-12?variant=gid://shopify/ProductVariant/52018808357164
2026-08-24 21:28:20,Kundan necklace,Default Title,NK90,5040.0,Sale,9,10,1,https://www.kanshijewels.com/products/mossanite-chokar-necklace-copy-13?variant=gid://shopify/ProductVariant/52018810257708
2026-08-24 21:28:20,Kundan chokar necklace,Default Title,NK89,5145.0,Sale,9,10,1,https://www.kanshijewels.com/products/mossanite-chokar-necklace-copy-14?variant=gid://shopify/ProductVariant/52022294413612
2026-08-24 21:28:20,Kundan necklace,Default Title,NK86,10080.0,Sale,8,9,1,https://www.kanshijewels.com/products/mossanite-chokar-necklace-copy-16?variant=gid://shopify/ProductVariant/52022361588012
2026-08-24 21:28:20,Jadau Kundan Long haram,Default Title,NK84,2310.0,Sale,2,3,1,https://www.kanshijewels.com/products/jadau-kundan-long-harams-copy-1?variant=gid://shopify/ProductVariant/52022390751532
2026-08-24 21:28:20,Jadau Kundan Long haram,Default Title,NK83,3990.0,Sale,7,8,1,https://www.kanshijewels.com/products/jadau-kundan-long-harams-copy-2?variant=gid://shopify/ProductVariant/52022394552620
2026-08-24 21:28:20,Jadau Kundan Long haram,Default Title,NK82,4800.0,Sale,8,9,1,https://www.kanshijewels.com/products/jadau-kundan-long-harams-copy-3?variant=gid://shopify/ProductVariant/52022397272364
2026-08-24 21:28:20,Jadau nakashi haram,Default Title,NK81,5775.0,Sale,9,10,1,https://www.kanshijewels.com/products/jadau-kundan-long-harams-copy-4?variant=gid://shopify/ProductVariant/52022406742316
2026-08-24 21:28:20,Jadau Kundan Long haram,Default Title,NK80,4800.0,Sale,9,10,1,https://www.kanshijewels.com/products/jadau-kundan-long-harams-copy-5?variant=gid://shopify/ProductVariant/52022414934316
2026-08-24 21:28:20,Jadau Kundan haram,Default Title,NK78,6615.0,Sale,9,10,1,https://www.kanshijewels.com/products/jadau-kundan-long-harams-29?variant=gid://shopify/ProductVariant/52022451994924
2026-08-24 21:28:20,Jadau Kundan haram,Default Title,NK77,7339.5,Sale,5,6,1,https://www.kanshijewels.com/products/jadau-kundan-long-harams-30?variant=gid://shopify/ProductVariant/52022461464876
2026-08-24 21:28:20,Jadau Kundan Long haram,Default Title,NK76,7350.0,Sale,8,9,1,https://www.kanshijewels.com/products/jadau-kundan-long-harams-copy-7?variant=gid://shopify/ProductVariant/52022468051244
2026-08-24 21:28:20,Jadau Kundan Long haram,Default Title,NK75,7875.0,Sale,9,10,1,https://www.kanshijewels.com/products/jadau-kundan-long-harams-copy-8?variant=gid://shopify/ProductVariant/52022477848876
2026-08-24 21:28:20,Jadau Kundan necklace earrings set,Default Title,ER142,8085.0,Sale,8,9,1,https://www.kanshijewels.com/products/jadau-kundan-long-harams-copy-9?variant=gid://shopify/ProductVariant/52022484828460
2026-08-24 21:28:20,Jadau Kundan haram,Default Title,NK74,8400.0,Sale,9,10,1,https://www.kanshijewels.com/products/jadau-kundan-long-harams-copy-10?variant=gid://shopify/ProductVariant/52022498525484
2026-08-24 21:28:20,Jadau Kundan haram,Default Title,NK73,8400.0,Sale,9,10,1,https://www.kanshijewels.com/products/jadau-kundan-long-harams-copy-11?variant=gid://shopify/ProductVariant/52022500622636
2026-08-24 21:28:20,Jadau Kundan necklace studs set,Default Title,ER141,8400.0,Sale,9,10,1,https://www.kanshijewels.com/products/jadau-kundan-long-harams-copy-12?variant=gid://shopify/ProductVariant/52022504915244
2026-08-24 21:28:20,Jadau Kundan Long haram,Default Title,NK72,8925.0,Sale,3,4,1,https://www.kanshijewels.com/products/jadau-kundan-long-harams-copy-13?variant=gid://shopify/ProductVariant/52022512353580
2026-08-24 21:28:20,Jadau Kundan Long haram,Default Title,NK70,9345.0,Sale,7,8,1,https://www.kanshijewels.com/products/jadau-kundan-long-harams-copy-15?variant=gid://shopify/ProductVariant/52022521790764
2026-08-24 21:28:20,Jadau Kundan Long haram,Default Title,NK69,9975.0,Sale,8,9,1,https://www.kanshijewels.com/products/jadau-kundan-long-harams-copy-16?variant=gid://shopify/ProductVariant/52022525100332
2026-08-24 21:28:20,Jadau Kundan Long haram,Default Title,NK68,11130.0,Sale,9,10,1,https://www.kanshijewels.com/products/jadau-kundan-long-harams-copy-17?variant=gid://shopify/ProductVariant/52022543352108
2026-08-24 21:28:20,Jadau Kundan Long haram,Default Title,NK67,12495.0,Sale,9,10,1,https://www.kanshijewels.com/products/jadau-kundan-long-harams-copy-18?variant=gid://shopify/ProductVariant/52022551970092
2026-08-24 21:28:20,Jadau Kundan Long haram,Default Title,NK66,13125.0,Sale,8,9,1,https://www.kanshijewels.com/products/jadau-kundan-long-harams-copy-19?variant=gid://shopify/ProductVariant/52022557409580
2026-08-24 21:28:20,Jadau Kundan Long haram,Default Title,NK65,13125.0,Sale,9,10,1,https://www.kanshijewels.com/products/jadau-kundan-long-harams-copy-20?variant=gid://shopify/ProductVariant/52022567567660
2026-08-24 21:28:20,Jadau Kundan Long haram,Default Title,NK64,13125.0,Sale,7,8,1,https://www.kanshijewels.com/products/jadau-kundan-long-harams-copy-21?variant=gid://shopify/ProductVariant/52022569599276
2026-08-24 21:28:20,Jadau Kundan Long haram,Default Title,NK63,15225.0,Sale,8,9,1,https://www.kanshijewels.com/products/jadau-kundan-long-harams-copy-22?variant=gid://shopify/ProductVariant/52022592995628
2026-08-24 21:28:20,Jadau Kundan Long haram,Default Title,NK62,16275.0,Sale,8,9,1,https://www.kanshijewels.com/products/jadau-kundan-long-harams-31?variant=gid://shopify/ProductVariant/52022604202284
2026-08-24 21:28:20,Mossanite Studs,Default Title,ER140,999.0,Sale,8,9,1,https://www.kanshijewels.com/products/jadau-kundan-studs-copy?variant=gid://shopify/ProductVariant/52022607085868
2026-08-24 21:28:20,Mossanite Studs,Default Title,ER139,999.0,Sale,9,10,1,https://www.kanshijewels.com/products/jadau-kundan-studs-copy-1?variant=gid://shopify/ProductVariant/52022609051948
2026-08-24 21:28:20,Kundan chokar necklace,Default Title,NK61,3990.0,Sale,8,9,1,https://www.kanshijewels.com/products/mossanite-chokar-necklace-copy-18?variant=gid://shopify/ProductVariant/52022625763628
2026-08-24 21:28:20,Jadau Kundan necklace earrings set,Default Title,ER137,9450.0,Sale,9,10,1,https://www.kanshijewels.com/products/jadau-kundan-necklace-earrings-set-copy?variant=gid://shopify/ProductVariant/52024546165036
2026-08-24 21:28:20,Mossanite studs,Default Title,ER133,1600.0,Sale,1,2,1,https://www.kanshijewels.com/products/mossanite-studs-1600_?variant=gid://shopify/ProductVariant/52436913783084
2026-08-24 21:28:20,Mossanite bracelet,Default Title,BG07,999.0,Sale,9,10,1,https://www.kanshijewels.com/products/mossanite-bracelet?variant=gid://shopify/ProductVariant/52441917489452
2026-08-24 21:28:20,Jadau bracelet,Default Title,BG06,999.0,Sale,3,4,1,https://www.kanshijewels.com/products/jadau-bracelet?variant=gid://shopify/ProductVariant/52441917686060
2026-08-24 21:28:20,Jadau ear chain,Default Title,AC37,960.0,Sale,2,3,1,https://www.kanshijewels.com/products/jadau-ear-chain?variant=gid://shopify/ProductVariant/52441922765100
2026-08-24 21:28:20,Jadau septum nose pin,Default Title,NP02,999.0,Sale,3,4,1,https://www.kanshijewels.com/products/jadau-septum-nose-pin-1?variant=gid://shopify/ProductVariant/52441930170668
2026-08-24 21:28:20,Jadau bugadi,Default Title,ER132,1100.0,Sale,3,4,1,https://www.kanshijewels.com/products/jadau-bugadi?variant=gid://shopify/ProductVariant/52441931219244
2026-08-24 21:28:20,Jadau septum nose pin,Default Title,NP01,900.0,Sale,1,2,1,https://www.kanshijewels.com/products/jadau-septum-nose-pin-2?variant=gid://shopify/ProductVariant/52441933938988
2026-08-24 21:28:20,Jadau hair accessory,Default Title,AC35,900.0,Sale,9,10,1,https://www.kanshijewels.com/products/jadau-hair-accessory-1?variant=gid://shopify/ProductVariant/52441943212332
2026-08-24 21:28:20,Jadau bugadi,Default Title,ER129,750.0,Sale,4,5,1,https://www.kanshijewels.com/products/jadau-bugadi-copy?variant=gid://shopify/ProductVariant/52441943671084
2026-08-24 21:28:20,Jadau hair accessory,Default Title,AC32,1300.0,Sale,8,9,1,https://www.kanshijewels.com/products/jadau-hair-accessory-4?variant=gid://shopify/ProductVariant/52441947406636
2026-08-24 21:28:20,Jadau nakashi hair accessory,Default Title,AC31,810.0,Sale,8,9,1,https://www.kanshijewels.com/products/jadau-hair-accessory-5?variant=gid://shopify/ProductVariant/52441947963692
2026-08-24 21:28:20,Mossanite hair accessory,Default Title,AC30,1300.0,Sale,8,9,1,https://www.kanshijewels.com/products/mossanite-hair-accessory?variant=gid://shopify/ProductVariant/52441950191916
2026-08-24 21:28:20,Jadau pendant,Default Title,NK57,2990.0,Sale,1,2,1,https://www.kanshijewels.com/products/jadau-pendant-2?variant=gid://shopify/ProductVariant/52441953567020
2026-08-24 21:28:20,Jadau pendant,Default Title,NK56,1250.0,Sale,5,6,1,https://www.kanshijewels.com/products/jadau-pendant-3?variant=gid://shopify/ProductVariant/52441954353452
2026-08-24 21:28:20,Jadau pendant,Default Title,NK54,1450.0,Sale,6,7,1,https://www.kanshijewels.com/products/jadau-pendant-5?variant=gid://shopify/ProductVariant/52441957105964
2026-08-24 21:28:20,Jadau pendant,Default Title,NK53,2650.0,Sale,4,5,1,https://www.kanshijewels.com/products/jadau-pendant-6?variant=gid://shopify/ProductVariant/52441958940972
2026-08-24 21:28:20,Jadau pendant,Default Title,NK52,1650.0,Sale,2,3,1,https://www.kanshijewels.com/products/jadau-pendant-7?variant=gid://shopify/ProductVariant/52441959596332
2026-08-24 21:28:20,Mossanite ruby chokar,Default Title,AC28,2100.0,Sale,4,5,1,https://www.kanshijewels.com/products/nakashi-hasli-necklace-copy?variant=gid://shopify/ProductVariant/52445222666540
2026-08-24 21:28:20,Mossanite chokar,Default Title,NK44,5800.0,Sale,9,10,1,https://www.kanshijewels.com/products/mossanite-emerald-necklace-copy?variant=gid://shopify/ProductVariant/52445226828076
2026-08-24 21:28:20,Mossanite chokar,Default Title,AC27,4900.0,Sale,7,8,1,https://www.kanshijewels.com/products/mossanite-chokar?variant=gid://shopify/ProductVariant/52445227843884
2026-08-24 21:28:20,Mossanite kundan fusion necklace,Default Title,NK42,4990.0,Sale,9,10,1,https://www.kanshijewels.com/products/mossanite-kundan-fusion-necklace?variant=gid://shopify/ProductVariant/52445227974956
2026-08-24 21:28:20,Mossanite chokar,Default Title,NK41,4500.0,Sale,4,5,1,https://www.kanshijewels.com/products/mossanite-chokar-1?variant=gid://shopify/ProductVariant/52445233742124
2026-08-24 21:28:20,Jadau rani haram,Default Title,NK38,14990.0,Sale,4,5,1,https://www.kanshijewels.com/products/jadau-rani-haram-3?variant=gid://shopify/ProductVariant/52445246292268
2026-08-24 21:28:20,Jadau necklace,Default Title,NK37,1750.0,Sale,7,8,1,https://www.kanshijewels.com/products/jadau-necklace-9?variant=gid://shopify/ProductVariant/52445251830060
2026-08-24 21:28:20,Jadau neck piece,Default Title,NK35,3690.0,Sale,9,10,1,https://www.kanshijewels.com/products/jadau-necklace-copy?variant=gid://shopify/ProductVariant/52445255827756
2026-08-24 21:28:20,Jadau necklace,Default Title,NK34,7500.0,Sale,4,5,1,https://www.kanshijewels.com/products/jadau-necklace-11?variant=gid://shopify/ProductVariant/52445256024364
2026-08-24 21:28:20,Jadau Chokar,Default Title,NK30,2990.0,Sale,1,2,1,https://www.kanshijewels.com/products/pink-jadau-kundan-choker?variant=gid://shopify/ProductVariant/52445263954220
2026-08-24 21:28:20,Jadau Chokar,Default Title,NK29,2900.0,Sale,7,8,1,https://www.kanshijewels.com/products/jadau-kundan-choker-necklace-with-pearls?variant=gid://shopify/ProductVariant/52445264347436
2026-08-24 21:28:20,Jadau Chokar,Default Title,NK27,2550.0,Sale,9,10,1,https://www.kanshijewels.com/products/jadau-pearl-choker-set-green-beads?variant=gid://shopify/ProductVariant/52445278994732
2026-08-24 21:28:20,Jadau chain necklace,Default Title,NK26,2990.0,Sale,9,10,1,https://www.kanshijewels.com/products/naan-patti-chain-jadau-kundan-pendant?variant=gid://shopify/ProductVariant/52445280698668
2026-08-24 21:28:20,Mossanite tika,Default Title,MT15,1190.0,Sale,5,6,1,https://www.kanshijewels.com/products/mossanite-tika-1?variant=gid://shopify/ProductVariant/52445284270380
2026-08-24 21:28:20,Mossanite tika,Default Title,MT14,850.0,Sale,6,7,1,https://www.kanshijewels.com/products/mossanite-tika-2?variant=gid://shopify/ProductVariant/52445284696364
2026-08-24 21:28:20,Mossanite tika,Default Title,MT12,1700.0,Sale,6,7,1,https://www.kanshijewels.com/products/mossanite-tika-4?variant=gid://shopify/ProductVariant/52445287153964
2026-08-24 21:28:20,Jadau tika,Default Title,MT11,810.0,Sale,7,8,1,https://www.kanshijewels.com/products/emerald-sleek-necklace-earring-set-copy?variant=gid://shopify/ProductVariant/52445287973164
2026-08-24 21:28:20,Kundan tika,Default Title,MT10,1500.0,Sale,9,10,1,https://www.kanshijewels.com/products/mossanite-tika-5?variant=gid://shopify/ProductVariant/52445288104236
2026-08-24 21:28:20,Jadau tika,Default Title,MT09,890.0,Sale,9,10,1,https://www.kanshijewels.com/products/jadau-tika-copy?variant=gid://shopify/ProductVariant/52445288988972
2026-08-24 21:28:20,Jadau tika,Default Title,MT07,1300.0,Sale,1,2,1,https://www.kanshijewels.com/products/jadau-tika-1?variant=gid://shopify/ProductVariant/52445296492844
2026-08-24 21:28:20,Mossanite studs,Default Title,ER118,950.0,Sale,9,10,1,https://www.kanshijewels.com/products/mossanite-studs-2?variant=gid://shopify/ProductVariant/52445335224620
2026-08-24 21:28:20,Jadau studs,Default Title,ER116,1600.0,Sale,9,10,1,https://www.kanshijewels.com/products/mossanite-studs-3?variant=gid://shopify/ProductVariant/52445339615532
2026-08-24 21:28:20,Jadau jhumkas,Default Title,ER111,1750.0,Sale,2,3,1,https://www.kanshijewels.com/products/jadau-jhumkas-4?variant=gid://shopify/ProductVariant/52445346693420
2026-08-24 21:28:20,Jadau studs,Default Title,ER110,1450.0,Sale,8,9,1,https://www.kanshijewels.com/products/mossanite-studs-6?variant=gid://shopify/ProductVariant/52445346857260
2026-08-24 21:28:20,Jadau jhumkas,Default Title,ER109,1550.0,Sale,5,6,1,https://www.kanshijewels.com/products/jadau-jhumkas-5?variant=gid://shopify/ProductVariant/52445348954412
2026-08-24 21:28:20,Jadau studs,Default Title,ER107,1450.0,Sale,4,5,1,https://www.kanshijewels.com/products/jadau-studs-2?variant=gid://shopify/ProductVariant/52445352231212
2026-08-24 21:28:20,Jadau jhumkas,Default Title,ER105,1450.0,Sale,3,4,1,https://www.kanshijewels.com/products/jadau-jhumkas-7?variant=gid://shopify/ProductVariant/52445356884268
2026-08-24 21:28:20,Jadau studs,Default Title,ER104,1350.0,Sale,9,10,1,https://www.kanshijewels.com/products/jadau-studs-4?variant=gid://shopify/ProductVariant/52445357244716
2026-08-24 21:28:20,Jadau studs,Default Title,ER102,860.0,Sale,9,10,1,https://www.kanshijewels.com/products/jadau-studs-6?variant=gid://shopify/ProductVariant/52445360193836
2026-08-24 21:28:20,Jadau earring,Default Title,ER91,1900.0,Sale,2,3,1,https://www.kanshijewels.com/products/jadau-earring-copy?variant=gid://shopify/ProductVariant/52445385949484
2026-08-24 21:28:20,Jadau jhumkas,Default Title,ER87,4200.0,Sale,9,10,1,https://www.kanshijewels.com/products/jadau-jhumkas-9?variant=gid://shopify/ProductVariant/52445394534700
2026-08-24 21:28:20,Jadau jhumkas,Default Title,ER80,2350.0,Sale,8,9,1,https://www.kanshijewels.com/products/jadau-jhumkas-13?variant=gid://shopify/ProductVariant/52445407641900
2026-08-24 21:28:20,Jadau Chokar,Default Title,NK24,3600.0,Sale,3,4,1,https://www.kanshijewels.com/products/jadau-kundan-choker-set-pink-kundan-green-beads?variant=gid://shopify/ProductVariant/52718638072108
2026-08-24 21:28:20,Jadau Choker Studs Set,Default Title,ER29,2900.0,Sale,8,9,1,https://www.kanshijewels.com/products/jadau-kundan-choker-studs-set?variant=gid://shopify/ProductVariant/52737239023916
2026-08-24 21:28:20,Jadau Fusion Watch,Default Title,AC14,1990.0,Sale,7,8,1,https://www.kanshijewels.com/products/jadau-fusion-watch-3?variant=gid://shopify/ProductVariant/52737281098028
2026-08-24 21:28:20,Jadau Hasli,Default Title,NK22,2700.0,Sale,8,9,1,https://www.kanshijewels.com/products/jadau-hasli-necklace?variant=gid://shopify/ProductVariant/52737286144300
2026-08-24 21:28:20,Jadau Jhumkas,Default Title,AC11,3650.0,Sale,4,5,1,https://www.kanshijewels.com/products/jadau-jhumkas-16?variant=gid://shopify/ProductVariant/52737312457004
2026-08-24 21:28:20,Jadau Jhumkas,Default Title,ER22,3790.0,Sale,8,9,1,https://www.kanshijewels.com/products/jadau-jhumkas-17?variant=gid://shopify/ProductVariant/52737314357548
2026-08-24 21:28:20,Jadau Jhumkas,Default Title,ER21,4210.0,Sale,9,10,1,https://www.kanshijewels.com/products/jadau-jhumkas-20?variant=gid://shopify/ProductVariant/52737319862572
2026-08-24 21:28:20,Jadau Maatil,Default Title,AC06,2360.0,Sale,4,5,1,https://www.kanshijewels.com/products/jadau-maatil?variant=gid://shopify/ProductVariant/52737325662508
2026-08-24 21:28:20,Jadau Necklace,Default Title,NK21,5600.0,Sale,9,10,1,https://www.kanshijewels.com/products/traditional-jadau-kundan-jewellery?variant=gid://shopify/ProductVariant/52737331888428
2026-08-24 21:28:20,Jadau Rani Necklace,Default Title,NK20,7500.0,Sale,9,10,1,https://www.kanshijewels.com/products/kundan-pearl-choker-necklace-bridal-jewellery?variant=gid://shopify/ProductVariant/52737333035308
2026-08-24 21:28:20,Jadau Studs,Default Title,ER20,1490.0,Sale,6,7,1,https://www.kanshijewels.com/products/jadau-studs-8?variant=gid://shopify/ProductVariant/52737334018348
2026-08-24 21:28:20,Jadau Studs,Default Title,ER17,1750.0,Sale,8,9,1,https://www.kanshijewels.com/products/jadau-studs-11?variant=gid://shopify/ProductVariant/52737363378476
2026-08-24 21:28:20,Jadau Studs,Default Title,ER16,1990.0,Sale,9,10,1,https://www.kanshijewels.com/products/jadau-studs-12?variant=gid://shopify/ProductVariant/52737370325292
2026-08-24 21:28:20,Mossanite Ear Chain,Default Title,AC03,3300.0,Sale,10,11,1,https://www.kanshijewels.com/products/mossanite-ear-chain?variant=gid://shopify/ProductVariant/52737372193068
2026-08-24 21:28:20,Neelam Jadau Earchain,Default Title,AC01,1450.0,Sale,9,10,1,https://www.kanshijewels.com/products/neelam-jadau-earchain?variant=gid://shopify/ProductVariant/52737473642796
2026-08-24 21:28:20,Multi purpose hand accessory,Default Title,BG04,3200.0,Sale,9,10,1,https://www.kanshijewels.com/products/multi-purpose-hand-accessory?variant=gid://shopify/ProductVariant/53170568233260
2026-08-24 21:28:20,Nakashi coral fusion chain,Default Title,NK18,2850.0,Sale,9,10,1,https://www.kanshijewels.com/products/coral-fusion-necklace-chain-jewellery?variant=gid://shopify/ProductVariant/53170582159660
2026-08-24 21:28:20,Jadau adjuistable ring,Default Title,RG01,880.0,Sale,5,6,1,https://www.kanshijewels.com/products/jadau-adjuistable-ring?variant=gid://shopify/ProductVariant/53173822521644
2026-08-24 21:28:20,Mossanite bracelet,Default Title,BG02,1800.0,Sale,8,9,1,https://www.kanshijewels.com/products/mossanite-bracelet-1?variant=gid://shopify/ProductVariant/53173988720940
2026-08-24 21:28:20,Jadau 2.4 screw open bangle,Default Title,BG01,4990.0,Sale,9,10,1,https://www.kanshijewels.com/products/jadau-2-4-screw-open-bangle-4990_-4-screw-open-bangle-4990_-4-screw-open-bangle?variant=gid://shopify/ProductVariant/53174015066412
2026-08-24 21:28:20,Jadau chokar,Default Title,NK17,2300.0,Sale,7,8,1,https://www.kanshijewels.com/products/royal-jadau-kundan-choker-set?variant=gid://shopify/ProductVariant/53174040330540
2026-08-24 21:28:20,Kundan chokar necklace,Default Title,NK16,4990.0,Sale,9,10,1,https://www.kanshijewels.com/products/kundan-chokar-necklace?variant=gid://shopify/ProductVariant/53174041608492
2026-08-24 21:28:20,Multi mossanite necklace,Default Title,NK15,1755.0,Sale,5,6,1,https://www.kanshijewels.com/products/multi-layer-kundan-beads-necklace-with-locket?variant=gid://shopify/ProductVariant/53174043377964
2026-08-24 21:28:20,Nakashi coral fusion chain,Default Title,NK14,2850.0,Sale,9,10,1,https://www.kanshijewels.com/products/nakashi-coral-fusion-chains?variant=gid://shopify/ProductVariant/53174044131628
2026-08-24 21:28:20,Diamond emerald fusion set,Default Title,NK13,2100.0,Sale,6,7,1,https://www.kanshijewels.com/products/bridal-diamond-emerald-jewelry-set?variant=gid://shopify/ProductVariant/53174049014060
2026-08-24 21:28:20,Emerald jadau necklace,Default Title,NK12,2100.0,Sale,6,7,1,https://www.kanshijewels.com/products/emerald-jadau-necklace?variant=gid://shopify/ProductVariant/53174050521388
2026-08-24 21:28:20,Jadau jhumkas,Default Title,ER13,1800.0,Sale,8,9,1,https://www.kanshijewels.com/products/jadau-jhumkas-23?variant=gid://shopify/ProductVariant/53174071787820
2026-08-24 21:28:20,Jadau jhumkas,Default Title,ER12,2400.0,Sale,9,10,1,https://www.kanshijewels.com/products/jadau-jhumkas-24?variant=gid://shopify/ProductVariant/53174074999084
2026-08-24 21:28:20,Jadau jhumkas,Default Title,ER11,3650.0,Sale,9,10,1,https://www.kanshijewels.com/products/jadau-jhumkas-25?variant=gid://shopify/ProductVariant/53174084141356
2026-08-24 21:28:20,Jadau kundan earrings,Default Title,ER10,2800.0,Sale,9,10,1,https://www.kanshijewels.com/products/jadau-kundan-earrings-173?variant=gid://shopify/ProductVariant/53174094627116
2026-08-24 21:28:20,Jadau nakashi fusion statement earrings,Default Title,ER09,1450.0,Sale,8,9,1,https://www.kanshijewels.com/products/jadau-nakashi-fusion-statement-earrings?variant=gid://shopify/ProductVariant/53174098526508
2026-08-24 21:28:20,Jadau pearl earrings,Default Title,ER08,2100.0,Sale,9,10,1,https://www.kanshijewels.com/products/jadau-pearl-earrings?variant=gid://shopify/ProductVariant/53174102491436
2026-08-24 21:28:20,Jadau tripple chandbali,Default Title,ER07,3800.0,Sale,8,9,1,https://www.kanshijewels.com/products/jadau-tripple-chandbali?variant=gid://shopify/ProductVariant/53174103998764
2026-08-24 21:28:20,Mossanite chandbali,Default Title,ER06,2190.0,Sale,8,9,1,https://www.kanshijewels.com/products/mossanite-chandbali?variant=gid://shopify/ProductVariant/53174107537708
2026-08-24 21:28:20,Gold look jadau necklace,Default Title,NK11,5700.0,Sale,9,10,1,https://www.kanshijewels.com/products/jadau-kundan-necklace-gold-look?variant=gid://shopify/ProductVariant/53180512665900
2026-08-24 21:28:20,Jadau emerald necklace earring set,Default Title,ER05,3200.0,Sale,9,10,1,https://www.kanshijewels.com/products/jadau-emerald-necklace-earring-set?variant=gid://shopify/ProductVariant/53180515156268
2026-08-24 21:28:20,Jadau necklace,Default Title,NK10,4550.0,Sale,9,10,1,https://www.kanshijewels.com/products/kundan-necklace-with-freshwater-pearls?variant=gid://shopify/ProductVariant/53180520071468
2026-08-24 21:28:20,Jadau necklace chokar,Default Title,NK09,4600.0,Sale,8,9,1,https://www.kanshijewels.com/products/ruby-jadau-choker-necklace?variant=gid://shopify/ProductVariant/53180520988972
2026-08-24 21:28:20,Jadau pearls necklace earrings set,Default Title,ER04,3200.0,Sale,8,9,1,https://www.kanshijewels.com/products/jadau-pearls-necklace-earrings-set?variant=gid://shopify/ProductVariant/53180526559532
2026-08-24 21:28:20,Jadau rani necklace,Default Title,NK08,5000.0,Sale,9,10,1,https://www.kanshijewels.com/products/bridal-jadau-kundan-necklace-pink-stones-pearls?variant=gid://shopify/ProductVariant/53180527509804
2026-08-24 21:28:20,Jadau rani necklace,Default Title,NK07,6500.0,Sale,8,9,1,https://www.kanshijewels.com/products/white-jadau-choker-necklace?variant=gid://shopify/ProductVariant/53180529180972
2026-08-24 21:28:20,Jadau sathlada,Default Title,NK06,8500.0,Sale,9,10,1,https://www.kanshijewels.com/products/jadau-sathlada?variant=gid://shopify/ProductVariant/53180530426156
2026-08-24 21:28:20,Mossanite mango necklace,Default Title,NK05,10500.0,Sale,9,10,1,https://www.kanshijewels.com/products/mossanite-mango-necklace?variant=gid://shopify/ProductVariant/53180530819372
2026-08-24 21:28:20,Mossanite necklace and studs set,Default Title,ER03,11500.0,Sale,9,10,1,https://www.kanshijewels.com/products/mossanite-necklace-and-studs-set?variant=gid://shopify/ProductVariant/53180531310892
2026-08-24 21:28:20,Pearl emerald rani haram,Default Title,NK04,3990.0,Sale,9,10,1,https://www.kanshijewels.com/products/pearl-emerald-rani-haram?variant=gid://shopify/ProductVariant/53180531507500
2026-08-24 21:28:20,Swaroski emerald rani haram,Default Title,NK02,4800.0,Sale,8,9,1,https://www.kanshijewels.com/products/swaroski-emerald-rani-haram?variant=gid://shopify/ProductVariant/53180532359468
2026-08-24 21:28:20,Jadau gandaberunda pendant,Default Title,NK01,3600.0,Sale,8,9,1,https://www.kanshijewels.com/products/jadau-gandaberunda-pendant?variant=gid://shopify/ProductVariant/53180547465516
2026-08-24 21:28:20,Jadau studs,Default Title,ER02,820.0,Sale,6,7,1,https://www.kanshijewels.com/products/jadau-studs-14?variant=gid://shopify/ProductVariant/53180579676460
2026-08-24 21:28:20,Mossanite studs,Default Title,ER01,2100.0,Sale,9,10,1,https://www.kanshijewels.com/products/mossanite-studs-7?variant=gid://shopify/ProductVariant/53180580233516
2026-08-24 21:28:20,Exquisite polki statement earrings,Default Title,ER518,1900.0,Sale,6,7,1,https://www.kanshijewels.com/products/exquisite-polki-statement-earrings-1900?variant=gid://shopify/ProductVariant/53255972290860
2026-08-24 21:28:20,Statement emerald diamond elegant earrings,Default Title,ER519,1490.0,Sale,6,7,1,https://www.kanshijewels.com/products/statement-emerald-diamond-elegant-earrings?variant=gid://shopify/ProductVariant/53255976943916
2026-08-24 21:28:20,Dulhan rani maangtika,Default Title,MT75,1450.0,Sale,1,2,1,https://www.kanshijewels.com/products/dulhan-rani-maangtika?variant=gid://shopify/ProductVariant/53255980286252
2026-08-24 21:28:20,Reversible gandaberunda pendant and mala dulhan set,Default Title,NK890,6990.0,Sale,9,10,1,https://www.kanshijewels.com/products/reversible-gandaberunda-pendant-and-mala-dulhan-set?variant=gid://shopify/ProductVariant/53255980712236
2026-08-24 21:28:20,Polki fusion set,Default Title,NK891,2450.0,Sale,6,7,1,https://www.kanshijewels.com/products/polki-fusion-set?variant=gid://shopify/ProductVariant/53255985856812
2026-08-24 21:28:20,Gold look dulhan chokar,Default Title,NK895,2100.0,Sale,5,6,1,https://www.kanshijewels.com/products/gold-look-dulhan-chokar?variant=gid://shopify/ProductVariant/53256110768428
2026-08-24 21:28:20,Elegant blue cutting with pearls sleek chain necklace,Default Title,NK897,930.0,Sale,9,10,1,https://www.kanshijewels.com/products/elegant-blue-cutting-with-pearls-sleek-chain-necklace?variant=gid://shopify/ProductVariant/53345299792172
2026-08-24 21:28:20,Bridal dulhan jadau hair accessory,Default Title,AC149,5100.0,Sale,9,10,1,https://www.kanshijewels.com/products/bridal-dulhan-jadau-hair-accessory?variant=gid://shopify/ProductVariant/53368245190956
2026-08-24 21:28:20,Classic carving emerald jadau fusion dulhan chokar,Default Title,NK898,3990.0,Sale,9,10,1,https://www.kanshijewels.com/products/classic-carving-emerald-jadau-fusion-dulhan-chokar?variant=gid://shopify/ProductVariant/53368750440748
2026-08-24 21:28:20,Classic emerald mossanite rani necklace earrings set,Default Title,NK899,5200.0,Sale,9,10,1,https://www.kanshijewels.com/products/classic-emerald-mossanite-rani-necklace-earrings-set?variant=gid://shopify/ProductVariant/53368771608876
2026-08-24 21:28:20,Classic jadau nakashi kasu necklace,Default Title,NK900,1600.0,Sale,9,10,1,https://www.kanshijewels.com/products/classic-jadau-nakashi-kasu-necklace?variant=gid://shopify/ProductVariant/53368783012140
2026-08-24 21:28:20,Classic mossanite diamond ruby elegant necklace,Default Title,NK901,2100.0,Sale,9,10,1,https://www.kanshijewels.com/products/classic-mossanite-diamond-ruby-elegant-necklace?variant=gid://shopify/ProductVariant/53368789696812
2026-08-24 21:28:20,Classic mossanite pastel necklace,Default Title,NK902,4400.0,Sale,9,10,1,https://www.kanshijewels.com/products/classic-mossanite-pastel-necklace?variant=gid://shopify/ProductVariant/53368804835628
2026-08-24 21:28:20,Classic pearls dulhan necklace,Default Title,NK903,1900.0,Sale,9,10,1,https://www.kanshijewels.com/products/classic-pearls-dulhan-necklace?variant=gid://shopify/ProductVariant/53368810635564
2026-08-24 21:28:20,Diamond motives emerald swaroski dulhan necklace,Default Title,NK904,2200.0,Sale,3,4,1,https://www.kanshijewels.com/products/diamond-motives-emerald-swaroski-dulhan-necklace?variant=gid://shopify/ProductVariant/53368817615148
2026-08-24 21:28:20,Dulhan kundan peacock motives pearls necklace chokar,Default Title,NK905,5500.0,Sale,9,10,1,https://www.kanshijewels.com/products/dulhan-kundan-peacock-motives-pearls-necklace-chokar?variant=gid://shopify/ProductVariant/53368826528044
2026-08-24 21:28:20,Dulhan mossanite mango chokar,Default Title,NK906,1450.0,Sale,9,10,1,https://www.kanshijewels.com/products/dulhan-mossanite-mango-chokar?variant=gid://shopify/ProductVariant/53368833081644
2026-08-24 21:28:20,Elegant blue mossanite necklace,Default Title,,4400.0,Sale,9,10,1,https://www.kanshijewels.com/products/elegant-blue-mossanite-necklace?variant=gid://shopify/ProductVariant/53368839962924
2026-08-24 21:28:20,Elegant dulhan jadau kundan ball necklace,Default Title,NK908,11500.0,Sale,9,10,1,https://www.kanshijewels.com/products/elegant-dulhan-jadau-kundan-ball-necklace?variant=gid://shopify/ProductVariant/53368852906284
2026-08-24 21:28:20,Elegant kundan work swaroski pearls necklace,Default Title,NK909,1990.0,Sale,3,4,1,https://www.kanshijewels.com/products/elegant-kundan-work-swaroski-pearls-necklace?variant=gid://shopify/ProductVariant/53368863424812
2026-08-24 21:28:20,Elegant minimal gold chain with pendant,Default Title,NK910,850.0,Sale,5,6,1,https://www.kanshijewels.com/products/elegant-minimal-gold-chain-with-pendant?variant=gid://shopify/ProductVariant/53368913658156
2026-08-24 21:28:20,Elegant multi fusion chokar,Default Title,NK911,4000.0,Sale,8,9,1,https://www.kanshijewels.com/products/elegant-multi-fusion-chokar?variant=gid://shopify/ProductVariant/53368919884076
2026-08-24 21:28:20,Elegant sheek jadau necklace and earring set,Default Title,NK913,1699.0,Sale,3,4,1,https://www.kanshijewels.com/products/elegant-sheek-jadau-necklace-and-earring-set?variant=gid://shopify/ProductVariant/53368929255724
2026-08-24 21:28:20,Exquisite jadau fusion mango necklace,Default Title,NK914,3990.0,Sale,7,8,1,https://www.kanshijewels.com/products/exquisite-jadau-fusion-mango-necklace?variant=gid://shopify/ProductVariant/53368936956204
2026-08-24 21:28:20,Most elegant swaroski emerald kundan fusion necklace,Default Title,NK915,2310.0,Sale,9,10,1,https://www.kanshijewels.com/products/most-elegant-swaroski-emerald-kundan-fusion-necklace?variant=gid://shopify/ProductVariant/53368938987820
2026-08-24 21:28:20,Navratan polki fusion set with earrings,Default Title,NK916,2100.0,Sale,9,10,1,https://www.kanshijewels.com/products/navratan-polki-fusion-set-with-earrings?variant=gid://shopify/ProductVariant/53368943575340
2026-08-24 21:28:20,Polki pendant elegant ruby rani necklace,Default Title,NK917,1450.0,Sale,9,10,1,https://www.kanshijewels.com/products/polki-pendant-elegant-ruby-rani-necklace?variant=gid://shopify/ProductVariant/53368949932332
2026-08-24 21:28:20,Precious swaroski kundan work fusion mala,Default Title,NK918,1550.0,Sale,4,5,1,https://www.kanshijewels.com/products/precious-swaroski-kundan-work-fusion-mala?variant=gid://shopify/ProductVariant/53368954454316
2026-08-24 21:28:20,classic gold jadau jhumkas,Default Title,ER522,2100.0,Sale,8,9,1,https://www.kanshijewels.com/products/classic-gold-jadau-jhumkas?variant=gid://shopify/ProductVariant/53368993972524
2026-08-24 21:28:20,Designer chandbali earrings,Default Title,ER523,3550.0,Sale,9,10,1,https://www.kanshijewels.com/products/designer-chandbali-earrings?variant=gid://shopify/ProductVariant/53369007210796
2026-08-24 21:28:20,Designer jadau nakashi fusion statement earrings,Default Title,ER524,1499.0,Sale,6,7,1,https://www.kanshijewels.com/products/designer-jadau-nakashi-fusion-statement-earrings?variant=gid://shopify/ProductVariant/53369012650284
2026-08-24 21:28:20,Elegant diamond look earrings,Default Title,ER525,759.0,Sale,5,6,1,https://www.kanshijewels.com/products/elegant-diamond-look-earrings?variant=gid://shopify/ProductVariant/53369017139500
2026-08-24 21:28:20,Elegant jadau dulhan jhumkas,Default Title,ER526,2600.0,Sale,2,3,1,https://www.kanshijewels.com/products/elegant-jadau-dulhan-jhumkas?variant=gid://shopify/ProductVariant/53369020023084
2026-08-24 21:28:20,Elegant mossanite dulhan chandbali,Default Title,ER527,1890.0,Sale,9,10,1,https://www.kanshijewels.com/products/elegant-mossanite-dulhan-chandbali?variant=gid://shopify/ProductVariant/53369027428652
2026-08-24 21:28:20,Exclusive dulhan rani jhumkas,Default Title,ER528,3500.0,Sale,8,9,1,https://www.kanshijewels.com/products/exclusive-dulhan-rani-jhumkas?variant=gid://shopify/ProductVariant/53369031131436
2026-08-24 21:28:20,Exquisite polki statement earrings,Default Title,ER529,1900.0,Sale,7,8,1,https://www.kanshijewels.com/products/exquisite-polki-statement-earrings?variant=gid://shopify/ProductVariant/53369035063596
2026-08-24 21:28:20,Gold look jadau jhumkas,Default Title,ER530,2400.0,Sale,7,8,1,https://www.kanshijewels.com/products/gold-look-jadau-jhumkas?variant=gid://shopify/ProductVariant/53369039618348
2026-08-24 21:28:20,Gold look dulhan jadau jhumkas,Default Title,ER531,4500.0,Sale,9,10,1,https://www.kanshijewels.com/products/gold-look-dulhan-jadau-jhumkas?variant=gid://shopify/ProductVariant/53369043353900
2026-08-24 21:28:20,Statement emerald diamond elegant earrings,Default Title,ER532,1490.0,Sale,7,8,1,https://www.kanshijewels.com/products/statement-emerald-diamond-elegant-earrings-1?variant=gid://shopify/ProductVariant/53369048957228
2026-08-24 21:28:20,Designer mossanite diamond with nakashi dulhan necklace,Default Title,NK919,5400.0,Sale,9,10,1,https://www.kanshijewels.com/products/designer-mossanite-diamond-with-nakashi-dulhan-necklace?variant=gid://shopify/ProductVariant/53369060622636
2026-08-24 21:28:20,Dulhan gold look nakashi jadau necklace,Default Title,NK920,5500.0,Sale,9,10,1,https://www.kanshijewels.com/products/dulhan-gold-look-nakashi-jadau-necklace?variant=gid://shopify/ProductVariant/53369070944556
2026-08-24 21:28:20,Dulhan jadau rani haram,Default Title,NK921,11400.0,Sale,9,10,1,https://www.kanshijewels.com/products/dulhan-jadau-rani-haram?variant=gid://shopify/ProductVariant/53369075368236
2026-08-24 21:28:20,Dulhan rani haram,Default Title,NK922,6900.0,Sale,9,10,1,https://www.kanshijewels.com/products/dulhan-rani-haram?variant=gid://shopify/ProductVariant/53369086738732
2026-08-24 21:28:20,Gold look dulhan rani necklace,Default Title,NK923,8250.0,Sale,8,9,1,https://www.kanshijewels.com/products/gold-look-dulhan-rani-necklace?variant=gid://shopify/ProductVariant/53369089786156
2026-08-24 21:28:20,Jadau chand necklace,Default Title,NK924,9500.0,Sale,9,10,1,https://www.kanshijewels.com/products/jadau-chand-necklace?variant=gid://shopify/ProductVariant/53369094799660
2026-08-24 21:28:20,Elegant pearls rani studs,Default Title,ER533,1600.0,Sale,7,8,1,https://www.kanshijewels.com/products/elegant-pearls-rani-studs?variant=gid://shopify/ProductVariant/53369126093100
2026-08-24 21:28:20,Classic jadau multipurpose ganda berunda eagle pendant,Default Title,NK925,3300.0,Sale,9,10,1,https://www.kanshijewels.com/products/classic-jadau-multipurpose-ganda-berunda-eagle-pendant?variant=gid://shopify/ProductVariant/53372140618028
2026-08-24 21:28:20,Elegant navratan multipurpose jadau mossanite polki fusion pendant,Default Title,NK926,1890.0,Sale,9,10,1,https://www.kanshijewels.com/products/elegant-navratan-multipurpose-jadau-mossanite-polki-fusion-pendant?variant=gid://shopify/ProductVariant/53372174041388
2026-08-24 21:28:20,Exclusive eagle gandaberunda multipurpose jadau kundan pendant,Default Title,NK927,2650.0,Sale,9,10,1,https://www.kanshijewels.com/products/exclusive-eagle-gandaberunda-multipurpose-jadau-kundan-pendant?variant=gid://shopify/ProductVariant/53372200943916
2026-08-24 21:28:20,jadau dulhan hair accessory,Default Title,AC153,2990.0,Sale,16,17,1,https://www.kanshijewels.com/products/jadau-dulhan-hair-accessory?variant=gid://shopify/ProductVariant/53407818383660
2026-08-24 21:28:20,Bridal hair accessory in jadau,Default Title,AC154,4080.0,Sale,19,20,1,https://www.kanshijewels.com/products/bridal-hair-accessory-in-jadau?variant=gid://shopify/ProductVariant/53418018308396
2026-08-24 21:28:20,Western yet traditional jadau bracelet,Default Title,AC155,1550.0,Sale,18,19,1,https://www.kanshijewels.com/products/western-yet-traditional-jadau-bracelet?variant=gid://shopify/ProductVariant/53418021191980
2026-08-24 21:28:20,Western yet traditional jadau motive bracelet,Default Title,AC156,1550.0,Sale,19,20,1,https://www.kanshijewels.com/products/western-yet-traditional-jadau-motive-bracelet?variant=gid://shopify/ProductVariant/53418022568236
2026-08-24 21:28:20,lotus jadau  motives invisible chain,Default Title,NK928,590.0,Sale,17,18,1,https://www.kanshijewels.com/products/lotus-jadau-motives-invisible-chsin?variant=gid://shopify/ProductVariant/53418027286828
2026-08-24 21:28:20,gold look peacock motives buttu necklace,Default Title,NK929,1700.0,Sale,9,10,1,https://www.kanshijewels.com/products/gold-look-peacock-motives-buttu-necklace?variant=gid://shopify/ProductVariant/53418683334956
2026-08-24 21:28:20,diamond look CZ necklace earrings set,Default Title,NK930,999.0,Sale,18,19,1,https://www.kanshijewels.com/products/diamond-look-cz-necklace-earrings-set?variant=gid://shopify/ProductVariant/53420200460588
2026-08-24 21:28:20,elegant jadau bridesmaids chokar,Default Title,NK931,1450.0,Sale,14,15,1,https://www.kanshijewels.com/products/elegant-jadau-bridesmaids-chokar?variant=gid://shopify/ProductVariant/53420202950956
2026-08-24 21:28:20,elegant jadau pearls fusion necklace earrings set_,Default Title,NK932,1450.0,Sale,19,20,1,https://www.kanshijewels.com/products/jadau-bridal-necklace?variant=gid://shopify/ProductVariant/53420204491052
2026-08-24 21:28:20,Classic peacock motive jadau chokar_,Default Title,NK933,1890.0,Sale,15,16,1,https://www.kanshijewels.com/products/classic-peacock-motive-jadau-chokar_?variant=gid://shopify/ProductVariant/53420215927084
2026-08-24 21:28:20,elegant flower jadau dulhan chain,Default Title,NK934,3600.0,Sale,19,20,1,https://www.kanshijewels.com/products/elegant-flower-jadau-dulhan-chain?variant=gid://shopify/ProductVariant/53420222382380
2026-08-24 21:28:20,reversible classic dulhan eagle pendant necklace,Default Title,NK935,4400.0,Sale,19,20,1,https://www.kanshijewels.com/products/reversible-classic-dulhan-eagle-pendant-necklace?variant=gid://shopify/ProductVariant/53420225397036
2026-08-24 21:28:20,jadau elegant necklace_,Default Title,NK936,6800.0,Sale,19,20,1,https://www.kanshijewels.com/products/jadau-elegant-necklace_?variant=gid://shopify/ProductVariant/53420226609452
2026-08-24 21:28:20,classic dulhan mossanite necklace,Default Title,NK937,8800.0,Sale,19,20,1,https://www.kanshijewels.com/products/classic-dulhan-mossanite-necklace?variant=gid://shopify/ProductVariant/53420229099820
2026-08-24 21:28:20,Blue cutting necklace,Default Title,NK938,1990.0,Sale,19,20,1,https://www.kanshijewels.com/products/blue-cutting-necklace?variant=gid://shopify/ProductVariant/53420234080556
2026-08-24 21:28:20,Classic dulhan jadau fusion chokar,Default Title,NK939,5239.0,Sale,18,19,1,https://www.kanshijewels.com/products/classic-dulhan-jadau-fusion-chokar?variant=gid://shopify/ProductVariant/53420236079404
2026-08-24 21:28:20,Classic dulhan mossanite necklace earrings set,Default Title,NK940,12500.0,Sale,18,19,1,https://www.kanshijewels.com/products/classic-dulhan-mossanite-necklace-earrings-set?variant=gid://shopify/ProductVariant/53420241944876
2026-08-24 21:28:20,Classic emerald diamond motives necklace,Default Title,NK941,2200.0,Sale,18,19,1,https://www.kanshijewels.com/products/classic-emerald-diamond-motives-necklace?variant=gid://shopify/ProductVariant/53420246466860
2026-08-24 21:28:20,Dulhan jadau rani haram,Default Title,NK942,5400.0,Sale,19,20,1,https://www.kanshijewels.com/products/dulhan-jadau-rani-haram-1?variant=gid://shopify/ProductVariant/53420249612588
2026-08-24 21:28:20,Dulhan pearls chokar necklace,Default Title,NK943,2300.0,Sale,18,19,1,https://www.kanshijewels.com/products/dulhan-pearls-chokar-necklace?variant=gid://shopify/ProductVariant/53420255052076
2026-08-24 21:28:20,Elegant blue cutting with pearls sleek chain necklace,Default Title,NK944,930.0,Sale,19,20,1,https://www.kanshijewels.com/products/elegant-blue-cutting-with-pearls-sleek-chain-necklace-1?variant=gid://shopify/ProductVariant/53420261409068
2026-08-24 21:28:20,Elegant jadau pendant and chain,Default Title,NK945,2200.0,Sale,19,20,1,https://www.kanshijewels.com/products/elegant-jadau-pendant-and-chain?variant=gid://shopify/ProductVariant/53420263571756
2026-08-24 21:28:20,Elegant jadau pendant with rice pearls chain,Default Title,NK946,1690.0,Sale,16,17,1,https://www.kanshijewels.com/products/elegant-jadau-pendant-with-rice-pearls-chain?variant=gid://shopify/ProductVariant/53420265996588
2026-08-24 21:28:20,Ganda berunda pendant with matar mala,Default Title,NK947,3990.0,Sale,18,19,1,https://www.kanshijewels.com/products/ganda-berunda-pendant-with-matar-mala?variant=gid://shopify/ProductVariant/53420268323116
2026-08-24 21:28:20,Jadau bridal necklace,Default Title,NK948,7300.0,Sale,19,20,1,https://www.kanshijewels.com/products/jadau-bridal-necklace-1?variant=gid://shopify/ProductVariant/53420272189740
2026-08-24 21:28:20,Jadau nakashi elegant chokar,Default Title,NK949,2600.0,Sale,19,20,1,https://www.kanshijewels.com/products/jadau-nakashi-elegant-chokar?variant=gid://shopify/ProductVariant/53420272943404
2026-08-24 21:28:20,Lotus motives dulhan jadau necklace earrings set,Default Title,NK950,4500.0,Sale,18,19,1,https://www.kanshijewels.com/products/lotus-motives-dulhan-jadau-necklace-earrings-set?variant=gid://shopify/ProductVariant/53420276613420
2026-08-24 21:28:20,Mossanite jadau motives black beads necklace,Default Title,NK951,2100.0,Sale,19,20,1,https://www.kanshijewels.com/products/mossanite-jadau-motives-black-beads-necklace?variant=gid://shopify/ProductVariant/53420280742188
2026-08-24 21:28:20,Most elegant mangalsutra ever,Default Title,NK952,899.0,Sale,18,19,1,https://www.kanshijewels.com/products/most-elegant-mangalsutra-ever?variant=gid://shopify/ProductVariant/53420281594156
2026-08-24 21:28:20,Most trending jadau motives rice pearls emerald fusion jali set,Default Title,NK953,2310.0,Sale,19,20,1,https://www.kanshijewels.com/products/most-trending-jadau-motives-rice-pearls-emerald-fusion-jali-set?variant=gid://shopify/ProductVariant/53420284444972
2026-08-24 21:28:20,Navratan polki pendant with detachable hasli necklace,Default Title,NK954,3200.0,Sale,19,20,1,https://www.kanshijewels.com/products/navratan-polki-pendant-with-detachable-hasli-necklace?variant=gid://shopify/ProductVariant/53420286050604
2026-08-24 21:28:20,Pearls ruby kundan motives fusion chokar necklace,Default Title,NK955,2990.0,Sale,19,20,1,https://www.kanshijewels.com/products/pearls-ruby-kundan-motives-fusion-chokar-necklace?variant=gid://shopify/ProductVariant/53420289884460
2026-08-24 21:28:20,Pumpkin chain necklace with jadau white combination pendant,Default Title,NK956,4500.0,Sale,19,20,1,https://www.kanshijewels.com/products/pumpkin-chain-necklace-with-jadau-white-combination-pendant?variant=gid://shopify/ProductVariant/53420293161260
2026-08-24 21:28:20,Traditional eagle peacock pendant pumpkin chain necklace,Default Title,NK957,4400.0,Sale,19,20,1,https://www.kanshijewels.com/products/traditional-eagle-peacock-pendant-pumpkin-chain-necklace?variant=gid://shopify/ProductVariant/53420295881004
2026-08-24 21:28:20,Elegant jadau emerald white jhumkis,Default Title,ER535,1450.0,Sale,16,17,1,https://www.kanshijewels.com/products/elegant-jadau-emerald-white-jhumkis?variant=gid://shopify/ProductVariant/53420409356588
2026-08-24 21:28:20,Elegant jadau green pearls studs,Default Title,ER536,1300.0,Sale,17,18,1,https://www.kanshijewels.com/products/elegant-jadau-green-pearls-studs?variant=gid://shopify/ProductVariant/53420412338476
2026-08-24 21:28:20,Exclusive jadau western fusion danglers,Pink,ER538,999.0,Sale,4,5,1,https://www.kanshijewels.com/products/exclusive-jadau-western-fusion-danglers?variant=gid://shopify/ProductVariant/53420803096876
2026-08-24 21:28:20,Exclusive jadau western fusion danglers,Green,ER537,999.0,Sale,1,2,1,https://www.kanshijewels.com/products/exclusive-jadau-western-fusion-danglers?variant=gid://shopify/ProductVariant/53420803129644
2026-08-24 21:28:20,Lotus motives bridal buttumala,Default Title,NK959,15000.0,Sale,19,20,1,https://www.kanshijewels.com/products/lotus-motives-bridal-buttumala?variant=gid://shopify/ProductVariant/53420673237292
2026-08-24 21:28:20,White combination jadau buttumala,Default Title,NK960,12000.0,Sale,19,20,1,https://www.kanshijewels.com/products/white-combination-jadau-buttumala?variant=gid://shopify/ProductVariant/53420689326380
2026-08-24 21:28:20,Dulhan jadau rani maangtika,Default Title,MT76,1450.0,Sale,11,12,1,https://www.kanshijewels.com/products/dulhan-jadau-rani-maangtika?variant=gid://shopify/ProductVariant/53420765151532
2026-08-24 21:28:20,Dulhan bridal jadau hair choti,Default Title,AC157,5100.0,Sale,19,20,1,https://www.kanshijewels.com/products/dulhan-bridal-jadau-hair-choti?variant=gid://shopify/ProductVariant/53468187001132
2026-08-24 21:28:20,Dulhan rani jadau kundan traditional elegant chokar necklace,Default Title,NK961,5800.0,Sale,19,20,1,https://www.kanshijewels.com/products/dulhan-rani-jadau-kundan-traditional-elegant-chokar-necklace?variant=gid://shopify/ProductVariant/53468191195436
2026-08-24 21:51:30,Jadau Kundan Earrings,Default Title,ER517,5355.0,Restock,2,1,3,https://www.kanshijewels.com/products/jadau-kundan-earrings?variant=gid://shopify/ProductVariant/45422164279596
2026-08-24 21:51:30,Jadau Kundan Earrings,Default Title,ER516,3675.0,Restock,7,1,8,https://www.kanshijewels.com/products/jadau-kundan-earrings-1?variant=gid://shopify/ProductVariant/45422168965420
2026-08-24 21:51:30,Jadau Kundan Earrings,Default Title,ER515,5145.0,Restock,9,1,10,https://www.kanshijewels.com/products/jadau-kundan-earrings-2?variant=gid://shopify/ProductVariant/45422180237612
2026-08-24 21:51:30,Jadau Kundan Earrings,Default Title,ER514,3517.5,Restock,8,1,9,https://www.kanshijewels.com/products/jadau-kundan-earrings-3?variant=gid://shopify/ProductVariant/45422214185260
2026-08-24 21:51:30,Jadau Kundan Earrings,Default Title,ER513,2467.5,Restock,5,1,6,https://www.kanshijewels.com/products/jadau-kundan-earrings-4?variant=gid://shopify/ProductVariant/45422232928556
2026-08-24 21:51:30,Jadau Kundan Earrings,Default Title,ER512,3045.0,Restock,9,1,10,https://www.kanshijewels.com/products/jadau-kundan-earrings-5?variant=gid://shopify/ProductVariant/45422329233708
2026-08-24 21:51:30,Jadau Kundan Earrings,Default Title,ER511,2940.0,Restock,7,1,8,https://www.kanshijewels.com/products/jadau-kundan-earrings-6?variant=gid://shopify/ProductVariant/45422359347500
2026-08-24 21:51:30,Jadau Kundan Earrings,Default Title,ER509,3444.0,Restock,8,1,9,https://www.kanshijewels.com/products/jadau-kundan-earrings-8?variant=gid://shopify/ProductVariant/45422419968300
2026-08-24 21:51:30,Jadau Kundan Earrings,Default Title,ER508,3465.0,Restock,11,1,12,https://www.kanshijewels.com/products/jadau-kundan-earrings-9?variant=gid://shopify/ProductVariant/45422477148460
2026-08-24 21:51:30,Jadau Kundan Earrings,Default Title,ER507,1575.0,Restock,4,1,5,https://www.kanshijewels.com/products/jadau-kundan-earrings-10?variant=gid://shopify/ProductVariant/45425793270060
2026-08-24 21:51:30,Jadau Kundan Earrings,Default Title,ER506,1680.0,Restock,9,1,10,https://www.kanshijewels.com/products/jadau-kundan-earrings-11?variant=gid://shopify/ProductVariant/45425796514092
2026-08-24 21:51:30,Jadau Kundan Earrings,Default Title,ER504,1449.0,Restock,6,1,7,https://www.kanshijewels.com/products/jadau-kundan-earrings-12?variant=gid://shopify/ProductVariant/45425801134380
2026-08-24 21:51:30,Jadau Kundan Earrings,Default Title,ER503,1039.5,Restock,3,1,4,https://www.kanshijewels.com/products/jadau-kundan-earrings-13?variant=gid://shopify/ProductVariant/45425815421228
2026-08-24 21:51:30,Jadau Kundan Stud Earrings,Default Title,ER502,2415.0,Restock,9,1,10,https://www.kanshijewels.com/products/jadau-kundan-stud-earrings?variant=gid://shopify/ProductVariant/45425817911596
2026-08-24 21:51:30,Jadau Kundan Stud Earrings,Default Title,ER501,451.5,Restock,3,1,4,https://www.kanshijewels.com/products/jadau-kundan-stud-earrings-1?variant=gid://shopify/ProductVariant/45425820467500
2026-08-24 21:51:30,Jadau Kundan Earrings,Default Title,ER500,1680.0,Restock,2,1,3,https://www.kanshijewels.com/products/jadau-kundan-earrings-14?variant=gid://shopify/ProductVariant/45425824203052
2026-08-24 21:51:30,Jadau Kundan Earrings,Default Title,ER499,1039.5,Restock,8,1,9,https://www.kanshijewels.com/products/jadau-kundan-earrings-15?variant=gid://shopify/ProductVariant/45425828987180
2026-08-24 21:51:30,Jadau Kundan Stud Earrings,Default Title,ER498,451.5,Restock,2,1,3,https://www.kanshijewels.com/products/jadau-kundan-stud-earrings-2?variant=gid://shopify/ProductVariant/45425832624428
2026-08-24 21:51:30,Jadau Kundan Earrings,Default Title,ER497,1575.0,Restock,8,1,9,https://www.kanshijewels.com/products/jadau-kundan-earrings-16?variant=gid://shopify/ProductVariant/45425834819884
2026-08-24 21:51:30,Jadau Kundan Stud Earrings,Default Title,ER496,2415.0,Restock,9,1,10,https://www.kanshijewels.com/products/jadau-kundan-stud-earrings-3?variant=gid://shopify/ProductVariant/45425836491052
2026-08-24 21:51:30,Jadau Kundan Stud Earrings,Default Title,ER495,2310.0,Restock,8,1,9,https://www.kanshijewels.com/products/jadau-kundan-stud-earrings-4?variant=gid://shopify/ProductVariant/45425838489900
2026-08-24 21:51:30,Jadau Kundan Stud Earrings,Default Title,ER494,2310.0,Restock,8,1,9,https://www.kanshijewels.com/products/jadau-kundan-stud-earrings-5?variant=gid://shopify/ProductVariant/45425844748588
2026-08-24 21:51:30,Jadau Kundan Earrings,Default Title,ER492,3937.5,Restock,9,1,10,https://www.kanshijewels.com/products/jadau-kundan-earrings-18?variant=gid://shopify/ProductVariant/45425855332652
2026-08-24 21:51:30,Jadau Kundan Earrings,Default Title,ER490,2089.5,Restock,9,1,10,https://www.kanshijewels.com/products/jadau-kundan-earrings-20?variant=gid://shopify/ProductVariant/45425864081708
2026-08-24 21:51:30,Jadau Kundan Earrings,Default Title,ER488,1785.0,Restock,9,1,10,https://www.kanshijewels.com/products/jadau-kundan-earrings-22?variant=gid://shopify/ProductVariant/45425877975340
2026-08-24 21:51:30,Jadau Kundan Earrings,Default Title,ER487,1365.0,Restock,9,1,10,https://www.kanshijewels.com/products/jadau-kundan-earrings-23?variant=gid://shopify/ProductVariant/45425880465708
2026-08-24 21:51:30,Jadau Kundan Earrings,Default Title,ER486,1039.5,Restock,2,1,3,https://www.kanshijewels.com/products/jadau-kundan-earrings-24?variant=gid://shopify/ProductVariant/45425881874732
2026-08-24 21:51:30,Jadau Kundan Stud Earrings,Default Title,ER484,2205.0,Restock,9,1,10,https://www.kanshijewels.com/products/jadau-kundan-stud-earrings-6?variant=gid://shopify/ProductVariant/45425885184300
2026-08-24 21:51:30,Jadau Kundan Earrings,Default Title,ER483,2089.5,Restock,9,1,10,https://www.kanshijewels.com/products/jadau-kundan-earrings-26?variant=gid://shopify/ProductVariant/45425887084844
2026-08-24 21:51:30,Jadau Kundan Earrings,Default Title,ER480,2520.0,Restock,9,1,10,https://www.kanshijewels.com/products/jadau-kundan-earrings-28?variant=gid://shopify/ProductVariant/45425929716012
2026-08-24 21:51:30,Jadau Kundan Necklace,Default Title,NK888,3675.0,Restock,8,1,9,https://www.kanshijewels.com/products/jadau-kundan-necklace-1?variant=gid://shopify/ProductVariant/45425977033004
2026-08-24 21:51:30,Jadau Kundan Necklace,Default Title,NK886,2625.0,Restock,7,1,8,https://www.kanshijewels.com/products/jadau-kundan-necklace-3?variant=gid://shopify/ProductVariant/45425985225004
2026-08-24 21:51:30,Jadau Kundan Necklace,Default Title,NK885,2625.0,Restock,8,1,9,https://www.kanshijewels.com/products/jadau-kundan-necklace-4?variant=gid://shopify/ProductVariant/45425986994476
2026-08-24 21:51:30,Jadau Kundan Necklace,Default Title,NK884,2940.0,Restock,7,1,8,https://www.kanshijewels.com/products/jadau-kundan-necklace-5?variant=gid://shopify/ProductVariant/45425988763948
2026-08-24 21:51:30,Jadau Kundan Necklace,Default Title,NK883,4095.0,Restock,4,1,5,https://www.kanshijewels.com/products/jadau-kundan-necklace-6?variant=gid://shopify/ProductVariant/45425991385388
2026-08-24 21:51:30,Jadau Kundan Necklace,Default Title,NK882,7245.0,Restock,9,1,10,https://www.kanshijewels.com/products/jadau-kundan-necklace-7?variant=gid://shopify/ProductVariant/45425993220396
2026-08-24 21:51:30,Jadau Kundan Necklace,Default Title,NK881,7140.0,Restock,9,1,10,https://www.kanshijewels.com/products/jadau-kundan-necklace-8?variant=gid://shopify/ProductVariant/45425995514156
2026-08-24 21:51:30,Jadau Kundan Necklace,Default Title,NK880,8085.0,Restock,3,1,4,https://www.kanshijewels.com/products/jadau-kundan-necklace-9?variant=gid://shopify/ProductVariant/45425998364972
2026-08-24 21:51:30,Jadau Kundan Necklace,Default Title,NK879,3675.0,Restock,6,1,7,https://www.kanshijewels.com/products/jadau-kundan-necklace-10?variant=gid://shopify/ProductVariant/45426001281324
2026-08-24 21:51:30,Jadau Kundan Necklace,Default Title,NK878,4935.0,Restock,9,1,10,https://www.kanshijewels.com/products/jadau-kundan-necklace-11?variant=gid://shopify/ProductVariant/45426004361516
2026-08-24 21:51:30,Jadau Kundan Necklace Earring Set,Default Title,ER478,10290.0,Restock,8,1,9,https://www.kanshijewels.com/products/jadau-kundan-necklace-12?variant=gid://shopify/ProductVariant/45426007146796
2026-08-24 21:51:30,Jadau Kundan Necklace,Default Title,NK876,7035.0,Restock,8,1,9,https://www.kanshijewels.com/products/jadau-kundan-necklace-14?variant=gid://shopify/ProductVariant/45426015011116
2026-08-24 21:51:30,Jadau Kundan Necklace Earring Set,Default Title,ER477,14385.0,Restock,7,1,8,https://www.kanshijewels.com/products/jadau-kundan-necklace-15?variant=gid://shopify/ProductVariant/45426016616748
2026-08-24 21:51:30,Jadau Kundan Necklace,Default Title,NK874,10185.0,Restock,9,1,10,https://www.kanshijewels.com/products/jadau-kundan-necklace-17?variant=gid://shopify/ProductVariant/45426022547756
2026-08-24 21:51:30,Jadau Kundan Necklace,Default Title,NK873,5145.0,Restock,4,1,5,https://www.kanshijewels.com/products/jadau-kundan-necklace-18?variant=gid://shopify/ProductVariant/45426023924012
2026-08-24 21:51:30,Jadau Kundan Necklace,Default Title,NK871,2089.5,Restock,6,1,7,https://www.kanshijewels.com/products/jadau-kundan-necklace-20?variant=gid://shopify/ProductVariant/45426031624492
2026-08-24 21:51:30,Jadau Kundan Necklace,Default Title,NK870,6195.0,Restock,9,1,10,https://www.kanshijewels.com/products/jadau-kundan-necklace-21?variant=gid://shopify/ProductVariant/45426033492268
2026-08-24 21:51:30,Jadau Kundan Necklace,Default Title,NK869,2625.0,Restock,9,1,10,https://www.kanshijewels.com/products/jadau-kundan-necklace-22?variant=gid://shopify/ProductVariant/45426036343084
2026-08-24 21:51:30,Jadau Kundan Necklace,Default Title,NK868,3360.0,Restock,5,1,6,https://www.kanshijewels.com/products/jadau-kundan-necklace-23?variant=gid://shopify/ProductVariant/45426038047020
2026-08-24 21:51:30,Jadau Kundan Necklace,Default Title,NK867,4515.0,Restock,8,1,9,https://www.kanshijewels.com/products/jadau-kundan-necklace-24?variant=gid://shopify/ProductVariant/45426039685420
2026-08-24 21:51:30,Jadau Kundan Necklace,Default Title,NK866,3360.0,Restock,9,1,10,https://www.kanshijewels.com/products/jadau-kundan-necklace-25?variant=gid://shopify/ProductVariant/45426044076332
2026-08-24 21:51:30,Jadau Kundan Necklace,Default Title,NK865,6195.0,Restock,9,1,10,https://www.kanshijewels.com/products/jadau-kundan-necklace-26?variant=gid://shopify/ProductVariant/45426045649196
2026-08-24 21:51:30,Jadau Kundan Necklace,Default Title,NK864,7770.0,Restock,4,1,5,https://www.kanshijewels.com/products/jadau-kundan-necklace-27?variant=gid://shopify/ProductVariant/45426320015660
2026-08-24 21:51:30,Jadau Kundan Necklace,Default Title,NK863,3139.5,Restock,5,1,6,https://www.kanshijewels.com/products/jadau-kundan-necklace-28?variant=gid://shopify/ProductVariant/45426335547692
2026-08-24 21:51:30,Jadau Kundan Necklace,Default Title,NK862,3360.0,Restock,6,1,7,https://www.kanshijewels.com/products/jadau-kundan-necklace-29?variant=gid://shopify/ProductVariant/45426349769004
2026-08-24 21:51:30,Jadau Kundan Necklace,Default Title,NK861,3990.0,Restock,9,1,10,https://www.kanshijewels.com/products/jadau-kundan-necklace-30?variant=gid://shopify/ProductVariant/45426356519212
2026-08-24 21:51:30,Jadau Kundan Necklace,Default Title,NK859,4935.0,Restock,8,1,9,https://www.kanshijewels.com/products/jadau-kundan-necklace-32?variant=gid://shopify/ProductVariant/45426390335788
2026-08-24 21:51:30,Jadau Kundan Necklace,Default Title,NK858,3990.0,Restock,8,1,9,https://www.kanshijewels.com/products/jadau-kundan-necklace-33?variant=gid://shopify/ProductVariant/45426416058668
2026-08-24 21:51:30,Jadau Kundan Necklace Earring Set,Default Title,ER476,7560.0,Restock,7,1,8,https://www.kanshijewels.com/products/jadau-kundan-necklace-34?variant=gid://shopify/ProductVariant/45426430017836
2026-08-24 21:51:30,Jadau Kundan Necklace,Default Title,NK857,8295.0,Restock,9,1,10,https://www.kanshijewels.com/products/jadau-kundan-necklace-35?variant=gid://shopify/ProductVariant/45426449645868
2026-08-24 21:51:30,Jadau Kundan Necklace,Default Title,NK856,2730.0,Restock,9,1,10,https://www.kanshijewels.com/products/jadau-kundan-necklace-36?variant=gid://shopify/ProductVariant/45426473369900
2026-08-24 21:51:30,Jadau Kundan Necklace,Default Title,NK855,2940.0,Restock,9,1,10,https://www.kanshijewels.com/products/jadau-kundan-necklace-37?variant=gid://shopify/ProductVariant/45426490507564
2026-08-24 21:51:30,Jadau Kundan Heavy Necklace,Default Title,NK854,9345.0,Restock,9,1,10,https://www.kanshijewels.com/products/jadau-kundan-heavy-necklace-2?variant=gid://shopify/ProductVariant/45432861524268
2026-08-24 21:51:30,Jadau Kundan Mango Necklace,Default Title,NK853,19950.0,Restock,7,1,8,https://www.kanshijewels.com/products/jadau-kundan-heavy-necklace-3?variant=gid://shopify/ProductVariant/45432861557036
2026-08-24 21:51:30,Jadau Kundan Heavy Necklace,Default Title,NK852,14700.0,Restock,8,1,9,https://www.kanshijewels.com/products/jadau-kundan-heavy-necklace-4?variant=gid://shopify/ProductVariant/45432861589804
2026-08-24 21:51:30,Jadau Kundan Heavy Necklace,Default Title,NK850,14910.0,Restock,9,1,10,https://www.kanshijewels.com/products/jadau-kundan-heavy-necklace-6?variant=gid://shopify/ProductVariant/45432861786412
2026-08-24 21:51:30,Jadau Kundan Amethyst Necklace,Default Title,NK848,6300.0,Restock,8,1,9,https://www.kanshijewels.com/products/jadau-kundan-heavy-necklace-8?variant=gid://shopify/ProductVariant/45432861851948
2026-08-24 21:51:30,Jadau Kundan Pearl Necklace,Default Title,NK847,6825.0,Restock,9,1,10,https://www.kanshijewels.com/products/jadau-kundan-heavy-necklace-9?variant=gid://shopify/ProductVariant/45432861884716
2026-08-24 21:51:30,Jadau Kundan Amethyst Necklace,Default Title,NK845,6300.0,Restock,5,1,6,https://www.kanshijewels.com/products/jadau-kundan-heavy-necklace-11?variant=gid://shopify/ProductVariant/45432861983020
2026-08-24 21:51:30,Jadau Kundan Necklace Earring Set,Default Title,ER474,10500.0,Restock,9,1,10,https://www.kanshijewels.com/products/jadau-kundan-heavy-necklace-13?variant=gid://shopify/ProductVariant/45432862048556
2026-08-24 21:51:30,Jadau Kundan Heavy Necklace,Default Title,NK837,9240.0,Restock,8,1,9,https://www.kanshijewels.com/products/jadau-kundan-heavy-necklace-20?variant=gid://shopify/ProductVariant/45432862310700
2026-08-24 21:51:30,Jadau Kundan Necklace,Default Title,NK836,8925.0,Restock,4,1,5,https://www.kanshijewels.com/products/jadau-kundan-heavy-necklace-21?variant=gid://shopify/ProductVariant/45432862376236
2026-08-24 21:51:30,Jadau Kundan Necklace,Default Title,NK835,5985.0,Restock,5,1,6,https://www.kanshijewels.com/products/jadau-kundan-heavy-necklace-22?variant=gid://shopify/ProductVariant/45432862409004
2026-08-24 21:51:30,Jadau Kundan Heavy Necklace,Default Title,NK834,9240.0,Restock,7,1,8,https://www.kanshijewels.com/products/jadau-kundan-heavy-necklace-23?variant=gid://shopify/ProductVariant/45432862441772
2026-08-24 21:51:30,Jadau Kundan Mango Necklace,Default Title,NK833,9660.0,Restock,9,1,10,https://www.kanshijewels.com/products/jadau-kundan-heavy-necklace-24?variant=gid://shopify/ProductVariant/45432862507308
2026-08-24 21:51:30,Jadau Kundan Necklace,Default Title,NK832,5145.0,Restock,9,1,10,https://www.kanshijewels.com/products/jadau-kundan-heavy-necklace-25?variant=gid://shopify/ProductVariant/45432862540076
2026-08-24 21:51:30,Jadau Kundan Mango Necklace,Default Title,NK831,10395.0,Restock,8,1,9,https://www.kanshijewels.com/products/jadau-kundan-heavy-necklace-26?variant=gid://shopify/ProductVariant/45432862638380
2026-08-24 21:51:30,Jadau Kundan Pearl Necklace,Default Title,NK830,2625.0,Restock,8,1,9,https://www.kanshijewels.com/products/jadau-kundan-heavy-necklace-27?variant=gid://shopify/ProductVariant/45432862671148
2026-08-24 21:51:30,Jadau Kundan Necklace,Default Title,NK829,5775.0,Restock,2,1,3,https://www.kanshijewels.com/products/jadau-kundan-heavy-necklace-28?variant=gid://shopify/ProductVariant/45432862736684
2026-08-24 21:51:30,Jadau Kundan Heavy Necklace,Default Title,NK828,14700.0,Restock,9,1,10,https://www.kanshijewels.com/products/jadau-kundan-heavy-necklace-29?variant=gid://shopify/ProductVariant/45432862769452
2026-08-24 21:51:30,Jadau Kundan Heavy Necklace,Default Title,NK826,7560.0,Restock,8,1,9,https://www.kanshijewels.com/products/jadau-kundan-heavy-necklace-31?variant=gid://shopify/ProductVariant/45432862867756
2026-08-24 21:51:30,Jadau Kundan Heavy Necklace,Default Title,NK824,11025.0,Restock,8,1,9,https://www.kanshijewels.com/products/jadau-kundan-heavy-necklace-33?variant=gid://shopify/ProductVariant/45432862933292
2026-08-24 21:51:30,Jadau Kundan Buttumala,Default Title,NK821,14700.0,Restock,9,1,10,https://www.kanshijewels.com/products/jadau-kundan-heavy-necklace-36?variant=gid://shopify/ProductVariant/45432863064364
2026-08-24 21:51:30,Jadau Kundan Buttumala,Default Title,NK820,8610.0,Restock,9,1,10,https://www.kanshijewels.com/products/jadau-kundan-heavy-necklace-37?variant=gid://shopify/ProductVariant/45432863097132
2026-08-24 21:51:30,Jadau Kundan Heavy Necklace,Default Title,NK818,7245.0,Restock,9,1,10,https://www.kanshijewels.com/products/jadau-kundan-heavy-necklace-39?variant=gid://shopify/ProductVariant/45432863195436
2026-08-24 21:51:30,Jadau Kundan Necklace,Default Title,NK814,5880.0,Restock,8,1,9,https://www.kanshijewels.com/products/jadau-kundan-heavy-necklace-43?variant=gid://shopify/ProductVariant/45432863424812
2026-08-24 21:51:30,Jadau Kundan Heavy Necklace,Default Title,NK813,9240.0,Restock,7,1,8,https://www.kanshijewels.com/products/jadau-kundan-heavy-necklace-44?variant=gid://shopify/ProductVariant/45432863457580
2026-08-24 21:51:30,Jadau Kundan Peacock Necklace Set,Default Title,NK812,10500.0,Restock,8,1,9,https://www.kanshijewels.com/products/jadau-kundan-heavy-necklace-45?variant=gid://shopify/ProductVariant/45432863490348
2026-08-24 21:51:30,Jadau Kundan Heavy Necklace,Default Title,NK809,6825.0,Restock,8,1,9,https://www.kanshijewels.com/products/jadau-kundan-heavy-necklace-48?variant=gid://shopify/ProductVariant/45432863588652
2026-08-24 21:51:30,Jadau Kundan Heavy Necklace,Default Title,NK808,7245.0,Restock,9,1,10,https://www.kanshijewels.com/products/jadau-kundan-heavy-necklace-49?variant=gid://shopify/ProductVariant/45432863654188
2026-08-24 21:51:30,Jadau Kundan Heavy Necklace,Default Title,NK807,9765.0,Restock,9,1,10,https://www.kanshijewels.com/products/jadau-kundan-heavy-necklace-50?variant=gid://shopify/ProductVariant/45432863752492
2026-08-24 21:51:30,Jadau Kundan Heavy Necklace,Default Title,NK806,11550.0,Restock,9,1,10,https://www.kanshijewels.com/products/jadau-kundan-heavy-necklace-51?variant=gid://shopify/ProductVariant/45432863785260
2026-08-24 21:51:30,Jadau Kundan Heavy Necklace Set,Default Title,NK805,25200.0,Restock,9,1,10,https://www.kanshijewels.com/products/jadau-kundan-heavy-necklace-52?variant=gid://shopify/ProductVariant/45432863850796
2026-08-24 21:51:30,Jadau Kundan Heavy Necklace Set,Default Title,NK803,23100.0,Restock,8,1,9,https://www.kanshijewels.com/products/jadau-kundan-heavy-necklace-54?variant=gid://shopify/ProductVariant/45432863916332
2026-08-24 21:51:30,Jadau Kundan Heavy Necklace,Default Title,NK802,8295.0,Restock,9,1,10,https://www.kanshijewels.com/products/jadau-kundan-heavy-necklace-55?variant=gid://shopify/ProductVariant/45432863949100
2026-08-24 21:51:30,Jadau Kundan Heavy Necklace,Default Title,NK801,9975.0,Restock,9,1,10,https://www.kanshijewels.com/products/jadau-kundan-heavy-necklace-56?variant=gid://shopify/ProductVariant/45432864014636
2026-08-24 21:51:30,Jadau Kundan Heavy Necklace,Default Title,NK800,6825.0,Restock,9,1,10,https://www.kanshijewels.com/products/jadau-kundan-heavy-necklace-57?variant=gid://shopify/ProductVariant/45432864047404
2026-08-24 21:51:30,Jadau Kundan Heavy Necklace,Default Title,NK799,14700.0,Restock,9,1,10,https://www.kanshijewels.com/products/jadau-kundan-heavy-necklace-58?variant=gid://shopify/ProductVariant/45432864080172
2026-08-24 21:51:30,Jadau Kundan Heavy Necklace,Default Title,NK798,5775.0,Restock,9,1,10,https://www.kanshijewels.com/products/jadau-kundan-heavy-necklace-59?variant=gid://shopify/ProductVariant/45432864145708
2026-08-24 21:51:30,Jadau Kundan Heavy Necklace Set,Default Title,NK797,17325.0,Restock,9,1,10,https://www.kanshijewels.com/products/jadau-kundan-heavy-necklace-60?variant=gid://shopify/ProductVariant/45432864211244
2026-08-24 21:51:30,Jadau Kundan Heavy Necklace,Default Title,NK795,7245.0,Restock,7,1,8,https://www.kanshijewels.com/products/jadau-kundan-heavy-necklace-62?variant=gid://shopify/ProductVariant/45432864309548
2026-08-24 21:51:30,Jadau Kundan Heavy Necklace,Default Title,NK794,14700.0,Restock,5,1,6,https://www.kanshijewels.com/products/jadau-kundan-heavy-necklace-63?variant=gid://shopify/ProductVariant/45432864342316
2026-08-24 21:51:30,Jadau Kundan Heavy Necklace,Default Title,NK793,14700.0,Restock,9,1,10,https://www.kanshijewels.com/products/jadau-kundan-heavy-necklace-64?variant=gid://shopify/ProductVariant/45432864375084
2026-08-24 21:51:30,Jadau Kundan Heavy Necklace Set,Default Title,NK792,12390.0,Restock,9,1,10,https://www.kanshijewels.com/products/jadau-kundan-heavy-necklace-65?variant=gid://shopify/ProductVariant/45432864407852
2026-08-24 21:51:30,Pearl Necklace Earring Set,Default Title,ER473,1995.0,Restock,9,1,10,https://www.kanshijewels.com/products/pearl-necklace-3?variant=gid://shopify/ProductVariant/45448715338028
2026-08-24 21:51:30,Pearl Necklace Earring Set,Default Title,ER472,3045.0,Restock,4,1,5,https://www.kanshijewels.com/products/pearl-necklace-4?variant=gid://shopify/ProductVariant/45448715370796
2026-08-24 21:51:30,Pearl Necklace,Default Title,NK791,3139.5,Restock,4,1,5,https://www.kanshijewels.com/products/pearl-necklace-5?variant=gid://shopify/ProductVariant/45448715403564
2026-08-24 21:51:30,Pearl Necklace,Default Title,NK790,2625.0,Restock,7,1,8,https://www.kanshijewels.com/products/pearl-necklace-6?variant=gid://shopify/ProductVariant/45448715436332
2026-08-24 21:51:30,Pearl Necklace,Default Title,NK789,2310.0,Restock,9,1,10,https://www.kanshijewels.com/products/pearl-necklace-7?variant=gid://shopify/ProductVariant/45448715501868
2026-08-24 21:51:30,Pearl Necklace,Default Title,NK787,1680.0,Restock,8,1,9,https://www.kanshijewels.com/products/pearl-necklace-9?variant=gid://shopify/ProductVariant/45448715600172
2026-08-24 21:51:30,Pearl Necklace,Default Title,NK783,2520.0,Restock,9,1,10,https://www.kanshijewels.com/products/pearl-necklace-13?variant=gid://shopify/ProductVariant/45448715796780
2026-08-24 21:51:30,Pearl Necklace,Default Title,NK782,2730.0,Restock,9,1,10,https://www.kanshijewels.com/products/pearl-necklace-14?variant=gid://shopify/ProductVariant/45448715862316
2026-08-24 21:51:30,Pearl Necklace,Default Title,NK781,1680.0,Restock,6,1,7,https://www.kanshijewels.com/products/pearl-necklace-15?variant=gid://shopify/ProductVariant/45448715895084
2026-08-24 21:51:30,Pearl Necklace,Default Title,NK780,1680.0,Restock,7,1,8,https://www.kanshijewels.com/products/pearl-necklace-16?variant=gid://shopify/ProductVariant/45448715927852
2026-08-24 21:51:30,Pearl Necklace,Default Title,NK775,2625.0,Restock,9,1,10,https://www.kanshijewels.com/products/pearl-necklace-21?variant=gid://shopify/ProductVariant/45448716189996
2026-08-24 21:51:30,Pearl Necklace,Default Title,NK772,1995.0,Restock,1,1,2,https://www.kanshijewels.com/products/pearl-necklace-24?variant=gid://shopify/ProductVariant/45448716386604
2026-08-24 21:51:30,Pearl Necklace,Default Title,NK770,3045.0,Restock,2,1,3,https://www.kanshijewels.com/products/pearl-necklace-26?variant=gid://shopify/ProductVariant/45448716517676
2026-08-24 21:51:30,Pearl Necklace,Default Title,NK769,2835.0,Restock,7,1,8,https://www.kanshijewels.com/products/pearl-necklace-27?variant=gid://shopify/ProductVariant/45448716550444
2026-08-24 21:51:30,Pearl Necklace,Default Title,NK768,3990.0,Restock,5,1,6,https://www.kanshijewels.com/products/pearl-necklace-28?variant=gid://shopify/ProductVariant/45448716583212
2026-08-24 21:51:30,Pearl Necklace,Default Title,NK767,2625.0,Restock,9,1,10,https://www.kanshijewels.com/products/pearl-necklace-29?variant=gid://shopify/ProductVariant/45448716615980
2026-08-24 21:51:30,Pearl Necklace,Default Title,NK763,1470.0,Restock,1,1,2,https://www.kanshijewels.com/products/pearl-necklace-33?variant=gid://shopify/ProductVariant/45448716779820
2026-08-24 21:51:30,Mangalsutra,Default Title,AC148,1260.0,Restock,2,1,3,https://www.kanshijewels.com/products/mangalsutra-1?variant=gid://shopify/ProductVariant/45448716812588
2026-08-24 21:51:30,Mangalsutra,Default Title,AC147,1155.0,Restock,8,1,9,https://www.kanshijewels.com/products/mangalsutra-2?variant=gid://shopify/ProductVariant/45448716845356
2026-08-24 21:51:30,Mangalsutra,Default Title,AC144,1039.5,Restock,5,1,6,https://www.kanshijewels.com/products/mangalsutra-5?variant=gid://shopify/ProductVariant/45448717074732
2026-08-24 21:51:30,Jadau Kundan Earrings,Default Title,ER471,3675.0,Restock,7,1,8,https://www.kanshijewels.com/products/jadau-kundan-earrings-40?variant=gid://shopify/ProductVariant/45453785563436
2026-08-24 21:51:30,Jadau Kundan Earrings,Default Title,ER470,3990.0,Restock,8,1,9,https://www.kanshijewels.com/products/jadau-kundan-earrings-41?variant=gid://shopify/ProductVariant/45453785628972
2026-08-24 21:51:30,Jadau Kundan Earrings,Default Title,ER469,4830.0,Restock,7,1,8,https://www.kanshijewels.com/products/jadau-kundan-earrings-42?variant=gid://shopify/ProductVariant/45453785661740
2026-08-24 21:51:30,Jadau Kundan Earrings,Default Title,ER467,3990.0,Restock,5,1,6,https://www.kanshijewels.com/products/jadau-kundan-earrings-44?variant=gid://shopify/ProductVariant/45453785760044
2026-08-24 21:51:30,Jadau Kundan Earrings,Default Title,ER465,3832.5,Restock,9,1,10,https://www.kanshijewels.com/products/jadau-kundan-earrings-46?variant=gid://shopify/ProductVariant/45453785858348
2026-08-24 21:51:30,Jadau Kundan Earrings,Default Title,ER459,3570.0,Restock,8,1,9,https://www.kanshijewels.com/products/jadau-kundan-earrings-52?variant=gid://shopify/ProductVariant/45453786218796
2026-08-24 21:51:30,Jadau Kundan Earrings,Default Title,ER458,4620.0,Restock,9,1,10,https://www.kanshijewels.com/products/jadau-kundan-earrings-53?variant=gid://shopify/ProductVariant/45453786284332
2026-08-24 21:51:30,Jadau Kundan Earrings,Default Title,ER457,5250.0,Restock,8,1,9,https://www.kanshijewels.com/products/jadau-kundan-earrings-54?variant=gid://shopify/ProductVariant/45453786317100
2026-08-24 21:51:30,Jadau Kundan Earrings,Default Title,ER456,4935.0,Restock,6,1,7,https://www.kanshijewels.com/products/jadau-kundan-earrings-55?variant=gid://shopify/ProductVariant/45453786349868
2026-08-24 21:51:30,Jadau Kundan Earrings,Default Title,ER455,3139.5,Restock,8,1,9,https://www.kanshijewels.com/products/jadau-kundan-earrings-56?variant=gid://shopify/ProductVariant/45453786415404
2026-08-24 21:51:30,Jadau Kundan Earrings,Default Title,ER454,3045.0,Restock,7,1,8,https://www.kanshijewels.com/products/jadau-kundan-earrings-57?variant=gid://shopify/ProductVariant/45453786480940
2026-08-24 21:51:30,Jadau Kundan Earrings,Default Title,ER453,4620.0,Restock,3,1,4,https://www.kanshijewels.com/products/jadau-kundan-earrings-58?variant=gid://shopify/ProductVariant/45453786546476
2026-08-24 21:51:30,Jadau Kundan Earrings,Default Title,ER450,2625.0,Restock,4,1,5,https://www.kanshijewels.com/products/jadau-kundan-earrings-61?variant=gid://shopify/ProductVariant/45453786677548
2026-08-24 21:51:30,Jadau Kundan Earrings,Default Title,ER449,5145.0,Restock,3,1,4,https://www.kanshijewels.com/products/jadau-kundan-earrings-62?variant=gid://shopify/ProductVariant/45453786710316
2026-08-24 21:51:30,Jadau Kundan Earrings,Default Title,ER447,4830.0,Restock,9,1,10,https://www.kanshijewels.com/products/jadau-kundan-earrings-64?variant=gid://shopify/ProductVariant/45453786808620
2026-08-24 21:51:30,Jadau Kundan Earrings,Default Title,ER446,4620.0,Restock,9,1,10,https://www.kanshijewels.com/products/jadau-kundan-earrings-65?variant=gid://shopify/ProductVariant/45453786874156
2026-08-24 21:51:30,Jadau Kundan Earrings,Default Title,ER445,4830.0,Restock,8,1,9,https://www.kanshijewels.com/products/jadau-kundan-earrings-66?variant=gid://shopify/ProductVariant/45453786972460
2026-08-24 21:51:30,Jadau Kundan Earrings,Default Title,ER443,4830.0,Restock,4,1,5,https://www.kanshijewels.com/products/jadau-kundan-earrings-68?variant=gid://shopify/ProductVariant/45453787037996
2026-08-24 21:51:30,Jadau Kundan Earrings,Default Title,ER442,4830.0,Restock,9,1,10,https://www.kanshijewels.com/products/jadau-kundan-earrings-69?variant=gid://shopify/ProductVariant/45453787070764
2026-08-24 21:51:30,Jadau Kundan Earrings,Default Title,ER441,4620.0,Restock,9,1,10,https://www.kanshijewels.com/products/jadau-kundan-earrings-70?variant=gid://shopify/ProductVariant/45453787103532
2026-08-24 21:51:30,Jadau Kundan Earrings,Default Title,ER440,4672.5,Restock,8,1,9,https://www.kanshijewels.com/products/jadau-kundan-earrings-71?variant=gid://shopify/ProductVariant/45453787136300
2026-08-24 21:51:30,Jadau Kundan Earrings,Default Title,ER439,4725.0,Restock,6,1,7,https://www.kanshijewels.com/products/jadau-kundan-earrings-72?variant=gid://shopify/ProductVariant/45453787234604
2026-08-24 21:51:30,Jadau Kundan Earrings,Default Title,ER438,2625.0,Restock,6,1,7,https://www.kanshijewels.com/products/jadau-kundan-earrings-73?variant=gid://shopify/ProductVariant/45453787267372
2026-08-24 21:51:30,Jadau Kundan Earrings,Default Title,ER437,4567.5,Restock,5,1,6,https://www.kanshijewels.com/products/jadau-kundan-earrings-74?variant=gid://shopify/ProductVariant/45453787300140
2026-08-24 21:51:30,Jadau Kundan Earrings,Default Title,ER436,5145.0,Restock,9,1,10,https://www.kanshijewels.com/products/jadau-kundan-earrings-75?variant=gid://shopify/ProductVariant/45453787365676
2026-08-24 21:51:30,Jadau Kundan Earrings,Default Title,ER435,3570.0,Restock,7,1,8,https://www.kanshijewels.com/products/jadau-kundan-earrings-76?variant=gid://shopify/ProductVariant/45453787431212
2026-08-24 21:51:30,Jadau Kundan Earrings,Default Title,ER434,4725.0,Restock,4,1,5,https://www.kanshijewels.com/products/jadau-kundan-earrings-77?variant=gid://shopify/ProductVariant/45453787463980
2026-08-24 21:51:30,Jadau Kundan Earrings,Default Title,ER433,4830.0,Restock,6,1,7,https://www.kanshijewels.com/products/jadau-kundan-earrings-78?variant=gid://shopify/ProductVariant/45453787496748
2026-08-24 21:51:30,Jadau Kundan Earrings,Default Title,ER432,2940.0,Restock,9,1,10,https://www.kanshijewels.com/products/jadau-kundan-earrings-79?variant=gid://shopify/ProductVariant/45453787529516
2026-08-24 21:51:30,Jadau Kundan Earrings,Default Title,ER431,4830.0,Restock,6,1,7,https://www.kanshijewels.com/products/jadau-kundan-earrings-80?variant=gid://shopify/ProductVariant/45453787595052
2026-08-24 21:51:30,Jadau Kundan Earrings,Default Title,ER430,4830.0,Restock,2,1,3,https://www.kanshijewels.com/products/jadau-kundan-earrings-81?variant=gid://shopify/ProductVariant/45453787660588
2026-08-24 21:51:30,Jadau Kundan Earrings,Default Title,ER429,3360.0,Restock,9,1,10,https://www.kanshijewels.com/products/jadau-kundan-earrings-82?variant=gid://shopify/ProductVariant/45453787693356
2026-08-24 21:51:30,Jadau Kundan Earrings,Default Title,ER428,3465.0,Restock,6,1,7,https://www.kanshijewels.com/products/jadau-kundan-earrings-83?variant=gid://shopify/ProductVariant/45453787758892
2026-08-24 21:51:30,Jadau Kundan Earrings,Default Title,ER427,3465.0,Restock,8,1,9,https://www.kanshijewels.com/products/jadau-kundan-earrings-84?variant=gid://shopify/ProductVariant/45453787824428
2026-08-24 21:51:30,Jadau Kundan Pendant,Default Title,NK762,2572.5,Restock,1,1,2,https://www.kanshijewels.com/products/jadau-kundan-maang-tika-49?variant=gid://shopify/ProductVariant/45462707831084
2026-08-24 21:51:30,Jadau Kundan Clip,Default Title,AC136,1365.0,Restock,6,1,7,https://www.kanshijewels.com/products/jadau-kundan-maang-tika-50?variant=gid://shopify/ProductVariant/45462707863852
2026-08-24 21:51:30,Jadau Kundan Ear Cuffs,Default Title,AC135,1470.0,Restock,3,1,4,https://www.kanshijewels.com/products/jadau-kundan-maang-tika-51?variant=gid://shopify/ProductVariant/45462707896620
2026-08-24 21:51:30,Jadau Kundan Pendant,Default Title,NK759,4095.0,Restock,8,1,9,https://www.kanshijewels.com/products/jadau-kundan-maang-tika-57?variant=gid://shopify/ProductVariant/45462708289836
2026-08-24 21:51:30,Jadau Kundan Pendant,Default Title,NK758,2415.0,Restock,8,1,9,https://www.kanshijewels.com/products/jadau-kundan-maang-tika-59?variant=gid://shopify/ProductVariant/45462708355372
2026-08-24 21:51:30,Jadau Kundan Pendant,Default Title,NK757,1890.0,Restock,1,1,2,https://www.kanshijewels.com/products/jadau-kundan-maang-tika-60?variant=gid://shopify/ProductVariant/45462708388140
2026-08-24 21:51:30,Jadau Kundan Tika and Pendant,Default Title,MT71,1365.0,Restock,5,1,6,https://www.kanshijewels.com/products/jadau-kundan-maang-tika-61?variant=gid://shopify/ProductVariant/45462708420908
2026-08-24 21:51:30,Jadau Kundan Tika or Pendant,Default Title,MT70,1470.0,Restock,1,1,2,https://www.kanshijewels.com/products/jadau-kundan-maang-tika-62?variant=gid://shopify/ProductVariant/45462708453676
2026-08-24 21:51:30,Jadau Kundan Pendant,Default Title,NK756,1890.0,Restock,8,1,9,https://www.kanshijewels.com/products/jadau-kundan-maang-tika-63?variant=gid://shopify/ProductVariant/45462708519212
2026-08-24 21:51:30,Jadau Kundan Tika and Pendant,Default Title,MT69,1575.0,Restock,5,1,6,https://www.kanshijewels.com/products/jadau-kundan-maang-tika-64?variant=gid://shopify/ProductVariant/45462708551980
2026-08-24 21:51:30,Jadau Kundan Tika and Pendant,Default Title,MT68,1260.0,Restock,8,1,9,https://www.kanshijewels.com/products/jadau-kundan-maang-tika-65?variant=gid://shopify/ProductVariant/45462708781356
2026-08-24 21:51:30,Jadau Kundan Tika and Pendant,Default Title,MT67,1365.0,Restock,8,1,9,https://www.kanshijewels.com/products/jadau-kundan-maang-tika-66?variant=gid://shopify/ProductVariant/45462708814124
2026-08-24 21:51:30,Jadau Kundan pendant,Default Title,NK755,2625.0,Restock,8,1,9,https://www.kanshijewels.com/products/jadau-kundan-maang-tika-67?variant=gid://shopify/ProductVariant/45462708846892
2026-08-24 21:51:30,Jadau Kundan Tikas or Pendant,Default Title,NK753,997.5,Restock,3,1,4,https://www.kanshijewels.com/products/jadau-kundan-maang-tika-69?variant=gid://shopify/ProductVariant/45462708912428
2026-08-24 21:51:30,Jadau Kundan Maang Tikka,Default Title,MT66,2415.0,Restock,9,1,10,https://www.kanshijewels.com/products/jadau-kundan-maang-tika-70?variant=gid://shopify/ProductVariant/45462708945196
2026-08-24 21:51:30,Jadau Kundan Maang Tikka,Default Title,MT65,1312.5,Restock,4,1,5,https://www.kanshijewels.com/products/jadau-kundan-maang-tika-71?variant=gid://shopify/ProductVariant/45462708977964
2026-08-24 21:51:30,Jadau Kundan Pendant,Default Title,NK752,1890.0,Restock,3,1,4,https://www.kanshijewels.com/products/jadau-kundan-maang-tika-72?variant=gid://shopify/ProductVariant/45462709010732
2026-08-24 21:51:30,Jadau Kundan Pendant,Default Title,NK751,3885.0,Restock,8,1,9,https://www.kanshijewels.com/products/jadau-kundan-maang-tika-73?variant=gid://shopify/ProductVariant/45462709043500
2026-08-24 21:51:30,Jadau Kundan Pendant,Default Title,NK750,3990.0,Restock,7,1,8,https://www.kanshijewels.com/products/jadau-kundan-maang-tika-74?variant=gid://shopify/ProductVariant/45462709076268
2026-08-24 21:51:30,Jadau Kundan Pendant,Default Title,NK748,3990.0,Restock,7,1,8,https://www.kanshijewels.com/products/jadau-kundan-maang-tika-76?variant=gid://shopify/ProductVariant/45462709141804
2026-08-24 21:51:30,Jadau Kundan Pendant,Default Title,NK747,3990.0,Restock,6,1,7,https://www.kanshijewels.com/products/jadau-kundan-maang-tika-77?variant=gid://shopify/ProductVariant/45462709371180
2026-08-24 21:51:30,Jadau Kundan Pendant,Default Title,NK746,3570.0,Restock,8,1,9,https://www.kanshijewels.com/products/jadau-kundan-maang-tika-78?variant=gid://shopify/ProductVariant/45462709403948
2026-08-24 21:51:30,Jadau Kundan Maang Tikka,Default Title,MT64,1575.0,Restock,7,1,8,https://www.kanshijewels.com/products/jadau-kundan-maang-tika-79?variant=gid://shopify/ProductVariant/45462709436716
2026-08-24 21:51:30,Jadau Kundan Pendant,Default Title,NK745,2572.5,Restock,7,1,8,https://www.kanshijewels.com/products/jadau-kundan-maang-tika-80?variant=gid://shopify/ProductVariant/45462709469484
2026-08-24 21:51:30,Jadau Kundan Necklace Earring Set,Default Title,ER426,9765.0,Restock,9,1,10,https://www.kanshijewels.com/products/jadau-kundan-necklace-42?variant=gid://shopify/ProductVariant/45469031039276
2026-08-24 21:51:30,Jadau Kundan Necklace,Default Title,NK742,6195.0,Restock,7,1,8,https://www.kanshijewels.com/products/jadau-kundan-necklace-43?variant=gid://shopify/ProductVariant/45469031629100
2026-08-24 21:51:30,Jadau Kundan Necklace Earring Set,Default Title,ER425,9975.0,Restock,8,1,9,https://www.kanshijewels.com/products/jadau-kundan-necklace-44?variant=gid://shopify/ProductVariant/45469032186156
2026-08-24 21:51:30,Jadau Kundan Necklace,Default Title,NK740,2730.0,Restock,6,1,7,https://www.kanshijewels.com/products/jadau-kundan-necklace-46?variant=gid://shopify/ProductVariant/45469032841516
2026-08-24 21:51:30,Jadau Kundan Necklace,Default Title,NK738,4095.0,Restock,9,1,10,https://www.kanshijewels.com/products/jadau-kundan-necklace-48?variant=gid://shopify/ProductVariant/45469032972588
2026-08-24 21:51:30,Jadau Kundan Necklace,Default Title,NK737,1995.0,Restock,9,1,10,https://www.kanshijewels.com/products/jadau-kundan-necklace-49?variant=gid://shopify/ProductVariant/45469033562412
2026-08-24 21:51:30,Jadau Kundan Necklace,Default Title,NK736,7140.0,Restock,9,1,10,https://www.kanshijewels.com/products/jadau-kundan-necklace-50?variant=gid://shopify/ProductVariant/45469033759020
2026-08-24 21:51:30,Jadau Kundan Necklace,Default Title,NK735,3360.0,Restock,6,1,7,https://www.kanshijewels.com/products/jadau-kundan-necklace-51?variant=gid://shopify/ProductVariant/45469034185004
2026-08-24 21:51:30,Jadau Kundan Necklace,Default Title,NK734,2730.0,Restock,4,1,5,https://www.kanshijewels.com/products/jadau-kundan-necklace-52?variant=gid://shopify/ProductVariant/45469034283308
2026-08-24 21:51:30,Jadau Kundan Necklace,Default Title,NK733,2520.0,Restock,7,1,8,https://www.kanshijewels.com/products/jadau-kundan-necklace-53?variant=gid://shopify/ProductVariant/45469034873132
2026-08-24 21:51:30,Jadau Kundan Necklace,Default Title,NK732,2310.0,Restock,8,1,9,https://www.kanshijewels.com/products/jadau-kundan-necklace-54?variant=gid://shopify/ProductVariant/45469034905900
2026-08-24 21:51:30,Jadau Kundan Necklace,Default Title,NK731,2415.0,Restock,7,1,8,https://www.kanshijewels.com/products/jadau-kundan-necklace-55?variant=gid://shopify/ProductVariant/45469035495724
2026-08-24 21:51:30,Jadau Kundan Necklace,Default Title,NK730,9660.0,Restock,9,1,10,https://www.kanshijewels.com/products/jadau-kundan-necklace-56?variant=gid://shopify/ProductVariant/45469035561260
2026-08-24 21:51:30,Jadau Kundan Necklace,Default Title,NK729,1890.0,Restock,8,1,9,https://www.kanshijewels.com/products/jadau-kundan-necklace-57?variant=gid://shopify/ProductVariant/45469035659564
2026-08-24 21:51:30,Jadau Kundan Necklace,Default Title,NK728,1575.0,Restock,2,1,3,https://www.kanshijewels.com/products/jadau-kundan-necklace-58?variant=gid://shopify/ProductVariant/45469036216620
2026-08-24 21:51:30,Jadau Kundan Necklace,Default Title,NK726,2310.0,Restock,9,1,10,https://www.kanshijewels.com/products/jadau-kundan-necklace-60?variant=gid://shopify/ProductVariant/45469036871980
2026-08-24 21:51:30,Jadau Kundan Necklace,Default Title,NK725,3045.0,Restock,3,1,4,https://www.kanshijewels.com/products/jadau-kundan-necklace-61?variant=gid://shopify/ProductVariant/45469036970284
2026-08-24 21:51:30,Jadau Kundan Necklace,Default Title,NK724,5145.0,Restock,7,1,8,https://www.kanshijewels.com/products/jadau-kundan-necklace-62?variant=gid://shopify/ProductVariant/45469037560108
2026-08-24 21:51:30,Jadau Kundan Necklace,Default Title,NK720,3990.0,Restock,8,1,9,https://www.kanshijewels.com/products/jadau-kundan-necklace-66?variant=gid://shopify/ProductVariant/45469038346540
2026-08-24 21:51:30,Jadau Kundan Necklace,Default Title,NK719,7980.0,Restock,8,1,9,https://www.kanshijewels.com/products/jadau-kundan-necklace-67?variant=gid://shopify/ProductVariant/45469038379308
2026-08-24 21:51:30,Jadau Kundan Necklace Earring Set,Default Title,ER424,4095.0,Restock,6,1,7,https://www.kanshijewels.com/products/jadau-kundan-necklace-68?variant=gid://shopify/ProductVariant/45469038444844
2026-08-24 21:51:30,Jadau Kundan Necklace Earring Set,Default Title,ER423,13125.0,Restock,9,1,10,https://www.kanshijewels.com/products/jadau-kundan-necklace-69?variant=gid://shopify/ProductVariant/45469038936364
2026-08-24 21:51:30,Jadau Kundan Necklace,Default Title,NK718,2835.0,Restock,5,1,6,https://www.kanshijewels.com/products/jadau-kundan-necklace-70?variant=gid://shopify/ProductVariant/45469039067436
2026-08-24 21:51:30,Jadau Kundan Necklace,Default Title,NK717,2835.0,Restock,7,1,8,https://www.kanshijewels.com/products/jadau-kundan-necklace-71?variant=gid://shopify/ProductVariant/45469039132972
2026-08-24 21:51:30,Jadau Kundan Necklace,Default Title,NK716,14700.0,Restock,9,1,10,https://www.kanshijewels.com/products/jadau-kundan-necklace-72?variant=gid://shopify/ProductVariant/45469039198508
2026-08-24 21:51:30,Jadau Kundan Necklace,Default Title,NK715,3990.0,Restock,7,1,8,https://www.kanshijewels.com/products/jadau-kundan-necklace-73?variant=gid://shopify/ProductVariant/45469039788332
2026-08-24 21:51:30,Jadau Kundan Necklace,Default Title,NK714,3885.0,Restock,9,1,10,https://www.kanshijewels.com/products/jadau-kundan-necklace-74?variant=gid://shopify/ProductVariant/45469039821100
2026-08-24 21:51:30,Jadau Kundan Necklace,Default Title,NK713,10290.0,Restock,4,1,5,https://www.kanshijewels.com/products/jadau-kundan-necklace-75?variant=gid://shopify/ProductVariant/45469040410924
2026-08-24 21:51:30,Jadau Kundan Necklace,Default Title,NK711,6405.0,Restock,7,1,8,https://www.kanshijewels.com/products/jadau-kundan-necklace-77?variant=gid://shopify/ProductVariant/45469040541996
2026-08-24 21:51:30,Jadau Kundan Necklace Earring Set,Default Title,ER422,11550.0,Restock,8,1,9,https://www.kanshijewels.com/products/jadau-kundan-necklace-78?variant=gid://shopify/ProductVariant/45469041131820
2026-08-24 21:51:30,Jadau Kundan Necklace,Default Title,NK709,2300.0,Restock,4,1,5,https://www.kanshijewels.com/products/jadau-kundan-necklace-80?variant=gid://shopify/ProductVariant/45469041787180
2026-08-24 21:51:30,Jadau Kundan Necklace,Default Title,NK708,3465.0,Restock,8,1,9,https://www.kanshijewels.com/products/jadau-kundan-necklace-81?variant=gid://shopify/ProductVariant/45469041852716
2026-08-24 21:51:30,Jadau Kundan Necklace,Default Title,NK704,7245.0,Restock,4,1,5,https://www.kanshijewels.com/products/jadau-kundan-necklace-85?variant=gid://shopify/ProductVariant/45469043163436
2026-08-24 21:51:30,Jadau Kundan Necklace,Default Title,NK703,3990.0,Restock,8,1,9,https://www.kanshijewels.com/products/jadau-kundan-necklace-86?variant=gid://shopify/ProductVariant/45469043753260
2026-08-24 21:51:30,Jadau Kundan Necklace,Default Title,NK702,8085.0,Restock,5,1,6,https://www.kanshijewels.com/products/jadau-kundan-necklace-87?variant=gid://shopify/ProductVariant/45469043786028
2026-08-24 21:51:30,Jadau Kundan Necklace Earring Set,Default Title,ER421,2940.0,Restock,8,1,9,https://www.kanshijewels.com/products/jadau-kundan-necklace-89?variant=gid://shopify/ProductVariant/45469044605228
2026-08-24 21:51:30,Jadau Kundan Necklace Earring Set,Default Title,ER420,1995.0,Restock,5,1,6,https://www.kanshijewels.com/products/jadau-kundan-necklace-90?variant=gid://shopify/ProductVariant/45469044867372
2026-08-24 21:51:30,Jadau Kundan Necklace,Default Title,NK700,8925.0,Restock,9,1,10,https://www.kanshijewels.com/products/jadau-kundan-necklace-91?variant=gid://shopify/ProductVariant/45469045227820
2026-08-24 21:51:30,Jadau Kundan Necklace,Default Title,NK699,3675.0,Restock,9,1,10,https://www.kanshijewels.com/products/jadau-kundan-necklace-92?variant=gid://shopify/ProductVariant/45469045817644
2026-08-24 21:51:30,Jadau Kundan Necklace,Default Title,NK697,6825.0,Restock,9998,1,9999,https://www.kanshijewels.com/products/jewellery-set?variant=gid://shopify/ProductVariant/46070097707308
2026-08-24 21:51:30,Jadau Kundan Earrings,Default Title,ER419,2625.0,Restock,2,1,3,https://www.kanshijewels.com/products/jadau-kundan-earrings-30?variant=gid://shopify/ProductVariant/46472059978028
2026-08-24 21:51:30,Jadau Kundan Earrings,Default Title,ER418,2625.0,Restock,1,1,2,https://www.kanshijewels.com/products/jadau-kundan-earrings-31?variant=gid://shopify/ProductVariant/46472095629612
2026-08-24 21:51:30,Jadau Kundan Earrings,Default Title,ER417,2730.0,Restock,6,1,7,https://www.kanshijewels.com/products/jadau-kundan-earrings-32?variant=gid://shopify/ProductVariant/46472211300652
2026-08-24 21:51:30,Jadau Kundan Earrings,Default Title,ER416,2835.0,Restock,3,1,4,https://www.kanshijewels.com/products/jadau-kundan-earrings-33?variant=gid://shopify/ProductVariant/46472239644972
2026-08-24 21:51:30,Jadau Kundan Earrings,Default Title,ER415,2835.0,Restock,9,1,10,https://www.kanshijewels.com/products/jadau-kundan-earrings-34?variant=gid://shopify/ProductVariant/46472263696684
2026-08-24 21:51:30,Jadau Kundan Earrings,Default Title,ER414,2940.0,Restock,6,1,7,https://www.kanshijewels.com/products/jadau-kundan-earrings-35?variant=gid://shopify/ProductVariant/46472311046444
2026-08-24 21:51:30,Jadau Kundan Earrings,Default Title,ER413,2940.0,Restock,9,1,10,https://www.kanshijewels.com/products/jadau-kundan-earrings-36?variant=gid://shopify/ProductVariant/46472390345004
2026-08-24 21:51:30,Jadau Kundan Earrings,Default Title,ER411,3465.0,Restock,4,1,5,https://www.kanshijewels.com/products/jadau-kundan-earrings-38?variant=gid://shopify/ProductVariant/46472416297260
2026-08-24 21:51:30,Jadau Kundan Earrings,Default Title,ER410,3465.0,Restock,2,1,3,https://www.kanshijewels.com/products/jadau-kundan-earrings-39?variant=gid://shopify/ProductVariant/46472432681260
2026-08-24 21:51:30,Jadau Kundan Earrings,Default Title,ER406,3885.0,Restock,1,1,2,https://www.kanshijewels.com/products/jadau-kundan-earrings-88?variant=gid://shopify/ProductVariant/46472495169836
2026-08-24 21:51:30,Jadau Kundan Earrings,Default Title,ER405,4620.0,Restock,9,1,10,https://www.kanshijewels.com/products/jadau-kundan-earrings-89?variant=gid://shopify/ProductVariant/46472505196844
2026-08-24 21:51:30,Jadau Kundan Earrings,Default Title,ER404,5239.5,Restock,6,1,7,https://www.kanshijewels.com/products/jadau-kundan-earrings-90?variant=gid://shopify/ProductVariant/46472524628268
2026-08-24 21:51:30,Jadau Kundan Stud Earrings,Default Title,ER402,514.5,Restock,1,1,2,https://www.kanshijewels.com/products/jadau-kundan-stud-earrings-9?variant=gid://shopify/ProductVariant/46472671396140
2026-08-24 21:51:30,Jadau Kundan Earrings,Default Title,ER401,1039.5,Restock,2,1,3,https://www.kanshijewels.com/products/jadau-kundan-stud-earrings-10?variant=gid://shopify/ProductVariant/46472684798252
2026-08-24 21:51:30,Jadau Kundan Earrings,Default Title,ER399,1365.0,Restock,8,1,9,https://www.kanshijewels.com/products/jadau-kundan-stud-earrings-12?variant=gid://shopify/ProductVariant/46472736735532
2026-08-24 21:51:30,Jadau Kundan Stud Earrings,Default Title,ER398,1890.0,Restock,9,1,10,https://www.kanshijewels.com/products/jadau-kundan-stud-earrings-13?variant=gid://shopify/ProductVariant/46472741519660
2026-08-24 21:51:30,Jadau Kundan Stud Earrings,Default Title,ER397,1890.0,Restock,9,1,10,https://www.kanshijewels.com/products/jadau-kundan-stud-earrings-14?variant=gid://shopify/ProductVariant/46472751972652
2026-08-24 21:51:30,Jadau Kundan Stud Earrings,Default Title,ER395,1995.0,Restock,9,1,10,https://www.kanshijewels.com/products/jadau-kundan-stud-earrings-16?variant=gid://shopify/ProductVariant/46472776843564
2026-08-24 21:51:30,Jadau Kundan Stud Earrings,Default Title,ER394,1995.0,Restock,9,1,10,https://www.kanshijewels.com/products/jadau-kundan-stud-earrings-17?variant=gid://shopify/ProductVariant/46472794112300
2026-08-24 21:51:30,Jadau Kundan Earrings,Default Title,ER393,2089.5,Restock,4,1,5,https://www.kanshijewels.com/products/jadau-kundan-stud-earrings-18?variant=gid://shopify/ProductVariant/46472810692908
2026-08-24 21:51:30,Jadau Kundan Stud Earrings,Default Title,ER391,2310.0,Restock,8,1,9,https://www.kanshijewels.com/products/jadau-kundan-stud-earrings-20?variant=gid://shopify/ProductVariant/46472855060780
2026-08-24 21:51:30,Jadau Kundan Earrings,Default Title,ER390,2310.0,Restock,7,1,8,https://www.kanshijewels.com/products/jadau-kundan-stud-earrings-21?variant=gid://shopify/ProductVariant/46472865808684
2026-08-24 21:51:30,Jadau Kundan Stud Earrings,Default Title,ER389,2310.0,Restock,7,1,8,https://www.kanshijewels.com/products/jadau-kundan-stud-earrings-22?variant=gid://shopify/ProductVariant/46472879800620
2026-08-24 21:51:30,Jadau Kundan Stud Earrings,Default Title,ER388,2310.0,Restock,5,1,6,https://www.kanshijewels.com/products/jadau-kundan-stud-earrings-23?variant=gid://shopify/ProductVariant/46472888746284
2026-08-24 21:51:30,Jadau Kundan Stud Earrings,Default Title,ER384,2310.0,Restock,8,1,9,https://www.kanshijewels.com/products/jadau-kundan-stud-earrings-27?variant=gid://shopify/ProductVariant/46472967094572
2026-08-24 21:51:30,Jadau Kundan Stud Earrings,Default Title,ER383,2310.0,Restock,9,1,10,https://www.kanshijewels.com/products/jadau-kundan-stud-earrings-28?variant=gid://shopify/ProductVariant/46472978432300
2026-08-24 21:51:30,Jadau Kundan Stud Earrings,Default Title,ER381,2415.0,Restock,5,1,6,https://www.kanshijewels.com/products/jadau-kundan-stud-earrings-30?variant=gid://shopify/ProductVariant/46473018835244
2026-08-24 21:51:30,Jadau Kundan Stud Earrings,Default Title,ER380,2415.0,Restock,8,1,9,https://www.kanshijewels.com/products/jadau-kundan-stud-earrings-31?variant=gid://shopify/ProductVariant/46473030107436
2026-08-24 21:51:30,Jadau Kundan Earrings,Default Title,ER378,2520.0,Restock,7,1,8,https://www.kanshijewels.com/products/jadau-kundan-stud-earrings-33?variant=gid://shopify/ProductVariant/46473055142188
2026-08-24 21:51:30,Jadau Kundan Stud Earrings,Default Title,ER377,2520.0,Restock,7,1,8,https://www.kanshijewels.com/products/jadau-kundan-stud-earrings-34?variant=gid://shopify/ProductVariant/46473072574764
2026-08-24 21:51:30,Jadau Kundan Stud Earrings,Default Title,ER375,2520.0,Restock,9,1,10,https://www.kanshijewels.com/products/jadau-kundan-stud-earrings-36?variant=gid://shopify/ProductVariant/46473104163116
2026-08-24 21:51:30,Jadau Kundan Pendant,Default Title,NK696,1470.0,Restock,5,1,6,https://www.kanshijewels.com/products/jadau-kundan-stud-earrings-37?variant=gid://shopify/ProductVariant/46475503206700
2026-08-24 21:51:30,Jadau Kundan Pendant,Default Title,NK695,1785.0,Restock,6,1,7,https://www.kanshijewels.com/products/jadau-kundan-pendant?variant=gid://shopify/ProductVariant/46475538989356
2026-08-24 21:51:30,Jadau Kundan Pendant,Default Title,NK693,4095.0,Restock,8,1,9,https://www.kanshijewels.com/products/jadau-kundan-pendant-2?variant=gid://shopify/ProductVariant/46475604754732
2026-08-24 21:51:30,Jadau Kundan Pendant,Default Title,NK692,5145.0,Restock,5,1,6,https://www.kanshijewels.com/products/jadau-kundan-pendant-3?variant=gid://shopify/ProductVariant/46475628740908
2026-08-24 21:51:30,Jadau Kundan Pendant,Default Title,NK691,9450.0,Restock,9,1,10,https://www.kanshijewels.com/products/jadau-kundan-pendant-4?variant=gid://shopify/ProductVariant/46475675140396
2026-08-24 21:51:30,Jadau Kundan Maang Tikka,Default Title,MT63,1260.0,Restock,5,1,6,https://www.kanshijewels.com/products/jadau-kundan-pendant-5?variant=gid://shopify/ProductVariant/46476157616428
2026-08-24 21:51:30,Jadau Kundan Maang Tikka,Default Title,MT62,1155.0,Restock,4,1,5,https://www.kanshijewels.com/products/jadau-kundan-maang-tika?variant=gid://shopify/ProductVariant/46476231606572
2026-08-24 21:51:30,Jadau Kundan Maang Tikka,Default Title,MT61,1155.0,Restock,3,1,4,https://www.kanshijewels.com/products/jadau-kundan-maang-tika-1?variant=gid://shopify/ProductVariant/46476261982508
2026-08-24 21:51:30,Jadau Kundan Maang Tikka,Default Title,MT60,1260.0,Restock,2,1,3,https://www.kanshijewels.com/products/jadau-kundan-maang-tika-2?variant=gid://shopify/ProductVariant/46476347834668
2026-08-24 21:51:30,Jadau Kundan Maang Tikka,Default Title,MT59,1260.0,Restock,4,1,5,https://www.kanshijewels.com/products/jadau-kundan-maang-tika-3?variant=gid://shopify/ProductVariant/46476390039852
2026-08-24 21:51:30,Jadau Kundan Maang Tikka,Default Title,MT58,1260.0,Restock,6,1,7,https://www.kanshijewels.com/products/jadau-kundan-maang-tika-4?variant=gid://shopify/ProductVariant/46476434374956
2026-08-24 21:51:30,Jadau Kundan Maang Tikka,Default Title,MT57,1365.0,Restock,7,1,8,https://www.kanshijewels.com/products/jadau-kundan-maang-tika-5?variant=gid://shopify/ProductVariant/46476472975660
2026-08-24 21:51:30,Jadau Kundan Maang Tikka,Default Title,MT56,1365.0,Restock,4,1,5,https://www.kanshijewels.com/products/jadau-kundan-maang-tika-6?variant=gid://shopify/ProductVariant/46476513345836
2026-08-24 21:51:30,Jadau Kundan Maang Tikka,Default Title,MT55,1365.0,Restock,5,1,6,https://www.kanshijewels.com/products/jadau-kundan-maang-tika-7?variant=gid://shopify/ProductVariant/46476541165868
2026-08-24 21:51:30,Jadau Kundan Maang Tikka,Default Title,MT54,1470.0,Restock,5,1,6,https://www.kanshijewels.com/products/jadau-kundan-maang-tika-8?variant=gid://shopify/ProductVariant/46476569641260
2026-08-24 21:51:30,Jadau Kundan Maang Tikka,Default Title,MT53,1470.0,Restock,8,1,9,https://www.kanshijewels.com/products/jadau-kundan-maang-tika-9?variant=gid://shopify/ProductVariant/46476612010284
2026-08-24 21:51:30,Jadau Kundan Maang Tikka,Default Title,MT52,1470.0,Restock,2,1,3,https://www.kanshijewels.com/products/jadau-kundan-maang-tika-10?variant=gid://shopify/ProductVariant/46476641927468
2026-08-24 21:51:30,Jadau Kundan Maang Tikka,Default Title,MT51,2625.0,Restock,1,1,2,https://www.kanshijewels.com/products/jadau-kundan-maang-tika-11?variant=gid://shopify/ProductVariant/46476679807276
2026-08-24 21:51:30,Mangalsutra,Default Title,AC133,1039.5,Restock,6,1,7,https://www.kanshijewels.com/products/mangalsutra?variant=gid://shopify/ProductVariant/46476756353324
2026-08-24 21:51:30,Mangalsutra,Default Title,AC132,1155.0,Restock,8,1,9,https://www.kanshijewels.com/products/mangalsutra-6?variant=gid://shopify/ProductVariant/46476784861484
2026-08-24 21:51:30,Mangalsutra,Default Title,AC131,1155.0,Restock,3,1,4,https://www.kanshijewels.com/products/mangalsutra-7?variant=gid://shopify/ProductVariant/46476802490668
2026-08-24 21:51:30,Mangalsutra,Default Title,AC129,1260.0,Restock,3,1,4,https://www.kanshijewels.com/products/mangalsutra-9?variant=gid://shopify/ProductVariant/46476886901036
2026-08-24 21:51:30,Mangalsutra,Default Title,AC128,1260.0,Restock,6,1,7,https://www.kanshijewels.com/products/mangalsutra-10?variant=gid://shopify/ProductVariant/46476922388780
2026-08-24 21:51:30,Mangalsutra,Default Title,AC127,1995.0,Restock,8,1,9,https://www.kanshijewels.com/products/mangalsutra-11?variant=gid://shopify/ProductVariant/46476955058476
2026-08-24 21:51:30,Mangalsutra,Default Title,AC126,1995.0,Restock,9,1,10,https://www.kanshijewels.com/products/mangalsutra-12?variant=gid://shopify/ProductVariant/46476978127148
2026-08-24 21:51:30,Jadau Kundan Ear Cuffs,Default Title,AC124,1470.0,Restock,5,1,6,https://www.kanshijewels.com/products/jadau-kundan-ear-cuffs-1?variant=gid://shopify/ProductVariant/46477113622828
2026-08-24 21:51:30,Jadau Kundan Clip,Default Title,AC121,1039.5,Restock,2,1,3,https://www.kanshijewels.com/products/jadau-kundan-clip-1?variant=gid://shopify/ProductVariant/46477187088684
2026-08-24 21:51:30,Jadau Kundan Clip,Default Title,AC118,1039.5,Restock,4,1,5,https://www.kanshijewels.com/products/jadau-kundan-clip-4?variant=gid://shopify/ProductVariant/46477222117676
2026-08-24 21:51:30,Jadau Kundan Clip,Default Title,AC117,1039.5,Restock,1,1,2,https://www.kanshijewels.com/products/jadau-kundan-clip-5?variant=gid://shopify/ProductVariant/46477236666668
2026-08-24 21:51:30,Jadau Kundan Heavy Necklace,Default Title,NK690,19950.0,Restock,9,1,10,https://www.kanshijewels.com/products/jadau-kundan-heavy-necklace?variant=gid://shopify/ProductVariant/46477364494636
2026-08-24 21:51:30,Jadau Kundan Heavy Necklace,Default Title,NK689,19950.0,Restock,9,1,10,https://www.kanshijewels.com/products/jadau-kundan-heavy-necklace-66?variant=gid://shopify/ProductVariant/46477386121516
2026-08-24 21:51:30,Jadau Kundan Heavy Necklace,Default Title,NK688,2415.0,Restock,9,1,10,https://www.kanshijewels.com/products/jadau-kundan-heavy-necklace-67?variant=gid://shopify/ProductVariant/46477559136556
2026-08-24 21:51:30,Jadau Kundan Heavy Necklace,Default Title,NK687,2415.0,Restock,9,1,10,https://www.kanshijewels.com/products/jadau-kundan-heavy-necklace-68?variant=gid://shopify/ProductVariant/46477578764588
2026-08-24 21:51:30,Jadau Kundan Heavy Necklace,Default Title,NK686,2415.0,Restock,4,1,5,https://www.kanshijewels.com/products/jadau-kundan-heavy-necklace-69?variant=gid://shopify/ProductVariant/46477593215276
2026-08-24 21:51:30,Jadau Kundan Necklace Set,Default Title,NK685,3045.0,Restock,8,1,9,https://www.kanshijewels.com/products/jadau-kundan-heavy-necklace-70?variant=gid://shopify/ProductVariant/46477620314412
2026-08-24 21:51:30,Jadau Kundan Heavy Necklace,Default Title,NK684,3045.0,Restock,8,1,9,https://www.kanshijewels.com/products/jadau-kundan-heavy-necklace-71?variant=gid://shopify/ProductVariant/46477655179564
2026-08-24 21:51:30,Jadau Kundan Heavy Necklace,Default Title,NK683,3045.0,Restock,7,1,8,https://www.kanshijewels.com/products/jadau-kundan-heavy-necklace-72?variant=gid://shopify/ProductVariant/46477672349996
2026-08-24 21:51:30,Jadau Kundan Heavy Necklace,Default Title,NK681,3990.0,Restock,5,1,6,https://www.kanshijewels.com/products/jadau-kundan-heavy-necklace-74?variant=gid://shopify/ProductVariant/46477703840044
2026-08-24 21:51:30,Jadau Kundan Heavy Necklace,Default Title,NK679,3885.0,Restock,7,1,8,https://www.kanshijewels.com/products/jadau-kundan-heavy-necklace-76?variant=gid://shopify/ProductVariant/46477710655788
2026-08-24 21:51:30,Jadau Kundan Heavy Necklace,Default Title,NK677,3990.0,Restock,8,1,9,https://www.kanshijewels.com/products/jadau-kundan-heavy-necklace-78?variant=gid://shopify/ProductVariant/46477717438764
2026-08-24 21:51:30,Jadau Kundan Heavy Necklace,Default Title,NK676,3990.0,Restock,2,1,3,https://www.kanshijewels.com/products/jadau-kundan-heavy-necklace-79?variant=gid://shopify/ProductVariant/46477719863596
2026-08-24 21:51:30,Jadau Kundan Heavy Necklace,Default Title,NK675,3990.0,Restock,8,1,9,https://www.kanshijewels.com/products/jadau-kundan-heavy-necklace-80?variant=gid://shopify/ProductVariant/46477724025132
2026-08-24 21:51:30,Jadau Kundan Heavy Necklace,Default Title,NK674,3990.0,Restock,6,1,7,https://www.kanshijewels.com/products/jadau-kundan-heavy-necklace-81?variant=gid://shopify/ProductVariant/46477725991212
2026-08-24 21:51:30,Jadau Kundan Heavy Necklace,Default Title,NK673,4410.0,Restock,4,1,5,https://www.kanshijewels.com/products/jadau-kundan-heavy-necklace-82?variant=gid://shopify/ProductVariant/46477729235244
2026-08-24 21:51:30,Jadau Kundan Heavy Necklace,Default Title,NK672,3990.0,Restock,8,1,9,https://www.kanshijewels.com/products/jadau-kundan-heavy-necklace-83?variant=gid://shopify/ProductVariant/46477733429548
2026-08-24 21:51:30,Jadau Kundan Necklace Set,Default Title,NK671,4095.0,Restock,1,1,2,https://www.kanshijewels.com/products/jadau-kundan-heavy-necklace-84?variant=gid://shopify/ProductVariant/46477735199020
2026-08-24 21:51:30,Jadau Kundan Necklace Set,Default Title,NK670,4095.0,Restock,7,1,8,https://www.kanshijewels.com/products/jadau-kundan-heavy-necklace-85?variant=gid://shopify/ProductVariant/46477737328940
2026-08-24 21:51:30,Jadau Kundan Necklace Set,Default Title,NK669,4515.0,Restock,6,1,7,https://www.kanshijewels.com/products/jadau-kundan-heavy-necklace-86?variant=gid://shopify/ProductVariant/46477739196716
2026-08-24 21:51:30,Jadau Kundan Heavy Necklace,Default Title,NK667,3675.0,Restock,3,1,4,https://www.kanshijewels.com/products/jadau-kundan-heavy-necklace-88?variant=gid://shopify/ProductVariant/46477746176300
2026-08-24 21:51:30,Jadau Kundan Heavy Necklace,Default Title,NK666,4725.0,Restock,8,1,9,https://www.kanshijewels.com/products/jadau-kundan-heavy-necklace-89?variant=gid://shopify/ProductVariant/46477748142380
2026-08-24 21:51:30,Jadau Kundan Heavy Necklace,Default Title,NK665,4935.0,Restock,5,1,6,https://www.kanshijewels.com/products/jadau-kundan-heavy-necklace-90?variant=gid://shopify/ProductVariant/46477750862124
2026-08-24 21:51:30,Jadau Kundan Heavy Necklace,Default Title,NK663,4900.0,Restock,6,1,7,https://www.kanshijewels.com/products/jadau-kundan-heavy-necklace-92?variant=gid://shopify/ProductVariant/46477754269996
2026-08-24 21:51:30,Jadau Kundan Heavy Necklace,Default Title,NK662,5145.0,Restock,3,1,4,https://www.kanshijewels.com/products/jadau-kundan-heavy-necklace-93?variant=gid://shopify/ProductVariant/46477755384108
2026-08-24 21:51:30,Jadau Kundan Heavy Necklace,Default Title,NK661,5145.0,Restock,5,1,6,https://www.kanshijewels.com/products/jadau-kundan-heavy-necklace-94?variant=gid://shopify/ProductVariant/46477756105004
2026-08-24 21:51:30,Jadau Kundan Heavy Necklace,Default Title,NK660,7140.0,Restock,7,1,8,https://www.kanshijewels.com/products/jadau-kundan-heavy-necklace-95?variant=gid://shopify/ProductVariant/46477757677868
2026-08-24 21:51:30,Jadau Kundan Heavy Necklace,Default Title,NK659,5355.0,Restock,5,1,6,https://www.kanshijewels.com/products/jadau-kundan-heavy-necklace-96?variant=gid://shopify/ProductVariant/46477757907244
2026-08-24 21:51:30,Jadau Kundan Heavy Necklace,Default Title,NK657,6289.5,Restock,6,1,7,https://www.kanshijewels.com/products/jadau-kundan-heavy-necklace-98?variant=gid://shopify/ProductVariant/46477761085740
2026-08-24 21:51:30,Jadau Kundan Heavy Necklace,Default Title,NK656,6289.5,Restock,9,1,10,https://www.kanshijewels.com/products/jadau-kundan-heavy-necklace-99?variant=gid://shopify/ProductVariant/46477762363692
2026-08-24 21:51:30,Jadau Kundan Heavy Necklace,Default Title,NK655,6289.5,Restock,8,1,9,https://www.kanshijewels.com/products/jadau-kundan-heavy-necklace-100?variant=gid://shopify/ProductVariant/46477763641644
2026-08-24 21:51:30,Jadau Kundan Heavy Necklace,Default Title,NK654,6825.0,Restock,9,1,10,https://www.kanshijewels.com/products/jadau-kundan-heavy-necklace-101?variant=gid://shopify/ProductVariant/46477764722988
2026-08-24 21:51:30,Jadau Kundan Necklace Set,Default Title,NK652,7560.0,Restock,7,1,8,https://www.kanshijewels.com/products/jadau-kundan-heavy-necklace-102?variant=gid://shopify/ProductVariant/46477769834796
2026-08-24 21:51:30,Jadau Kundan Necklace Set,Default Title,NK651,7875.0,Restock,8,1,9,https://www.kanshijewels.com/products/jadau-kundan-heavy-necklace-103?variant=gid://shopify/ProductVariant/46477771768108
2026-08-24 21:51:30,Jadau Kundan Heavy Necklace,Default Title,NK650,8295.0,Restock,7,1,8,https://www.kanshijewels.com/products/jadau-kundan-heavy-necklace-104?variant=gid://shopify/ProductVariant/46477774913836
2026-08-24 21:51:30,Jadau Kundan Heavy Necklace Set,Default Title,NK647,9450.0,Restock,7,1,8,https://www.kanshijewels.com/products/jadau-kundan-heavy-necklace-107?variant=gid://shopify/ProductVariant/46477783728428
2026-08-24 21:51:30,Jadau Kundan Necklace Set,Default Title,NK644,10500.0,Restock,8,1,9,https://www.kanshijewels.com/products/jadau-kundan-heavy-necklace-110?variant=gid://shopify/ProductVariant/46477790904620
2026-08-24 21:51:30,Jadau Kundan Heavy Necklace,Default Title,NK643,11445.0,Restock,8,1,9,https://www.kanshijewels.com/products/jadau-kundan-heavy-necklace-111?variant=gid://shopify/ProductVariant/46477804765484
2026-08-24 21:51:30,Jadau Kundan Heavy Necklace,Default Title,NK640,13545.0,Restock,9,1,10,https://www.kanshijewels.com/products/jadau-kundan-heavy-necklace-114?variant=gid://shopify/ProductVariant/46477812039980
2026-08-24 21:51:30,Jadau Kundan Heavy Necklace Set,Default Title,NK639,15750.0,Restock,8,1,9,https://www.kanshijewels.com/products/jadau-kundan-heavy-necklace-115?variant=gid://shopify/ProductVariant/46477813449004
2026-08-24 21:51:30,Jadau Kundan Heavy Necklace,Default Title,NK637,19950.0,Restock,8,1,9,https://www.kanshijewels.com/products/jadau-kundan-heavy-necklace-117?variant=gid://shopify/ProductVariant/46477815939372
2026-08-24 21:51:30,Jadau Kundan Heavy Necklace,Default Title,NK636,19950.0,Restock,9,1,10,https://www.kanshijewels.com/products/jadau-kundan-heavy-necklace-118?variant=gid://shopify/ProductVariant/46477817086252
2026-08-24 21:51:30,Jadau Kundan Heavy Necklace,Default Title,NK635,19950.0,Restock,7,1,8,https://www.kanshijewels.com/products/jadau-kundan-heavy-necklace-119?variant=gid://shopify/ProductVariant/46477818233132
2026-08-24 21:51:30,Jadau Kundan Heavy Necklace,Default Title,NK634,19950.0,Restock,9,1,10,https://www.kanshijewels.com/products/jadau-kundan-heavy-necklace-120?variant=gid://shopify/ProductVariant/46477818790188
2026-08-24 21:51:30,Jadau Kundan Necklace Set,Default Title,NK633,23100.0,Restock,9,1,10,https://www.kanshijewels.com/products/jadau-kundan-heavy-necklace-121?variant=gid://shopify/ProductVariant/46477821018412
2026-08-24 21:51:30,Jadau Kundan Earrings,Default Title,ER374,4725.0,Restock,6,1,7,https://www.kanshijewels.com/products/jadau-kundan-earrings-91?variant=gid://shopify/ProductVariant/46477848871212
2026-08-24 21:51:30,Jadau Kundan Stud Earrings,Default Title,ER373,1890.0,Restock,2,1,3,https://www.kanshijewels.com/products/jadau-kundan-stud-earrings-38?variant=gid://shopify/ProductVariant/47162033766700
2026-08-24 21:51:30,Jadau Kundan Earrings,Default Title,ER372,2089.5,Restock,8,1,9,https://www.kanshijewels.com/products/jadau-kundan-stud-earrings-39?variant=gid://shopify/ProductVariant/47162039107884
2026-08-24 21:51:30,Jadau accessories,Default Title,AC115,1680.0,Restock,6,1,7,https://www.kanshijewels.com/products/accessories?variant=gid://shopify/ProductVariant/47162061685036
2026-08-24 21:51:30,Jadau accessories,Default Title,AC114,1575.0,Restock,4,1,5,https://www.kanshijewels.com/products/jadau-accessories?variant=gid://shopify/ProductVariant/47162070958380
2026-08-24 21:51:30,Jadau Kundan Maang Tikka,Default Title,MT50,2310.0,Restock,1,1,2,https://www.kanshijewels.com/products/jadau-kundan-maang-tika-12?variant=gid://shopify/ProductVariant/47162090160428
2026-08-24 21:51:30,Jadau Kundan Pendant,Default Title,NK632,1470.0,Restock,7,1,8,https://www.kanshijewels.com/products/jadau-kundan-pendant-6?variant=gid://shopify/ProductVariant/47162124894508
2026-08-24 21:51:30,Jadau Kundan Pendant,Default Title,NK631,1785.0,Restock,9,1,10,https://www.kanshijewels.com/products/jadau-kundan-pendant-7?variant=gid://shopify/ProductVariant/47162132627756
2026-08-24 21:51:30,Jadau Kundan Pendant,Default Title,NK629,1995.0,Restock,6,1,7,https://www.kanshijewels.com/products/jadau-kundan-pendant-9?variant=gid://shopify/ProductVariant/47162142327084
2026-08-24 21:51:30,Jadau Kundan Pendant,Default Title,NK628,3675.0,Restock,3,1,4,https://www.kanshijewels.com/products/jadau-kundan-pendant-10?variant=gid://shopify/ProductVariant/47162147733804
2026-08-24 21:51:30,Jadau Kundan Pendant,Default Title,NK627,3570.0,Restock,9,1,10,https://www.kanshijewels.com/products/jadau-kundan-pendant-11?variant=gid://shopify/ProductVariant/47162153632044
2026-08-24 21:51:30,Jadau Kundan Pendant,Default Title,NK626,3465.0,Restock,8,1,9,https://www.kanshijewels.com/products/jadau-kundan-pendant-12?variant=gid://shopify/ProductVariant/47162159595820
2026-08-24 21:51:30,Jadau Kundan Earrings,Default Title,ER371,2415.0,Restock,9,1,10,https://www.kanshijewels.com/products/jadau-kundan-earrings-92?variant=gid://shopify/ProductVariant/47162168082732
2026-08-24 21:51:30,Jadau Kundan Earrings,Default Title,ER365,3990.0,Restock,8,1,9,https://www.kanshijewels.com/products/jadau-kundan-earrings-98?variant=gid://shopify/ProductVariant/47162213597484
2026-08-24 21:51:30,Jadau Kundan Long harams,Default Title,NK625,9660.0,Restock,9,1,10,https://www.kanshijewels.com/products/jadau-kundan-long-harams?variant=gid://shopify/ProductVariant/47162227196204
2026-08-24 21:51:30,Jadau Kundan Long harams,Default Title,NK624,11025.0,Restock,9,1,10,https://www.kanshijewels.com/products/jadau-kundan-long-harams-1?variant=gid://shopify/ProductVariant/47162232308012
2026-08-24 21:51:30,Jadau Kundan Long harams,Default Title,NK621,20895.0,Restock,8,1,9,https://www.kanshijewels.com/products/jadau-kundan-long-harams-4?variant=gid://shopify/ProductVariant/47162240041260
2026-08-24 21:51:30,Jadau Kundan Long Harams,Default Title,NK619,7560.0,Restock,8,1,9,https://www.kanshijewels.com/products/jadau-kundan-long-harams-6?variant=gid://shopify/ProductVariant/47162253148460
2026-08-24 21:51:30,Jadau Kundan Long Harams,Default Title,NK618,8295.0,Restock,7,1,8,https://www.kanshijewels.com/products/jadau-kundan-long-harams-7?variant=gid://shopify/ProductVariant/47162257506604
2026-08-24 21:51:30,Jadau Kundan Long Harams,Default Title,NK617,9000.0,Restock,3,1,4,https://www.kanshijewels.com/products/jadau-kundan-long-harams-8?variant=gid://shopify/ProductVariant/47162263601452
2026-08-24 21:51:30,Jadau Kundan Long Harams,Default Title,NK616,9345.0,Restock,9,1,10,https://www.kanshijewels.com/products/jadau-kundan-long-harams-9?variant=gid://shopify/ProductVariant/47162266222892
2026-08-24 21:51:30,Jadau Kundan Necklace,Default Title,NK615,1995.0,Restock,3,1,4,https://www.kanshijewels.com/products/jadau-kundan-necklace-38?variant=gid://shopify/ProductVariant/47162372292908
2026-08-24 21:51:30,Jadau Kundan Necklace,Default Title,NK614,2205.0,Restock,7,1,8,https://www.kanshijewels.com/products/jadau-kundan-necklace-39?variant=gid://shopify/ProductVariant/47162374488364
2026-08-24 21:51:30,Jadau Kundan Necklace,Default Title,NK612,2310.0,Restock,2,1,3,https://www.kanshijewels.com/products/jadau-kundan-necklace-95?variant=gid://shopify/ProductVariant/47162378191148
2026-08-24 21:51:30,Jadau Kundan Necklace,Default Title,NK611,2520.0,Restock,8,1,9,https://www.kanshijewels.com/products/jadau-kundan-necklace-96?variant=gid://shopify/ProductVariant/47162382319916
2026-08-24 21:51:30,Jadau Kundan Necklace,Default Title,NK603,4095.0,Restock,4,1,5,https://www.kanshijewels.com/products/jadau-kundan-necklace-104?variant=gid://shopify/ProductVariant/47162411712812
2026-08-24 21:51:30,Nakashi Necklace Set,Default Title,NK602,4410.0,Restock,3,1,4,https://www.kanshijewels.com/products/jadau-kundan-necklace-105?variant=gid://shopify/ProductVariant/47162413449516
2026-08-24 21:51:30,Jadau Kundan Necklace,Default Title,NK600,5355.0,Restock,8,1,9,https://www.kanshijewels.com/products/jadau-kundan-necklace-107?variant=gid://shopify/ProductVariant/47162446610732
2026-08-24 21:51:30,Jadau Kundan Necklace,Default Title,NK599,6510.0,Restock,8,1,9,https://www.kanshijewels.com/products/jadau-kundan-necklace-108?variant=gid://shopify/ProductVariant/47162449559852
2026-08-24 21:51:30,Jadau Kundan Necklace,Default Title,NK598,7245.0,Restock,6,1,7,https://www.kanshijewels.com/products/jadau-kundan-necklace-109?variant=gid://shopify/ProductVariant/47162454311212
2026-08-24 21:51:30,Jadau Kundan Necklace,Default Title,NK597,7560.0,Restock,8,1,9,https://www.kanshijewels.com/products/jadau-kundan-necklace-110?variant=gid://shopify/ProductVariant/47162457948460
2026-08-24 21:51:30,Jadau Kundan Necklace,Default Title,NK595,8925.0,Restock,8,1,9,https://www.kanshijewels.com/products/jadau-kundan-necklace-112?variant=gid://shopify/ProductVariant/47162461651244
2026-08-24 21:51:30,Jadau Kundan Necklace,Default Title,NK594,3045.0,Restock,4,1,5,https://www.kanshijewels.com/products/jadau-kundan-necklace-113?variant=gid://shopify/ProductVariant/47386468778284
2026-08-24 21:51:30,Jadau Kundan Necklace,Default Title,NK593,2940.0,Restock,6,1,7,https://www.kanshijewels.com/products/jadau-kundan-necklace-114?variant=gid://shopify/ProductVariant/47386482999596
2026-08-24 21:51:30,Jadau Kundan Necklace,Default Title,NK592,7560.0,Restock,8,1,9,https://www.kanshijewels.com/products/jadau-kundan-necklace-115?variant=gid://shopify/ProductVariant/47386501021996
2026-08-24 21:51:30,Jadau Kundan Necklace,Default Title,NK591,6930.0,Restock,9,1,10,https://www.kanshijewels.com/products/jadau-kundan-necklace-116?variant=gid://shopify/ProductVariant/47386511671596
2026-08-24 21:51:30,Pearl Necklace,Default Title,NK590,5145.0,Restock,8,1,9,https://www.kanshijewels.com/products/pearl-necklace?variant=gid://shopify/ProductVariant/47386524483884
2026-08-24 21:51:30,Jadau Kundan Necklace,Default Title,NK589,3990.0,Restock,7,1,8,https://www.kanshijewels.com/products/jadau-kundan-necklace-117?variant=gid://shopify/ProductVariant/47386532872492
2026-08-24 21:51:30,Jadau Kundan Earrings,Default Title,ER364,4935.0,Restock,5,1,6,https://www.kanshijewels.com/products/jadau-kundan-earrings-99?variant=gid://shopify/ProductVariant/47386578387244
2026-08-24 21:51:30,Jadau Kundan Earrings,Default Title,ER363,3780.0,Restock,7,1,8,https://www.kanshijewels.com/products/copy-of-jadau-kundan-earrings?variant=gid://shopify/ProductVariant/47386582745388
2026-08-24 21:51:30,Jadau Kundan Earrings,Default Title,ER362,4410.0,Restock,8,1,9,https://www.kanshijewels.com/products/jadau-kundan-earrings-100?variant=gid://shopify/ProductVariant/47386597851436
2026-08-24 21:51:30,Jadau Kundan Earrings,Default Title,ER359,2625.0,Restock,3,1,4,https://www.kanshijewels.com/products/jadau-kundan-earrings-103?variant=gid://shopify/ProductVariant/47386650738988
2026-08-24 21:51:30,Jadau Kundan Earrings,Default Title,ER358,5355.0,Restock,9,1,10,https://www.kanshijewels.com/products/jadau-kundan-earrings-104?variant=gid://shopify/ProductVariant/47386668794156
2026-08-24 21:51:30,Jadau Kundan Earrings,Default Title,ER356,4830.0,Restock,1,1,2,https://www.kanshijewels.com/products/jadau-kundan-earrings-106?variant=gid://shopify/ProductVariant/47386691043628
2026-08-24 21:51:30,Jadau Kundan Earrings,Default Title,ER354,5145.0,Restock,5,1,6,https://www.kanshijewels.com/products/jadau-kundan-earrings-108?variant=gid://shopify/ProductVariant/47386707820844
2026-08-24 21:51:30,Jadau Kundan Long Harams,Default Title,NK588,5145.0,Restock,9,1,10,https://www.kanshijewels.com/products/jadau-kundan-long-harams-10?variant=gid://shopify/ProductVariant/47386752745772
2026-08-24 21:51:30,Jadau Kundan Necklace Set,Default Title,NK587,19950.0,Restock,9,1,10,https://www.kanshijewels.com/products/jadau-kundan-long-harams-11?variant=gid://shopify/ProductVariant/47386764411180
2026-08-24 21:51:30,Jadau Kundan Necklace Set,Default Title,NK586,19950.0,Restock,8,1,9,https://www.kanshijewels.com/products/jadau-kundan-long-harams-12?variant=gid://shopify/ProductVariant/47386771849516
2026-08-24 21:51:30,Jadau Kundan Long Harams,Default Title,NK584,10395.0,Restock,8,1,9,https://www.kanshijewels.com/products/jadau-kundan-long-harams-14?variant=gid://shopify/ProductVariant/47386790002988
2026-08-24 21:51:30,Jadau Kundan Necklace Set,Default Title,NK583,9345.0,Restock,4,1,5,https://www.kanshijewels.com/products/jadau-kundan-long-harams-15?variant=gid://shopify/ProductVariant/47386803208492
2026-08-24 21:51:30,Jadau Kundan Long Harams,Default Title,NK582,7560.0,Restock,9,1,10,https://www.kanshijewels.com/products/jadau-kundan-long-harams-16?variant=gid://shopify/ProductVariant/47386809729324
2026-08-24 21:51:30,Jadau Kundan Long Harams,Default Title,NK581,6615.0,Restock,6,1,7,https://www.kanshijewels.com/products/jadau-kundan-long-harams-17?variant=gid://shopify/ProductVariant/47386826637612
2026-08-24 21:51:30,Jadau Kundan Long Harams,Default Title,NK580,5880.0,Restock,9,1,10,https://www.kanshijewels.com/products/jadau-kundan-long-harams-18?variant=gid://shopify/ProductVariant/47386834338092
2026-08-24 21:51:30,Jadau Kundan Long Harams,Default Title,NK579,5670.0,Restock,9,1,10,https://www.kanshijewels.com/products/jadau-kundan-long-harams-19?variant=gid://shopify/ProductVariant/47386843742508
2026-08-24 21:51:30,Jadau Kundan Long Harams,Default Title,NK578,5775.0,Restock,9,1,10,https://www.kanshijewels.com/products/jadau-kundan-long-harams-20?variant=gid://shopify/ProductVariant/47386851017004
2026-08-24 21:51:30,Jadau Kundan Long Harams,Default Title,NK577,5460.0,Restock,9,1,10,https://www.kanshijewels.com/products/jadau-kundan-long-harams-21?variant=gid://shopify/ProductVariant/47386863894828
2026-08-24 21:51:30,Jadau Kundan Long Harams,Default Title,NK576,5460.0,Restock,8,1,9,https://www.kanshijewels.com/products/jadau-kundan-long-harams-22?variant=gid://shopify/ProductVariant/47386874478892
2026-08-24 21:51:30,Jadau Kundan Long Harams,Default Title,NK575,5145.0,Restock,8,1,9,https://www.kanshijewels.com/products/jadau-kundan-long-harams-23?variant=gid://shopify/ProductVariant/47386886471980
2026-08-24 21:51:30,Jadau Kundan Long Harams,Default Title,NK574,5145.0,Restock,7,1,8,https://www.kanshijewels.com/products/jadau-kundan-long-harams-24?variant=gid://shopify/ProductVariant/47386895253804
2026-08-24 21:51:30,Jadau Kundan Stud Earrings,Default Title,ER353,2310.0,Restock,6,1,7,https://www.kanshijewels.com/products/jadau-kundan-stud-earrings-40?variant=gid://shopify/ProductVariant/47386934903084
2026-08-24 21:51:30,Jadau Kundan Stud Earrings,Default Title,ER352,2310.0,Restock,8,1,9,https://www.kanshijewels.com/products/jadau-kundan-stud-earrings-41?variant=gid://shopify/ProductVariant/47386937262380
2026-08-24 21:51:30,Jadau Kundan Stud Earrings,Default Title,ER351,2100.0,Restock,8,1,9,https://www.kanshijewels.com/products/jadau-kundan-stud-earrings-42?variant=gid://shopify/ProductVariant/47386955874604
2026-08-24 21:51:30,Jadau Kundan Stud Earrings,Default Title,ER350,1890.0,Restock,8,1,9,https://www.kanshijewels.com/products/jadau-kundan-stud-earrings-43?variant=gid://shopify/ProductVariant/47386963214636
2026-08-24 21:51:30,Jadau Kundan Stud Earrings,Default Title,ER349,2205.0,Restock,9,1,10,https://www.kanshijewels.com/products/jadau-kundan-stud-earrings-44?variant=gid://shopify/ProductVariant/47386972848428
2026-08-24 21:51:30,Jadau Kundan Stud Earrings,Default Title,ER348,1039.5,Restock,1,1,2,https://www.kanshijewels.com/products/jadau-kundan-stud-earrings-45?variant=gid://shopify/ProductVariant/47386983334188
2026-08-24 21:51:30,Kundan Stud Earrings Collection,Default Title,ER347,2415.0,Restock,4,1,5,https://www.kanshijewels.com/products/jadau-kundan-stud-earrings-46?variant=gid://shopify/ProductVariant/47386994442540
2026-08-24 21:51:30,Jadau Kundan Stud Earrings,Default Title,ER346,2415.0,Restock,3,1,4,https://www.kanshijewels.com/products/jadau-kundan-stud-earrings-47?variant=gid://shopify/ProductVariant/47387005550892
2026-08-24 21:51:30,Jadau Kundan Stud Earrings,Default Title,ER345,2310.0,Restock,6,1,7,https://www.kanshijewels.com/products/jadau-kundan-stud-earrings-48?variant=gid://shopify/ProductVariant/47387015676204
2026-08-24 21:51:30,Jadau Kundan Stud Earrings,Default Title,ER344,2310.0,Restock,6,1,7,https://www.kanshijewels.com/products/jadau-kundan-stud-earrings-49?variant=gid://shopify/ProductVariant/47387025342764
2026-08-24 21:51:30,Jadau Kundan Stud Earrings,Default Title,ER343,2310.0,Restock,7,1,8,https://www.kanshijewels.com/products/jadau-kundan-earrings-109?variant=gid://shopify/ProductVariant/47387049034028
2026-08-24 21:51:30,Jadau Kundan Maang Tikka,Default Title,MT49,2520.0,Restock,3,1,4,https://www.kanshijewels.com/products/jadau-kundan-maang-tika-13?variant=gid://shopify/ProductVariant/47387074756908
2026-08-24 21:51:30,Jadau Kundan Pendant,Default Title,NK573,1890.0,Restock,9,1,10,https://www.kanshijewels.com/products/jadau-kundan-pendant-13?variant=gid://shopify/ProductVariant/47387089568044
2026-08-24 21:51:30,Jadau Kundan Pendant,Default Title,NK572,3360.0,Restock,6,1,7,https://www.kanshijewels.com/products/jadau-kundan-pendant-14?variant=gid://shopify/ProductVariant/47582555406636
2026-08-24 21:51:30,Jadau Kundan Pendant,Default Title,NK571,1470.0,Restock,7,1,8,https://www.kanshijewels.com/products/jadau-kundan-pendant-15?variant=gid://shopify/ProductVariant/47582623826220
2026-08-24 21:51:30,Jadau Kundan Pendant,Default Title,NK570,1680.0,Restock,6,1,7,https://www.kanshijewels.com/products/jadau-kundans-pendant?variant=gid://shopify/ProductVariant/47582631625004
2026-08-24 21:51:30,Jadau Kundan Pendant,Default Title,NK569,1680.0,Restock,4,1,5,https://www.kanshijewels.com/products/jadau-kundan-pendant-16?variant=gid://shopify/ProductVariant/47582643257644
2026-08-24 21:51:30,Jadau Kundan Pendant,Default Title,NK567,1890.0,Restock,4,1,5,https://www.kanshijewels.com/products/jadau-kundan-pendant-18?variant=gid://shopify/ProductVariant/47582647976236
2026-08-24 21:51:30,Jadau Kundan Pendant,Default Title,NK566,1890.0,Restock,5,1,6,https://www.kanshijewels.com/products/jadau-kundan-pendant-19?variant=gid://shopify/ProductVariant/47582651187500
2026-08-24 21:51:30,Jadau Kundan Pendant,Default Title,NK565,1890.0,Restock,9,1,10,https://www.kanshijewels.com/products/jadau-kundan-pendant-20?variant=gid://shopify/ProductVariant/47582655775020
2026-08-24 21:51:30,Jadau Kundan Pendant,Default Title,NK564,1785.0,Restock,7,1,8,https://www.kanshijewels.com/products/jadau-kundan-pendant-21?variant=gid://shopify/ProductVariant/47582658953516
2026-08-24 21:51:30,Jadau Kundan Pendant,Default Title,NK562,2310.0,Restock,1,1,2,https://www.kanshijewels.com/products/jadau-kundan-pendant-23?variant=gid://shopify/ProductVariant/47582665834796
2026-08-24 21:51:30,Jadau Kundan Pendant,Default Title,NK561,2520.0,Restock,9,1,10,https://www.kanshijewels.com/products/jadau-kundan-pendant-24?variant=gid://shopify/ProductVariant/47582669668652
2026-08-24 21:51:30,Jadau Kundan Pendant,Default Title,NK560,2520.0,Restock,1,1,2,https://www.kanshijewels.com/products/jadau-kundan-pendant-25?variant=gid://shopify/ProductVariant/47582672453932
2026-08-24 21:51:30,Jadau Kundan Pendant,Default Title,NK559,2520.0,Restock,3,1,4,https://www.kanshijewels.com/products/jadau-kundan-pendant-26?variant=gid://shopify/ProductVariant/47582674223404
2026-08-24 21:51:30,Jadau Kundan Pendant,Default Title,NK558,3465.0,Restock,5,1,6,https://www.kanshijewels.com/products/jadau-kundan-pendant-27?variant=gid://shopify/ProductVariant/47582677238060
2026-08-24 21:51:30,Jadau Kundan Pendant,Default Title,NK556,3465.0,Restock,3,1,4,https://www.kanshijewels.com/products/jadau-kundan-pendant-29?variant=gid://shopify/ProductVariant/47582681432364
2026-08-24 21:51:30,Jadau Kundan Pendant,Default Title,NK554,3990.0,Restock,8,1,9,https://www.kanshijewels.com/products/jadau-kundan-pendant-31?variant=gid://shopify/ProductVariant/47582683398444
2026-08-24 21:51:30,Jadau Kundan Pendant,Default Title,NK553,4095.0,Restock,3,1,4,https://www.kanshijewels.com/products/jadau-kundan-pendant-32?variant=gid://shopify/ProductVariant/47582685528364
2026-08-24 21:51:30,Jadau Kundan Necklace,Default Title,NK552,9975.0,Restock,2,1,3,https://www.kanshijewels.com/products/jadau-kundan-necklace-118?variant=gid://shopify/ProductVariant/47582735958316
2026-08-24 21:51:30,Jadau Kundan Necklace,Default Title,NK551,6500.0,Restock,4,1,5,https://www.kanshijewels.com/products/jadau-kundan-necklace-119?variant=gid://shopify/ProductVariant/47582737727788
2026-08-24 21:51:30,Jadau Kundan Necklace,Default Title,NK548,7140.0,Restock,5,1,6,https://www.kanshijewels.com/products/jadau-kundan-necklace-122?variant=gid://shopify/ProductVariant/47582745854252
2026-08-24 21:51:30,Jadau Kundan Necklace,Default Title,NK547,6720.0,Restock,8,1,9,https://www.kanshijewels.com/products/jadau-kundan-necklace-123?variant=gid://shopify/ProductVariant/47582748901676
2026-08-24 21:51:30,Jadau Kundan Necklace,Default Title,NK546,4725.0,Restock,7,1,8,https://www.kanshijewels.com/products/jadau-kundan-necklace-124?variant=gid://shopify/ProductVariant/47582751785260
2026-08-24 21:51:30,Jadau Kundan Necklace & Earrings,Default Title,ER341,5250.0,Restock,7,1,8,https://www.kanshijewels.com/products/jadau-kundan-necklace-earrings?variant=gid://shopify/ProductVariant/47582757126444
2026-08-24 21:51:30,Jadau Kundan Necklace & Earrings,Default Title,ER339,10290.0,Restock,6,1,7,https://www.kanshijewels.com/products/jadau-kundan-necklace-earrings-2?variant=gid://shopify/ProductVariant/47582762926380
2026-08-24 21:51:30,Jadau Kundan Necklace & Earrings,Default Title,ER338,9345.0,Restock,8,1,9,https://www.kanshijewels.com/products/jadau-kundan-necklace-earrings-3?variant=gid://shopify/ProductVariant/47582766170412
2026-08-24 21:51:30,Jadau Kundan Earrings,Default Title,ER337,1260.0,Restock,1,1,2,https://www.kanshijewels.com/products/jadau-kundan-earrings-111?variant=gid://shopify/ProductVariant/47582785077548
2026-08-24 21:51:30,Jadau Kundan Earrings,Default Title,ER336,1785.0,Restock,5,1,6,https://www.kanshijewels.com/products/jadau-kundan-earrings-112?variant=gid://shopify/ProductVariant/47582788878636
2026-08-24 21:51:30,Jadau Kundan Earrings,Default Title,ER335,1470.0,Restock,5,1,6,https://www.kanshijewels.com/products/jadau-kundan-earrings-113?variant=gid://shopify/ProductVariant/47582791041324
2026-08-24 21:51:30,Jadau Kundan Earrings,Default Title,ER333,4515.0,Restock,2,1,3,https://www.kanshijewels.com/products/jadau-kundan-earrings-115?variant=gid://shopify/ProductVariant/47582810931500
2026-08-24 21:51:30,Jadau Kundan Earrings,Default Title,ER332,4725.0,Restock,5,1,6,https://www.kanshijewels.com/products/jadau-kundan-earrings-116?variant=gid://shopify/ProductVariant/47582813618476
2026-08-24 21:51:30,Jadau Kundan Earrings,Default Title,ER328,3360.0,Restock,8,1,9,https://www.kanshijewels.com/products/jadau-kundan-earrings-120?variant=gid://shopify/ProductVariant/47582822433068
2026-08-24 21:51:30,Jadau Kundan Necklace,Default Title,NK545,3990.0,Restock,6,1,7,https://www.kanshijewels.com/products/jadau-kundan-chokar-necklace?variant=gid://shopify/ProductVariant/47582837080364
2026-08-24 21:51:30,Jadau Kundan Necklace,Default Title,NK544,4095.0,Restock,6,1,7,https://www.kanshijewels.com/products/jadau-kundan-necklace-125?variant=gid://shopify/ProductVariant/47582841045292
2026-08-24 21:51:30,Jadau Kundan Necklace,Default Title,NK543,2520.0,Restock,1,1,2,https://www.kanshijewels.com/products/jadau-kundan-necklace-126?variant=gid://shopify/ProductVariant/47582843076908
2026-08-24 21:51:30,Jadau Kundan Necklace,Default Title,NK542,3045.0,Restock,4,1,5,https://www.kanshijewels.com/products/jadau-kundan-necklace-127?variant=gid://shopify/ProductVariant/47582844158252
2026-08-24 21:51:30,Jadau Kundan Necklace,Default Title,NK541,3570.0,Restock,8,1,9,https://www.kanshijewels.com/products/jadau-kundan-necklace-128?variant=gid://shopify/ProductVariant/47582844911916
2026-08-24 21:51:30,Jadau Kundan Necklace,Default Title,NK540,4410.0,Restock,7,1,8,https://www.kanshijewels.com/products/jadau-kundan-necklace-129?variant=gid://shopify/ProductVariant/47582852972844
2026-08-24 21:51:30,Jadau Kundan Earrings,Default Title,ER326,4620.0,Restock,8,1,9,https://www.kanshijewels.com/products/jadau-kundan-earrings-121?variant=gid://shopify/ProductVariant/47651984703788
2026-08-24 21:51:30,Jadau Kundan Chokar Necklace,Default Title,NK539,7665.0,Restock,5,1,6,https://www.kanshijewels.com/products/jadau-kundan-chokar-necklace-1?variant=gid://shopify/ProductVariant/47652012622124
2026-08-24 21:51:30,Jadau Kundan Choker,Default Title,NK536,2100.0,Restock,3,1,4,https://www.kanshijewels.com/products/jadau-kundan-chokar?variant=gid://shopify/ProductVariant/47652116496684
2026-08-24 21:51:30,Jadau Kundan Choker,Default Title,NK535,3885.0,Restock,9,1,10,https://www.kanshijewels.com/products/jadau-kundan-chokar-1?variant=gid://shopify/ProductVariant/47652123705644
2026-08-24 21:51:30,Jadau Kundan Choker,Default Title,NK534,2310.0,Restock,5,1,6,https://www.kanshijewels.com/products/jadau-kundan-chokar-2?variant=gid://shopify/ProductVariant/47652130586924
2026-08-24 21:51:30,Jadau Kundan Choker,Default Title,NK533,2310.0,Restock,9,1,10,https://www.kanshijewels.com/products/jadau-kundan-chokar-3?variant=gid://shopify/ProductVariant/47652134093100
2026-08-24 21:51:30,Jadau Kundan Choker,Default Title,NK532,3045.0,Restock,7,1,8,https://www.kanshijewels.com/products/jadau-kundan-chokar-4?variant=gid://shopify/ProductVariant/47652137468204
2026-08-24 21:51:30,Jadau Kundan Choker,Default Title,NK531,2520.0,Restock,4,1,5,https://www.kanshijewels.com/products/jadau-kundan-chokar-5?variant=gid://shopify/ProductVariant/47652147167532
2026-08-24 21:51:30,Jadau Kundan Choker,Default Title,NK529,4515.0,Restock,7,1,8,https://www.kanshijewels.com/products/jadau-kundan-chokar-7?variant=gid://shopify/ProductVariant/47652153852204
2026-08-24 21:51:30,Jadau Kundan Choker,Default Title,NK528,4725.0,Restock,6,1,7,https://www.kanshijewels.com/products/jadau-kundan-chokar-8?variant=gid://shopify/ProductVariant/47652157522220
2026-08-24 21:51:30,Jadau Kundan Choker,Default Title,NK527,4462.5,Restock,7,1,8,https://www.kanshijewels.com/products/jadau-kundan-chokar-9?variant=gid://shopify/ProductVariant/47652160274732
2026-08-24 21:51:30,Jadau Kundan Choker Necklace,Default Title,NK525,3675.0,Restock,9,1,10,https://www.kanshijewels.com/products/jadau-kundan-chokar-necklace-3?variant=gid://shopify/ProductVariant/47754678862124
2026-08-24 21:51:30,Jadau Kundan Jhumka,Default Title,ER325,4620.0,Restock,1,1,2,https://www.kanshijewels.com/products/jadau-kundan-jhumka-5?variant=gid://shopify/ProductVariant/47754707403052
2026-08-24 21:51:30,Jadau Kundan Jhumka,Default Title,ER324,4200.0,Restock,9,1,10,https://www.kanshijewels.com/products/jadau-kundan-jhumka-1?variant=gid://shopify/ProductVariant/47754718347564
2026-08-24 21:51:30,Jadau Kundan Necklace,Default Title,NK524,3780.0,Restock,8,1,9,https://www.kanshijewels.com/products/jadau-kundan-necklace-132?variant=gid://shopify/ProductVariant/47754819436844
2026-08-24 21:51:30,Jadau Kundan Necklace,Default Title,NK523,3780.0,Restock,5,1,6,https://www.kanshijewels.com/products/jadau-kundan-necklace-133?variant=gid://shopify/ProductVariant/47754828054828
2026-08-24 21:51:30,Jadau Kundan Necklace,Default Title,NK522,7140.0,Restock,7,1,8,https://www.kanshijewels.com/products/jadau-kundan-necklace-134?variant=gid://shopify/ProductVariant/47754837426476
2026-08-24 21:51:30,Jadau Kundan Necklace,Default Title,NK521,7560.0,Restock,8,1,9,https://www.kanshijewels.com/products/jadau-kundan-necklace-135?variant=gid://shopify/ProductVariant/47754853286188
2026-08-24 21:51:30,Jadau Kundan Necklace,Default Title,NK520,8085.0,Restock,9,1,10,https://www.kanshijewels.com/products/jadau-kundan-necklace-136?variant=gid://shopify/ProductVariant/47754860462380
2026-08-24 21:51:30,Jadau Kundan Tika,Default Title,MT48,1365.0,Restock,6,1,7,https://www.kanshijewels.com/products/jadau-kundan-tika?variant=gid://shopify/ProductVariant/47754908959020
2026-08-24 21:51:30,Jadau Kundan Pendant,Default Title,NK519,1470.0,Restock,7,1,8,https://www.kanshijewels.com/products/jadau-kundan-pendant-33?variant=gid://shopify/ProductVariant/47754919772460
2026-08-24 21:51:30,Jadau Kundan Pendant,Default Title,NK518,2415.0,Restock,4,1,5,https://www.kanshijewels.com/products/jadau-kundan-pendant-34?variant=gid://shopify/ProductVariant/47754925998380
2026-08-24 21:51:30,Jadau Kundan Earrings,Default Title,ER323,1470.0,Restock,4,1,5,https://www.kanshijewels.com/products/jadau-kundan-earrings-122?variant=gid://shopify/ProductVariant/47754968858924
2026-08-24 21:51:30,Jadau Kundan Earrings,Default Title,ER322,1995.0,Restock,8,1,9,https://www.kanshijewels.com/products/jadau-kundan-earrings-123?variant=gid://shopify/ProductVariant/47754974396716
2026-08-24 21:51:30,Jadau Kundan Earrings,Default Title,ER321,2310.0,Restock,8,1,9,https://www.kanshijewels.com/products/jadau-kundan-earrings-124?variant=gid://shopify/ProductVariant/47754985079084
2026-08-24 21:51:30,Jadau Kundan Earrings,Default Title,ER320,2415.0,Restock,8,1,9,https://www.kanshijewels.com/products/jadau-kundan-earrings-125?variant=gid://shopify/ProductVariant/47754995564844
2026-08-24 21:51:30,Jadau Accessories,Default Title,AC112,1890.0,Restock,4,1,5,https://www.kanshijewels.com/products/jadau-accessories-1?variant=gid://shopify/ProductVariant/47854162149676
2026-08-24 21:51:30,Jadau Kundan Choker,Default Title,NK517,2625.0,Restock,7,1,8,https://www.kanshijewels.com/products/jadau-kundan-chokar-10?variant=gid://shopify/ProductVariant/47854171488556
2026-08-24 21:51:30,Jadau Kundan Choker,Default Title,NK516,3255.0,Restock,8,1,9,https://www.kanshijewels.com/products/jadau-kundan-chokar-11?variant=gid://shopify/ProductVariant/47854175191340
2026-08-24 21:51:30,Jadau Kundan Earrings,Default Title,ER319,3465.0,Restock,8,1,9,https://www.kanshijewels.com/products/jadau-kundan-earrings-126?variant=gid://shopify/ProductVariant/47854188855596
2026-08-24 21:51:30,Jadau Kundan Tika,Default Title,MT47,724.5,Restock,1,1,2,https://www.kanshijewels.com/products/jadau-kundan-tika-1?variant=gid://shopify/ProductVariant/47854195409196
2026-08-24 21:51:30,Jadaun Kundan Tika,Default Title,MT46,1365.0,Restock,9,1,10,https://www.kanshijewels.com/products/jadaun-kundan-tika?variant=gid://shopify/ProductVariant/47854200095020
2026-08-24 21:51:30,Jadau Kundan Pendant,Default Title,NK513,1470.0,Restock,7,1,8,https://www.kanshijewels.com/products/jadau-kundan-pendant-35?variant=gid://shopify/ProductVariant/47854205862188
2026-08-24 21:51:30,Jadau Kundan Necklace,Default Title,NK512,3780.0,Restock,9,1,10,https://www.kanshijewels.com/products/jadau-kundan-necklace-137?variant=gid://shopify/ProductVariant/47854212120876
2026-08-24 21:51:30,Jadau Kundan Necklace,Default Title,NK510,6090.0,Restock,7,1,8,https://www.kanshijewels.com/products/jadau-kundan-necklace-139?variant=gid://shopify/ProductVariant/47854217527596
2026-08-24 21:51:30,Jadau Kundan Necklace Set,Default Title,NK509,6510.0,Restock,9,1,10,https://www.kanshijewels.com/products/jadau-kundan-necklace-140?variant=gid://shopify/ProductVariant/47854220181804
2026-08-24 21:51:30,Jadau Kundan Necklace,Default Title,NK507,10395.0,Restock,4,1,5,https://www.kanshijewels.com/products/jadau-kundan-necklace-142?variant=gid://shopify/ProductVariant/47854230896940
2026-08-24 21:51:30,Jadau Kundan Necklace,Default Title,NK506,3465.0,Restock,2,1,3,https://www.kanshijewels.com/products/jadau-kundan-necklace-143?variant=gid://shopify/ProductVariant/47854234501420
2026-08-24 21:51:30,Jadau Kundan Necklace,Default Title,NK505,7875.0,Restock,9,1,10,https://www.kanshijewels.com/products/jadau-kundan-necklace-144?variant=gid://shopify/ProductVariant/47854238433580
2026-08-24 21:51:30,Jadau Kundan Necklace,Default Title,NK504,8925.0,Restock,4,1,5,https://www.kanshijewels.com/products/jadau-kundan-necklace-145?variant=gid://shopify/ProductVariant/47854245085484
2026-08-24 21:51:30,Jadau Kundan Choker,Default Title,NK503,4410.0,Restock,7,1,8,https://www.kanshijewels.com/products/jadau-kundan-chokar-14?variant=gid://shopify/ProductVariant/48242697568556
2026-08-24 21:51:30,Jadau Kundan Choker,Default Title,NK502,4515.0,Restock,8,1,9,https://www.kanshijewels.com/products/jadau-kundan-chokar-15?variant=gid://shopify/ProductVariant/48242733023532
2026-08-24 21:51:30,Jadau Kundan Choker,Default Title,NK500,5040.0,Restock,9,1,10,https://www.kanshijewels.com/products/jadau-kundan-chokar-17?variant=gid://shopify/ProductVariant/48242766381356
2026-08-24 21:51:30,Jadau Kundan Choker,Default Title,NK499,5355.0,Restock,8,1,9,https://www.kanshijewels.com/products/jadau-kundan-chokar-18?variant=gid://shopify/ProductVariant/48242772476204
2026-08-24 21:51:30,Jadau Kundan Choker,Default Title,NK498,5460.0,Restock,8,1,9,https://www.kanshijewels.com/products/jadau-kundan-chokar-19?variant=gid://shopify/ProductVariant/48242774802732
2026-08-24 21:51:30,Jadau Kundan Choker,Default Title,NK497,3360.0,Restock,4,1,5,https://www.kanshijewels.com/products/jadau-kundan-chokar-20?variant=gid://shopify/ProductVariant/48242793283884
2026-08-24 21:51:30,Jadau Kundan Choker,Default Title,NK496,3990.0,Restock,7,1,8,https://www.kanshijewels.com/products/jadau-kundan-chokar-21?variant=gid://shopify/ProductVariant/48242796724524
2026-08-24 21:51:30,Jadau Kundan Choker,Default Title,NK495,3990.0,Restock,9,1,10,https://www.kanshijewels.com/products/jadau-kundan-chokar-22?variant=gid://shopify/ProductVariant/48242797609260
2026-08-24 21:51:30,Jadau Kundan Choker,Default Title,NK494,4830.0,Restock,8,1,9,https://www.kanshijewels.com/products/jadau-kundan-chokar-23?variant=gid://shopify/ProductVariant/48242799804716
2026-08-24 21:51:30,Jadau Kundan Choker,Default Title,NK493,4935.0,Restock,9,1,10,https://www.kanshijewels.com/products/jadau-kundan-chokar-24?variant=gid://shopify/ProductVariant/48242800197932
2026-08-24 21:51:30,Jadau Kundan Choker,Default Title,NK492,5460.0,Restock,9,1,10,https://www.kanshijewels.com/products/jadau-kundan-chokar-25?variant=gid://shopify/ProductVariant/48242815107372
2026-08-24 21:51:30,Jadau Kundan Earrings,Default Title,ER318,2625.0,Restock,1,1,2,https://www.kanshijewels.com/products/jadau-kundan-earrings-127?variant=gid://shopify/ProductVariant/48242838110508
2026-08-24 21:51:30,Jadau Kundan Choker,Default Title,NK491,2310.0,Restock,7,1,8,https://www.kanshijewels.com/products/jadau-kundan-chokar-26?variant=gid://shopify/ProductVariant/48242842632492
2026-08-24 21:51:30,Jadau Kundan Earrings,Default Title,ER316,4095.0,Restock,8,1,9,https://www.kanshijewels.com/products/jadau-kundan-earrings-129?variant=gid://shopify/ProductVariant/48242852659500
2026-08-24 21:51:30,Jadau Kundan Earrings,Default Title,ER315,3360.0,Restock,2,1,3,https://www.kanshijewels.com/products/jadau-kundan-earrings-130?variant=gid://shopify/ProductVariant/48242853511468
2026-08-24 21:51:30,Jadau Kundan Earrings,Default Title,ER314,3990.0,Restock,2,1,3,https://www.kanshijewels.com/products/jadau-kundan-earrings-131?variant=gid://shopify/ProductVariant/48242865242412
2026-08-24 21:51:30,Jadau Kundan Earrings,Default Title,ER313,3045.0,Restock,5,1,6,https://www.kanshijewels.com/products/jadau-kundan-earrings-132?variant=gid://shopify/ProductVariant/48242922094892
2026-08-24 21:51:30,Jadau Kundan Earrings,Default Title,ER312,3360.0,Restock,8,1,9,https://www.kanshijewels.com/products/jadau-kundan-earrings-133?variant=gid://shopify/ProductVariant/48242922619180
2026-08-24 21:51:30,Jadau Kundan Earrings,Default Title,ER311,3570.0,Restock,1,1,2,https://www.kanshijewels.com/products/jadau-kundan-earrings-134?variant=gid://shopify/ProductVariant/48242922848556
2026-08-24 21:51:30,Jadau Kundan Necklace,Default Title,NK490,12075.0,Restock,9,1,10,https://www.kanshijewels.com/products/jadau-kundan-necklace-146?variant=gid://shopify/ProductVariant/48242927796524
2026-08-24 21:51:30,Jadau Kundan Necklace Set,Default Title,NK488,9660.0,Restock,9,1,10,https://www.kanshijewels.com/products/jadau-kundan-necklace-148?variant=gid://shopify/ProductVariant/48242931040556
2026-08-24 21:51:30,Jadau Kundan Necklace,Default Title,NK487,9240.0,Restock,9,1,10,https://www.kanshijewels.com/products/jadau-kundan-necklace-149?variant=gid://shopify/ProductVariant/48242932056364
2026-08-24 21:51:30,Jadau Kundan Necklace,Default Title,NK486,8505.0,Restock,8,1,9,https://www.kanshijewels.com/products/jadau-kundan-necklace-150?variant=gid://shopify/ProductVariant/48242987237676
2026-08-24 21:51:30,Jadau Kundan Necklace,Default Title,NK485,16800.0,Restock,8,1,9,https://www.kanshijewels.com/products/jadau-kundan-necklace-151?variant=gid://shopify/ProductVariant/48242988024108
2026-08-24 21:51:30,Jadau Kundan Necklace,Default Title,NK484,4189.5,Restock,3,1,4,https://www.kanshijewels.com/products/jadau-kundan-necklace-152?variant=gid://shopify/ProductVariant/48242993987884
2026-08-24 21:51:30,Jadau Kundan Necklace,Default Title,NK483,4189.5,Restock,2,1,3,https://www.kanshijewels.com/products/jadau-kundan-necklace-153?variant=gid://shopify/ProductVariant/48242994217260
2026-08-24 21:51:30,Jadau Kundan Necklace,Default Title,NK482,5460.0,Restock,9,1,10,https://www.kanshijewels.com/products/jadau-kundan-necklace-154?variant=gid://shopify/ProductVariant/48243019350316
2026-08-24 21:51:30,Jadau Kundan Necklace,Default Title,NK481,4830.0,Restock,2,1,3,https://www.kanshijewels.com/products/jadau-kundan-necklace-155?variant=gid://shopify/ProductVariant/48243024167212
2026-08-24 21:51:30,Jadau Kundan Necklace,Default Title,NK480,5145.0,Restock,6,1,7,https://www.kanshijewels.com/products/jadau-kundan-necklace-156?variant=gid://shopify/ProductVariant/48243039863084
2026-08-24 21:51:30,Jadau Kundan Necklace,Default Title,NK478,9500.0,Restock,9,1,10,https://www.kanshijewels.com/products/jadau-kundan-necklace-158?variant=gid://shopify/ProductVariant/48243059163436
2026-08-24 21:51:30,Jadau Kundan Necklace,Default Title,NK476,8505.0,Restock,1,1,2,https://www.kanshijewels.com/products/jadau-kundan-necklace-160?variant=gid://shopify/ProductVariant/48243063095596
2026-08-24 21:51:30,Jadau Kundan Necklace,Default Title,NK475,7245.0,Restock,9,1,10,https://www.kanshijewels.com/products/jadau-kundan-necklace-161?variant=gid://shopify/ProductVariant/48243063456044
2026-08-24 21:51:30,Jadau Kundan Necklace,Default Title,NK474,6825.0,Restock,6,1,7,https://www.kanshijewels.com/products/jadau-kundan-necklace-162?variant=gid://shopify/ProductVariant/48243064111404
2026-08-24 21:51:30,Jadau Kundan Necklace,Default Title,NK473,5880.0,Restock,2,1,3,https://www.kanshijewels.com/products/jadau-kundan-necklace-163?variant=gid://shopify/ProductVariant/48243064373548
2026-08-24 21:51:30,Jadau Kundan Necklace,Default Title,NK472,10489.5,Restock,1,1,2,https://www.kanshijewels.com/products/jadau-kundan-necklace-164?variant=gid://shopify/ProductVariant/48243137708332
2026-08-24 21:51:30,Jadau Kundan Necklace,Default Title,NK470,7665.0,Restock,8,1,9,https://www.kanshijewels.com/products/jadau-kundan-necklace-166?variant=gid://shopify/ProductVariant/48243139838252
2026-08-24 21:51:30,Jadau Kundan Necklace Set,Default Title,NK469,9135.0,Restock,7,1,8,https://www.kanshijewels.com/products/jadau-kundan-necklace-167?variant=gid://shopify/ProductVariant/48243144163628
2026-08-24 21:51:30,Jadau Kundan Necklace,Default Title,NK466,20475.0,Restock,5,1,6,https://www.kanshijewels.com/products/jadau-kundan-necklace-170?variant=gid://shopify/ProductVariant/48243166052652
2026-08-24 21:51:30,Jadau Kundan Necklace Set,Default Title,NK465,13230.0,Restock,4,1,5,https://www.kanshijewels.com/products/jadau-kundan-necklace-171?variant=gid://shopify/ProductVariant/48243166282028
2026-08-24 21:51:30,Jadau Kundan Earrings,Default Title,ER310,892.5,Restock,4,1,5,https://www.kanshijewels.com/products/jadau-kundan-earrings-135?variant=gid://shopify/ProductVariant/48243327435052
2026-08-24 21:51:30,Jadau Kundan Earrings,Default Title,ER309,1312.5,Restock,5,1,6,https://www.kanshijewels.com/products/jadau-kundan-earrings-136?variant=gid://shopify/ProductVariant/48243328516396
2026-08-24 21:51:30,Jadau Kundan Earrings,Default Title,ER307,1575.0,Restock,3,1,4,https://www.kanshijewels.com/products/jadau-kundan-earrings-138?variant=gid://shopify/ProductVariant/48243333333292
2026-08-24 21:51:30,Jadau Kundan Earrings,Default Title,ER305,1575.0,Restock,9,1,10,https://www.kanshijewels.com/products/jadau-kundan-earrings-140?variant=gid://shopify/ProductVariant/48243340247340
2026-08-24 21:51:30,Jadau Kundan Earrings,Default Title,ER304,1995.0,Restock,1,1,2,https://www.kanshijewels.com/products/jadau-kundan-earrings-141?variant=gid://shopify/ProductVariant/48243341001004
2026-08-24 21:51:30,Jadau Kundan Earrings,Default Title,ER303,1470.0,Restock,6,1,7,https://www.kanshijewels.com/products/jadau-kundan-earrings-142?variant=gid://shopify/ProductVariant/48243342606636
2026-08-24 21:51:30,Jadau Kundan Earrings,Default Title,ER302,2992.5,Restock,7,1,8,https://www.kanshijewels.com/products/jadau-kundan-earrings-143?variant=gid://shopify/ProductVariant/48243343065388
2026-08-24 21:51:30,Jadau Kundan Earrings,Default Title,ER299,997.5,Restock,9,1,10,https://www.kanshijewels.com/products/jadau-kundan-earrings-146?variant=gid://shopify/ProductVariant/48243349029164
2026-08-24 21:51:30,Jadau Kundan Earrings,Default Title,ER298,3360.0,Restock,8,1,9,https://www.kanshijewels.com/products/jadau-kundan-earrings-147?variant=gid://shopify/ProductVariant/48243359580460
2026-08-24 21:51:30,Jadau Kundan Earrings,Default Title,ER297,2310.0,Restock,6,1,7,https://www.kanshijewels.com/products/jadau-kundan-earrings-148?variant=gid://shopify/ProductVariant/48243365937452
2026-08-24 21:51:30,Jadau Kundan Earrings,Default Title,ER296,3045.0,Restock,8,1,9,https://www.kanshijewels.com/products/jadau-kundan-earrings-149?variant=gid://shopify/ProductVariant/48243366265132
2026-08-24 21:51:30,Jadau Kundan Maang Tikka,Default Title,MT45,819.0,Restock,4,1,5,https://www.kanshijewels.com/products/jadau-kundan-maang-tika-14?variant=gid://shopify/ProductVariant/48243406176556
2026-08-24 21:51:30,Jadau Kundan Maang Tikka,Default Title,MT44,945.0,Restock,1,1,2,https://www.kanshijewels.com/products/jadau-kundan-maang-tika-15?variant=gid://shopify/ProductVariant/48243407814956
2026-08-24 21:51:30,Jadau Kundan Maang Tikka,Default Title,MT43,997.5,Restock,6,1,7,https://www.kanshijewels.com/products/jadau-kundan-maang-tika-16?variant=gid://shopify/ProductVariant/48243408961836
2026-08-24 21:51:30,Jadau Kundan Maang Tikka,Default Title,MT42,1155.0,Restock,9,1,10,https://www.kanshijewels.com/products/jadau-kundan-maang-tika-17?variant=gid://shopify/ProductVariant/48243411943724
2026-08-24 21:51:30,Jadau Kundan Maang Tikka,Default Title,MT41,1155.0,Restock,7,1,8,https://www.kanshijewels.com/products/jadau-kundan-maang-tika-18?variant=gid://shopify/ProductVariant/48243417219372
2026-08-24 21:51:30,Jadau Kundan Maang Tikka,Default Title,MT40,1155.0,Restock,8,1,9,https://www.kanshijewels.com/products/jadau-kundan-maang-tika-19?variant=gid://shopify/ProductVariant/48243440845100
2026-08-24 21:51:30,Jadau Kundan Maang Tikka,Default Title,MT39,1207.5,Restock,2,1,3,https://www.kanshijewels.com/products/jadau-kundan-maang-tika-20?variant=gid://shopify/ProductVariant/48249292456236
2026-08-24 21:51:30,Jadau Kundan Maang Tikka,Default Title,MT38,1207.5,Restock,3,1,4,https://www.kanshijewels.com/products/jadau-kundan-maang-tika-21?variant=gid://shopify/ProductVariant/48249296421164
2026-08-24 21:51:30,Jadau Kundan Maang Tikka,Default Title,MT37,1260.0,Restock,1,1,2,https://www.kanshijewels.com/products/jadau-kundan-maang-tika-22?variant=gid://shopify/ProductVariant/48249298551084
2026-08-24 21:51:30,Jadau Kundan Maang Tikka,Default Title,MT36,1260.0,Restock,1,1,2,https://www.kanshijewels.com/products/jadau-kundan-maang-tika-23?variant=gid://shopify/ProductVariant/48249299599660
2026-08-24 21:51:30,Jadau Kundan Maang Tikka,Default Title,MT35,1260.0,Restock,7,1,8,https://www.kanshijewels.com/products/jadau-kundan-maang-tika-24?variant=gid://shopify/ProductVariant/48249303499052
2026-08-24 21:51:30,Jadau Kundan Maang Tikka,Default Title,MT34,1260.0,Restock,3,1,4,https://www.kanshijewels.com/products/jadau-kundan-maang-tika-25?variant=gid://shopify/ProductVariant/48249343476012
2026-08-24 21:51:30,Jadau Kundan Maang Tikka,Default Title,MT33,1260.0,Restock,2,1,3,https://www.kanshijewels.com/products/jadau-kundan-maang-tika-26?variant=gid://shopify/ProductVariant/48249343672620
2026-08-24 21:51:30,Jadau Kundan Maang Tikka,Default Title,MT32,1312.5,Restock,5,1,6,https://www.kanshijewels.com/products/jadau-kundan-maang-tika-27?variant=gid://shopify/ProductVariant/48249343901996
2026-08-24 21:51:30,Jadau Kundan Maang Tikka,Default Title,MT31,1312.5,Restock,3,1,4,https://www.kanshijewels.com/products/jadau-kundan-maang-tika-28?variant=gid://shopify/ProductVariant/48249344524588
2026-08-24 21:51:30,Jadau Kundan Maang Tikka,Default Title,MT30,1312.5,Restock,3,1,4,https://www.kanshijewels.com/products/jadau-kundan-maang-tika-29?variant=gid://shopify/ProductVariant/48249344622892
2026-08-24 21:51:30,Jadau Kundan Maang Tikka,Default Title,MT29,1365.0,Restock,4,1,5,https://www.kanshijewels.com/products/jadau-kundan-maang-tika-30?variant=gid://shopify/ProductVariant/48249389220140
2026-08-24 21:51:30,Jadau Kundan Maang Tika,Default Title,MT28,1417.5,Restock,6,1,7,https://www.kanshijewels.com/products/jadau-kundan-maang-tika-31?variant=gid://shopify/ProductVariant/48249389646124
2026-08-24 21:51:30,Jadau Kundan Maang Tika,Default Title,MT27,1417.5,Restock,8,1,9,https://www.kanshijewels.com/products/jadau-kundan-maang-tika-32?variant=gid://shopify/ProductVariant/48249390956844
2026-08-24 21:51:30,Jadau Kundan Maang Tika,Default Title,MT26,1417.5,Restock,6,1,7,https://www.kanshijewels.com/products/jadau-kundan-maang-tika-33?variant=gid://shopify/ProductVariant/48249391481132
2026-08-24 21:51:30,Jadau Kundan Maang Tika,Default Title,MT25,1470.0,Restock,8,1,9,https://www.kanshijewels.com/products/jadau-kundan-maang-tika-34?variant=gid://shopify/ProductVariant/48249392660780
2026-08-24 21:51:30,Jadau Kundan Maang Tika,Default Title,MT24,1470.0,Restock,6,1,7,https://www.kanshijewels.com/products/jadau-kundan-maang-tika-35?variant=gid://shopify/ProductVariant/48249455509804
2026-08-24 21:51:30,Jadau Kundan Pendant,Default Title,NK464,1890.0,Restock,7,1,8,https://www.kanshijewels.com/products/jadau-kundan-maang-tika-38?variant=gid://shopify/ProductVariant/48249467470124
2026-08-24 21:51:30,Jadau Kundan Earrings and Maang Tikka,Default Title,MT21,1995.0,Restock,5,1,6,https://www.kanshijewels.com/products/jadau-kundan-earrings-and-maang-tika?variant=gid://shopify/ProductVariant/48249468158252
2026-08-24 21:51:30,Jadau Kundan Pendant,Default Title,NK462,3465.0,Restock,3,1,4,https://www.kanshijewels.com/products/jadau-kundan-maang-tika-44?variant=gid://shopify/ProductVariant/48249489490220
2026-08-24 21:51:30,Jadau Kundan Maang Tika,Default Title,MT19,1260.0,Restock,5,1,6,https://www.kanshijewels.com/products/jadau-kundan-maang-tika-82?variant=gid://shopify/ProductVariant/48249554731308
2026-08-24 21:51:30,Jadau Kundan Pendant,Default Title,NK461,3570.0,Restock,6,1,7,https://www.kanshijewels.com/products/jadau-kundan-pendant-36?variant=gid://shopify/ProductVariant/48667696988460
2026-08-24 21:51:30,Jadau Kundan Pendant,Default Title,NK460,3045.0,Restock,1,1,2,https://www.kanshijewels.com/products/jadau-kundan-pendant-37?variant=gid://shopify/ProductVariant/48667697283372
2026-08-24 21:51:30,Jadau Kundan Choker,Default Title,NK459,1995.0,Restock,2,1,3,https://www.kanshijewels.com/products/jadau-kundan-chokar-27?variant=gid://shopify/ProductVariant/48667718254892
2026-08-24 21:51:30,Jadau Kundan Choker,Default Title,NK458,1995.0,Restock,7,1,8,https://www.kanshijewels.com/products/jadau-kundan-chokar-28?variant=gid://shopify/ProductVariant/48667718484268
2026-08-24 21:51:30,Jadau Kundan Choker,Default Title,NK457,2940.0,Restock,8,1,9,https://www.kanshijewels.com/products/jadau-kundan-chokar-29?variant=gid://shopify/ProductVariant/48667720286508
2026-08-24 21:51:30,Jadau Kundan Choker,Default Title,NK456,3045.0,Restock,4,1,5,https://www.kanshijewels.com/products/jadau-kundan-chokar-30?variant=gid://shopify/ProductVariant/48667720712492
2026-08-24 21:51:30,Jadau Kundan Choker,Default Title,NK455,3885.0,Restock,1,1,2,https://www.kanshijewels.com/products/jadau-kundan-choker-necklace-set?variant=gid://shopify/ProductVariant/48667721236780
2026-08-24 21:51:30,Jadau Kundan Choker,Default Title,NK454,4305.0,Restock,9,1,10,https://www.kanshijewels.com/products/jadau-kundan-chokar-32?variant=gid://shopify/ProductVariant/48667722055980
2026-08-24 21:51:30,Jadau Kundan Choker,Default Title,NK453,4410.0,Restock,8,1,9,https://www.kanshijewels.com/products/jadau-kundan-chokar-33?variant=gid://shopify/ProductVariant/48667722613036
2026-08-24 21:51:30,Jadau Kundan Jhumka,Default Title,ER295,3139.5,Restock,8,1,9,https://www.kanshijewels.com/products/jadau-kundan-jhumka-2?variant=gid://shopify/ProductVariant/48667729920300
2026-08-24 21:51:30,Jadau Kundan Jhumka,Default Title,ER294,4515.0,Restock,5,1,6,https://www.kanshijewels.com/products/jadau-kundan-jhumka-3?variant=gid://shopify/ProductVariant/48667730346284
2026-08-24 21:51:30,Jadau Kundan Jhumka,Default Title,ER293,4725.0,Restock,5,1,6,https://www.kanshijewels.com/products/jadau-kundan-jhumka-4?variant=gid://shopify/ProductVariant/48667730673964
2026-08-24 21:51:30,Jadau Kundan Necklace,Default Title,NK449,6825.0,Restock,8,1,9,https://www.kanshijewels.com/products/jadau-kundan-necklace-174?variant=gid://shopify/ProductVariant/48667739455788
2026-08-24 21:51:30,Jadau Kundan Necklace,Default Title,NK448,9870.0,Restock,3,1,4,https://www.kanshijewels.com/products/jadau-kundan-necklace-175?variant=gid://shopify/ProductVariant/48667739685164
2026-08-24 21:51:30,Jadau Kundan Necklace,Default Title,NK447,9975.0,Restock,8,1,9,https://www.kanshijewels.com/products/jadau-kundan-necklace-176?variant=gid://shopify/ProductVariant/48667740078380
2026-08-24 21:51:30,Jadau Kundan Necklace,Default Title,NK446,10290.0,Restock,4,1,5,https://www.kanshijewels.com/products/jadau-kundan-necklace-177?variant=gid://shopify/ProductVariant/48667740471596
2026-08-24 21:51:30,Jadau Kundan Earrings,Default Title,ER291,2520.0,Restock,9,1,10,https://www.kanshijewels.com/products/jadau-kundan-earrings-151?variant=gid://shopify/ProductVariant/48667762393388
2026-08-24 21:51:30,Jadau Kundan Earrings,Default Title,ER290,2520.0,Restock,8,1,9,https://www.kanshijewels.com/products/jadau-kundan-earrings-152?variant=gid://shopify/ProductVariant/48667762688300
2026-08-24 21:51:30,Jadau Kundan Earrings,Default Title,ER288,2205.0,Restock,9,1,10,https://www.kanshijewels.com/products/jadau-kundan-earrings-154?variant=gid://shopify/ProductVariant/48667763245356
2026-08-24 21:51:30,Jadau Kundan Earrings,Default Title,ER287,2205.0,Restock,8,1,9,https://www.kanshijewels.com/products/jadau-kundan-earrings-155?variant=gid://shopify/ProductVariant/48667765965100
2026-08-24 21:51:30,Jadau Kundan Earrings,Default Title,ER286,1312.5,Restock,7,1,8,https://www.kanshijewels.com/products/jadau-kundan-earrings-156?variant=gid://shopify/ProductVariant/48667766554924
2026-08-24 21:51:30,Jadau Kundan Choker,Default Title,NK445,4725.0,Restock,7,1,8,https://www.kanshijewels.com/products/jadau-kundan-choker?variant=gid://shopify/ProductVariant/48974823063852
2026-08-24 21:51:30,Jadau Kundan Choker,Default Title,NK444,4462.5,Restock,7,1,8,https://www.kanshijewels.com/products/jadau-kundan-choker-1?variant=gid://shopify/ProductVariant/48974823358764
2026-08-24 21:51:30,Jadau Kundan Choker,Default Title,NK443,4095.0,Restock,9,1,10,https://www.kanshijewels.com/products/jadau-kundan-choker-2?variant=gid://shopify/ProductVariant/48974824014124
2026-08-24 21:51:30,Jadau Kundan Choker,Default Title,NK442,4725.0,Restock,1,1,2,https://www.kanshijewels.com/products/jadau-kundan-choker-3?variant=gid://shopify/ProductVariant/48974824505644
2026-08-24 21:51:30,Jadau Kundan Choker,Default Title,NK441,4830.0,Restock,2,1,3,https://www.kanshijewels.com/products/jadau-kundan-choker-4?variant=gid://shopify/ProductVariant/48974824997164
2026-08-24 21:51:30,Jadau Kundan Choker,Default Title,NK440,4189.5,Restock,7,1,8,https://www.kanshijewels.com/products/jadau-kundan-choker-5?variant=gid://shopify/ProductVariant/48974825357612
2026-08-24 21:51:30,Jadau Kundan Choker,Default Title,NK438,2415.0,Restock,3,1,4,https://www.kanshijewels.com/products/jadau-kundan-choker-7?variant=gid://shopify/ProductVariant/48974828208428
2026-08-24 21:51:30,Jadau Kundan Choker,Default Title,NK437,3097.5,Restock,9,1,10,https://www.kanshijewels.com/products/jadau-kundan-choker-8?variant=gid://shopify/ProductVariant/48974831190316
2026-08-24 21:51:30,Jadau Kundan Choker,Default Title,NK436,1575.0,Restock,3,1,4,https://www.kanshijewels.com/products/jadau-kundan-choker-9?variant=gid://shopify/ProductVariant/48974831485228
2026-08-24 21:51:30,Jadau Kundan Choker,Default Title,NK435,3360.0,Restock,6,1,7,https://www.kanshijewels.com/products/jadau-kundan-choker-10?variant=gid://shopify/ProductVariant/48974831681836
2026-08-24 21:51:30,Jadau Kundan Choker,Default Title,NK434,3675.0,Restock,6,1,7,https://www.kanshijewels.com/products/jadau-kundan-choker-11?variant=gid://shopify/ProductVariant/48974831911212
2026-08-24 21:51:30,Jadau Kundan Choker,Default Title,NK433,3675.0,Restock,1,1,2,https://www.kanshijewels.com/products/jadau-kundan-choker-12?variant=gid://shopify/ProductVariant/48974832173356
2026-08-24 21:51:30,Jadau Kundan Choker,Default Title,NK432,4410.0,Restock,7,1,8,https://www.kanshijewels.com/products/jadau-kundan-choker-13?variant=gid://shopify/ProductVariant/48974832304428
2026-08-24 21:51:30,Jadau Kundan Choker,Default Title,NK431,3990.0,Restock,8,1,9,https://www.kanshijewels.com/products/jadau-kundan-choker-14?variant=gid://shopify/ProductVariant/48974832468268
2026-08-24 21:51:30,Jadau Kundan Choker,Default Title,NK430,3465.0,Restock,9,1,10,https://www.kanshijewels.com/products/jadau-kundan-choker-15?variant=gid://shopify/ProductVariant/48974832697644
2026-08-24 21:51:30,Jadau Kundan Jhumka,Default Title,ER285,2730.0,Restock,6,1,7,https://www.kanshijewels.com/products/jadau-kundan-jhumka?variant=gid://shopify/ProductVariant/48974857797932
2026-08-24 21:51:30,Jadau Kundan Jhumka,Default Title,ER282,6825.0,Restock,8,1,9,https://www.kanshijewels.com/products/jadau-kundan-jhumka-8?variant=gid://shopify/ProductVariant/48974863991084
2026-08-24 21:51:30,Jadau Kundan Long Harams,Default Title,NK429,12495.0,Restock,6,1,7,https://www.kanshijewels.com/products/jadau-kundan-long-harams-25?variant=gid://shopify/ProductVariant/48974883324204
2026-08-24 21:51:30,Jadau Kundan Long Harams,Default Title,NK428,13125.0,Restock,8,1,9,https://www.kanshijewels.com/products/jadau-kundan-long-harams-26?variant=gid://shopify/ProductVariant/48974885880108
2026-08-24 21:51:30,Jadau Kundan Maang Tika,Default Title,MT18,945.0,Restock,2,1,3,https://www.kanshijewels.com/products/jadau-kundan-maang-tika-83?variant=gid://shopify/ProductVariant/48974904492332
2026-08-24 21:51:30,Jadau Kundan Pendant,Default Title,NK427,3045.0,Restock,4,1,5,https://www.kanshijewels.com/products/jadau-kundan-pendant-38?variant=gid://shopify/ProductVariant/48974904951084
2026-08-24 21:51:30,Jadau Kundan Pendant,Default Title,NK426,1417.5,Restock,4,1,5,https://www.kanshijewels.com/products/jadau-kundan-pendant-39?variant=gid://shopify/ProductVariant/48974905049388
2026-08-24 21:51:30,Jadau Kundan Pendant,Default Title,NK425,2415.0,Restock,8,1,9,https://www.kanshijewels.com/products/jadau-kundan-pendant-40?variant=gid://shopify/ProductVariant/48974905901356
2026-08-24 21:51:30,Jadau Kundan Pendant,Default Title,NK424,2415.0,Restock,7,1,8,https://www.kanshijewels.com/products/jadau-kundan-pendant-41?variant=gid://shopify/ProductVariant/48974906097964
2026-08-24 21:51:30,Jadau Kundan Stud Earrings,Default Title,ER281,1039.5,Restock,7,1,8,https://www.kanshijewels.com/products/jadau-kundan-stud-earrings-50?variant=gid://shopify/ProductVariant/48974915600684
2026-08-24 21:51:30,Jadau Kundan Stud Earrings,Default Title,ER280,1260.0,Restock,8,1,9,https://www.kanshijewels.com/products/jadau-kundan-stud-earrings-51?variant=gid://shopify/ProductVariant/48974917435692
2026-08-24 21:51:30,Jadau Kundan Stud Earrings,Default Title,ER279,1785.0,Restock,7,1,8,https://www.kanshijewels.com/products/jadau-kundan-stud-earrings-52?variant=gid://shopify/ProductVariant/48974917697836
2026-08-24 21:51:30,Jadau Kundan Stud Earrings,Default Title,ER278,2730.0,Restock,9,1,10,https://www.kanshijewels.com/products/jadau-kundan-stud-earrings-53?variant=gid://shopify/ProductVariant/48974917828908
2026-08-24 21:51:30,Jadau Kundan Jhumka,Default Title,ER275,2940.0,Restock,2,1,3,https://www.kanshijewels.com/products/jadau-kundan-jhumka-11?variant=gid://shopify/ProductVariant/49513694331180
2026-08-24 21:51:30,Jadau Kundan Jhumka,Default Title,ER273,4672.5,Restock,8,1,9,https://www.kanshijewels.com/products/jadau-kundan-jhumka-13?variant=gid://shopify/ProductVariant/49513695609132
2026-08-24 21:51:30,Jadau Kundan Necklace,Default Title,NK423,11539.5,Restock,8,1,9,https://www.kanshijewels.com/products/jadau-kundan-necklace-178?variant=gid://shopify/ProductVariant/49513717825836
2026-08-24 21:51:30,Jadau Kundan Necklace,Default Title,NK422,5775.0,Restock,8,1,9,https://www.kanshijewels.com/products/jadau-kundan-necklace-179?variant=gid://shopify/ProductVariant/49513719497004
2026-08-24 21:51:30,Jadau Kundan Necklace,Default Title,NK420,9975.0,Restock,3,1,4,https://www.kanshijewels.com/products/jadau-kundan-necklace-182?variant=gid://shopify/ProductVariant/49513722380588
2026-08-24 21:51:30,Jadau Kundan Necklace,Default Title,NK419,6195.0,Restock,9,1,10,https://www.kanshijewels.com/products/jadau-kundan-necklace-183?variant=gid://shopify/ProductVariant/49513723199788
2026-08-24 21:51:30,Jadau Kundan Necklace,Default Title,NK418,7980.0,Restock,6,1,7,https://www.kanshijewels.com/products/jadau-kundan-necklace-186?variant=gid://shopify/ProductVariant/49513724707116
2026-08-24 21:51:30,Jadau Kundan Choker,Default Title,NK416,2520.0,Restock,4,1,5,https://www.kanshijewels.com/products/jadau-kundan-choker-17?variant=gid://shopify/ProductVariant/49513746759980
2026-08-24 21:51:30,Jadau Kundan Choker,Default Title,NK415,2940.0,Restock,1,1,2,https://www.kanshijewels.com/products/jadau-kundan-choker-18?variant=gid://shopify/ProductVariant/49513748103468
2026-08-24 21:51:30,Jadau Kundan necklace,Default Title,NK414,5775.0,Restock,6,1,7,https://www.kanshijewels.com/products/jadau-kundan-choker-19?variant=gid://shopify/ProductVariant/49513750036780
2026-08-24 21:51:30,Jadau Kundan Choker Set,Default Title,NK413,4800.0,Restock,2,1,3,https://www.kanshijewels.com/products/jadau-kundan-choker-set?variant=gid://shopify/ProductVariant/49513753182508
2026-08-24 21:51:30,Jadau Kundan Choker,Default Title,NK412,5460.0,Restock,9,1,10,https://www.kanshijewels.com/products/jadau-kundan-choker-20?variant=gid://shopify/ProductVariant/49513753805100
2026-08-24 21:51:30,Jadau Kundan Stud Earrings,Default Title,ER271,1039.5,Restock,4,1,5,https://www.kanshijewels.com/products/jadau-kundan-stud-earrings-54?variant=gid://shopify/ProductVariant/49513761407276
2026-08-24 21:51:30,Jadau Kundan Stud Earrings,Default Title,ER270,1890.0,Restock,4,1,5,https://www.kanshijewels.com/products/jadau-kundan-stud-earrings-55?variant=gid://shopify/ProductVariant/49513761898796
2026-08-24 21:51:30,Jadau Kundan Stud Earrings,Default Title,ER269,1785.0,Restock,1,1,2,https://www.kanshijewels.com/products/jadau-kundan-stud-earrings-56?variant=gid://shopify/ProductVariant/49513762423084
2026-08-24 21:51:30,Coral Jadau Mangalsutra,Default Title,NK411,945.0,Restock,1,1,2,https://www.kanshijewels.com/products/coral-jadau-mangalsutra?variant=gid://shopify/ProductVariant/49945920307500
2026-08-24 21:51:30,Ganesha nakashi necklace,Default Title,NK410,5460.0,Restock,9,1,10,https://www.kanshijewels.com/products/ganesha-nakashi-necklace?variant=gid://shopify/ProductVariant/49945961333036
2026-08-24 21:51:30,jadau kundan Choker,Default Title,NK409,2625.0,Restock,5,1,6,https://www.kanshijewels.com/products/jadau-kundan-chokar-35?variant=gid://shopify/ProductVariant/49945962905900
2026-08-24 21:51:30,Jadau kundan Choker,Default Title,NK408,2415.0,Restock,9,1,10,https://www.kanshijewels.com/products/jadau-kundan-chokar-36?variant=gid://shopify/ProductVariant/49945972965676
2026-08-24 21:51:30,Jadau kundan coral Choker,Default Title,NK407,3885.0,Restock,4,1,5,https://www.kanshijewels.com/products/jadau-kundan-coral-chokar?variant=gid://shopify/ProductVariant/49945978274092
2026-08-24 21:51:30,Jadau kundan crystal necklace,Default Title,NK406,4987.5,Restock,9,1,10,https://www.kanshijewels.com/products/jadau-kundan-crystal-necklace?variant=gid://shopify/ProductVariant/49945980207404
2026-08-24 21:51:30,Jadau kundan necklace,Default Title,NK405,3780.0,Restock,2,1,3,https://www.kanshijewels.com/products/jadau-kundan-necklace-180?variant=gid://shopify/ProductVariant/49945982894380
2026-08-24 21:51:30,jadau kundan necklace,Default Title,NK404,3990.0,Restock,9,1,10,https://www.kanshijewels.com/products/jadau-kundan-necklace-184?variant=gid://shopify/ProductVariant/49945995280684
2026-08-24 21:51:30,Jadau kundan necklace,Default Title,NK403,5040.0,Restock,4,1,5,https://www.kanshijewels.com/products/jadau-kundan-necklace-185?variant=gid://shopify/ProductVariant/49945997476140
2026-08-24 21:51:30,Jadau kundan pearl necklace,Default Title,NK402,3412.5,Restock,9,1,10,https://www.kanshijewels.com/products/jadau-kundan-pearl-necklace?variant=gid://shopify/ProductVariant/49946000228652
2026-08-24 21:51:30,Jadau Nakashi necklace,Default Title,NK401,3990.0,Restock,8,1,9,https://www.kanshijewels.com/products/jadau-nakashi-necklace?variant=gid://shopify/ProductVariant/49946003276076
2026-08-24 21:51:30,Jadau Pearl mala,Default Title,NK400,1575.0,Restock,1,1,2,https://www.kanshijewels.com/products/jadau-pearl-mala?variant=gid://shopify/ProductVariant/49946005438764
2026-08-24 21:51:30,Jadau poth mala,Default Title,NK399,1785.0,Restock,8,1,9,https://www.kanshijewels.com/products/jadau-poth-mala?variant=gid://shopify/ProductVariant/49946012090668
2026-08-24 21:51:30,Exclusive Jalebi Necklace Set,Default Title,NK398,5145.0,Restock,4,1,5,https://www.kanshijewels.com/products/exclusive-jalebi-necklace-set?variant=gid://shopify/ProductVariant/49987304980780
2026-08-24 21:51:30,Jadau Kundan Necklace,Default Title,NK397,3727.5,Restock,9,1,10,https://www.kanshijewels.com/products/jadau-kundan-necklace-187?variant=gid://shopify/ProductVariant/49987323724076
2026-08-24 21:51:30,Pumpkin Choker,Default Title,NK396,5775.0,Restock,6,1,7,https://www.kanshijewels.com/products/pumpkin-chokar?variant=gid://shopify/ProductVariant/49987330965804
2026-08-24 21:51:30,Jadau Kundan Jhumkas,Default Title,ER268,4935.0,Restock,8,1,9,https://www.kanshijewels.com/products/jadau-kundan-jhumkas?variant=gid://shopify/ProductVariant/49987352822060
2026-08-24 21:51:30,Jadau Kundan Jhumkas,Default Title,ER267,5040.0,Restock,4,1,5,https://www.kanshijewels.com/products/jadau-kundan-jhumkas-1?variant=gid://shopify/ProductVariant/49987355967788
2026-08-24 21:51:30,Jadau Kundan Jhumkas,Default Title,ER266,3045.0,Restock,4,1,5,https://www.kanshijewels.com/products/jadau-kundan-jhumkas-2?variant=gid://shopify/ProductVariant/49987356983596
2026-08-24 21:51:30,Jadau Kundan Jhumkas,Default Title,ER265,3780.0,Restock,6,1,7,https://www.kanshijewels.com/products/jadau-kundan-jhumkas-3?variant=gid://shopify/ProductVariant/49987362816300
2026-08-24 21:51:30,Jadau Kundan Jhumkas,Default Title,ER264,4725.0,Restock,9,1,10,https://www.kanshijewels.com/products/jadau-kundan-jhumkas-4?variant=gid://shopify/ProductVariant/49987364847916
2026-08-24 21:51:30,Jadau Kundan Jhumkas,Default Title,ER263,4777.5,Restock,6,1,7,https://www.kanshijewels.com/products/jadau-kundan-jhumkas-5?variant=gid://shopify/ProductVariant/49987367272748
2026-08-24 21:51:30,Jadau Kundan Rani Necklace,Default Title,NK395,15225.0,Restock,5,1,6,https://www.kanshijewels.com/products/jadau-kundan-long-harams-27?variant=gid://shopify/ProductVariant/49987390734636
2026-08-24 21:51:30,Jadau Mango Necklace,Default Title,NK394,7140.0,Restock,3,1,4,https://www.kanshijewels.com/products/jadau-kundan-long-harams-28?variant=gid://shopify/ProductVariant/49987393716524
2026-08-24 21:51:30,Jadau Carving Rani Necklace,Default Title,NK393,8925.0,Restock,8,1,9,https://www.kanshijewels.com/products/jadau-mango-necklace?variant=gid://shopify/ProductVariant/49987398304044
2026-08-24 21:51:30,Jadau Kundan Mango Necklace,Default Title,NK392,18900.0,Restock,7,1,8,https://www.kanshijewels.com/products/jadau-carving-rani-necklace?variant=gid://shopify/ProductVariant/49987402268972
2026-08-24 21:51:30,Jadau Kundan Necklace,Default Title,NK391,7245.0,Restock,4,1,5,https://www.kanshijewels.com/products/jadau-kundan-necklace-188?variant=gid://shopify/ProductVariant/49987405840684
2026-08-24 21:51:30,Jadau Rice Pearls Studs,Default Title,ER262,2089.5,Restock,1,1,2,https://www.kanshijewels.com/products/jadau-kundan-stud-earrings-57?variant=gid://shopify/ProductVariant/49987424878892
2026-08-24 21:51:30,Jadau Kundan Earrings,Default Title,ER260,1365.0,Restock,6,1,7,https://www.kanshijewels.com/products/jadau-round-bali-copy?variant=gid://shopify/ProductVariant/49987435495724
2026-08-24 21:51:30,Jadau Earrings,Default Title,ER259,1365.0,Restock,8,1,9,https://www.kanshijewels.com/products/jadau-kundan-earrings-157?variant=gid://shopify/ProductVariant/49987444900140
2026-08-24 21:51:30,Jadau Kundan Jhumkas,Default Title,ER258,3045.0,Restock,8,1,9,https://www.kanshijewels.com/products/jadau-earrings-copy?variant=gid://shopify/ProductVariant/49987446341932
2026-08-24 21:51:30,Jadau Pendant,Default Title,NK390,1522.5,Restock,7,1,8,https://www.kanshijewels.com/products/jadau-pendant?variant=gid://shopify/ProductVariant/49987452338476
2026-08-24 21:51:30,Jadau Kundan Chain,Default Title,AC111,1890.0,Restock,1,1,2,https://www.kanshijewels.com/products/jadau-kundan-chain?variant=gid://shopify/ProductVariant/50042223067436
2026-08-24 21:51:30,Jadau Hair pin,Default Title,AC110,997.5,Restock,2,1,3,https://www.kanshijewels.com/products/jadau-hair-pin?variant=gid://shopify/ProductVariant/50042261504300
2026-08-24 21:51:30,Jadau Kundan Necklace,Default Title,NK388,4095.0,Restock,4,1,5,https://www.kanshijewels.com/products/jadau-kundan-necklace-189?variant=gid://shopify/ProductVariant/50047804801324
2026-08-24 21:51:30,Jadau Kundan Choker,Default Title,NK387,5239.5,Restock,6,1,7,https://www.kanshijewels.com/products/jadau-kundan-chokar-37?variant=gid://shopify/ProductVariant/50047807291692
2026-08-24 21:51:30,Jadau Kundan Choker,Default Title,NK386,4777.5,Restock,1,1,2,https://www.kanshijewels.com/products/jadau-kundan-chokar-38?variant=gid://shopify/ProductVariant/50047813714220
2026-08-24 21:51:30,Jadau Kundan Choker,Default Title,NK385,4672.5,Restock,9,1,10,https://www.kanshijewels.com/products/jadau-kundan-chokar-39?variant=gid://shopify/ProductVariant/50047817810220
2026-08-24 21:51:30,Jadau Kundan Choker,Default Title,NK384,4672.5,Restock,9,1,10,https://www.kanshijewels.com/products/jadau-kundan-chokar-40?variant=gid://shopify/ProductVariant/50047821349164
2026-08-24 21:51:30,Jadau Kundan Choker,Default Title,NK383,4725.0,Restock,1,1,2,https://www.kanshijewels.com/products/jadau-kundan-chokar-41?variant=gid://shopify/ProductVariant/50047826657580
2026-08-24 21:51:30,Jadau Kundan Choker,Default Title,NK382,4095.0,Restock,4,1,5,https://www.kanshijewels.com/products/jadau-kundan-chokar-42?variant=gid://shopify/ProductVariant/50047830294828
2026-08-24 21:51:30,Jadau Kundan Choker,Default Title,NK381,3885.0,Restock,5,1,6,https://www.kanshijewels.com/products/jadau-kundan-chokar-43?variant=gid://shopify/ProductVariant/50047834980652
2026-08-24 21:51:30,Jadau Kundan Choker,Default Title,NK380,3780.0,Restock,4,1,5,https://www.kanshijewels.com/products/jadau-kundan-chokar-44?variant=gid://shopify/ProductVariant/50047837569324
2026-08-24 21:51:30,Jadau Kundan Choker,Default Title,NK379,3139.5,Restock,4,1,5,https://www.kanshijewels.com/products/jadau-kundan-chokar-45?variant=gid://shopify/ProductVariant/50047841468716
2026-08-24 21:51:30,Jadau Kundan Choker,Default Title,NK378,2677.5,Restock,5,1,6,https://www.kanshijewels.com/products/jadau-kundan-chokar-46?variant=gid://shopify/ProductVariant/50047844516140
2026-08-24 21:51:30,Hasli necklace,Default Title,NK377,2835.0,Restock,8,1,9,https://www.kanshijewels.com/products/hasli-necklace?variant=gid://shopify/ProductVariant/50047854018860
2026-08-24 21:51:30,Jadau Nakashi earrings,Default Title,ER253,3570.0,Restock,5,1,6,https://www.kanshijewels.com/products/jadau-nakashi-earrings?variant=gid://shopify/ProductVariant/50047932825900
2026-08-24 21:51:30,Jadau Kundan Jhumkas,Default Title,ER252,4935.0,Restock,8,1,9,https://www.kanshijewels.com/products/jadau-kundan-jhumkas-6?variant=gid://shopify/ProductVariant/50047937675564
2026-08-24 21:51:30,Jadau Kundan Jhumkas,Default Title,ER251,4935.0,Restock,9,1,10,https://www.kanshijewels.com/products/jadau-kundan-jhumkas-7?variant=gid://shopify/ProductVariant/50047978242348
2026-08-24 21:51:30,Jadau Kundan Jhumkas,Default Title,ER250,4830.0,Restock,4,1,5,https://www.kanshijewels.com/products/jadau-kundan-jhumkas-8?variant=gid://shopify/ProductVariant/50047996363052
2026-08-24 21:51:30,Jadau Kundan Jhumkas,Default Title,ER249,4725.0,Restock,1,1,2,https://www.kanshijewels.com/products/jadau-kundan-jhumkas-9?variant=gid://shopify/ProductVariant/50048000164140
2026-08-24 21:51:30,Jadau Kundan Jhumkas,Default Title,ER248,4725.0,Restock,6,1,7,https://www.kanshijewels.com/products/jadau-kundan-jhumkas-10?variant=gid://shopify/ProductVariant/50048002916652
2026-08-24 21:51:30,Jadau Kundan Jhumkas,Default Title,ER247,4725.0,Restock,8,1,9,https://www.kanshijewels.com/products/jadau-kundan-jhumkas-11?variant=gid://shopify/ProductVariant/50048007602476
2026-08-24 21:51:30,Jadau Kundan Jhumkas,Default Title,ER246,4672.5,Restock,9,1,10,https://www.kanshijewels.com/products/jadau-kundan-jhumkas-12?variant=gid://shopify/ProductVariant/50048009535788
2026-08-24 21:51:30,Jadau Kundan Jhumkas,Default Title,ER245,4672.5,Restock,9,1,10,https://www.kanshijewels.com/products/jadau-kundan-jhumkas-13?variant=gid://shopify/ProductVariant/50048012288300
2026-08-24 21:51:30,Jadau Kundan Jhumkas,Default Title,ER244,4515.0,Restock,9,1,10,https://www.kanshijewels.com/products/jadau-kundan-jhumkas-14?variant=gid://shopify/ProductVariant/50048013828396
2026-08-24 21:51:30,Jadau Kundan Jhumkas,Default Title,ER242,4095.0,Restock,8,1,9,https://www.kanshijewels.com/products/jadau-kundan-jhumkas-16?variant=gid://shopify/ProductVariant/50048017236268
2026-08-24 21:51:30,Jadau Kundan earcuff Jhumkas,Default Title,ER241,4410.0,Restock,9,1,10,https://www.kanshijewels.com/products/jadau-kundan-jhumkas-17?variant=gid://shopify/ProductVariant/50048027754796
2026-08-24 21:51:30,Jadau Kundan earcuff Jhumkas,Default Title,ER240,4620.0,Restock,6,1,7,https://www.kanshijewels.com/products/jadau-kundan-earcuff-jhumkas?variant=gid://shopify/ProductVariant/50048029524268
2026-08-24 21:51:30,Jadau Kundan chandbali,Default Title,ER239,4095.0,Restock,6,1,7,https://www.kanshijewels.com/products/jadau-kundan-chandbali?variant=gid://shopify/ProductVariant/50048032047404
2026-08-24 21:51:30,Jadau Kundan chandbali,Default Title,ER238,3150.0,Restock,8,1,9,https://www.kanshijewels.com/products/jadau-kundan-chandbali-1?variant=gid://shopify/ProductVariant/50048035520812
2026-08-24 21:51:30,Jadau Kundan Necklace,Default Title,NK375,13545.0,Restock,8,1,9,https://www.kanshijewels.com/products/jadau-kundan-necklace-190?variant=gid://shopify/ProductVariant/50048066748716
2026-08-24 21:51:30,Jadau Kundan Necklace,Default Title,NK373,10290.0,Restock,8,1,9,https://www.kanshijewels.com/products/jadau-kundan-necklace-192?variant=gid://shopify/ProductVariant/50048074744108
2026-08-24 21:51:30,Jadau Kundan Necklace,Default Title,NK372,7350.0,Restock,8,1,9,https://www.kanshijewels.com/products/jadau-kundan-necklace-193?variant=gid://shopify/ProductVariant/50048078414124
2026-08-24 21:51:30,Jadau Kundan Necklace,Default Title,NK371,7234.5,Restock,8,1,9,https://www.kanshijewels.com/products/jadau-kundan-necklace-194?variant=gid://shopify/ProductVariant/50048081068332
2026-08-24 21:51:30,Jadau Kundan Necklace,Default Title,NK370,7140.0,Restock,5,1,6,https://www.kanshijewels.com/products/jadau-kundan-necklace-195?variant=gid://shopify/ProductVariant/50048084738348
2026-08-24 21:51:30,Jadau Kundan Necklace,Default Title,NK369,6930.0,Restock,7,1,8,https://www.kanshijewels.com/products/jadau-kundan-necklace-196?variant=gid://shopify/ProductVariant/50048101122348
2026-08-24 21:51:30,Jadau Kundan Necklace,Default Title,NK368,6195.0,Restock,8,1,9,https://www.kanshijewels.com/products/jadau-kundan-necklace-197?variant=gid://shopify/ProductVariant/50048112623916
2026-08-24 21:51:30,Jadau Kundan Necklace,Default Title,NK367,5145.0,Restock,9,1,10,https://www.kanshijewels.com/products/jadau-kundan-necklace-198?variant=gid://shopify/ProductVariant/50048114360620
2026-08-24 21:51:30,Jadau Kundan Necklace,Default Title,NK365,3465.0,Restock,3,1,4,https://www.kanshijewels.com/products/jadau-kundan-necklace-200?variant=gid://shopify/ProductVariant/50048124092716
2026-08-24 21:51:30,Jadau Kundan Necklace,Default Title,NK364,3465.0,Restock,1,1,2,https://www.kanshijewels.com/products/jadau-kundan-necklace-201?variant=gid://shopify/ProductVariant/50048127074604
2026-08-24 21:51:30,Jadau Kundan Studs,Default Title,ER236,2310.0,Restock,9,1,10,https://www.kanshijewels.com/products/jadau-kundan-studs?variant=gid://shopify/ProductVariant/50048172327212
2026-08-24 21:51:30,Jadau Kundan Studs,Default Title,ER235,2205.0,Restock,9,1,10,https://www.kanshijewels.com/products/jadau-kundan-studs-1?variant=gid://shopify/ProductVariant/50048187793708
2026-08-24 21:51:30,Jadau Kundan Studs,Default Title,ER234,2100.0,Restock,8,1,9,https://www.kanshijewels.com/products/jadau-kundan-studs-2?variant=gid://shopify/ProductVariant/50048190316844
2026-08-24 21:51:30,Jadau Kundan Studs,Default Title,ER233,1995.0,Restock,8,1,9,https://www.kanshijewels.com/products/jadau-kundan-studs-3?variant=gid://shopify/ProductVariant/50048194511148
2026-08-24 21:51:30,Jadau Kundan Studs,Default Title,ER232,1680.0,Restock,5,1,6,https://www.kanshijewels.com/products/jadau-kundan-studs-4?variant=gid://shopify/ProductVariant/50048197787948
2026-08-24 21:51:30,Jadau Kundan Studs,Default Title,ER231,1470.0,Restock,9,1,10,https://www.kanshijewels.com/products/jadau-kundan-studs-5?variant=gid://shopify/ProductVariant/50048200016172
2026-08-24 21:51:30,Jadau Kundan Studs,Default Title,ER230,1365.0,Restock,6,1,7,https://www.kanshijewels.com/products/jadau-kundan-studs-6?variant=gid://shopify/ProductVariant/50048211190060
2026-08-24 21:51:30,Jadau Kundan Studs,Default Title,ER229,1365.0,Restock,8,1,9,https://www.kanshijewels.com/products/jadau-kundan-studs-7?variant=gid://shopify/ProductVariant/50048215515436
2026-08-24 21:51:30,Jadau Kundan Jhumkas,Default Title,ER228,3045.0,Restock,9,1,10,https://www.kanshijewels.com/products/jadau-kundan-jhumkas-18?variant=gid://shopify/ProductVariant/50048219808044
2026-08-24 21:51:30,Jadau Kundan Earrings,Default Title,ER224,1470.0,Restock,9,1,10,https://www.kanshijewels.com/products/jadau-kundan-earrings-159?variant=gid://shopify/ProductVariant/50048235864364
2026-08-24 21:51:30,Jadau Kundan Chandbali,Default Title,ER221,1365.0,Restock,8,1,9,https://www.kanshijewels.com/products/jadau-kundan-chandbali-4?variant=gid://shopify/ProductVariant/50048265879852
2026-08-24 21:51:30,Jadau Kundan Pendant,Default Title,NK362,2310.0,Restock,6,1,7,https://www.kanshijewels.com/products/jadau-kundan-pendant-42?variant=gid://shopify/ProductVariant/50048278266156
2026-08-24 21:51:30,Jadau Kundan Pendant,Default Title,NK361,1470.0,Restock,4,1,5,https://www.kanshijewels.com/products/jadau-kundan-pendant-43?variant=gid://shopify/ProductVariant/50048285835564
2026-08-24 21:51:30,Jadau Kundan Jhumkas,Default Title,ER220,4725.0,Restock,3,1,4,https://www.kanshijewels.com/products/jadau-kundan-jhumkas-21?variant=gid://shopify/ProductVariant/50321516855596
2026-08-24 21:51:30,Jadau Kundan Jhumkas,Default Title,ER219,4672.5,Restock,9,1,10,https://www.kanshijewels.com/products/jadau-kundan-jhumkas-22?variant=gid://shopify/ProductVariant/50321517609260
2026-08-24 21:51:30,Jadau Kundan Jhumkas,Default Title,ER216,3139.5,Restock,7,1,8,https://www.kanshijewels.com/products/jadau-kundan-jhumkas-25?variant=gid://shopify/ProductVariant/50321521705260
2026-08-24 21:51:30,Jalebi Chain Necklace,Default Title,NK360,3780.0,Restock,4,1,5,https://www.kanshijewels.com/products/jalebi-chain-necklace?variant=gid://shopify/ProductVariant/50321526161708
2026-08-24 21:51:30,Jadau Pearl Necklace,Default Title,NK359,3675.0,Restock,6,1,7,https://www.kanshijewels.com/products/jalebi-pearl-necklace?variant=gid://shopify/ProductVariant/50321527505196
2026-08-24 21:51:30,Jadau Kundan Necklace,Default Title,NK358,9240.0,Restock,4,1,5,https://www.kanshijewels.com/products/jadau-kundan-necklace-202?variant=gid://shopify/ProductVariant/50321530126636
2026-08-24 21:51:30,Jadau Kundan Nakashi Necklace,Default Title,NK357,7339.5,Restock,8,1,9,https://www.kanshijewels.com/products/jadau-kundan-nakashi-necklace?variant=gid://shopify/ProductVariant/50321532748076
2026-08-24 21:51:30,Jadau Kundan Nakashi Necklace,Default Title,NK356,6510.0,Restock,8,1,9,https://www.kanshijewels.com/products/jadau-kundan-nakashi-necklace-1?variant=gid://shopify/ProductVariant/50321533829420
2026-08-24 21:51:30,Jadau coral mango necklace set & earrings set,Default Title,ER214,5985.0,Restock,7,1,8,https://www.kanshijewels.com/products/jadau-coral-mango-necklace-set-earrings-set?variant=gid://shopify/ProductVariant/50321535598892
2026-08-24 21:51:30,Sleek Mangalsutra,Default Title,AC109,787.5,Restock,3,1,4,https://www.kanshijewels.com/products/mangalsutra-13?variant=gid://shopify/ProductVariant/50321538973996
2026-08-24 21:51:30,Sleek Choker design,Default Title,NK355,1785.0,Restock,5,1,6,https://www.kanshijewels.com/products/sleek-choker-design?variant=gid://shopify/ProductVariant/50321567514924
2026-08-24 21:51:30,Ruby pearl necklace,Default Title,NK354,3139.5,Restock,1,1,2,https://www.kanshijewels.com/products/ruby-pearl-necklace?variant=gid://shopify/ProductVariant/50321568989484
2026-08-24 21:51:30,Rani choker,Default Title,NK353,3570.0,Restock,9,1,10,https://www.kanshijewels.com/products/rani-choker?variant=gid://shopify/ProductVariant/50321570201900
2026-08-24 21:51:30,Peacock choker,Default Title,NK351,3622.5,Restock,8,1,9,https://www.kanshijewels.com/products/peacock-choker?variant=gid://shopify/ProductVariant/50321574527276
2026-08-24 21:51:30,Peacock choker,Default Title,NK350,2625.0,Restock,7,1,8,https://www.kanshijewels.com/products/peacock-choker-1?variant=gid://shopify/ProductVariant/50321575346476
2026-08-24 21:51:30,Nakashi mini choker,Default Title,NK349,1890.0,Restock,2,1,3,https://www.kanshijewels.com/products/nakashi-mini-choker?variant=gid://shopify/ProductVariant/50321577771308
2026-08-24 21:51:30,Lotus jalebi necklace,Default Title,NK348,4777.5,Restock,9,1,10,https://www.kanshijewels.com/products/lotus-jalebi-necklace?variant=gid://shopify/ProductVariant/50321578787116
2026-08-24 21:51:30,Jadau pearl choker,Default Title,NK347,2310.0,Restock,8,1,9,https://www.kanshijewels.com/products/jadau-pearl-choker?variant=gid://shopify/ProductVariant/50321580753196
2026-08-24 21:51:30,Jadau pearl choker,Default Title,NK346,1890.0,Restock,4,1,5,https://www.kanshijewels.com/products/jadau-pearl-choker-1?variant=gid://shopify/ProductVariant/50321583800620
2026-08-24 21:51:30,Jadau pearl choker,Default Title,NK345,1890.0,Restock,5,1,6,https://www.kanshijewels.com/products/jadau-pearl-choker-2?variant=gid://shopify/ProductVariant/50321585078572
2026-08-24 21:51:30,Jadau necklace,Default Title,NK344,4725.0,Restock,9,1,10,https://www.kanshijewels.com/products/jadau-necklace?variant=gid://shopify/ProductVariant/50321586192684
2026-08-24 21:51:30,Jadau nakashi choker,Default Title,NK342,2415.0,Restock,8,1,9,https://www.kanshijewels.com/products/jadau-nakashi-choker?variant=gid://shopify/ProductVariant/50321587732780
2026-08-24 21:51:30,Jadau kundan necklace,Default Title,NK341,3780.0,Restock,9,1,10,https://www.kanshijewels.com/products/jadau-kundan-nacklace?variant=gid://shopify/ProductVariant/50321588945196
2026-08-24 21:51:30,Jadau choker,Default Title,NK340,4725.0,Restock,7,1,8,https://www.kanshijewels.com/products/jadau-choker?variant=gid://shopify/ProductVariant/50321589731628
2026-08-24 21:51:30,Jadau choker,Default Title,NK339,2835.0,Restock,4,1,5,https://www.kanshijewels.com/products/jadau-choker-1?variant=gid://shopify/ProductVariant/50321590157612
2026-08-24 21:51:30,Fish necklace,Default Title,NK338,2730.0,Restock,8,1,9,https://www.kanshijewels.com/products/fish-necklace?variant=gid://shopify/ProductVariant/50321591304492
2026-08-24 21:51:30,Choker,Default Title,NK336,1995.0,Restock,7,1,8,https://www.kanshijewels.com/products/choker?variant=gid://shopify/ProductVariant/50321593368876
2026-08-24 21:51:30,Amethyst choker,Default Title,NK334,3045.0,Restock,3,1,4,https://www.kanshijewels.com/products/amethyst-choker?variant=gid://shopify/ProductVariant/50321624826156
2026-08-24 21:51:30,Nakashi Jadau Hair pin,Default Title,AC108,1365.0,Restock,9,1,10,https://www.kanshijewels.com/products/nakashi-jadau-hair-pin?variant=gid://shopify/ProductVariant/50321638424876
2026-08-24 21:51:30,Jadau Nakashi Hair pin,Default Title,AC107,997.5,Restock,2,1,3,https://www.kanshijewels.com/products/jadau-nakashi-hair-pin?variant=gid://shopify/ProductVariant/50321639440684
2026-08-24 21:51:30,Jadau kundan ring,Default Title,RG05,1365.0,Restock,5,1,6,https://www.kanshijewels.com/products/jadau-kundan-ring?variant=gid://shopify/ProductVariant/50321641373996
2026-08-24 21:51:30,Jadau kundan ring,Default Title,RG04,1365.0,Restock,5,1,6,https://www.kanshijewels.com/products/jadau-kundan-ring-1?variant=gid://shopify/ProductVariant/50321642684716
2026-08-24 21:51:30,Jadau kundan hair pin,Default Title,AC106,1470.0,Restock,7,1,8,https://www.kanshijewels.com/products/jadau-kundan-hair-pin?variant=gid://shopify/ProductVariant/50321645142316
2026-08-24 21:51:30,Jadau kundan hair pin,Default Title,AC105,1260.0,Restock,2,1,3,https://www.kanshijewels.com/products/jadau-kundan-hair-pin-1?variant=gid://shopify/ProductVariant/50321645961516
2026-08-24 21:51:30,Jadau hair pin,Default Title,AC104,1522.5,Restock,5,1,6,https://www.kanshijewels.com/products/jadau-hair-pin-1?variant=gid://shopify/ProductVariant/50321646453036
2026-08-24 21:51:30,Jadau hair pin,Default Title,AC103,1365.0,Restock,4,1,5,https://www.kanshijewels.com/products/jadau-hair-pin-2?variant=gid://shopify/ProductVariant/50321647370540
2026-08-24 21:51:30,Peacock Chandbali,Default Title,ER211,1575.0,Restock,9,1,10,https://www.kanshijewels.com/products/peacock-chandbali?variant=gid://shopify/ProductVariant/50321657332012
2026-08-24 21:51:30,Nakashi earrings,Default Title,ER210,1680.0,Restock,8,1,9,https://www.kanshijewels.com/products/nakashi-earrings?variant=gid://shopify/ProductVariant/50321658675500
2026-08-24 21:51:30,Mini studs,Default Title,ER209,628.95,Restock,7,1,8,https://www.kanshijewels.com/products/mini-studs?variant=gid://shopify/ProductVariant/50321660379436
2026-08-24 21:51:30,Mini earrings,Default Title,ER208,934.5,Restock,9,1,10,https://www.kanshijewels.com/products/mini-earrings?variant=gid://shopify/ProductVariant/50321663000876
2026-08-24 21:51:30,Mango studs,Default Title,ER207,2205.0,Restock,5,1,6,https://www.kanshijewels.com/products/mango-studs?variant=gid://shopify/ProductVariant/50321667785004
2026-08-24 21:51:30,Jadau studs,Default Title,ER206,2310.0,Restock,8,1,9,https://www.kanshijewels.com/products/jadau-studs?variant=gid://shopify/ProductVariant/50321669423404
2026-08-24 21:51:30,Jadau earrings,Default Title,ER205,2887.5,Restock,9,1,10,https://www.kanshijewels.com/products/jadau-earrings?variant=gid://shopify/ProductVariant/50321671881004
2026-08-24 21:51:30,Jadau earrings,Default Title,ER204,2520.0,Restock,9,1,10,https://www.kanshijewels.com/products/jadau-earrings-1?variant=gid://shopify/ProductVariant/50321673879852
2026-08-24 21:51:30,Rani Maang Tika,Default Title,MT17,2940.0,Restock,8,1,9,https://www.kanshijewels.com/products/rani-maang-tika?variant=gid://shopify/ProductVariant/50321676271916
2026-08-24 21:51:30,Jadau Kundan Long harams,Default Title,NK332,11025.0,Restock,9,1,10,https://www.kanshijewels.com/products/jadau-kundan-long-harams-copy?variant=gid://shopify/ProductVariant/50330661585196
2026-08-24 21:51:30,Jadau Choker,Default Title,NK232,2625.0,Restock,9,1,10,https://www.kanshijewels.com/products/jadau-choker-2?variant=gid://shopify/ProductVariant/50490253803820
2026-08-24 21:51:30,Peacock long chain necklace,Default Title,NK231,3150.0,Restock,9,1,10,https://www.kanshijewels.com/products/peacock?variant=gid://shopify/ProductVariant/50490255376684
2026-08-24 21:51:30,Coral nakashi mala,Default Title,NK230,2625.0,Restock,7,1,8,https://www.kanshijewels.com/products/coral-nakashi?variant=gid://shopify/ProductVariant/50490256982316
2026-08-24 21:51:30,Jadau kundan choker,Default Title,NK229,3990.0,Restock,8,1,9,https://www.kanshijewels.com/products/jadau-kundan-choker-21?variant=gid://shopify/ProductVariant/50490264256812
2026-08-24 21:51:30,Jadau kundan necklace,Default Title,NK228,5145.0,Restock,9,1,10,https://www.kanshijewels.com/products/jadau-kundan-necklace-203?variant=gid://shopify/ProductVariant/50490266222892
2026-08-24 21:51:30,Jadau pumpkin swaroski chokar,Default Title,NK227,2100.0,Restock,4,1,5,https://www.kanshijewels.com/products/jadau-pumpkin?variant=gid://shopify/ProductVariant/50490268680492
2026-08-24 21:51:30,Jadau Kundan Jhumkas,Default Title,ER202,3360.0,Restock,8,1,9,https://www.kanshijewels.com/products/jadau-kundan-jhumka-15?variant=gid://shopify/ProductVariant/50490287685932
2026-08-24 21:51:30,Jadau Kundan Jhumkas,Default Title,ER201,3675.0,Restock,5,1,6,https://www.kanshijewels.com/products/jadau-kundan-jhumkas-26?variant=gid://shopify/ProductVariant/50490293584172
2026-08-24 21:51:30,Jadau Kundan Jhumkas,Default Title,ER200,3360.0,Restock,7,1,8,https://www.kanshijewels.com/products/jadau-kundan-jhumkas-27?variant=gid://shopify/ProductVariant/50490296238380
2026-08-24 21:51:30,Jadau kundan necklace,Default Title,NK223,8610.0,Restock,9,1,10,https://www.kanshijewels.com/products/jadau-kundan?variant=gid://shopify/ProductVariant/50490325369132
2026-08-24 21:51:30,Rani haram,Default Title,NK221,15225.0,Restock,8,1,9,https://www.kanshijewels.com/products/rani-haram-1?variant=gid://shopify/ProductVariant/50490334085420
2026-08-24 21:51:30,Rani jadau necklace,Default Title,NK220,10185.0,Restock,9,1,10,https://www.kanshijewels.com/products/rani-jadau-necklace?variant=gid://shopify/ProductVariant/50490335330604
2026-08-24 21:51:30,Rani long mango peacock necklace,Default Title,NK219,12600.0,Restock,9,1,10,https://www.kanshijewels.com/products/rani-long-mango-jadau-necklace?variant=gid://shopify/ProductVariant/50490336772396
2026-08-24 21:51:30,Jadau ring,Default Title,RG03,1050.0,Restock,6,1,7,https://www.kanshijewels.com/products/jadau-ring?variant=gid://shopify/ProductVariant/50490354827564
2026-08-24 21:51:30,Swaroski emerald chain,Default Title,AC81,1785.0,Restock,5,1,6,https://www.kanshijewels.com/products/swaroski-emerald-chain?variant=gid://shopify/ProductVariant/50490387136812
2026-08-24 21:51:30,Peacock studs,Default Title,ER199,1365.0,Restock,7,1,8,https://www.kanshijewels.com/products/peacock-studs?variant=gid://shopify/ProductVariant/50490398671148
2026-08-24 21:51:30,Jadau carving peacock studs,Default Title,ER198,1260.0,Restock,9,1,10,https://www.kanshijewels.com/products/jadau-carving-peacock-studs?variant=gid://shopify/ProductVariant/50490406601004
2026-08-24 21:51:30,Jadau nakashi chandbali,Default Title,ER196,2415.0,Restock,4,1,5,https://www.kanshijewels.com/products/jadau-nakashi-chandbali?variant=gid://shopify/ProductVariant/50490419806508
2026-08-24 21:51:30,Jadau peacock studs,Default Title,ER195,2310.0,Restock,7,1,8,https://www.kanshijewels.com/products/jadau-peacock-studs?variant=gid://shopify/ProductVariant/50490420789548
2026-08-24 21:51:30,Peacock jhumki,Default Title,ER193,2089.5,Restock,9,1,10,https://www.kanshijewels.com/products/peacock-jhumki-1?variant=gid://shopify/ProductVariant/50490445955372
2026-08-24 21:51:30,Rice pearls earrings,Default Title,ER192,1785.0,Restock,9,1,10,https://www.kanshijewels.com/products/rice-pearls-earrings?variant=gid://shopify/ProductVariant/50490447331628
2026-08-24 21:51:30,Jadau kundan hair pin,Default Title,AC80,1575.0,Restock,7,1,8,https://www.kanshijewels.com/products/jadau-kundan-hair-pin-2?variant=gid://shopify/ProductVariant/50702680981804
2026-08-24 21:51:30,Jadau Kundan Choker,Default Title,NK214,1890.0,Restock,2,1,3,https://www.kanshijewels.com/products/jadau-kundan-choker-24?variant=gid://shopify/ProductVariant/50702704804140
2026-08-24 21:51:30,Pearl Choker,Default Title,NK213,1995.0,Restock,4,1,5,https://www.kanshijewels.com/products/pearl-choker?variant=gid://shopify/ProductVariant/50702711357740
2026-08-24 21:51:30,Jadau Kundan Choker,Default Title,NK212,2205.0,Restock,7,1,8,https://www.kanshijewels.com/products/jadau-kundan-choker-25?variant=gid://shopify/ProductVariant/50702716240172
2026-08-24 21:51:30,Pearl Necklace,Default Title,NK210,2310.0,Restock,4,1,5,https://www.kanshijewels.com/products/pearl-necklace-1?variant=gid://shopify/ProductVariant/50702732788012
2026-08-24 21:51:30,Jadau Kundan Choker,Default Title,NK209,2415.0,Restock,2,1,3,https://www.kanshijewels.com/products/jadau-kundan-choker-27?variant=gid://shopify/ProductVariant/50702740783404
2026-08-24 21:51:30,Jadau Kundan Choker,Default Title,NK208,3045.0,Restock,1,1,2,https://www.kanshijewels.com/products/jadau-kundan-choker-28?variant=gid://shopify/ProductVariant/50702748188972
2026-08-24 21:51:30,Rani Choker,Default Title,NK207,3465.0,Restock,2,1,3,https://www.kanshijewels.com/products/rani-choker-1?variant=gid://shopify/ProductVariant/50702760575276
2026-08-24 21:51:30,Peacock Choker,Default Title,NK206,3780.0,Restock,8,1,9,https://www.kanshijewels.com/products/peacock-choker-2?variant=gid://shopify/ProductVariant/50702778237228
2026-08-24 21:51:30,Jadau Kundan Choker,Default Title,NK205,3990.0,Restock,8,1,9,https://www.kanshijewels.com/products/jadau-kundan-choker-29?variant=gid://shopify/ProductVariant/50702783414572
2026-08-24 21:51:30,Jadau Kundan Choker,Default Title,NK204,4095.0,Restock,6,1,7,https://www.kanshijewels.com/products/jadau-kundan-choker-30?variant=gid://shopify/ProductVariant/50702786265388
2026-08-24 21:51:30,Jadau Kundan Choker,Default Title,NK203,4410.0,Restock,6,1,7,https://www.kanshijewels.com/products/jadau-kundan-choker-31?variant=gid://shopify/ProductVariant/50702794064172
2026-08-24 21:51:30,Jadau Kundan Choker,Default Title,NK202,4935.0,Restock,5,1,6,https://www.kanshijewels.com/products/jadau-kundan-choker-32?variant=gid://shopify/ProductVariant/50702801633580
2026-08-24 21:51:30,Jadau Kundan Choker,Default Title,NK201,5775.0,Restock,7,1,8,https://www.kanshijewels.com/products/jadau-kundan-choker-33?variant=gid://shopify/ProductVariant/50702803697964
2026-08-24 21:51:30,Jadau Kundan Choker,Default Title,NK200,6090.0,Restock,7,1,8,https://www.kanshijewels.com/products/jadau-kundan-choker-34?variant=gid://shopify/ProductVariant/50702808940844
2026-08-24 21:51:30,Jadau Kundan Choker,Default Title,NK199,7245.0,Restock,8,1,9,https://www.kanshijewels.com/products/jadau-kundan-choker-35?variant=gid://shopify/ProductVariant/50702810972460
2026-08-24 21:51:30,Coral Pearl Necklace,Default Title,NK198,1575.0,Restock,4,1,5,https://www.kanshijewels.com/products/coral-pearl-necklace-2?variant=gid://shopify/ProductVariant/50702812512556
2026-08-24 21:51:30,Multipurpose Chain,Default Title,NK197,546.0,Restock,1,1,2,https://www.kanshijewels.com/products/multipurpose-chain?variant=gid://shopify/ProductVariant/50702819459372
2026-08-24 21:51:30,Nakashi Choker,Default Title,NK195,1995.0,Restock,6,1,7,https://www.kanshijewels.com/products/nakashi-choker?variant=gid://shopify/ProductVariant/50702828077356
2026-08-24 21:51:30,Single Line Necklace,Default Title,NK194,2415.0,Restock,7,1,8,https://www.kanshijewels.com/products/single-line-necklace?variant=gid://shopify/ProductVariant/50702834073900
2026-08-24 21:51:30,Jadau Kundan harams,Default Title,NK192,3675.0,Restock,8,1,9,https://www.kanshijewels.com/products/jadau-kundan-harams-1?variant=gid://shopify/ProductVariant/50702850654508
2026-08-24 21:51:30,Jadau Kundan harams,Default Title,NK189,4189.5,Restock,8,1,9,https://www.kanshijewels.com/products/jadau-kundan-harams-4?variant=gid://shopify/ProductVariant/50702861336876
2026-08-24 21:51:30,Jadau Kundan harams,Default Title,NK188,4189.5,Restock,7,1,8,https://www.kanshijewels.com/products/jadau-kundan-harams-5?variant=gid://shopify/ProductVariant/50702866940204
2026-08-24 21:51:30,Jadau Kundan harams,Default Title,NK187,4189.5,Restock,5,1,6,https://www.kanshijewels.com/products/jadau-kundan-harams-6?variant=gid://shopify/ProductVariant/50702872477996
2026-08-24 21:51:30,Jadau Kundan harams,Default Title,NK186,4830.0,Restock,9,1,10,https://www.kanshijewels.com/products/jadau-kundan-harams-7?variant=gid://shopify/ProductVariant/50702875296044
2026-08-24 21:51:30,Jadau Kundan harams,Default Title,NK185,5145.0,Restock,8,1,9,https://www.kanshijewels.com/products/jadau-kundan-harams-8?variant=gid://shopify/ProductVariant/50702879326508
2026-08-24 21:51:30,Jadau Kundan harams,Default Title,NK184,5460.0,Restock,7,1,8,https://www.kanshijewels.com/products/jadau-kundan-harams-9?variant=gid://shopify/ProductVariant/50702882177324
2026-08-24 21:51:30,Jadau Kundan harams,Default Title,NK183,5145.0,Restock,9,1,10,https://www.kanshijewels.com/products/jadau-kundan-harams-10?variant=gid://shopify/ProductVariant/50702884077868
2026-08-24 21:51:30,Jadau Kundan harams,Default Title,NK182,5775.0,Restock,9,1,10,https://www.kanshijewels.com/products/jadau-kundan-harams-11?variant=gid://shopify/ProductVariant/50702885257516
2026-08-24 21:51:30,Jadau Kundan harams,Default Title,NK181,5775.0,Restock,8,1,9,https://www.kanshijewels.com/products/jadau-kundan-harams-12?variant=gid://shopify/ProductVariant/50702887059756
2026-08-24 21:51:30,Jadau Kundan harams,Default Title,NK180,6510.0,Restock,8,1,9,https://www.kanshijewels.com/products/jadau-kundan-harams-13?variant=gid://shopify/ProductVariant/50702891778348
2026-08-24 21:51:30,Jadau Kundan harams,Default Title,NK179,6825.0,Restock,7,1,8,https://www.kanshijewels.com/products/jadau-kundan-harams-14?variant=gid://shopify/ProductVariant/50702894203180
2026-08-24 21:51:30,Jadau Kundan harams,Default Title,NK178,7035.0,Restock,6,1,7,https://www.kanshijewels.com/products/jadau-kundan-harams-15?variant=gid://shopify/ProductVariant/50702896464172
2026-08-24 21:51:30,Jadau Kundan harams,Default Title,NK177,7140.0,Restock,6,1,7,https://www.kanshijewels.com/products/jadau-kundan-harams-16?variant=gid://shopify/ProductVariant/50702903574828
2026-08-24 21:51:30,Jadau Kundan harams,Default Title,NK176,7665.0,Restock,6,1,7,https://www.kanshijewels.com/products/jadau-kundan-harams-17?variant=gid://shopify/ProductVariant/50702908916012
2026-08-24 21:51:30,Jadau Kundan harams,Default Title,NK175,8085.0,Restock,7,1,8,https://www.kanshijewels.com/products/jadau-kundan-harams-18?variant=gid://shopify/ProductVariant/50702912454956
2026-08-24 21:51:30,Jadau Kundan harams,Default Title,NK174,13125.0,Restock,6,1,7,https://www.kanshijewels.com/products/jadau-kundan-harams-19?variant=gid://shopify/ProductVariant/50702916354348
2026-08-24 21:51:30,Jadau Kundan harams,Default Title,NK173,13545.0,Restock,8,1,9,https://www.kanshijewels.com/products/jadau-kundan-harams-20?variant=gid://shopify/ProductVariant/50702924808492
2026-08-24 21:51:30,Jadau Kundan harams,Default Title,NK172,14175.0,Restock,2,1,3,https://www.kanshijewels.com/products/jadau-kundan-harams-21?variant=gid://shopify/ProductVariant/50702925889836
2026-08-24 21:51:30,Jadau Kundan harams,Default Title,NK171,14175.0,Restock,9,1,10,https://www.kanshijewels.com/products/jadau-kundan-harams-22?variant=gid://shopify/ProductVariant/50702929494316
2026-08-24 21:51:30,Jadau Kundan harams,Default Title,NK170,16800.0,Restock,9,1,10,https://www.kanshijewels.com/products/jadau-kundan-harams-23?variant=gid://shopify/ProductVariant/50702932476204
2026-08-24 21:51:30,Jadau Kundan Jhumkas,Default Title,ER191,3255.0,Restock,5,1,6,https://www.kanshijewels.com/products/jadau-kundan-jhumkas-28?variant=gid://shopify/ProductVariant/50702940635436
2026-08-24 21:51:30,Jadau Kundan Jhumkas,Default Title,ER189,3465.0,Restock,1,1,2,https://www.kanshijewels.com/products/jadau-kundan-jhumkas-30?variant=gid://shopify/ProductVariant/50702948466988
2026-08-24 21:51:30,Jadau Kundan Jhumkas,Default Title,ER188,3990.0,Restock,4,1,5,https://www.kanshijewels.com/products/jadau-kundan-jhumkas-31?variant=gid://shopify/ProductVariant/50702951448876
2026-08-24 21:51:30,Jadau Kundan Jhumkas,Default Title,ER187,4620.0,Restock,8,1,9,https://www.kanshijewels.com/products/jadau-kundan-jhumkas-32?variant=gid://shopify/ProductVariant/50702953349420
2026-08-24 21:51:30,Jadau Kundan Jhumkas,Default Title,ER186,4830.0,Restock,8,1,9,https://www.kanshijewels.com/products/jadau-kundan-jhumkas-33?variant=gid://shopify/ProductVariant/50702955544876
2026-08-24 21:51:30,Jadau Kundan Jhumkas,Default Title,ER185,5040.0,Restock,3,1,4,https://www.kanshijewels.com/products/jadau-kundan-jhumkas-34?variant=gid://shopify/ProductVariant/50702957805868
2026-08-24 21:51:30,Jadau Kundan Jhumkas,Default Title,ER184,5239.5,Restock,2,1,3,https://www.kanshijewels.com/products/jadau-kundan-jhumkas-35?variant=gid://shopify/ProductVariant/50702960623916
2026-08-24 21:51:30,Jadau Kundan Studs,Default Title,ER183,1680.0,Restock,7,1,8,https://www.kanshijewels.com/products/jadau-kundan-studs-8?variant=gid://shopify/ProductVariant/50702964293932
2026-08-24 21:51:30,Jadau Kundan Studs,Default Title,ER181,2310.0,Restock,9,1,10,https://www.kanshijewels.com/products/jadau-kundan-studs-10?variant=gid://shopify/ProductVariant/50702968127788
2026-08-24 21:51:30,Jadau Kundan Studs,Default Title,ER180,3139.5,Restock,9,1,10,https://www.kanshijewels.com/products/jadau-kundan-studs-11?variant=gid://shopify/ProductVariant/50702969733420
2026-08-24 21:51:30,Sun and Moon Hair Accessory,Default Title,AC79,2079.0,Restock,2,1,3,https://www.kanshijewels.com/products/bugadi?variant=gid://shopify/ProductVariant/50724437688620
2026-08-24 21:51:30,Maatil,Default Title,AC77,1890.0,Restock,5,1,6,https://www.kanshijewels.com/products/maatil-1?variant=gid://shopify/ProductVariant/50724512792876
2026-08-24 21:51:30,Maatil,Default Title,AC76,1470.0,Restock,6,1,7,https://www.kanshijewels.com/products/maatil-2?variant=gid://shopify/ProductVariant/50724513808684
2026-08-24 21:51:30,Bugadi,Default Title,ER179,609.0,Restock,3,1,4,https://www.kanshijewels.com/products/bugadi-1?variant=gid://shopify/ProductVariant/50724515152172
2026-08-24 21:51:30,Bugadi,Default Title,ER178,619.5,Restock,7,1,8,https://www.kanshijewels.com/products/bugadi-2?variant=gid://shopify/ProductVariant/50724517347628
2026-08-24 21:51:30,Bugadi,Default Title,ER177,714.0,Restock,2,1,3,https://www.kanshijewels.com/products/bugadi-3?variant=gid://shopify/ProductVariant/50724518396204
2026-08-24 21:51:30,Bugadi,Default Title,ER176,661.5,Restock,9,1,10,https://www.kanshijewels.com/products/bugadi-4?variant=gid://shopify/ProductVariant/50724521705772
2026-08-24 21:51:30,Jadau Kundan Choker,Default Title,NK164,5775.0,Restock,1,1,2,https://www.kanshijewels.com/products/jadau-kundan-choker-36?variant=gid://shopify/ProductVariant/50786625683756
2026-08-24 21:51:30,Real Pearls Maatil,Default Title,AC75,787.5,Restock,7,1,8,https://www.kanshijewels.com/products/real-pearls-maatil?variant=gid://shopify/ProductVariant/50955131945260
2026-08-24 21:51:30,Jadau ring,Default Title,RG02,1575.0,Restock,8,1,9,https://www.kanshijewels.com/products/jadau-ring-1?variant=gid://shopify/ProductVariant/51119117959468
2026-08-24 21:51:30,Jadau mathapatti,Default Title,AC74,7245.0,Restock,9,1,10,https://www.kanshijewels.com/products/jadau-mathapatti?variant=gid://shopify/ProductVariant/51119120220460
2026-08-24 21:51:30,Jadau ear cuffs,Default Title,AC73,945.0,Restock,7,1,8,https://www.kanshijewels.com/products/jadau-ear-cuffs?variant=gid://shopify/ProductVariant/51119124283692
2026-08-24 21:51:30,Jadau ear cuffs,Default Title,AC72,892.5,Restock,1,1,2,https://www.kanshijewels.com/products/jadau-ear-cuffs-1?variant=gid://shopify/ProductVariant/51119128117548
2026-08-24 21:51:30,Jadau ear cuffs,Default Title,AC71,892.5,Restock,6,1,7,https://www.kanshijewels.com/products/jadau-ear-cuffs-2?variant=gid://shopify/ProductVariant/51119130935596
2026-08-24 21:51:30,Jadau ear cuffs,Default Title,AC70,619.5,Restock,3,1,4,https://www.kanshijewels.com/products/jadau-ear-cuffs-3?variant=gid://shopify/ProductVariant/51119137521964
2026-08-24 21:51:30,Hair accessory,Default Title,AC69,1522.5,Restock,4,1,5,https://www.kanshijewels.com/products/hair-accessory?variant=gid://shopify/ProductVariant/51119140438316
2026-08-24 21:51:30,Jadau Necklace,Default Title,NK160,6825.0,Restock,4,1,5,https://www.kanshijewels.com/products/jadau-necklace-1?variant=gid://shopify/ProductVariant/51119154757932
2026-08-24 21:51:30,Jadau Nakashi Necklace,Default Title,NK158,5985.0,Restock,6,1,7,https://www.kanshijewels.com/products/jadau-nakashi-necklace-2?variant=gid://shopify/ProductVariant/51119214362924
2026-08-24 21:51:30,Jadau Necklace,Default Title,NK157,5250.0,Restock,8,1,9,https://www.kanshijewels.com/products/jadau-necklace-2?variant=gid://shopify/ProductVariant/51119216132396
2026-08-24 21:51:30,Jadau Choker Necklace,Default Title,NK156,5145.0,Restock,5,1,6,https://www.kanshijewels.com/products/jadau-choker-necklace?variant=gid://shopify/ProductVariant/51119218262316
2026-08-24 21:51:30,Jadau Chain Necklace with earrings,Default Title,ER173,3360.0,Restock,3,1,4,https://www.kanshijewels.com/products/jadau-chain-necklace?variant=gid://shopify/ProductVariant/51119233794348
2026-08-24 21:51:30,Jadau Chokar,Default Title,NK155,3990.0,Restock,3,1,4,https://www.kanshijewels.com/products/jadau-chokar?variant=gid://shopify/ProductVariant/51119259451692
2026-08-24 21:51:30,Jadau Chokar,Default Title,NK154,5040.0,Restock,4,1,5,https://www.kanshijewels.com/products/jadau-chokar-1?variant=gid://shopify/ProductVariant/51119268135212
2026-08-24 21:51:30,Jadau Emerald Chokar,Default Title,NK153,2625.0,Restock,5,1,6,https://www.kanshijewels.com/products/jadau-emerald-chokar?variant=gid://shopify/ProductVariant/51119271313708
2026-08-24 21:51:30,Jadau Necklace,Default Title,NK152,4620.0,Restock,7,1,8,https://www.kanshijewels.com/products/jadau-necklace-3?variant=gid://shopify/ProductVariant/51119283372332
2026-08-24 21:51:30,Jadau Choker,Default Title,NK151,3780.0,Restock,8,1,9,https://www.kanshijewels.com/products/jadau-choker-3?variant=gid://shopify/ProductVariant/51119662596396
2026-08-24 21:51:30,Jadau Mango pendant tops set,Default Title,ER171,2310.0,Restock,2,1,3,https://www.kanshijewels.com/products/jadau-mango-pendant?variant=gid://shopify/ProductVariant/51119678456108
2026-08-24 21:51:30,Jadau Chokar,Default Title,NK150,2625.0,Restock,4,1,5,https://www.kanshijewels.com/products/jadau-chokar-2?variant=gid://shopify/ProductVariant/51119680848172
2026-08-24 21:51:30,Jadau Chokar,Default Title,NK149,2205.0,Restock,1,1,2,https://www.kanshijewels.com/products/jadau-chokar-3?variant=gid://shopify/ProductVariant/51119688548652
2026-08-24 21:51:30,Jadau Mango Necklace,Default Title,NK148,5775.0,Restock,7,1,8,https://www.kanshijewels.com/products/jadau-mango-necklace-1?variant=gid://shopify/ProductVariant/51119693103404
2026-08-24 21:51:30,Jadau Necklace,Default Title,NK147,3360.0,Restock,3,1,4,https://www.kanshijewels.com/products/jadau-necklace-4?variant=gid://shopify/ProductVariant/51119699067180
2026-08-24 21:51:30,Jadau Necklace,Default Title,NK146,2100.0,Restock,7,1,8,https://www.kanshijewels.com/products/jadau-necklace-5?variant=gid://shopify/ProductVariant/51119705325868
2026-08-24 21:51:30,Jadau Necklace,Default Title,NK145,5239.5,Restock,6,1,7,https://www.kanshijewels.com/products/jadau-necklace-6?variant=gid://shopify/ProductVariant/51119706538284
2026-08-24 21:51:30,Jadau Emerald Necklace,Default Title,NK144,3990.0,Restock,7,1,8,https://www.kanshijewels.com/products/jadau-emerald-necklace?variant=gid://shopify/ProductVariant/51119707849004
2026-08-24 21:51:30,Jadau Hali Necklace,Default Title,NK143,3045.0,Restock,4,1,5,https://www.kanshijewels.com/products/jadau-hali-necklace?variant=gid://shopify/ProductVariant/51119708766508
2026-08-24 21:51:30,Mango necklace,Default Title,NK142,18900.0,Restock,6,1,7,https://www.kanshijewels.com/products/mango-necklace?variant=gid://shopify/ProductVariant/51119720988972
2026-08-24 21:51:30,Rani Haram,Default Title,NK141,9450.0,Restock,4,1,5,https://www.kanshijewels.com/products/rani-haram-2?variant=gid://shopify/ProductVariant/51119722430764
2026-08-24 21:51:30,Rani Haram,Default Title,NK140,3360.0,Restock,6,1,7,https://www.kanshijewels.com/products/rani-haram-3?variant=gid://shopify/ProductVariant/51119724265772
2026-08-24 21:51:30,Rani Haram,Default Title,NK139,5145.0,Restock,8,1,9,https://www.kanshijewels.com/products/rani-haram-4?variant=gid://shopify/ProductVariant/51119725576492
2026-08-24 21:51:30,Rani Haram,Default Title,NK137,5250.0,Restock,8,1,9,https://www.kanshijewels.com/products/rani-haram-5?variant=gid://shopify/ProductVariant/51119727706412
2026-08-24 21:51:30,Mango necklace,Default Title,NK136,13125.0,Restock,9,1,10,https://www.kanshijewels.com/products/mango-necklace-1?variant=gid://shopify/ProductVariant/51119729541420
2026-08-24 21:51:30,Rani Buttamala,Default Title,NK135,16800.0,Restock,8,1,9,https://www.kanshijewels.com/products/rani-buttamala?variant=gid://shopify/ProductVariant/51119731376428
2026-08-24 21:51:30,Jadau Haram,Default Title,NK134,3990.0,Restock,8,1,9,https://www.kanshijewels.com/products/jadau-haram?variant=gid://shopify/ProductVariant/51119732425004
2026-08-24 21:51:30,Jadau Necklace with Earrings Set,Default Title,ER170,12075.0,Restock,9,1,10,https://www.kanshijewels.com/products/jadau-necklace-with-earrings-set?variant=gid://shopify/ProductVariant/51119734063404
2026-08-24 21:51:30,Jadau Pendant haram,Default Title,NK133,3675.0,Restock,3,1,4,https://www.kanshijewels.com/products/jadau-pendant-haram?variant=gid://shopify/ProductVariant/51119735800108
2026-08-24 21:51:30,Jadau Emerald Pearls haram,Default Title,NK131,3780.0,Restock,6,1,7,https://www.kanshijewels.com/products/jadau-emeralds-pearl-haram?variant=gid://shopify/ProductVariant/51119737635116
2026-08-24 21:51:30,Jadau Heavy haram,Default Title,NK130,13999.0,Restock,7,1,8,https://www.kanshijewels.com/products/jadau-heavy-haram?variant=gid://shopify/ProductVariant/51119738716460
2026-08-24 21:51:30,Pendant haram,Default Title,NK129,4410.0,Restock,8,1,9,https://www.kanshijewels.com/products/pendant-haram?variant=gid://shopify/ProductVariant/51119739797804
2026-08-24 21:51:30,Swaroski haram,Default Title,NK128,2310.0,Restock,4,1,5,https://www.kanshijewels.com/products/swaroski-haram?variant=gid://shopify/ProductVariant/51119741010220
2026-08-24 21:51:30,Jadau Teenlada,Default Title,NK127,6825.0,Restock,8,1,9,https://www.kanshijewels.com/products/jadau-teenlada?variant=gid://shopify/ProductVariant/51119743303980
2026-08-24 21:51:30,Jadau Necklace,Default Title,NK126,10395.0,Restock,7,1,8,https://www.kanshijewels.com/products/jadau-necklace-7?variant=gid://shopify/ProductVariant/51119749366060
2026-08-24 21:51:30,Rani Haram,Default Title,NK124,3990.0,Restock,9,1,10,https://www.kanshijewels.com/products/rani-haram-6?variant=gid://shopify/ProductVariant/51119758737708
2026-08-24 21:51:30,Jadau Kundan Jhumkas,Default Title,ER168,1785.0,Restock,8,1,9,https://www.kanshijewels.com/products/jadau-kundan-jhumkas-36?variant=gid://shopify/ProductVariant/51119768076588
2026-08-24 21:51:30,Jadau Kundan Jhumkas,Default Title,ER167,2100.0,Restock,5,1,6,https://www.kanshijewels.com/products/jadau-kundan-jhumkas-37?variant=gid://shopify/ProductVariant/51119771681068
2026-08-24 21:51:30,Jadau Kundan Jhumkas,Default Title,ER166,3360.0,Restock,7,1,8,https://www.kanshijewels.com/products/jadau-kundan-jhumkas-38?variant=gid://shopify/ProductVariant/51119775777068
2026-08-24 21:51:30,Jadau Kundan Jhumkas,Default Title,ER165,2310.0,Restock,5,1,6,https://www.kanshijewels.com/products/jadau-kundan-jhumkas-39?variant=gid://shopify/ProductVariant/51119778234668
2026-08-24 21:51:30,Jadau Kundan Jhumkas,Default Title,ER164,4410.0,Restock,8,1,9,https://www.kanshijewels.com/products/jadau-kundan-jhumkas-40?variant=gid://shopify/ProductVariant/51119780856108
2026-08-24 21:51:30,Jadau Kundan Jhumkas,Default Title,ER163,4410.0,Restock,6,1,7,https://www.kanshijewels.com/products/jadau-kundan-jhumkas-41?variant=gid://shopify/ProductVariant/51119782134060
2026-08-24 21:51:30,Jadau Kundan Jhumkas,Default Title,ER162,4935.0,Restock,1,1,2,https://www.kanshijewels.com/products/jadau-kundan-jhumkas-42?variant=gid://shopify/ProductVariant/51119783706924
2026-08-24 21:51:30,Jadau Kundan Jhumkas,Default Title,ER161,3990.0,Restock,7,1,8,https://www.kanshijewels.com/products/jadau-kundan-jhumkas-43?variant=gid://shopify/ProductVariant/51119785017644
2026-08-24 21:51:30,Jadau Kundan Jhumkas,Default Title,ER160,3465.0,Restock,7,1,8,https://www.kanshijewels.com/products/jadau-kundan-jhumkas-44?variant=gid://shopify/ProductVariant/51119786721580
2026-08-24 21:51:30,Jadau Kundan Jhumkas,Default Title,ER158,3780.0,Restock,9,1,10,https://www.kanshijewels.com/products/jadau-kundan-jhumkas-46?variant=gid://shopify/ProductVariant/51119787901228
2026-08-24 21:51:30,Jadau Kundan Jhumkas,Default Title,ER157,4410.0,Restock,8,1,9,https://www.kanshijewels.com/products/jadau-kundan-jhumkas-47?variant=gid://shopify/ProductVariant/51119789343020
2026-08-24 21:51:30,Jadau Earrings,Default Title,ER156,2100.0,Restock,1,1,2,https://www.kanshijewels.com/products/jadau-earrings-2?variant=gid://shopify/ProductVariant/51119791374636
2026-08-24 21:51:30,Moon fusion Jhumkas,Default Title,ER155,1575.0,Restock,7,1,8,https://www.kanshijewels.com/products/moon-fusion-jhumkas?variant=gid://shopify/ProductVariant/51119793340716
2026-08-24 21:51:30,Jadau Kundan Pendant,Default Title,NK123,1680.0,Restock,6,1,7,https://www.kanshijewels.com/products/jadau-kundan-pendant-45?variant=gid://shopify/ProductVariant/51119795274028
2026-08-24 21:51:30,Jadau Kundan Pendant,Default Title,NK122,3045.0,Restock,7,1,8,https://www.kanshijewels.com/products/jadau-kundan-pendant-46?variant=gid://shopify/ProductVariant/51119796257068
2026-08-24 21:51:30,Jadau Kundan Pendant,Default Title,NK121,5145.0,Restock,4,1,5,https://www.kanshijewels.com/products/jadau-kundan-pendant-47?variant=gid://shopify/ProductVariant/51119797371180
2026-08-24 21:51:30,Jadau Pendant,Default Title,NK120,5145.0,Restock,8,1,9,https://www.kanshijewels.com/products/jadau-kundan-pendant-48?variant=gid://shopify/ProductVariant/51119798747436
2026-08-24 21:51:30,Jadau Kundan Pendant,Default Title,NK119,2310.0,Restock,2,1,3,https://www.kanshijewels.com/products/jadau-kundan-pendant-49?variant=gid://shopify/ProductVariant/51119799501100
2026-08-24 21:51:30,Jadau Kundan Pendant,Default Title,NK118,1995.0,Restock,4,1,5,https://www.kanshijewels.com/products/jadau-kundan-pendant-50?variant=gid://shopify/ProductVariant/51139148644652
2026-08-24 21:51:30,Kanshi Exclusive Earrings,Red,ER153-RED,724.5,Restock,8,1,9,https://www.kanshijewels.com/products/kanshi-exclusive-earrings-1?variant=gid://shopify/ProductVariant/51323584413996
2026-08-24 21:51:30,Kanshi Exclusive Earrings,Green,,759.0,Restock,1,1,2,https://www.kanshijewels.com/products/kanshi-exclusive-earrings-1?variant=gid://shopify/ProductVariant/51323587494188
2026-08-24 21:51:30,Jadau Kundan earrings,Default Title,ER152,2310.0,Restock,7,1,8,https://www.kanshijewels.com/products/jadau-kundan-earrings-162?variant=gid://shopify/ProductVariant/51295223808300
2026-08-24 21:51:30,Swaroski real necklace,Default Title,NK117,2310.0,Restock,1,1,2,https://www.kanshijewels.com/products/swaroski-real-necklace?variant=gid://shopify/ProductVariant/51295250841900
2026-08-24 21:51:30,Jadau Kundan Chokar,Default Title,NK116,5775.0,Restock,8,1,9,https://www.kanshijewels.com/products/jadau-kundan-chokar-47?variant=gid://shopify/ProductVariant/51295258214700
2026-08-24 21:51:30,Real Pearls Mattil,Default Title,NK113,787.5,Restock,1,1,2,https://www.kanshijewels.com/products/jadau-kundan-necklace-204?variant=gid://shopify/ProductVariant/51295273025836
2026-08-24 21:51:30,Jadau Rani haram,Default Title,NK111,9975.0,Restock,9,1,10,https://www.kanshijewels.com/products/jadau-rani-haram-1?variant=gid://shopify/ProductVariant/51378736365868
2026-08-24 21:51:30,Jadau Kundan Choker Necklace,Default Title,NK110,6615.0,Restock,9,1,10,https://www.kanshijewels.com/products/jadau-kundan-choker-necklace?variant=gid://shopify/ProductVariant/51378766905644
2026-08-24 21:51:30,Swaroski pearl Haram,Default Title,NK109,1785.0,Restock,3,1,4,https://www.kanshijewels.com/products/swaroski-pearl-haram?variant=gid://shopify/ProductVariant/51378812518700
2026-08-24 21:51:30,Jadau Mango Pendant & Studs set,Default Title,ER149,1522.5,Restock,1,1,2,https://www.kanshijewels.com/products/jadau-kundan-mango-pendant?variant=gid://shopify/ProductVariant/51792336814380
2026-08-24 21:51:30,Jadau Pendant,Default Title,NK107,3139.5,Restock,7,1,8,https://www.kanshijewels.com/products/jadau-pendant-1?variant=gid://shopify/ProductVariant/51792345497900
2026-08-24 21:51:30,Mossanite rose necklace,Default Title,NK106,5880.0,Restock,9,1,10,https://www.kanshijewels.com/products/jadau-choker-necklace-1?variant=gid://shopify/ProductVariant/51792352837932
2026-08-24 21:51:30,Mossanite chokar necklace,Default Title,NK104,4830.0,Restock,9,1,10,https://www.kanshijewels.com/products/jadau?variant=gid://shopify/ProductVariant/51792358736172
2026-08-24 21:51:30,Mossanite 92.5 Pure Nose Pin,Default Title,NP05,2600.0,Restock,7,1,8,https://www.kanshijewels.com/products/nose-pin?variant=gid://shopify/ProductVariant/51803428323628
2026-08-24 21:51:30,Jadau kundan Hair Accesories,Default Title,AC41,4725.0,Restock,4,1,5,https://www.kanshijewels.com/products/mossanite-92-5-pure-nose-pin-copy?variant=gid://shopify/ProductVariant/52018418712876
2026-08-24 21:51:30,Jadau kundan Hair choti,Default Title,AC40,14000.0,Restock,4,1,5,https://www.kanshijewels.com/products/jadau-kundan-hair-accesories-copy?variant=gid://shopify/ProductVariant/52018461311276
2026-08-24 21:51:30,Jadau kundan Hair choti,Default Title,AC39,14000.0,Restock,3,1,4,https://www.kanshijewels.com/products/jadau-kundan-hair-choti-copy?variant=gid://shopify/ProductVariant/52018481103148
2026-08-24 21:51:30,Mossanite 92.5 pure silver nose pin,Default Title,NP04,2600.0,Restock,4,1,5,https://www.kanshijewels.com/products/jadau-kundan-hair-choti-copy-1?variant=gid://shopify/ProductVariant/52018493456684
2026-08-24 21:51:30,Pearls bracelets,Default Title,AC38,313.95,Restock,3,1,4,https://www.kanshijewels.com/products/mossanite-92-5-pure-silver-nose-pin-copy?variant=gid://shopify/ProductVariant/52018498044204
2026-08-24 21:51:30,Jadau fusion peacock jhumkas,Default Title,ER146,3360.0,Restock,8,1,9,https://www.kanshijewels.com/products/jadau-jhumkas-copy?variant=gid://shopify/ProductVariant/52018508955948
2026-08-24 21:51:30,Jadau jhumkas with ear chain,Default Title,ER145,3780.0,Restock,1,1,2,https://www.kanshijewels.com/products/jadau-fusion-peacock-jhumkas-copy?variant=gid://shopify/ProductVariant/52018518524204
2026-08-24 21:51:30,Jadau rani bali earrings,Default Title,ER144,3800.0,Restock,7,1,8,https://www.kanshijewels.com/products/jadau-jhumkas-with-ear-chain-copy?variant=gid://shopify/ProductVariant/52018550964524
2026-08-24 21:51:30,Mossanite chandbali,Default Title,ER143,1890.0,Restock,3,1,4,https://www.kanshijewels.com/products/jadau-rani-bali-earrings-copy?variant=gid://shopify/ProductVariant/52018557354284
2026-08-24 21:51:30,Kundan chokar necklace,Default Title,NK103,3360.0,Restock,4,1,5,https://www.kanshijewels.com/products/mossanite-chokar-necklace-copy?variant=gid://shopify/ProductVariant/52018671288620
2026-08-24 21:51:30,Kundan chokar necklace,Default Title,NK102,3675.0,Restock,4,1,5,https://www.kanshijewels.com/products/mossanite-chokar-necklace-copy-1?variant=gid://shopify/ProductVariant/52018683805996
2026-08-24 21:51:30,Kundan chokar necklace,Default Title,NK101,4990.0,Restock,9,1,10,https://www.kanshijewels.com/products/mossanite-chokar-necklace-copy-2?variant=gid://shopify/ProductVariant/52018753798444
2026-08-24 21:51:30,Kundan chokar necklace,Default Title,NK100,5775.0,Restock,7,1,8,https://www.kanshijewels.com/products/mossanite-chokar-necklace-copy-3?variant=gid://shopify/ProductVariant/52018762023212
2026-08-24 21:51:30,Mossanite chokar necklace,Default Title,NK99,4830.0,Restock,8,1,9,https://www.kanshijewels.com/products/mossanite-chokar-necklace-copy-4?variant=gid://shopify/ProductVariant/52018771853612
2026-08-24 21:51:30,Kundan chokar necklace,Default Title,NK98,1575.0,Restock,6,1,7,https://www.kanshijewels.com/products/mossanite-chokar-necklace-copy-5?variant=gid://shopify/ProductVariant/52018776146220
2026-08-24 21:51:30,Kundan chokar necklace,Default Title,NK97,2310.0,Restock,9,1,10,https://www.kanshijewels.com/products/mossanite-chokar-necklace-copy-6?variant=gid://shopify/ProductVariant/52018785485100
2026-08-24 21:51:30,Kundan chokar necklace,Default Title,NK96,1995.0,Restock,8,1,9,https://www.kanshijewels.com/products/mossanite-chokar-necklace-copy-7?variant=gid://shopify/ProductVariant/52018791448876
2026-08-24 21:51:30,Kundan chokar necklace,Default Title,NK95,2940.0,Restock,7,1,8,https://www.kanshijewels.com/products/mossanite-chokar-necklace-copy-8?variant=gid://shopify/ProductVariant/52018796888364
2026-08-24 21:51:30,Kundan chokar necklace,Default Title,NK94,3675.0,Restock,2,1,3,https://www.kanshijewels.com/products/mossanite-chokar-necklace-copy-9?variant=gid://shopify/ProductVariant/52018800329004
2026-08-24 21:51:30,Kundan chokar necklace,Default Title,NK93,3990.0,Restock,8,1,9,https://www.kanshijewels.com/products/mossanite-chokar-necklace-copy-10?variant=gid://shopify/ProductVariant/52018802524460
2026-08-24 21:51:30,Mossanite chokar necklace,Default Title,NK92,6300.0,Restock,8,1,9,https://www.kanshijewels.com/products/mossanite-chokar-necklace-copy-11?variant=gid://shopify/ProductVariant/52018803933484
2026-08-24 21:51:30,Kundan chokar necklace,Default Title,NK91,3885.0,Restock,9,1,10,https://www.kanshijewels.com/products/mossanite-chokar-necklace-copy-12?variant=gid://shopify/ProductVariant/52018808357164
2026-08-24 21:51:30,Kundan necklace,Default Title,NK90,5040.0,Restock,9,1,10,https://www.kanshijewels.com/products/mossanite-chokar-necklace-copy-13?variant=gid://shopify/ProductVariant/52018810257708
2026-08-24 21:51:30,Kundan chokar necklace,Default Title,NK89,5145.0,Restock,9,1,10,https://www.kanshijewels.com/products/mossanite-chokar-necklace-copy-14?variant=gid://shopify/ProductVariant/52022294413612
2026-08-24 21:51:30,Kundan necklace,Default Title,NK86,10080.0,Restock,8,1,9,https://www.kanshijewels.com/products/mossanite-chokar-necklace-copy-16?variant=gid://shopify/ProductVariant/52022361588012
2026-08-24 21:51:30,Jadau Kundan Long haram,Default Title,NK84,2310.0,Restock,2,1,3,https://www.kanshijewels.com/products/jadau-kundan-long-harams-copy-1?variant=gid://shopify/ProductVariant/52022390751532
2026-08-24 21:51:30,Jadau Kundan Long haram,Default Title,NK83,3990.0,Restock,7,1,8,https://www.kanshijewels.com/products/jadau-kundan-long-harams-copy-2?variant=gid://shopify/ProductVariant/52022394552620
2026-08-24 21:51:30,Jadau Kundan Long haram,Default Title,NK82,4800.0,Restock,8,1,9,https://www.kanshijewels.com/products/jadau-kundan-long-harams-copy-3?variant=gid://shopify/ProductVariant/52022397272364
2026-08-24 21:51:30,Jadau nakashi haram,Default Title,NK81,5775.0,Restock,9,1,10,https://www.kanshijewels.com/products/jadau-kundan-long-harams-copy-4?variant=gid://shopify/ProductVariant/52022406742316
2026-08-24 21:51:30,Jadau Kundan Long haram,Default Title,NK80,4800.0,Restock,9,1,10,https://www.kanshijewels.com/products/jadau-kundan-long-harams-copy-5?variant=gid://shopify/ProductVariant/52022414934316
2026-08-24 21:51:30,Jadau Kundan haram,Default Title,NK78,6615.0,Restock,9,1,10,https://www.kanshijewels.com/products/jadau-kundan-long-harams-29?variant=gid://shopify/ProductVariant/52022451994924
2026-08-24 21:51:30,Jadau Kundan haram,Default Title,NK77,7339.5,Restock,5,1,6,https://www.kanshijewels.com/products/jadau-kundan-long-harams-30?variant=gid://shopify/ProductVariant/52022461464876
2026-08-24 21:51:30,Jadau Kundan Long haram,Default Title,NK76,7350.0,Restock,8,1,9,https://www.kanshijewels.com/products/jadau-kundan-long-harams-copy-7?variant=gid://shopify/ProductVariant/52022468051244
2026-08-24 21:51:30,Jadau Kundan Long haram,Default Title,NK75,7875.0,Restock,9,1,10,https://www.kanshijewels.com/products/jadau-kundan-long-harams-copy-8?variant=gid://shopify/ProductVariant/52022477848876
2026-08-24 21:51:30,Jadau Kundan necklace earrings set,Default Title,ER142,8085.0,Restock,8,1,9,https://www.kanshijewels.com/products/jadau-kundan-long-harams-copy-9?variant=gid://shopify/ProductVariant/52022484828460
2026-08-24 21:51:30,Jadau Kundan haram,Default Title,NK74,8400.0,Restock,9,1,10,https://www.kanshijewels.com/products/jadau-kundan-long-harams-copy-10?variant=gid://shopify/ProductVariant/52022498525484
2026-08-24 21:51:30,Jadau Kundan haram,Default Title,NK73,8400.0,Restock,9,1,10,https://www.kanshijewels.com/products/jadau-kundan-long-harams-copy-11?variant=gid://shopify/ProductVariant/52022500622636
2026-08-24 21:51:30,Jadau Kundan necklace studs set,Default Title,ER141,8400.0,Restock,9,1,10,https://www.kanshijewels.com/products/jadau-kundan-long-harams-copy-12?variant=gid://shopify/ProductVariant/52022504915244
2026-08-24 21:51:30,Jadau Kundan Long haram,Default Title,NK72,8925.0,Restock,3,1,4,https://www.kanshijewels.com/products/jadau-kundan-long-harams-copy-13?variant=gid://shopify/ProductVariant/52022512353580
2026-08-24 21:51:30,Jadau Kundan Long haram,Default Title,NK70,9345.0,Restock,7,1,8,https://www.kanshijewels.com/products/jadau-kundan-long-harams-copy-15?variant=gid://shopify/ProductVariant/52022521790764
2026-08-24 21:51:30,Jadau Kundan Long haram,Default Title,NK69,9975.0,Restock,8,1,9,https://www.kanshijewels.com/products/jadau-kundan-long-harams-copy-16?variant=gid://shopify/ProductVariant/52022525100332
2026-08-24 21:51:30,Jadau Kundan Long haram,Default Title,NK68,11130.0,Restock,9,1,10,https://www.kanshijewels.com/products/jadau-kundan-long-harams-copy-17?variant=gid://shopify/ProductVariant/52022543352108
2026-08-24 21:51:30,Jadau Kundan Long haram,Default Title,NK67,12495.0,Restock,9,1,10,https://www.kanshijewels.com/products/jadau-kundan-long-harams-copy-18?variant=gid://shopify/ProductVariant/52022551970092
2026-08-24 21:51:30,Jadau Kundan Long haram,Default Title,NK66,13125.0,Restock,8,1,9,https://www.kanshijewels.com/products/jadau-kundan-long-harams-copy-19?variant=gid://shopify/ProductVariant/52022557409580
2026-08-24 21:51:30,Jadau Kundan Long haram,Default Title,NK65,13125.0,Restock,9,1,10,https://www.kanshijewels.com/products/jadau-kundan-long-harams-copy-20?variant=gid://shopify/ProductVariant/52022567567660
2026-08-24 21:51:30,Jadau Kundan Long haram,Default Title,NK64,13125.0,Restock,7,1,8,https://www.kanshijewels.com/products/jadau-kundan-long-harams-copy-21?variant=gid://shopify/ProductVariant/52022569599276
2026-08-24 21:51:30,Jadau Kundan Long haram,Default Title,NK63,15225.0,Restock,8,1,9,https://www.kanshijewels.com/products/jadau-kundan-long-harams-copy-22?variant=gid://shopify/ProductVariant/52022592995628
2026-08-24 21:51:30,Jadau Kundan Long haram,Default Title,NK62,16275.0,Restock,8,1,9,https://www.kanshijewels.com/products/jadau-kundan-long-harams-31?variant=gid://shopify/ProductVariant/52022604202284
2026-08-24 21:51:30,Mossanite Studs,Default Title,ER140,999.0,Restock,8,1,9,https://www.kanshijewels.com/products/jadau-kundan-studs-copy?variant=gid://shopify/ProductVariant/52022607085868
2026-08-24 21:51:30,Mossanite Studs,Default Title,ER139,999.0,Restock,9,1,10,https://www.kanshijewels.com/products/jadau-kundan-studs-copy-1?variant=gid://shopify/ProductVariant/52022609051948
2026-08-24 21:51:30,Kundan chokar necklace,Default Title,NK61,3990.0,Restock,8,1,9,https://www.kanshijewels.com/products/mossanite-chokar-necklace-copy-18?variant=gid://shopify/ProductVariant/52022625763628
2026-08-24 21:51:30,Jadau Kundan necklace earrings set,Default Title,ER137,9450.0,Restock,9,1,10,https://www.kanshijewels.com/products/jadau-kundan-necklace-earrings-set-copy?variant=gid://shopify/ProductVariant/52024546165036
2026-08-24 21:51:30,Mossanite studs,Default Title,ER133,1600.0,Restock,1,1,2,https://www.kanshijewels.com/products/mossanite-studs-1600_?variant=gid://shopify/ProductVariant/52436913783084
2026-08-24 21:51:30,Mossanite bracelet,Default Title,BG07,999.0,Restock,9,1,10,https://www.kanshijewels.com/products/mossanite-bracelet?variant=gid://shopify/ProductVariant/52441917489452
2026-08-24 21:51:30,Jadau bracelet,Default Title,BG06,999.0,Restock,3,1,4,https://www.kanshijewels.com/products/jadau-bracelet?variant=gid://shopify/ProductVariant/52441917686060
2026-08-24 21:51:30,Jadau ear chain,Default Title,AC37,960.0,Restock,2,1,3,https://www.kanshijewels.com/products/jadau-ear-chain?variant=gid://shopify/ProductVariant/52441922765100
2026-08-24 21:51:30,Jadau septum nose pin,Default Title,NP02,999.0,Restock,3,1,4,https://www.kanshijewels.com/products/jadau-septum-nose-pin-1?variant=gid://shopify/ProductVariant/52441930170668
2026-08-24 21:51:30,Jadau bugadi,Default Title,ER132,1100.0,Restock,3,1,4,https://www.kanshijewels.com/products/jadau-bugadi?variant=gid://shopify/ProductVariant/52441931219244
2026-08-24 21:51:30,Jadau septum nose pin,Default Title,NP01,900.0,Restock,1,1,2,https://www.kanshijewels.com/products/jadau-septum-nose-pin-2?variant=gid://shopify/ProductVariant/52441933938988
2026-08-24 21:51:30,Jadau hair accessory,Default Title,AC35,900.0,Restock,9,1,10,https://www.kanshijewels.com/products/jadau-hair-accessory-1?variant=gid://shopify/ProductVariant/52441943212332
2026-08-24 21:51:30,Jadau bugadi,Default Title,ER129,750.0,Restock,4,1,5,https://www.kanshijewels.com/products/jadau-bugadi-copy?variant=gid://shopify/ProductVariant/52441943671084
2026-08-24 21:51:30,Jadau hair accessory,Default Title,AC32,1300.0,Restock,8,1,9,https://www.kanshijewels.com/products/jadau-hair-accessory-4?variant=gid://shopify/ProductVariant/52441947406636
2026-08-24 21:51:30,Jadau nakashi hair accessory,Default Title,AC31,810.0,Restock,8,1,9,https://www.kanshijewels.com/products/jadau-hair-accessory-5?variant=gid://shopify/ProductVariant/52441947963692
2026-08-24 21:51:30,Mossanite hair accessory,Default Title,AC30,1300.0,Restock,8,1,9,https://www.kanshijewels.com/products/mossanite-hair-accessory?variant=gid://shopify/ProductVariant/52441950191916
2026-08-24 21:51:30,Jadau pendant,Default Title,NK57,2990.0,Restock,1,1,2,https://www.kanshijewels.com/products/jadau-pendant-2?variant=gid://shopify/ProductVariant/52441953567020
2026-08-24 21:51:30,Jadau pendant,Default Title,NK56,1250.0,Restock,5,1,6,https://www.kanshijewels.com/products/jadau-pendant-3?variant=gid://shopify/ProductVariant/52441954353452
2026-08-24 21:51:30,Jadau pendant,Default Title,NK54,1450.0,Restock,6,1,7,https://www.kanshijewels.com/products/jadau-pendant-5?variant=gid://shopify/ProductVariant/52441957105964
2026-08-24 21:51:30,Jadau pendant,Default Title,NK53,2650.0,Restock,4,1,5,https://www.kanshijewels.com/products/jadau-pendant-6?variant=gid://shopify/ProductVariant/52441958940972
2026-08-24 21:51:30,Jadau pendant,Default Title,NK52,1650.0,Restock,2,1,3,https://www.kanshijewels.com/products/jadau-pendant-7?variant=gid://shopify/ProductVariant/52441959596332
2026-08-24 21:51:30,Mossanite ruby chokar,Default Title,AC28,2100.0,Restock,4,1,5,https://www.kanshijewels.com/products/nakashi-hasli-necklace-copy?variant=gid://shopify/ProductVariant/52445222666540
2026-08-24 21:51:30,Mossanite chokar,Default Title,NK44,5800.0,Restock,9,1,10,https://www.kanshijewels.com/products/mossanite-emerald-necklace-copy?variant=gid://shopify/ProductVariant/52445226828076
2026-08-24 21:51:30,Mossanite chokar,Default Title,AC27,4900.0,Restock,7,1,8,https://www.kanshijewels.com/products/mossanite-chokar?variant=gid://shopify/ProductVariant/52445227843884
2026-08-24 21:51:30,Mossanite kundan fusion necklace,Default Title,NK42,4990.0,Restock,9,1,10,https://www.kanshijewels.com/products/mossanite-kundan-fusion-necklace?variant=gid://shopify/ProductVariant/52445227974956
2026-08-24 21:51:30,Mossanite chokar,Default Title,NK41,4500.0,Restock,4,1,5,https://www.kanshijewels.com/products/mossanite-chokar-1?variant=gid://shopify/ProductVariant/52445233742124
2026-08-24 21:51:30,Jadau rani haram,Default Title,NK38,14990.0,Restock,4,1,5,https://www.kanshijewels.com/products/jadau-rani-haram-3?variant=gid://shopify/ProductVariant/52445246292268
2026-08-24 21:51:30,Jadau necklace,Default Title,NK37,1750.0,Restock,7,1,8,https://www.kanshijewels.com/products/jadau-necklace-9?variant=gid://shopify/ProductVariant/52445251830060
2026-08-24 21:51:30,Jadau neck piece,Default Title,NK35,3690.0,Restock,9,1,10,https://www.kanshijewels.com/products/jadau-necklace-copy?variant=gid://shopify/ProductVariant/52445255827756
2026-08-24 21:51:30,Jadau necklace,Default Title,NK34,7500.0,Restock,4,1,5,https://www.kanshijewels.com/products/jadau-necklace-11?variant=gid://shopify/ProductVariant/52445256024364
2026-08-24 21:51:30,Jadau Chokar,Default Title,NK30,2990.0,Restock,1,1,2,https://www.kanshijewels.com/products/pink-jadau-kundan-choker?variant=gid://shopify/ProductVariant/52445263954220
2026-08-24 21:51:30,Jadau Chokar,Default Title,NK29,2900.0,Restock,7,1,8,https://www.kanshijewels.com/products/jadau-kundan-choker-necklace-with-pearls?variant=gid://shopify/ProductVariant/52445264347436
2026-08-24 21:51:30,Jadau Chokar,Default Title,NK27,2550.0,Restock,9,1,10,https://www.kanshijewels.com/products/jadau-pearl-choker-set-green-beads?variant=gid://shopify/ProductVariant/52445278994732
2026-08-24 21:51:30,Jadau chain necklace,Default Title,NK26,2990.0,Restock,9,1,10,https://www.kanshijewels.com/products/naan-patti-chain-jadau-kundan-pendant?variant=gid://shopify/ProductVariant/52445280698668
2026-08-24 21:51:30,Mossanite tika,Default Title,MT15,1190.0,Restock,5,1,6,https://www.kanshijewels.com/products/mossanite-tika-1?variant=gid://shopify/ProductVariant/52445284270380
2026-08-24 21:51:30,Mossanite tika,Default Title,MT14,850.0,Restock,6,1,7,https://www.kanshijewels.com/products/mossanite-tika-2?variant=gid://shopify/ProductVariant/52445284696364
2026-08-24 21:51:30,Mossanite tika,Default Title,MT12,1700.0,Restock,6,1,7,https://www.kanshijewels.com/products/mossanite-tika-4?variant=gid://shopify/ProductVariant/52445287153964
2026-08-24 21:51:30,Jadau tika,Default Title,MT11,810.0,Restock,7,1,8,https://www.kanshijewels.com/products/emerald-sleek-necklace-earring-set-copy?variant=gid://shopify/ProductVariant/52445287973164
2026-08-24 21:51:30,Kundan tika,Default Title,MT10,1500.0,Restock,9,1,10,https://www.kanshijewels.com/products/mossanite-tika-5?variant=gid://shopify/ProductVariant/52445288104236
2026-08-24 21:51:30,Jadau tika,Default Title,MT09,890.0,Restock,9,1,10,https://www.kanshijewels.com/products/jadau-tika-copy?variant=gid://shopify/ProductVariant/52445288988972
2026-08-24 21:51:30,Jadau tika,Default Title,MT07,1300.0,Restock,1,1,2,https://www.kanshijewels.com/products/jadau-tika-1?variant=gid://shopify/ProductVariant/52445296492844
2026-08-24 21:51:30,Mossanite studs,Default Title,ER118,950.0,Restock,9,1,10,https://www.kanshijewels.com/products/mossanite-studs-2?variant=gid://shopify/ProductVariant/52445335224620
2026-08-24 21:51:30,Jadau studs,Default Title,ER116,1600.0,Restock,9,1,10,https://www.kanshijewels.com/products/mossanite-studs-3?variant=gid://shopify/ProductVariant/52445339615532
2026-08-24 21:51:30,Jadau jhumkas,Default Title,ER111,1750.0,Restock,2,1,3,https://www.kanshijewels.com/products/jadau-jhumkas-4?variant=gid://shopify/ProductVariant/52445346693420
2026-08-24 21:51:30,Jadau studs,Default Title,ER110,1450.0,Restock,8,1,9,https://www.kanshijewels.com/products/mossanite-studs-6?variant=gid://shopify/ProductVariant/52445346857260
2026-08-24 21:51:30,Jadau jhumkas,Default Title,ER109,1550.0,Restock,5,1,6,https://www.kanshijewels.com/products/jadau-jhumkas-5?variant=gid://shopify/ProductVariant/52445348954412
2026-08-24 21:51:30,Jadau studs,Default Title,ER107,1450.0,Restock,4,1,5,https://www.kanshijewels.com/products/jadau-studs-2?variant=gid://shopify/ProductVariant/52445352231212
2026-08-24 21:51:30,Jadau jhumkas,Default Title,ER105,1450.0,Restock,3,1,4,https://www.kanshijewels.com/products/jadau-jhumkas-7?variant=gid://shopify/ProductVariant/52445356884268
2026-08-24 21:51:30,Jadau studs,Default Title,ER104,1350.0,Restock,9,1,10,https://www.kanshijewels.com/products/jadau-studs-4?variant=gid://shopify/ProductVariant/52445357244716
2026-08-24 21:51:30,Jadau studs,Default Title,ER102,860.0,Restock,9,1,10,https://www.kanshijewels.com/products/jadau-studs-6?variant=gid://shopify/ProductVariant/52445360193836
2026-08-24 21:51:30,Jadau earring,Default Title,ER91,1900.0,Restock,2,1,3,https://www.kanshijewels.com/products/jadau-earring-copy?variant=gid://shopify/ProductVariant/52445385949484
2026-08-24 21:51:30,Jadau jhumkas,Default Title,ER87,4200.0,Restock,9,1,10,https://www.kanshijewels.com/products/jadau-jhumkas-9?variant=gid://shopify/ProductVariant/52445394534700
2026-08-24 21:51:30,Jadau jhumkas,Default Title,ER80,2350.0,Restock,8,1,9,https://www.kanshijewels.com/products/jadau-jhumkas-13?variant=gid://shopify/ProductVariant/52445407641900
2026-08-24 21:51:30,Jadau Chokar,Default Title,NK24,3600.0,Restock,3,1,4,https://www.kanshijewels.com/products/jadau-kundan-choker-set-pink-kundan-green-beads?variant=gid://shopify/ProductVariant/52718638072108
2026-08-24 21:51:30,Jadau Choker Studs Set,Default Title,ER29,2900.0,Restock,8,1,9,https://www.kanshijewels.com/products/jadau-kundan-choker-studs-set?variant=gid://shopify/ProductVariant/52737239023916
2026-08-24 21:51:30,Jadau Fusion Watch,Default Title,AC14,1990.0,Restock,7,1,8,https://www.kanshijewels.com/products/jadau-fusion-watch-3?variant=gid://shopify/ProductVariant/52737281098028
2026-08-24 21:51:30,Jadau Hasli,Default Title,NK22,2700.0,Restock,8,1,9,https://www.kanshijewels.com/products/jadau-hasli-necklace?variant=gid://shopify/ProductVariant/52737286144300
2026-08-24 21:51:30,Jadau Jhumkas,Default Title,AC11,3650.0,Restock,4,1,5,https://www.kanshijewels.com/products/jadau-jhumkas-16?variant=gid://shopify/ProductVariant/52737312457004
2026-08-24 21:51:30,Jadau Jhumkas,Default Title,ER22,3790.0,Restock,8,1,9,https://www.kanshijewels.com/products/jadau-jhumkas-17?variant=gid://shopify/ProductVariant/52737314357548
2026-08-24 21:51:30,Jadau Jhumkas,Default Title,ER21,4210.0,Restock,9,1,10,https://www.kanshijewels.com/products/jadau-jhumkas-20?variant=gid://shopify/ProductVariant/52737319862572
2026-08-24 21:51:30,Jadau Maatil,Default Title,AC06,2360.0,Restock,4,1,5,https://www.kanshijewels.com/products/jadau-maatil?variant=gid://shopify/ProductVariant/52737325662508
2026-08-24 21:51:30,Jadau Necklace,Default Title,NK21,5600.0,Restock,9,1,10,https://www.kanshijewels.com/products/traditional-jadau-kundan-jewellery?variant=gid://shopify/ProductVariant/52737331888428
2026-08-24 21:51:30,Jadau Rani Necklace,Default Title,NK20,7500.0,Restock,9,1,10,https://www.kanshijewels.com/products/kundan-pearl-choker-necklace-bridal-jewellery?variant=gid://shopify/ProductVariant/52737333035308
2026-08-24 21:51:30,Jadau Studs,Default Title,ER20,1490.0,Restock,6,1,7,https://www.kanshijewels.com/products/jadau-studs-8?variant=gid://shopify/ProductVariant/52737334018348
2026-08-24 21:51:30,Jadau Studs,Default Title,ER17,1750.0,Restock,8,1,9,https://www.kanshijewels.com/products/jadau-studs-11?variant=gid://shopify/ProductVariant/52737363378476
2026-08-24 21:51:30,Jadau Studs,Default Title,ER16,1990.0,Restock,9,1,10,https://www.kanshijewels.com/products/jadau-studs-12?variant=gid://shopify/ProductVariant/52737370325292
2026-08-24 21:51:30,Mossanite Ear Chain,Default Title,AC03,3300.0,Restock,10,1,11,https://www.kanshijewels.com/products/mossanite-ear-chain?variant=gid://shopify/ProductVariant/52737372193068
2026-08-24 21:51:30,Neelam Jadau Earchain,Default Title,AC01,1450.0,Restock,9,1,10,https://www.kanshijewels.com/products/neelam-jadau-earchain?variant=gid://shopify/ProductVariant/52737473642796
2026-08-24 21:51:30,Multi purpose hand accessory,Default Title,BG04,3200.0,Restock,9,1,10,https://www.kanshijewels.com/products/multi-purpose-hand-accessory?variant=gid://shopify/ProductVariant/53170568233260
2026-08-24 21:51:30,Nakashi coral fusion chain,Default Title,NK18,2850.0,Restock,9,1,10,https://www.kanshijewels.com/products/coral-fusion-necklace-chain-jewellery?variant=gid://shopify/ProductVariant/53170582159660
2026-08-24 21:51:30,Jadau adjuistable ring,Default Title,RG01,880.0,Restock,5,1,6,https://www.kanshijewels.com/products/jadau-adjuistable-ring?variant=gid://shopify/ProductVariant/53173822521644
2026-08-24 21:51:30,Mossanite bracelet,Default Title,BG02,1800.0,Restock,8,1,9,https://www.kanshijewels.com/products/mossanite-bracelet-1?variant=gid://shopify/ProductVariant/53173988720940
2026-08-24 21:51:30,Jadau 2.4 screw open bangle,Default Title,BG01,4990.0,Restock,9,1,10,https://www.kanshijewels.com/products/jadau-2-4-screw-open-bangle-4990_-4-screw-open-bangle-4990_-4-screw-open-bangle?variant=gid://shopify/ProductVariant/53174015066412
2026-08-24 21:51:30,Jadau chokar,Default Title,NK17,2300.0,Restock,7,1,8,https://www.kanshijewels.com/products/royal-jadau-kundan-choker-set?variant=gid://shopify/ProductVariant/53174040330540
2026-08-24 21:51:30,Kundan chokar necklace,Default Title,NK16,4990.0,Restock,9,1,10,https://www.kanshijewels.com/products/kundan-chokar-necklace?variant=gid://shopify/ProductVariant/53174041608492
2026-08-24 21:51:30,Multi mossanite necklace,Default Title,NK15,1755.0,Restock,5,1,6,https://www.kanshijewels.com/products/multi-layer-kundan-beads-necklace-with-locket?variant=gid://shopify/ProductVariant/53174043377964
2026-08-24 21:51:30,Nakashi coral fusion chain,Default Title,NK14,2850.0,Restock,9,1,10,https://www.kanshijewels.com/products/nakashi-coral-fusion-chains?variant=gid://shopify/ProductVariant/53174044131628
2026-08-24 21:51:30,Diamond emerald fusion set,Default Title,NK13,2100.0,Restock,6,1,7,https://www.kanshijewels.com/products/bridal-diamond-emerald-jewelry-set?variant=gid://shopify/ProductVariant/53174049014060
2026-08-24 21:51:30,Emerald jadau necklace,Default Title,NK12,2100.0,Restock,6,1,7,https://www.kanshijewels.com/products/emerald-jadau-necklace?variant=gid://shopify/ProductVariant/53174050521388
2026-08-24 21:51:30,Jadau jhumkas,Default Title,ER13,1800.0,Restock,8,1,9,https://www.kanshijewels.com/products/jadau-jhumkas-23?variant=gid://shopify/ProductVariant/53174071787820
2026-08-24 21:51:30,Jadau jhumkas,Default Title,ER12,2400.0,Restock,9,1,10,https://www.kanshijewels.com/products/jadau-jhumkas-24?variant=gid://shopify/ProductVariant/53174074999084
2026-08-24 21:51:30,Jadau jhumkas,Default Title,ER11,3650.0,Restock,9,1,10,https://www.kanshijewels.com/products/jadau-jhumkas-25?variant=gid://shopify/ProductVariant/53174084141356
2026-08-24 21:51:30,Jadau kundan earrings,Default Title,ER10,2800.0,Restock,9,1,10,https://www.kanshijewels.com/products/jadau-kundan-earrings-173?variant=gid://shopify/ProductVariant/53174094627116
2026-08-24 21:51:30,Jadau nakashi fusion statement earrings,Default Title,ER09,1450.0,Restock,8,1,9,https://www.kanshijewels.com/products/jadau-nakashi-fusion-statement-earrings?variant=gid://shopify/ProductVariant/53174098526508
2026-08-24 21:51:30,Jadau pearl earrings,Default Title,ER08,2100.0,Restock,9,1,10,https://www.kanshijewels.com/products/jadau-pearl-earrings?variant=gid://shopify/ProductVariant/53174102491436
2026-08-24 21:51:30,Jadau tripple chandbali,Default Title,ER07,3800.0,Restock,8,1,9,https://www.kanshijewels.com/products/jadau-tripple-chandbali?variant=gid://shopify/ProductVariant/53174103998764
2026-08-24 21:51:30,Mossanite chandbali,Default Title,ER06,2190.0,Restock,8,1,9,https://www.kanshijewels.com/products/mossanite-chandbali?variant=gid://shopify/ProductVariant/53174107537708
2026-08-24 21:51:30,Gold look jadau necklace,Default Title,NK11,5700.0,Restock,9,1,10,https://www.kanshijewels.com/products/jadau-kundan-necklace-gold-look?variant=gid://shopify/ProductVariant/53180512665900
2026-08-24 21:51:30,Jadau emerald necklace earring set,Default Title,ER05,3200.0,Restock,9,1,10,https://www.kanshijewels.com/products/jadau-emerald-necklace-earring-set?variant=gid://shopify/ProductVariant/53180515156268
2026-08-24 21:51:30,Jadau necklace,Default Title,NK10,4550.0,Restock,9,1,10,https://www.kanshijewels.com/products/kundan-necklace-with-freshwater-pearls?variant=gid://shopify/ProductVariant/53180520071468
2026-08-24 21:51:30,Jadau necklace chokar,Default Title,NK09,4600.0,Restock,8,1,9,https://www.kanshijewels.com/products/ruby-jadau-choker-necklace?variant=gid://shopify/ProductVariant/53180520988972
2026-08-24 21:51:30,Jadau pearls necklace earrings set,Default Title,ER04,3200.0,Restock,8,1,9,https://www.kanshijewels.com/products/jadau-pearls-necklace-earrings-set?variant=gid://shopify/ProductVariant/53180526559532
2026-08-24 21:51:30,Jadau rani necklace,Default Title,NK08,5000.0,Restock,9,1,10,https://www.kanshijewels.com/products/bridal-jadau-kundan-necklace-pink-stones-pearls?variant=gid://shopify/ProductVariant/53180527509804
2026-08-24 21:51:30,Jadau rani necklace,Default Title,NK07,6500.0,Restock,8,1,9,https://www.kanshijewels.com/products/white-jadau-choker-necklace?variant=gid://shopify/ProductVariant/53180529180972
2026-08-24 21:51:30,Jadau sathlada,Default Title,NK06,8500.0,Restock,9,1,10,https://www.kanshijewels.com/products/jadau-sathlada?variant=gid://shopify/ProductVariant/53180530426156
2026-08-24 21:51:30,Mossanite mango necklace,Default Title,NK05,10500.0,Restock,9,1,10,https://www.kanshijewels.com/products/mossanite-mango-necklace?variant=gid://shopify/ProductVariant/53180530819372
2026-08-24 21:51:30,Mossanite necklace and studs set,Default Title,ER03,11500.0,Restock,9,1,10,https://www.kanshijewels.com/products/mossanite-necklace-and-studs-set?variant=gid://shopify/ProductVariant/53180531310892
2026-08-24 21:51:30,Pearl emerald rani haram,Default Title,NK04,3990.0,Restock,9,1,10,https://www.kanshijewels.com/products/pearl-emerald-rani-haram?variant=gid://shopify/ProductVariant/53180531507500
2026-08-24 21:51:30,Swaroski emerald rani haram,Default Title,NK02,4800.0,Restock,8,1,9,https://www.kanshijewels.com/products/swaroski-emerald-rani-haram?variant=gid://shopify/ProductVariant/53180532359468
2026-08-24 21:51:30,Jadau gandaberunda pendant,Default Title,NK01,3600.0,Restock,8,1,9,https://www.kanshijewels.com/products/jadau-gandaberunda-pendant?variant=gid://shopify/ProductVariant/53180547465516
2026-08-24 21:51:30,Jadau studs,Default Title,ER02,820.0,Restock,6,1,7,https://www.kanshijewels.com/products/jadau-studs-14?variant=gid://shopify/ProductVariant/53180579676460
2026-08-24 21:51:30,Mossanite studs,Default Title,ER01,2100.0,Restock,9,1,10,https://www.kanshijewels.com/products/mossanite-studs-7?variant=gid://shopify/ProductVariant/53180580233516
2026-08-24 21:51:30,Exquisite polki statement earrings,Default Title,ER518,1900.0,Restock,6,1,7,https://www.kanshijewels.com/products/exquisite-polki-statement-earrings-1900?variant=gid://shopify/ProductVariant/53255972290860
2026-08-24 21:51:30,Statement emerald diamond elegant earrings,Default Title,ER519,1490.0,Restock,6,1,7,https://www.kanshijewels.com/products/statement-emerald-diamond-elegant-earrings?variant=gid://shopify/ProductVariant/53255976943916
2026-08-24 21:51:30,Dulhan rani maangtika,Default Title,MT75,1450.0,Restock,1,1,2,https://www.kanshijewels.com/products/dulhan-rani-maangtika?variant=gid://shopify/ProductVariant/53255980286252
2026-08-24 21:51:30,Reversible gandaberunda pendant and mala dulhan set,Default Title,NK890,6990.0,Restock,9,1,10,https://www.kanshijewels.com/products/reversible-gandaberunda-pendant-and-mala-dulhan-set?variant=gid://shopify/ProductVariant/53255980712236
2026-08-24 21:51:30,Polki fusion set,Default Title,NK891,2450.0,Restock,6,1,7,https://www.kanshijewels.com/products/polki-fusion-set?variant=gid://shopify/ProductVariant/53255985856812
2026-08-24 21:51:30,Gold look dulhan chokar,Default Title,NK895,2100.0,Restock,5,1,6,https://www.kanshijewels.com/products/gold-look-dulhan-chokar?variant=gid://shopify/ProductVariant/53256110768428
2026-08-24 21:51:30,Elegant blue cutting with pearls sleek chain necklace,Default Title,NK897,930.0,Restock,9,1,10,https://www.kanshijewels.com/products/elegant-blue-cutting-with-pearls-sleek-chain-necklace?variant=gid://shopify/ProductVariant/53345299792172
2026-08-24 21:51:30,Bridal dulhan jadau hair accessory,Default Title,AC149,5100.0,Restock,9,1,10,https://www.kanshijewels.com/products/bridal-dulhan-jadau-hair-accessory?variant=gid://shopify/ProductVariant/53368245190956
2026-08-24 21:51:30,Classic carving emerald jadau fusion dulhan chokar,Default Title,NK898,3990.0,Restock,9,1,10,https://www.kanshijewels.com/products/classic-carving-emerald-jadau-fusion-dulhan-chokar?variant=gid://shopify/ProductVariant/53368750440748
2026-08-24 21:51:30,Classic emerald mossanite rani necklace earrings set,Default Title,NK899,5200.0,Restock,9,1,10,https://www.kanshijewels.com/products/classic-emerald-mossanite-rani-necklace-earrings-set?variant=gid://shopify/ProductVariant/53368771608876
2026-08-24 21:51:30,Classic jadau nakashi kasu necklace,Default Title,NK900,1600.0,Restock,9,1,10,https://www.kanshijewels.com/products/classic-jadau-nakashi-kasu-necklace?variant=gid://shopify/ProductVariant/53368783012140
2026-08-24 21:51:30,Classic mossanite diamond ruby elegant necklace,Default Title,NK901,2100.0,Restock,9,1,10,https://www.kanshijewels.com/products/classic-mossanite-diamond-ruby-elegant-necklace?variant=gid://shopify/ProductVariant/53368789696812
2026-08-24 21:51:30,Classic mossanite pastel necklace,Default Title,NK902,4400.0,Restock,9,1,10,https://www.kanshijewels.com/products/classic-mossanite-pastel-necklace?variant=gid://shopify/ProductVariant/53368804835628
2026-08-24 21:51:30,Classic pearls dulhan necklace,Default Title,NK903,1900.0,Restock,9,1,10,https://www.kanshijewels.com/products/classic-pearls-dulhan-necklace?variant=gid://shopify/ProductVariant/53368810635564
2026-08-24 21:51:30,Diamond motives emerald swaroski dulhan necklace,Default Title,NK904,2200.0,Restock,3,1,4,https://www.kanshijewels.com/products/diamond-motives-emerald-swaroski-dulhan-necklace?variant=gid://shopify/ProductVariant/53368817615148
2026-08-24 21:51:30,Dulhan kundan peacock motives pearls necklace chokar,Default Title,NK905,5500.0,Restock,9,1,10,https://www.kanshijewels.com/products/dulhan-kundan-peacock-motives-pearls-necklace-chokar?variant=gid://shopify/ProductVariant/53368826528044
2026-08-24 21:51:30,Dulhan mossanite mango chokar,Default Title,NK906,1450.0,Restock,9,1,10,https://www.kanshijewels.com/products/dulhan-mossanite-mango-chokar?variant=gid://shopify/ProductVariant/53368833081644
2026-08-24 21:51:30,Elegant blue mossanite necklace,Default Title,,4400.0,Restock,9,1,10,https://www.kanshijewels.com/products/elegant-blue-mossanite-necklace?variant=gid://shopify/ProductVariant/53368839962924
2026-08-24 21:51:30,Elegant dulhan jadau kundan ball necklace,Default Title,NK908,11500.0,Restock,9,1,10,https://www.kanshijewels.com/products/elegant-dulhan-jadau-kundan-ball-necklace?variant=gid://shopify/ProductVariant/53368852906284
2026-08-24 21:51:30,Elegant kundan work swaroski pearls necklace,Default Title,NK909,1990.0,Restock,3,1,4,https://www.kanshijewels.com/products/elegant-kundan-work-swaroski-pearls-necklace?variant=gid://shopify/ProductVariant/53368863424812
2026-08-24 21:51:30,Elegant minimal gold chain with pendant,Default Title,NK910,850.0,Restock,5,1,6,https://www.kanshijewels.com/products/elegant-minimal-gold-chain-with-pendant?variant=gid://shopify/ProductVariant/53368913658156
2026-08-24 21:51:30,Elegant multi fusion chokar,Default Title,NK911,4000.0,Restock,8,1,9,https://www.kanshijewels.com/products/elegant-multi-fusion-chokar?variant=gid://shopify/ProductVariant/53368919884076
2026-08-24 21:51:30,Elegant sheek jadau necklace and earring set,Default Title,NK913,1699.0,Restock,3,1,4,https://www.kanshijewels.com/products/elegant-sheek-jadau-necklace-and-earring-set?variant=gid://shopify/ProductVariant/53368929255724
2026-08-24 21:51:30,Exquisite jadau fusion mango necklace,Default Title,NK914,3990.0,Restock,7,1,8,https://www.kanshijewels.com/products/exquisite-jadau-fusion-mango-necklace?variant=gid://shopify/ProductVariant/53368936956204
2026-08-24 21:51:30,Most elegant swaroski emerald kundan fusion necklace,Default Title,NK915,2310.0,Restock,9,1,10,https://www.kanshijewels.com/products/most-elegant-swaroski-emerald-kundan-fusion-necklace?variant=gid://shopify/ProductVariant/53368938987820
2026-08-24 21:51:30,Navratan polki fusion set with earrings,Default Title,NK916,2100.0,Restock,9,1,10,https://www.kanshijewels.com/products/navratan-polki-fusion-set-with-earrings?variant=gid://shopify/ProductVariant/53368943575340
2026-08-24 21:51:30,Polki pendant elegant ruby rani necklace,Default Title,NK917,1450.0,Restock,9,1,10,https://www.kanshijewels.com/products/polki-pendant-elegant-ruby-rani-necklace?variant=gid://shopify/ProductVariant/53368949932332
2026-08-24 21:51:30,Precious swaroski kundan work fusion mala,Default Title,NK918,1550.0,Restock,4,1,5,https://www.kanshijewels.com/products/precious-swaroski-kundan-work-fusion-mala?variant=gid://shopify/ProductVariant/53368954454316
2026-08-24 21:51:30,classic gold jadau jhumkas,Default Title,ER522,2100.0,Restock,8,1,9,https://www.kanshijewels.com/products/classic-gold-jadau-jhumkas?variant=gid://shopify/ProductVariant/53368993972524
2026-08-24 21:51:30,Designer chandbali earrings,Default Title,ER523,3550.0,Restock,9,1,10,https://www.kanshijewels.com/products/designer-chandbali-earrings?variant=gid://shopify/ProductVariant/53369007210796
2026-08-24 21:51:30,Designer jadau nakashi fusion statement earrings,Default Title,ER524,1499.0,Restock,6,1,7,https://www.kanshijewels.com/products/designer-jadau-nakashi-fusion-statement-earrings?variant=gid://shopify/ProductVariant/53369012650284
2026-08-24 21:51:30,Elegant diamond look earrings,Default Title,ER525,759.0,Restock,5,1,6,https://www.kanshijewels.com/products/elegant-diamond-look-earrings?variant=gid://shopify/ProductVariant/53369017139500
2026-08-24 21:51:30,Elegant jadau dulhan jhumkas,Default Title,ER526,2600.0,Restock,2,1,3,https://www.kanshijewels.com/products/elegant-jadau-dulhan-jhumkas?variant=gid://shopify/ProductVariant/53369020023084
2026-08-24 21:51:30,Elegant mossanite dulhan chandbali,Default Title,ER527,1890.0,Restock,9,1,10,https://www.kanshijewels.com/products/elegant-mossanite-dulhan-chandbali?variant=gid://shopify/ProductVariant/53369027428652
2026-08-24 21:51:30,Exclusive dulhan rani jhumkas,Default Title,ER528,3500.0,Restock,8,1,9,https://www.kanshijewels.com/products/exclusive-dulhan-rani-jhumkas?variant=gid://shopify/ProductVariant/53369031131436
2026-08-24 21:51:30,Exquisite polki statement earrings,Default Title,ER529,1900.0,Restock,7,1,8,https://www.kanshijewels.com/products/exquisite-polki-statement-earrings?variant=gid://shopify/ProductVariant/53369035063596
2026-08-24 21:51:30,Gold look jadau jhumkas,Default Title,ER530,2400.0,Restock,7,1,8,https://www.kanshijewels.com/products/gold-look-jadau-jhumkas?variant=gid://shopify/ProductVariant/53369039618348
2026-08-24 21:51:30,Gold look dulhan jadau jhumkas,Default Title,ER531,4500.0,Restock,9,1,10,https://www.kanshijewels.com/products/gold-look-dulhan-jadau-jhumkas?variant=gid://shopify/ProductVariant/53369043353900
2026-08-24 21:51:30,Statement emerald diamond elegant earrings,Default Title,ER532,1490.0,Restock,7,1,8,https://www.kanshijewels.com/products/statement-emerald-diamond-elegant-earrings-1?variant=gid://shopify/ProductVariant/53369048957228
2026-08-24 21:51:30,Designer mossanite diamond with nakashi dulhan necklace,Default Title,NK919,5400.0,Restock,9,1,10,https://www.kanshijewels.com/products/designer-mossanite-diamond-with-nakashi-dulhan-necklace?variant=gid://shopify/ProductVariant/53369060622636
2026-08-24 21:51:30,Dulhan gold look nakashi jadau necklace,Default Title,NK920,5500.0,Restock,9,1,10,https://www.kanshijewels.com/products/dulhan-gold-look-nakashi-jadau-necklace?variant=gid://shopify/ProductVariant/53369070944556
2026-08-24 21:51:30,Dulhan jadau rani haram,Default Title,NK921,11400.0,Restock,9,1,10,https://www.kanshijewels.com/products/dulhan-jadau-rani-haram?variant=gid://shopify/ProductVariant/53369075368236
2026-08-24 21:51:30,Dulhan rani haram,Default Title,NK922,6900.0,Restock,9,1,10,https://www.kanshijewels.com/products/dulhan-rani-haram?variant=gid://shopify/ProductVariant/53369086738732
2026-08-24 21:51:30,Gold look dulhan rani necklace,Default Title,NK923,8250.0,Restock,8,1,9,https://www.kanshijewels.com/products/gold-look-dulhan-rani-necklace?variant=gid://shopify/ProductVariant/53369089786156
2026-08-24 21:51:30,Jadau chand necklace,Default Title,NK924,9500.0,Restock,9,1,10,https://www.kanshijewels.com/products/jadau-chand-necklace?variant=gid://shopify/ProductVariant/53369094799660
2026-08-24 21:51:30,Elegant pearls rani studs,Default Title,ER533,1600.0,Restock,7,1,8,https://www.kanshijewels.com/products/elegant-pearls-rani-studs?variant=gid://shopify/ProductVariant/53369126093100
2026-08-24 21:51:30,Classic jadau multipurpose ganda berunda eagle pendant,Default Title,NK925,3300.0,Restock,9,1,10,https://www.kanshijewels.com/products/classic-jadau-multipurpose-ganda-berunda-eagle-pendant?variant=gid://shopify/ProductVariant/53372140618028
2026-08-24 21:51:30,Elegant navratan multipurpose jadau mossanite polki fusion pendant,Default Title,NK926,1890.0,Restock,9,1,10,https://www.kanshijewels.com/products/elegant-navratan-multipurpose-jadau-mossanite-polki-fusion-pendant?variant=gid://shopify/ProductVariant/53372174041388
2026-08-24 21:51:30,Exclusive eagle gandaberunda multipurpose jadau kundan pendant,Default Title,NK927,2650.0,Restock,9,1,10,https://www.kanshijewels.com/products/exclusive-eagle-gandaberunda-multipurpose-jadau-kundan-pendant?variant=gid://shopify/ProductVariant/53372200943916
2026-08-24 21:51:30,jadau dulhan hair accessory,Default Title,AC153,2990.0,Restock,16,1,17,https://www.kanshijewels.com/products/jadau-dulhan-hair-accessory?variant=gid://shopify/ProductVariant/53407818383660
2026-08-24 21:51:30,Bridal hair accessory in jadau,Default Title,AC154,4080.0,Restock,19,1,20,https://www.kanshijewels.com/products/bridal-hair-accessory-in-jadau?variant=gid://shopify/ProductVariant/53418018308396
2026-08-24 21:51:30,Western yet traditional jadau bracelet,Default Title,AC155,1550.0,Restock,18,1,19,https://www.kanshijewels.com/products/western-yet-traditional-jadau-bracelet?variant=gid://shopify/ProductVariant/53418021191980
2026-08-24 21:51:30,Western yet traditional jadau motive bracelet,Default Title,AC156,1550.0,Restock,19,1,20,https://www.kanshijewels.com/products/western-yet-traditional-jadau-motive-bracelet?variant=gid://shopify/ProductVariant/53418022568236
2026-08-24 21:51:30,lotus jadau  motives invisible chain,Default Title,NK928,590.0,Restock,17,1,18,https://www.kanshijewels.com/products/lotus-jadau-motives-invisible-chsin?variant=gid://shopify/ProductVariant/53418027286828
2026-08-24 21:51:30,gold look peacock motives buttu necklace,Default Title,NK929,1700.0,Restock,9,1,10,https://www.kanshijewels.com/products/gold-look-peacock-motives-buttu-necklace?variant=gid://shopify/ProductVariant/53418683334956
2026-08-24 21:51:30,diamond look CZ necklace earrings set,Default Title,NK930,999.0,Restock,18,1,19,https://www.kanshijewels.com/products/diamond-look-cz-necklace-earrings-set?variant=gid://shopify/ProductVariant/53420200460588
2026-08-24 21:51:30,elegant jadau bridesmaids chokar,Default Title,NK931,1450.0,Restock,14,1,15,https://www.kanshijewels.com/products/elegant-jadau-bridesmaids-chokar?variant=gid://shopify/ProductVariant/53420202950956
2026-08-24 21:51:30,elegant jadau pearls fusion necklace earrings set_,Default Title,NK932,1450.0,Restock,19,1,20,https://www.kanshijewels.com/products/jadau-bridal-necklace?variant=gid://shopify/ProductVariant/53420204491052
2026-08-24 21:51:30,Classic peacock motive jadau chokar_,Default Title,NK933,1890.0,Restock,15,1,16,https://www.kanshijewels.com/products/classic-peacock-motive-jadau-chokar_?variant=gid://shopify/ProductVariant/53420215927084
2026-08-24 21:51:30,elegant flower jadau dulhan chain,Default Title,NK934,3600.0,Restock,19,1,20,https://www.kanshijewels.com/products/elegant-flower-jadau-dulhan-chain?variant=gid://shopify/ProductVariant/53420222382380
2026-08-24 21:51:30,reversible classic dulhan eagle pendant necklace,Default Title,NK935,4400.0,Restock,19,1,20,https://www.kanshijewels.com/products/reversible-classic-dulhan-eagle-pendant-necklace?variant=gid://shopify/ProductVariant/53420225397036
2026-08-24 21:51:30,jadau elegant necklace_,Default Title,NK936,6800.0,Restock,19,1,20,https://www.kanshijewels.com/products/jadau-elegant-necklace_?variant=gid://shopify/ProductVariant/53420226609452
2026-08-24 21:51:30,classic dulhan mossanite necklace,Default Title,NK937,8800.0,Restock,19,1,20,https://www.kanshijewels.com/products/classic-dulhan-mossanite-necklace?variant=gid://shopify/ProductVariant/53420229099820
2026-08-24 21:51:30,Blue cutting necklace,Default Title,NK938,1990.0,Restock,19,1,20,https://www.kanshijewels.com/products/blue-cutting-necklace?variant=gid://shopify/ProductVariant/53420234080556
2026-08-24 21:51:30,Classic dulhan jadau fusion chokar,Default Title,NK939,5239.0,Restock,18,1,19,https://www.kanshijewels.com/products/classic-dulhan-jadau-fusion-chokar?variant=gid://shopify/ProductVariant/53420236079404
2026-08-24 21:51:30,Classic dulhan mossanite necklace earrings set,Default Title,NK940,12500.0,Restock,18,1,19,https://www.kanshijewels.com/products/classic-dulhan-mossanite-necklace-earrings-set?variant=gid://shopify/ProductVariant/53420241944876
2026-08-24 21:51:30,Classic emerald diamond motives necklace,Default Title,NK941,2200.0,Restock,18,1,19,https://www.kanshijewels.com/products/classic-emerald-diamond-motives-necklace?variant=gid://shopify/ProductVariant/53420246466860
2026-08-24 21:51:30,Dulhan jadau rani haram,Default Title,NK942,5400.0,Restock,19,1,20,https://www.kanshijewels.com/products/dulhan-jadau-rani-haram-1?variant=gid://shopify/ProductVariant/53420249612588
2026-08-24 21:51:30,Dulhan pearls chokar necklace,Default Title,NK943,2300.0,Restock,18,1,19,https://www.kanshijewels.com/products/dulhan-pearls-chokar-necklace?variant=gid://shopify/ProductVariant/53420255052076
2026-08-24 21:51:30,Elegant blue cutting with pearls sleek chain necklace,Default Title,NK944,930.0,Restock,19,1,20,https://www.kanshijewels.com/products/elegant-blue-cutting-with-pearls-sleek-chain-necklace-1?variant=gid://shopify/ProductVariant/53420261409068
2026-08-24 21:51:30,Elegant jadau pendant and chain,Default Title,NK945,2200.0,Restock,19,1,20,https://www.kanshijewels.com/products/elegant-jadau-pendant-and-chain?variant=gid://shopify/ProductVariant/53420263571756
2026-08-24 21:51:30,Elegant jadau pendant with rice pearls chain,Default Title,NK946,1690.0,Restock,16,1,17,https://www.kanshijewels.com/products/elegant-jadau-pendant-with-rice-pearls-chain?variant=gid://shopify/ProductVariant/53420265996588
2026-08-24 21:51:30,Ganda berunda pendant with matar mala,Default Title,NK947,3990.0,Restock,18,1,19,https://www.kanshijewels.com/products/ganda-berunda-pendant-with-matar-mala?variant=gid://shopify/ProductVariant/53420268323116
2026-08-24 21:51:30,Jadau bridal necklace,Default Title,NK948,7300.0,Restock,19,1,20,https://www.kanshijewels.com/products/jadau-bridal-necklace-1?variant=gid://shopify/ProductVariant/53420272189740
2026-08-24 21:51:30,Jadau nakashi elegant chokar,Default Title,NK949,2600.0,Restock,19,1,20,https://www.kanshijewels.com/products/jadau-nakashi-elegant-chokar?variant=gid://shopify/ProductVariant/53420272943404
2026-08-24 21:51:30,Lotus motives dulhan jadau necklace earrings set,Default Title,NK950,4500.0,Restock,18,1,19,https://www.kanshijewels.com/products/lotus-motives-dulhan-jadau-necklace-earrings-set?variant=gid://shopify/ProductVariant/53420276613420
2026-08-24 21:51:30,Mossanite jadau motives black beads necklace,Default Title,NK951,2100.0,Restock,19,1,20,https://www.kanshijewels.com/products/mossanite-jadau-motives-black-beads-necklace?variant=gid://shopify/ProductVariant/53420280742188
2026-08-24 21:51:30,Most elegant mangalsutra ever,Default Title,NK952,899.0,Restock,18,1,19,https://www.kanshijewels.com/products/most-elegant-mangalsutra-ever?variant=gid://shopify/ProductVariant/53420281594156
2026-08-24 21:51:30,Most trending jadau motives rice pearls emerald fusion jali set,Default Title,NK953,2310.0,Restock,19,1,20,https://www.kanshijewels.com/products/most-trending-jadau-motives-rice-pearls-emerald-fusion-jali-set?variant=gid://shopify/ProductVariant/53420284444972
2026-08-24 21:51:30,Navratan polki pendant with detachable hasli necklace,Default Title,NK954,3200.0,Restock,19,1,20,https://www.kanshijewels.com/products/navratan-polki-pendant-with-detachable-hasli-necklace?variant=gid://shopify/ProductVariant/53420286050604
2026-08-24 21:51:30,Pearls ruby kundan motives fusion chokar necklace,Default Title,NK955,2990.0,Restock,19,1,20,https://www.kanshijewels.com/products/pearls-ruby-kundan-motives-fusion-chokar-necklace?variant=gid://shopify/ProductVariant/53420289884460
2026-08-24 21:51:30,Pumpkin chain necklace with jadau white combination pendant,Default Title,NK956,4500.0,Restock,19,1,20,https://www.kanshijewels.com/products/pumpkin-chain-necklace-with-jadau-white-combination-pendant?variant=gid://shopify/ProductVariant/53420293161260
2026-08-24 21:51:30,Traditional eagle peacock pendant pumpkin chain necklace,Default Title,NK957,4400.0,Restock,19,1,20,https://www.kanshijewels.com/products/traditional-eagle-peacock-pendant-pumpkin-chain-necklace?variant=gid://shopify/ProductVariant/53420295881004
2026-08-24 21:51:30,Elegant jadau emerald white jhumkis,Default Title,ER535,1450.0,Restock,16,1,17,https://www.kanshijewels.com/products/elegant-jadau-emerald-white-jhumkis?variant=gid://shopify/ProductVariant/53420409356588
2026-08-24 21:51:30,Elegant jadau green pearls studs,Default Title,ER536,1300.0,Restock,17,1,18,https://www.kanshijewels.com/products/elegant-jadau-green-pearls-studs?variant=gid://shopify/ProductVariant/53420412338476
2026-08-24 21:51:30,Exclusive jadau western fusion danglers,Pink,ER538,999.0,Restock,4,1,5,https://www.kanshijewels.com/products/exclusive-jadau-western-fusion-danglers?variant=gid://shopify/ProductVariant/53420803096876
2026-08-24 21:51:30,Exclusive jadau western fusion danglers,Green,ER537,999.0,Restock,1,1,2,https://www.kanshijewels.com/products/exclusive-jadau-western-fusion-danglers?variant=gid://shopify/ProductVariant/53420803129644
2026-08-24 21:51:30,Lotus motives bridal buttumala,Default Title,NK959,15000.0,Restock,19,1,20,https://www.kanshijewels.com/products/lotus-motives-bridal-buttumala?variant=gid://shopify/ProductVariant/53420673237292
2026-08-24 21:51:30,White combination jadau buttumala,Default Title,NK960,12000.0,Restock,19,1,20,https://www.kanshijewels.com/products/white-combination-jadau-buttumala?variant=gid://shopify/ProductVariant/53420689326380
2026-08-24 21:51:30,Dulhan jadau rani maangtika,Default Title,MT76,1450.0,Restock,11,1,12,https://www.kanshijewels.com/products/dulhan-jadau-rani-maangtika?variant=gid://shopify/ProductVariant/53420765151532
2026-08-24 21:51:30,Dulhan bridal jadau hair choti,Default Title,AC157,5100.0,Restock,19,1,20,https://www.kanshijewels.com/products/dulhan-bridal-jadau-hair-choti?variant=gid://shopify/ProductVariant/53468187001132
2026-08-24 21:51:30,Dulhan rani jadau kundan traditional elegant chokar necklace,Default Title,NK961,5800.0,Restock,19,1,20,https://www.kanshijewels.com/products/dulhan-rani-jadau-kundan-traditional-elegant-chokar-necklace?variant=gid://shopify/ProductVariant/53468191195436
2026-08-25 03:01:53,Classic Jadau Earrings,Default Title,,4599.0,Sold Out,1,1,0,https://www.kanshijewels.com/products/classic-jadau-earrings-28?variant=gid://shopify/ProductVariant/53714561499436
2026-08-25 04:01:58,Elegant kundan work swaroski pearls necklace,Default Title,NK909,1990.0,Sale,1,4,3,https://www.kanshijewels.com/products/elegant-kundan-work-swaroski-pearls-necklace?variant=gid://shopify/ProductVariant/53368863424812
2026-08-25 05:01:54,Elegant jadau green pearls studs,Default Title,ER536,1300.0,Sale,1,18,17,https://www.kanshijewels.com/products/elegant-jadau-green-pearls-studs?variant=gid://shopify/ProductVariant/53420412338476
2026-08-25 09:01:56,Classic Jadau Earrings,Default Title,,2499.0,Sold Out,1,1,0,https://www.kanshijewels.com/products/classic-jadau-earrings-21?variant=gid://shopify/ProductVariant/53714499240236
2026-08-25 11:00:00,Exclusive jadau western fusion danglers,Pink,ER538,999.0,Sale,1,5,4,https://www.kanshijewels.com/products/exclusive-jadau-western-fusion-danglers?variant=gid://shopify/ProductVariant/53420803096876
2026-08-25 13:02:03,Rani Choker,Default Title,NK207,3465.0,Sale,1,3,2,https://www.kanshijewels.com/products/rani-choker-1?variant=gid://shopify/ProductVariant/50702760575276
2026-08-25 13:02:03,Jadau Earrings,Default Title,ER27,1520.0,Sold Out,1,1,0,https://www.kanshijewels.com/products/jadau-earrings-6?variant=gid://shopify/ProductVariant/52737246265644
2026-08-25 17:02:12,Jadau ear cuffs,Default Title,AC70,619.5,Sale,1,4,3,https://www.kanshijewels.com/products/jadau-ear-cuffs-3?variant=gid://shopify/ProductVariant/51119137521964
2026-08-25 19:02:02,Reversible gandaberunda pendant and mala dulhan set,Default Title,NK890,6990.0,Sale,1,10,9,https://www.kanshijewels.com/products/reversible-gandaberunda-pendant-and-mala-dulhan-set?variant=gid://shopify/ProductVariant/53255980712236
2026-08-26 02:01:52,Elegant jadau pendant with rice pearls chain,Default Title,NK946,1690.0,Sale,1,17,16,https://www.kanshijewels.com/products/elegant-jadau-pendant-with-rice-pearls-chain?variant=gid://shopify/ProductVariant/53420265996588
2026-08-26 02:18:52,Elegant Polki fusion set,Default Title,NK912,2450.0,Sold Out,1,1,0,https://www.kanshijewels.com/products/elegant-polki-fusion-set?variant=gid://shopify/ProductVariant/53368925651244
2026-08-26 03:31:35,Jadau Kundan Stud Earrings,Default Title,ER271,1039.5,Sale,1,5,4,https://www.kanshijewels.com/products/jadau-kundan-stud-earrings-54?variant=gid://shopify/ProductVariant/49513761407276
2026-08-26 03:31:35,Jadau necklace,Default Title,NK37,1750.0,Sale,1,8,7,https://www.kanshijewels.com/products/jadau-necklace-9?variant=gid://shopify/ProductVariant/52445251830060
2026-08-26 05:57:33,Pearls bracelets,Default Title,AC38,313.95,Sale,1,4,3,https://www.kanshijewels.com/products/mossanite-92-5-pure-silver-nose-pin-copy?variant=gid://shopify/ProductVariant/52018498044204
2026-08-26 13:02:01,Jadau Kundan Stud Earrings,Default Title,ER269,1785.0,Sale,1,2,1,https://www.kanshijewels.com/products/jadau-kundan-stud-earrings-56?variant=gid://shopify/ProductVariant/49513762423084
2026-08-26 13:02:01,Nakashi mini choker,Default Title,NK349,1890.0,Sale,1,3,2,https://www.kanshijewels.com/products/nakashi-mini-choker?variant=gid://shopify/ProductVariant/50321577771308
2026-08-26 13:33:07,Jadau Kundan Coral Necklace,Default Title,NK363,3675.0,Sold Out,1,1,0,https://www.kanshijewels.com/products/jadau-kundan-coral-necklace?variant=gid://shopify/ProductVariant/50048130482476
2026-08-26 16:02:02,Dulhan jadau rani maangtika,Default Title,MT76,1450.0,Sale,1,12,11,https://www.kanshijewels.com/products/dulhan-jadau-rani-maangtika?variant=gid://shopify/ProductVariant/53420765151532
2026-08-26 22:01:55,Exclusive eagle gandaberunda multipurpose jadau kundan pendant,Default Title,NK927,2650.0,Sale,1,10,9,https://www.kanshijewels.com/products/exclusive-eagle-gandaberunda-multipurpose-jadau-kundan-pendant?variant=gid://shopify/ProductVariant/53372200943916
2026-08-27 06:01:52,Exclusive jadau western fusion danglers,Pink,ER538,999.0,Sale,1,4,3,https://www.kanshijewels.com/products/exclusive-jadau-western-fusion-danglers?variant=gid://shopify/ProductVariant/53420803096876
2026-08-27 09:01:58,Jadau Kundan Stud Earrings,Default Title,ER281,1039.5,Sale,1,8,7,https://www.kanshijewels.com/products/jadau-kundan-stud-earrings-50?variant=gid://shopify/ProductVariant/48974915600684
2026-08-27 14:02:07,Jadau Chokar,Default Title,NK30,3100.0,Restock,4,2,6,https://www.kanshijewels.com/products/pink-jadau-kundan-choker?variant=gid://shopify/ProductVariant/52445263954220
2026-08-27 19:02:08,Jadau Hasli,Default Title,NK22,2700.0,Sale,1,9,8,https://www.kanshijewels.com/products/jadau-hasli-necklace?variant=gid://shopify/ProductVariant/52737286144300
2026-08-28 03:02:01,Elegant minimal gold chain with pendant,Default Title,NK910,850.0,Sale,1,6,5,https://www.kanshijewels.com/products/elegant-minimal-gold-chain-with-pendant?variant=gid://shopify/ProductVariant/53368913658156
2026-08-28 04:01:57,Jadau Kundan Choker,Default Title,NK387,5239.5,Sale,1,7,6,https://www.kanshijewels.com/products/jadau-kundan-chokar-37?variant=gid://shopify/ProductVariant/50047807291692
2026-08-28 04:01:57,Mossanite 92.5 Pure Nose Pin,Default Title,NP05,2600.0,Sale,1,8,7,https://www.kanshijewels.com/products/nose-pin?variant=gid://shopify/ProductVariant/51803428323628
2026-08-28 04:01:57,Jadau gandaberunda pendant,Default Title,NK01,3600.0,Sale,1,9,8,https://www.kanshijewels.com/products/jadau-gandaberunda-pendant?variant=gid://shopify/ProductVariant/53180547465516
2026-08-28 05:01:56,Nakashi mini choker,Default Title,NK349,1890.0,Sale,1,2,1,https://www.kanshijewels.com/products/nakashi-mini-choker?variant=gid://shopify/ProductVariant/50321577771308
2026-08-28 08:01:55,Jadau Kundan Stud Earrings,Default Title,ER373,1890.0,Sale,1,3,2,https://www.kanshijewels.com/products/jadau-kundan-stud-earrings-38?variant=gid://shopify/ProductVariant/47162033766700
2026-08-28 08:01:55,Jadau Kundan Choker,Default Title,NK455,3885.0,Sale,1,2,1,https://www.kanshijewels.com/products/jadau-kundan-choker-necklace-set?variant=gid://shopify/ProductVariant/48667721236780
2026-08-28 09:01:58,Precious swaroski kundan work fusion mala,Default Title,NK918,1550.0,Sale,1,5,4,https://www.kanshijewels.com/products/precious-swaroski-kundan-work-fusion-mala?variant=gid://shopify/ProductVariant/53368954454316
2026-08-28 12:02:03,Jadau Kundan Stud Earrings,Default Title,ER281,1039.5,Sale,1,7,6,https://www.kanshijewels.com/products/jadau-kundan-stud-earrings-50?variant=gid://shopify/ProductVariant/48974915600684
2026-08-28 12:02:03,Multi mossanite necklace,Default Title,NK15,1755.0,Sale,1,6,5,https://www.kanshijewels.com/products/multi-layer-kundan-beads-necklace-with-locket?variant=gid://shopify/ProductVariant/53174043377964
2026-08-28 14:01:59,Classic Jadau Earrings,Default Title,,3599.0,Sold Out,1,1,0,https://www.kanshijewels.com/products/classic-jadau-earrings-24?variant=gid://shopify/ProductVariant/53714527289644
2026-08-28 14:01:59,Classic Jadau Earrings,Default Title,,4099.0,Sold Out,1,1,0,https://www.kanshijewels.com/products/classic-jadau-earrings-25?variant=gid://shopify/ProductVariant/53714530828588
2026-08-28 15:01:54,Jadau Kundan Stud Earrings,Default Title,ER271,1039.5,Sale,1,4,3,https://www.kanshijewels.com/products/jadau-kundan-stud-earrings-54?variant=gid://shopify/ProductVariant/49513761407276
2026-08-28 15:01:54,Jadau Necklace,Default Title,NK146,2100.0,Sale,1,8,7,https://www.kanshijewels.com/products/jadau-necklace-5?variant=gid://shopify/ProductVariant/51119705325868
2026-08-28 16:01:59,Pearl Necklace,Default Title,NK787,1680.0,Sale,1,9,8,https://www.kanshijewels.com/products/pearl-necklace-9?variant=gid://shopify/ProductVariant/45448715600172
2026-08-29 02:01:47,Jadau Necklace,Default Title,NK146,2100.0,Sale,1,7,6,https://www.kanshijewels.com/products/jadau-necklace-5?variant=gid://shopify/ProductVariant/51119705325868
2026-08-29 10:01:49,Jadau Kundan Earrings,Default Title,ER310,892.5,Sale,1,5,4,https://www.kanshijewels.com/products/jadau-kundan-earrings-135?variant=gid://shopify/ProductVariant/48243327435052
2026-08-29 10:01:49,Jadau gandaberunda pendant,Default Title,NK01,3600.0,Sale,1,8,7,https://www.kanshijewels.com/products/jadau-gandaberunda-pendant?variant=gid://shopify/ProductVariant/53180547465516
2026-08-29 11:01:49,Jadau Kundan Earrings,Default Title,ER335,1470.0,Sale,1,6,5,https://www.kanshijewels.com/products/jadau-kundan-earrings-113?variant=gid://shopify/ProductVariant/47582791041324
2026-08-29 12:01:49,Jadau Necklace,Default Title,NK146,2100.0,Sale,1,6,5,https://www.kanshijewels.com/products/jadau-necklace-5?variant=gid://shopify/ProductVariant/51119705325868
2026-08-29 14:01:56,Multipurpose Chain,Default Title,NK197,546.0,Sale,1,2,1,https://www.kanshijewels.com/products/multipurpose-chain?variant=gid://shopify/ProductVariant/50702819459372
2026-08-29 15:41:45,Jadau Necklace,Default Title,NK146,2100.0,Sale,1,5,4,https://www.kanshijewels.com/products/jadau-necklace-5?variant=gid://shopify/ProductVariant/51119705325868
2026-08-29 17:01:53,Classic Jadau Earrings,Default Title,,1799.0,Sold Out,1,1,0,https://www.kanshijewels.com/products/classic-jadau-earrings-4?variant=gid://shopify/ProductVariant/53714344575276
2026-08-29 17:01:53,Classic Jadau Earrings,Default Title,,1799.0,Sold Out,1,1,0,https://www.kanshijewels.com/products/classic-jadau-earrings-22?variant=gid://shopify/ProductVariant/53714503434540
2026-08-29 20:01:49,Real Pearls Maatil,Default Title,AC75,787.5,Sale,1,8,7,https://www.kanshijewels.com/products/real-pearls-maatil?variant=gid://shopify/ProductVariant/50955131945260
2026-08-29 20:01:49,Exclusive eagle gandaberunda multipurpose jadau kundan pendant,Default Title,NK927,2650.0,Sale,1,9,8,https://www.kanshijewels.com/products/exclusive-eagle-gandaberunda-multipurpose-jadau-kundan-pendant?variant=gid://shopify/ProductVariant/53372200943916
2026-08-29 20:01:49,Mossanite earrings,Default Title,ER98,1650.0,Sold Out,1,1,0,https://www.kanshijewels.com/products/mossanite-earrings-3?variant=gid://shopify/ProductVariant/52445369008428
2026-08-30 06:01:51,Jadau Chain Necklace with earrings,Default Title,ER173,3360.0,Sale,1,4,3,https://www.kanshijewels.com/products/jadau-chain-necklace?variant=gid://shopify/ProductVariant/51119233794348
2026-08-30 07:01:50,Jadau Kundan Stud Earrings,Default Title,ER281,1039.5,Sale,1,6,5,https://www.kanshijewels.com/products/jadau-kundan-stud-earrings-50?variant=gid://shopify/ProductVariant/48974915600684
2026-08-30 11:01:52,Jadau Necklace,Default Title,NK146,2100.0,Sale,1,4,3,https://www.kanshijewels.com/products/jadau-necklace-5?variant=gid://shopify/ProductVariant/51119705325868
2026-08-30 13:01:52,Jadau Kundan Choker,Default Title,NK455,3885.0,Sold Out,1,1,0,https://www.kanshijewels.com/products/jadau-kundan-choker-necklace-set?variant=gid://shopify/ProductVariant/48667721236780
2026-08-30 13:52:47,Rani Choker,Default Title,NK207,3465.0,Sale,1,2,1,https://www.kanshijewels.com/products/rani-choker-1?variant=gid://shopify/ProductVariant/50702760575276
2026-08-30 13:52:47,Jadau Necklace,Default Title,NK146,2100.0,Sale,1,3,2,https://www.kanshijewels.com/products/jadau-necklace-5?variant=gid://shopify/ProductVariant/51119705325868
2026-08-30 13:52:47,elegant flower jadau dulhan chain,Default Title,NK934,3200.0,Sale,1,20,19,https://www.kanshijewels.com/products/elegant-flower-jadau-dulhan-chain?variant=gid://shopify/ProductVariant/53420222382380
2026-08-30 13:52:47,Jadau studs,Default Title,ER114,1600.0,Sold Out,1,1,0,https://www.kanshijewels.com/products/mossanite-studs-4?variant=gid://shopify/ProductVariant/52445342564652
2026-08-30 15:01:56,Jadau Necklace,Default Title,NK146,2100.0,Sale,1,2,1,https://www.kanshijewels.com/products/jadau-necklace-5?variant=gid://shopify/ProductVariant/51119705325868
2026-08-30 17:50:35,Jadau jhumkas,Default Title,ER109,1550.0,Sale,1,6,5,https://www.kanshijewels.com/products/jadau-jhumkas-5?variant=gid://shopify/ProductVariant/52445348954412
2026-08-30 17:50:35,Nakashi mini choker,Default Title,NK349,1890.0,Sold Out,1,1,0,https://www.kanshijewels.com/products/nakashi-mini-choker?variant=gid://shopify/ProductVariant/50321577771308
2026-08-31 03:02:00,Jadau pearl choker,Default Title,NK345,1890.0,Sale,1,6,5,https://www.kanshijewels.com/products/jadau-pearl-choker-2?variant=gid://shopify/ProductVariant/50321585078572
2026-08-31 03:02:00,Statement emerald diamond elegant earrings,Default Title,ER532,1490.0,Sale,1,8,7,https://www.kanshijewels.com/products/statement-emerald-diamond-elegant-earrings-1?variant=gid://shopify/ProductVariant/53369048957228
2026-08-31 05:01:55,elegant jadau bridesmaids chokar,Default Title,NK931,1450.0,Sale,1,15,14,https://www.kanshijewels.com/products/elegant-jadau-bridesmaids-chokar?variant=gid://shopify/ProductVariant/53420202950956
2026-08-31 06:01:53,Jadau Kundan Earrings,Default Title,ER315,3360.0,Sale,1,3,2,https://www.kanshijewels.com/products/jadau-kundan-earrings-130?variant=gid://shopify/ProductVariant/48242853511468
2026-08-31 06:01:53,Classic Jadau Earrings,Default Title,,2299.0,Sold Out,1,1,0,https://www.kanshijewels.com/products/classic-jadau-earrings-15?variant=gid://shopify/ProductVariant/53714465587500
2026-08-31 06:01:53,Classic Jadau Earrings,Default Title,,2299.0,Sold Out,1,1,0,https://www.kanshijewels.com/products/classic-jadau-earrings-23?variant=gid://shopify/ProductVariant/53714523455788
2026-08-31 09:01:54,Elegant sheek jadau necklace and earring set,Default Title,NK913,1699.0,Sale,1,4,3,https://www.kanshijewels.com/products/elegant-sheek-jadau-necklace-and-earring-set?variant=gid://shopify/ProductVariant/53368929255724
2026-08-31 09:01:54,Elegant jadau pendant with rice pearls chain,Default Title,NK946,1690.0,Sale,1,16,15,https://www.kanshijewels.com/products/elegant-jadau-pendant-with-rice-pearls-chain?variant=gid://shopify/ProductVariant/53420265996588
2026-09-01 06:01:58,Jadau Pendant haram,Default Title,NK133,3675.0,Sale,1,4,3,https://www.kanshijewels.com/products/jadau-pendant-haram?variant=gid://shopify/ProductVariant/51119735800108
2026-09-01 07:01:57,Jadau Kundan Necklace,Default Title,NK388,4095.0,Sale,1,5,4,https://www.kanshijewels.com/products/jadau-kundan-necklace-189?variant=gid://shopify/ProductVariant/50047804801324
2026-09-01 08:01:54,Jadau pearl choker,Default Title,NK345,1890.0,Sale,1,5,4,https://www.kanshijewels.com/products/jadau-pearl-choker-2?variant=gid://shopify/ProductVariant/50321585078572
2026-09-01 10:01:56,Jadau Kundan Stud Earrings,Default Title,ER281,1039.5,Sale,1,5,4,https://www.kanshijewels.com/products/jadau-kundan-stud-earrings-50?variant=gid://shopify/ProductVariant/48974915600684
2026-09-01 10:01:56,Jadau Maatil,Default Title,AC06,2360.0,Restock,1,5,6,https://www.kanshijewels.com/products/jadau-maatil?variant=gid://shopify/ProductVariant/52737325662508
2026-09-01 11:01:54,Jadau accessories,Default Title,AC114,1575.0,Sale,1,5,4,https://www.kanshijewels.com/products/jadau-accessories?variant=gid://shopify/ProductVariant/47162070958380
2026-09-01 12:02:08,Jadau pendant,Default Title,NK56,1250.0,Sale,1,6,5,https://www.kanshijewels.com/products/jadau-pendant-3?variant=gid://shopify/ProductVariant/52441954353452
2026-09-01 13:01:58,Mangalsutra,Default Title,AC146,1155.0,Restock,9,0,9,https://www.kanshijewels.com/products/mangalsutra-3?variant=gid://shopify/ProductVariant/45448716943660
2026-09-01 13:01:58,Jadau Kundan Stud Earrings,Default Title,ER403,441.0,Restock,10,0,10,https://www.kanshijewels.com/products/jadau-kundan-stud-earrings-8?variant=gid://shopify/ProductVariant/46472651211052
2026-09-01 13:01:58,Jadau Kundan Choker,Default Title,NK455,3885.0,Restock,9,0,9,https://www.kanshijewels.com/products/jadau-kundan-choker-necklace-set?variant=gid://shopify/ProductVariant/48667721236780
2026-09-01 13:01:58,Jadau Kundan Necklace,Default Title,NK388,4095.0,Sale,1,4,3,https://www.kanshijewels.com/products/jadau-kundan-necklace-189?variant=gid://shopify/ProductVariant/50047804801324
2026-09-01 13:01:58,Hasli necklace,Default Title,NK376,1995.0,Restock,8,0,8,https://www.kanshijewels.com/products/kundan-hasli-necklace-set?variant=gid://shopify/ProductVariant/50047858671916
2026-09-01 13:01:58,Jadau Kundan Coral Necklace,Default Title,NK363,3675.0,Restock,8,0,8,https://www.kanshijewels.com/products/jadau-kundan-coral-necklace?variant=gid://shopify/ProductVariant/50048130482476
2026-09-01 13:01:58,Nakashi mini choker,Default Title,NK349,1890.0,Restock,9,0,9,https://www.kanshijewels.com/products/nakashi-mini-choker?variant=gid://shopify/ProductVariant/50321577771308
2026-09-01 13:01:58,Chand necklace,Default Title,NK335,3570.0,Restock,1,0,1,https://www.kanshijewels.com/products/chand-necklace?variant=gid://shopify/ProductVariant/50321594188076
2026-09-01 13:01:58,Multi kundan ball double layer necklace,Default Title,NK222,16800.0,Restock,7,0,7,https://www.kanshijewels.com/products/multi-kundan?variant=gid://shopify/ProductVariant/50490330218796
2026-09-01 13:01:58,Jadau Emerald Necklace,Default Title,NK144,3990.0,Sale,1,8,7,https://www.kanshijewels.com/products/jadau-emerald-necklace?variant=gid://shopify/ProductVariant/51119707849004
2026-09-01 13:01:58,Jadau bugadi,Default Title,ER131,920.0,Restock,7,0,7,https://www.kanshijewels.com/products/jadau-bugadi-1?variant=gid://shopify/ProductVariant/52441936232748
2026-09-01 13:01:58,Jadau Chokar,Default Title,AC23,2700.0,Restock,8,0,8,https://www.kanshijewels.com/products/jadau-chokar-8?variant=gid://shopify/ProductVariant/52445265821996
2026-09-01 13:01:58,Jadau Chokar,Default Title,AC22,2700.0,Restock,8,0,8,https://www.kanshijewels.com/products/jadau-chokar-9?variant=gid://shopify/ProductVariant/52445273063724
2026-09-01 13:01:58,Jadau tika,Default Title,MT08,950.0,Restock,8,0,8,https://www.kanshijewels.com/products/jadau-tika?variant=gid://shopify/ProductVariant/52445293740332
2026-09-01 13:01:58,Jadau tika,Default Title,MT06,950.0,Restock,9,0,9,https://www.kanshijewels.com/products/jadau-tika-2?variant=gid://shopify/ProductVariant/52445298426156
2026-09-01 13:01:58,Jadau tika,Default Title,MT02,1200.0,Restock,10,0,10,https://www.kanshijewels.com/products/jadau-tika-6?variant=gid://shopify/ProductVariant/52445307601196
2026-09-01 13:01:58,Jadau studs,Default Title,ER114,1600.0,Restock,7,0,7,https://www.kanshijewels.com/products/mossanite-studs-4?variant=gid://shopify/ProductVariant/52445342564652
2026-09-01 13:01:58,Jadau jhumkas,Default Title,ER113,1800.0,Restock,7,0,7,https://www.kanshijewels.com/products/jadau-jhumkas-3?variant=gid://shopify/ProductVariant/52445344858412
2026-09-01 13:01:58,Mossanite earrings,Default Title,ER98,1650.0,Restock,6,0,6,https://www.kanshijewels.com/products/mossanite-earrings-3?variant=gid://shopify/ProductVariant/52445369008428
2026-09-01 13:01:58,Jadau jhumkas,Default Title,ER81,2300.0,Restock,8,0,8,https://www.kanshijewels.com/products/jadau-earrings-copy-2?variant=gid://shopify/ProductVariant/52445404987692
2026-09-01 13:01:58,Jadau Earcuff Jhumkas,Default Title,ER28,4500.0,Restock,7,0,7,https://www.kanshijewels.com/products/jadau-earcuff-jhumkas-2?variant=gid://shopify/ProductVariant/52737241907500
2026-09-01 13:01:58,Jadau Earrings,Default Title,ER27,1520.0,Restock,6,0,6,https://www.kanshijewels.com/products/jadau-earrings-6?variant=gid://shopify/ProductVariant/52737246265644
2026-09-01 13:01:58,Jadau Earrings,Default Title,ER26,1950.0,Restock,6,0,6,https://www.kanshijewels.com/products/jadau-earrings-7?variant=gid://shopify/ProductVariant/52737249050924
2026-09-01 13:01:58,Jadau Studs,Default Title,ER19,1550.0,Restock,8,0,8,https://www.kanshijewels.com/products/jadau-studs-9?variant=gid://shopify/ProductVariant/52737339851052
2026-09-01 13:01:58,Jadau Tika,Default Title,MT01,1699.0,Restock,8,0,8,https://www.kanshijewels.com/products/jadau-tika-7?variant=gid://shopify/ProductVariant/52737371341100
2026-09-01 13:01:58,Elegant Victorian Emerald,Default Title,ER520,450.0,Restock,9,0,9,https://www.kanshijewels.com/products/elegant-victorian-emerald?variant=gid://shopify/ProductVariant/53331945455916
2026-09-01 13:01:58,Elegant Polki fusion set,Default Title,NK912,2450.0,Restock,10,0,10,https://www.kanshijewels.com/products/elegant-polki-fusion-set?variant=gid://shopify/ProductVariant/53368925651244
2026-09-01 17:01:57,Dulhan jadau rani maangtika,Default Title,MT76,1450.0,Sale,1,11,10,https://www.kanshijewels.com/products/dulhan-jadau-rani-maangtika?variant=gid://shopify/ProductVariant/53420765151532
2026-09-01 20:01:57,Elegant Polki fusion set,Default Title,NK912,2450.0,Sale,1,10,9,https://www.kanshijewels.com/products/elegant-polki-fusion-set?variant=gid://shopify/ProductVariant/53368925651244
2026-09-02 03:02:01,Dulhan jadau rani maangtika,Default Title,MT76,1450.0,Sale,1,10,9,https://www.kanshijewels.com/products/dulhan-jadau-rani-maangtika?variant=gid://shopify/ProductVariant/53420765151532
2026-09-02 09:01:56,Jadau Kundan Coral Necklace,Default Title,NK363,3675.0,Sale,1,8,7,https://www.kanshijewels.com/products/jadau-kundan-coral-necklace?variant=gid://shopify/ProductVariant/50048130482476
2026-09-02 11:01:53,Jadau Handcut Moon Hairpin,Default Title,,1400.0,New Arrival,10,0,10,https://www.kanshijewels.com/products/jadau-handcut-moon-hairpin?variant=gid://shopify/ProductVariant/54005303410988
2026-09-02 11:01:53,Exclusive Two Finger Jadau Adjustable Ring,Default Title,,1350.0,New Arrival,10,0,10,https://www.kanshijewels.com/products/exclusive-two-finger-jadau-adjustable-ring?variant=gid://shopify/ProductVariant/54005308784940
2026-09-02 11:01:53,Classic Jadau Handwork Wrist Watch,Default Title,,1699.0,New Arrival,10,0,10,https://www.kanshijewels.com/products/classic-jadau-handwork-wrist-watch?variant=gid://shopify/ProductVariant/54005312422188
2026-09-02 11:01:53,Classic Jadau Handwork Wrist Watch,Default Title,,1699.0,New Arrival,10,0,10,https://www.kanshijewels.com/products/classic-jadau-handwork-wrist-watch-1?variant=gid://shopify/ProductVariant/54005325857068
2026-09-02 11:01:53,Classic Jadau Handwork Wrist Watch,Default Title,,1699.0,New Arrival,10,0,10,https://www.kanshijewels.com/products/classic-jadau-handwork-wrist-watch-2?variant=gid://shopify/ProductVariant/54005553463596
2026-09-02 11:01:53,Classic Jadau Handwork Wrist Watch,Default Title,,1699.0,New Arrival,10,0,10,https://www.kanshijewels.com/products/classic-jadau-handwork-wrist-watch-3?variant=gid://shopify/ProductVariant/54005556019500
2026-09-02 11:01:53,Heart Emerald Motive Diamond Jadau Fusion Classic Necklace Earring Set,Default Title,,1990.0,New Arrival,10,0,10,https://www.kanshijewels.com/products/heart-emerald-motive-diamond-jadau-fusion-classic-necklace-earring-set?variant=gid://shopify/ProductVariant/54005581873452
2026-09-02 11:01:53,Nakashi Coral Fusion Chain Necklace,Default Title,,2850.0,New Arrival,10,0,10,https://www.kanshijewels.com/products/nakashi-coral-fusion-chain-necklace?variant=gid://shopify/ProductVariant/54005681946924
2026-09-02 11:01:53,Moon Kundan Motives Classic Set,Default Title,,2650.0,New Arrival,10,0,10,https://www.kanshijewels.com/products/moon-kundan-motives-classic-set?variant=gid://shopify/ProductVariant/54005689385260
2026-09-02 11:01:53,Moon Kundan Motives Classic Set,Default Title,,2650.0,New Arrival,10,0,10,https://www.kanshijewels.com/products/moon-kundan-motives-classic-set-1?variant=gid://shopify/ProductVariant/54005697446188
2026-09-02 11:01:53,Elegant Rice Pearls Intricate Kundan Work Coral Accents,Default Title,,2100.0,New Arrival,10,0,10,https://www.kanshijewels.com/products/elegant-rice-pearls-intricate-kundan-work-coral-accents?variant=gid://shopify/ProductVariant/54005724873004
2026-09-02 11:01:53,Handwork Kundan Balls With Swaroski Kundan Fusion Necklace,Default Title,,2550.0,New Arrival,10,0,10,https://www.kanshijewels.com/products/handwork-kundan-balls-with-swaroski-kundan-fusion-necklace?variant=gid://shopify/ProductVariant/54005762457900
2026-09-02 11:01:53,Handcut Jadau Gold Look Emerald Chokar,Default Title,,2799.0,New Arrival,10,0,10,https://www.kanshijewels.com/products/handcut-jadau-gold-look-emerald-chokar?variant=gid://shopify/ProductVariant/54005782479148
2026-09-02 11:01:53,Excuisite Polki Statement Earrings,Default Title,,1900.0,New Arrival,10,0,10,https://www.kanshijewels.com/products/excuisite-polki-statement-earrings?variant=gid://shopify/ProductVariant/54005794210092
2026-09-02 11:01:53,Excuisite Polki Emerald Statement Earrings,Default Title,,1900.0,New Arrival,10,0,10,https://www.kanshijewels.com/products/excuisite-polki-emerald-statement-earrings?variant=gid://shopify/ProductVariant/54005798338860
2026-09-02 12:02:00,Elegant Flower Jadau Kundan Chain,Default Title,,3200.0,New Arrival,10,0,10,https://www.kanshijewels.com/products/elegant-flower-jadau-kundan-chain?variant=gid://shopify/ProductVariant/54005786837292
2026-09-02 12:02:00,Nakashi Gold Balls Mangalsutra,Default Title,,1000.0,New Arrival,10,0,10,https://www.kanshijewels.com/products/nakashi-gold-balls-mangalsutra?variant=gid://shopify/ProductVariant/54005808496940
2026-09-02 12:02:00,Classic Handwork Exclusive Pearls Maangtika,Default Title,,1890.0,New Arrival,10,0,10,https://www.kanshijewels.com/products/classic-handwork-exclusive-pearls-maangtika?variant=gid://shopify/ProductVariant/54005813182764
2026-09-02 12:02:00,lotus jadau  motives invisible chain,Default Title,NK928,590.0,Sold Out,18,18,0,https://www.kanshijewels.com/products/lotus-jadau-motives-invisible-chsin?variant=gid://shopify/ProductVariant/53418027286828
2026-09-02 13:02:03,Jadau Kundan Studs,Default Title,ER232,1680.0,Sale,1,6,5,https://www.kanshijewels.com/products/jadau-kundan-studs-4?variant=gid://shopify/ProductVariant/50048197787948
2026-09-02 13:02:03,Rani Jadau Kundan Necklace Haram,Default Title,,7650.0,Restock,10,0,10,https://www.kanshijewels.com/products/rani-jadau-kundan-necklace-haram?variant=gid://shopify/ProductVariant/54005903065388
2026-09-02 13:02:03,Rani Panchlada Kundan Pearls Haram,Default Title,,8200.0,Restock,10,0,10,https://www.kanshijewels.com/products/rani-panchlada-kundan-pearls-haram-8200?variant=gid://shopify/ProductVariant/54005915124012
2026-09-02 13:02:03,Exclusive Jadau Western Fusion Danglers,Pink,,999.0,New Arrival,10,0,10,https://www.kanshijewels.com/products/exclusive-jadau-western-fusion-danglers-999?variant=gid://shopify/ProductVariant/54006146072876
2026-09-02 13:02:03,Exclusive Jadau Western Fusion Danglers,White,,999.0,New Arrival,10,0,10,https://www.kanshijewels.com/products/exclusive-jadau-western-fusion-danglers-999?variant=gid://shopify/ProductVariant/54006146105644
2026-09-02 13:02:03,Exclusive Jadau Western Fusion Danglers,Green,,999.0,New Arrival,10,0,10,https://www.kanshijewels.com/products/exclusive-jadau-western-fusion-danglers-999?variant=gid://shopify/ProductVariant/54006146138412
2026-09-02 13:02:03,Exclusive Jadau Western Fusion Danglers,Blue,,999.0,New Arrival,10,0,10,https://www.kanshijewels.com/products/exclusive-jadau-western-fusion-danglers-999?variant=gid://shopify/ProductVariant/54006146171180
2026-09-02 13:57:30,Jadau Kundan Choker,Default Title,NK491,2310.0,Sale,1,8,7,https://www.kanshijewels.com/products/jadau-kundan-chokar-26?variant=gid://shopify/ProductVariant/48242842632492
2026-09-02 13:57:30,Jadau ear cuffs,Default Title,AC72,892.5,Sale,1,2,1,https://www.kanshijewels.com/products/jadau-ear-cuffs-1?variant=gid://shopify/ProductVariant/51119128117548
2026-09-02 13:57:30,Jadau tika,Default Title,MT07,1300.0,Sale,1,2,1,https://www.kanshijewels.com/products/jadau-tika-1?variant=gid://shopify/ProductVariant/52445296492844
2026-09-02 13:57:30,Elegant jadau dulhan jhumkas,Default Title,ER526,2600.0,Sale,1,3,2,https://www.kanshijewels.com/products/elegant-jadau-dulhan-jhumkas?variant=gid://shopify/ProductVariant/53369020023084
2026-09-02 18:02:00,Jadau Kundan Choker,Default Title,NK491,2310.0,Sale,1,7,6,https://www.kanshijewels.com/products/jadau-kundan-chokar-26?variant=gid://shopify/ProductVariant/48242842632492
2026-09-02 18:02:00,Mango studs,Default Title,ER207,2205.0,Sale,1,6,5,https://www.kanshijewels.com/products/mango-studs?variant=gid://shopify/ProductVariant/50321667785004
2026-09-02 18:02:00,Bugadi,Default Title,ER179,609.0,Sale,1,4,3,https://www.kanshijewels.com/products/bugadi-1?variant=gid://shopify/ProductVariant/50724515152172
2026-09-03 02:02:29,Jadau Kundan Necklace,Default Title,NK366,3990.0,Sold Out,1,1,0,https://www.kanshijewels.com/products/jadau-kundan-necklace-199?variant=gid://shopify/ProductVariant/50048119472428
2026-09-03 03:01:59,Jadau Kundan Earrings,Default Title,ER304,1995.0,Sale,1,2,1,https://www.kanshijewels.com/products/jadau-kundan-earrings-141?variant=gid://shopify/ProductVariant/48243341001004
2026-09-03 03:01:59,Jadau Kundan Choker,Default Title,NK209,2415.0,Sale,1,3,2,https://www.kanshijewels.com/products/jadau-kundan-choker-27?variant=gid://shopify/ProductVariant/50702740783404
2026-09-03 03:01:59,Jadau Kundan Choker,Default Title,NK208,3045.0,Sale,1,2,1,https://www.kanshijewels.com/products/jadau-kundan-choker-28?variant=gid://shopify/ProductVariant/50702748188972
2026-09-03 03:01:59,Jadau Studs,Default Title,ER20,1490.0,Sale,1,7,6,https://www.kanshijewels.com/products/jadau-studs-8?variant=gid://shopify/ProductVariant/52737334018348
2026-09-03 03:01:59,Jadau adjuistable ring,Default Title,RG01,880.0,Sale,1,6,5,https://www.kanshijewels.com/products/jadau-adjuistable-ring?variant=gid://shopify/ProductVariant/53173822521644
2026-09-03 03:01:59,Exclusive Two Finger Jadau Adjustable Ring,Default Title,,1350.0,Sale,1,10,9,https://www.kanshijewels.com/products/exclusive-two-finger-jadau-adjustable-ring?variant=gid://shopify/ProductVariant/54005308784940
2026-09-03 05:01:56,Elegant Victorian Emerald,Default Title,ER520,450.0,Sale,1,9,8,https://www.kanshijewels.com/products/elegant-victorian-emerald?variant=gid://shopify/ProductVariant/53331945455916
2026-09-03 07:01:57,Handcut jadau hair accessory,Default Title,,890.0,New Arrival,10,0,10,https://www.kanshijewels.com/products/handcut-jadau-hair-accessory?variant=gid://shopify/ProductVariant/54010188136748
2026-09-03 07:01:57,Jadau handcut sun accessory,Default Title,,1250.0,New Arrival,10,0,10,https://www.kanshijewels.com/products/jadau-handcut-sun-accessory?variant=gid://shopify/ProductVariant/54010221986092
2026-09-03 07:01:57,Kilangi style hair pin,Default Title,,1450.0,New Arrival,10,0,10,https://www.kanshijewels.com/products/kilangi-style-hair-pin?variant=gid://shopify/ProductVariant/54010243154220
2026-09-03 07:01:57,Sun and moon hair pins,Default Title,,1990.0,New Arrival,10,0,10,https://www.kanshijewels.com/products/sun-and-moon-hair-pins?variant=gid://shopify/ProductVariant/54010257244460
2026-09-03 07:01:57,Classic lotus motive jadau chokar,Default Title,,1440.0,New Arrival,10,0,10,https://www.kanshijewels.com/products/classic-lotus-motive-jadau-chokar?variant=gid://shopify/ProductVariant/54010285130028
2026-09-03 07:01:57,Classic swaroski pearls kundan fusion necklace chokar,Default Title,,2800.0,New Arrival,10,0,10,https://www.kanshijewels.com/products/classic-swaroski-pearls-kundan-fusion-necklace-chokar?variant=gid://shopify/ProductVariant/54010345390380
2026-09-03 08:01:54,Dual tone twisted italian chain hasli,Default Title,,999.0,New Arrival,10,0,10,https://www.kanshijewels.com/products/dual-tone-twisted-italian-chain-hasli?variant=gid://shopify/ProductVariant/54010374324524
2026-09-03 08:01:54,Exclusive gold look kundan nakashi flexible chain chokar,Default Title,,2205.0,New Arrival,10,0,10,https://www.kanshijewels.com/products/exclusive-gold-look-kundan-nakashi-flexible-chain-chokar?variant=gid://shopify/ProductVariant/54010415415596
2026-09-03 08:01:54,Gold look emerald look nakashi hasli necklace tika earring rani set,Default Title,,7500.0,New Arrival,10,0,10,https://www.kanshijewels.com/products/gold-look-emerald-look-nakashi-hasli-necklace-tika-earring-rani-set?variant=gid://shopify/ProductVariant/54010437599532
2026-09-03 09:03:06,Jadau Emerald Necklace,Default Title,NK144,3990.0,Sale,1,7,6,https://www.kanshijewels.com/products/jadau-emerald-necklace?variant=gid://shopify/ProductVariant/51119707849004
2026-09-03 09:03:06,Elegant kundan work swaroski pearls necklace,Default Title,NK909,1990.0,Sale,1,3,2,https://www.kanshijewels.com/products/elegant-kundan-work-swaroski-pearls-necklace?variant=gid://shopify/ProductVariant/53368863424812
2026-09-03 09:03:06,Kundan motives pearls handwork necklace earring set,Default Title,,2100.0,New Arrival,10,0,10,https://www.kanshijewels.com/products/kundan-motives-pearls-handwork-necklace-earring-set?variant=gid://shopify/ProductVariant/54010665009452
2026-09-03 09:03:06,Long matarmala,Default Title,,720.0,New Arrival,10,0,10,https://www.kanshijewels.com/products/long-matarmala?variant=gid://shopify/ProductVariant/54010679984428
2026-09-03 09:58:47,Matarmala short,Default Title,,520.0,New Arrival,10,0,10,https://www.kanshijewels.com/products/matarmala-short?variant=gid://shopify/ProductVariant/54010683752748
2026-09-03 09:58:47,Most elegant coral jadau work with emerald jadau pearl chain necklace,Default Title,,850.0,New Arrival,10,0,10,https://www.kanshijewels.com/products/most-elegant-coral-jadau-work-with-emerald-jadau-pearl-chain-necklace?variant=gid://shopify/ProductVariant/54010699809068
2026-09-03 09:58:47,Most elegant pearls kundan chokar,Default Title,,2090.0,New Arrival,10,0,10,https://www.kanshijewels.com/products/most-elegant-pearls-kundan-chokar?variant=gid://shopify/ProductVariant/54010742538540
2026-09-03 09:58:47,Multipurpose classic gold italian hasli,Default Title,,999.0,New Arrival,10,0,10,https://www.kanshijewels.com/products/multipurpose-classic-gold-italian-hasli?variant=gid://shopify/ProductVariant/54010758463788
2026-09-03 09:58:47,Multipurpose gold hasli,Default Title,,890.0,New Arrival,10,0,10,https://www.kanshijewels.com/products/multipurpose-gold-hasli?variant=gid://shopify/ProductVariant/54010772914476
2026-09-03 09:58:47,Rani handcut jadau necklace chokar,Default Title,,5600.0,New Arrival,10,0,10,https://www.kanshijewels.com/products/rani-handcut-jadau-necklace-chokar?variant=gid://shopify/ProductVariant/54010794311980
2026-09-03 09:58:47,Rose quartz beads kundan fusion elegant chokar,Default Title,,1520.0,New Arrival,10,0,10,https://www.kanshijewels.com/products/rose-quartz-beads-kundan-fusion-elegant-chokar?variant=gid://shopify/ProductVariant/54010805780780
2026-09-03 09:58:47,Triple tone twisted italian chain hasli,Default Title,,1050.0,New Arrival,10,0,10,https://www.kanshijewels.com/products/triple-tone-twisted-italian-chain-hasli?variant=gid://shopify/ProductVariant/54010817216812
2026-09-03 11:01:50,White kundan polki elegant maangtika,Default Title,,1470.0,New Arrival,10,0,10,https://www.kanshijewels.com/products/white-kundan-polki-elegant-maangtika?variant=gid://shopify/ProductVariant/54010845069612
