Timestamp,Product Title,Variant Title,SKU,Price,Event Type,Quantity,Previous Stock,Current Stock,Product URL
2026-07-18 00:55:40,Jadau kundan Peacock earrings drops with pearl and natural strawberry beads,Default Title,,1900.0,Sale,1,4,3,https://www.muskanjewel.com/products/jadau-kundan-peacock-earrings-drops-with-pearl-and-natural-strawberry-beads?variant=gid://shopify/ProductVariant/52727583375676
2026-07-18 07:31:01,Jadau kundan full white peacock studs,Default Title,,1500.0,Sale,1,5,4,https://www.muskanjewel.com/products/jadau-kundan-full-white-peacock-studs?variant=gid://shopify/ProductVariant/52628421935420
2026-07-18 08:31:55,Jadau Kundan Chand bali with pearls and natural strawberry beads,Default Title,,1100.0,Sale,1,2,1,https://www.muskanjewel.com/products/jadau-kundan-chand-bali-with-pearls-and-natural-strawberry-beads?variant=gid://shopify/ProductVariant/52626226905404
2026-07-18 09:46:41,jadau kundan lotus studs,Default Title,,1200.0,Sale,1,4,3,https://www.muskanjewel.com/products/jadau-kundan-lotus-studs?variant=gid://shopify/ProductVariant/52626125062460
2026-07-18 11:55:35,Jadau kundan antique polish jhumkas with pearl drops and natural strawberry beads,Default Title,,900.0,Sale,1,6,5,https://www.muskanjewel.com/products/jadau-kundan-antique-polish-jhumkas-with-pearl-drops-and-natural-strawberry-beads-1?variant=gid://shopify/ProductVariant/52628406829372
2026-07-18 15:20:46,Jadau Kundan Floral Necklace With Pearl & Natural Strawberry Beads,Default Title,,5350.0,New Arrival,2,0,2,https://www.muskanjewel.com/products/jadau-kundan-floral-necklace-with-pearl-natural-strawberry-beads?variant=gid://shopify/ProductVariant/53603714466108
2026-07-18 17:46:33,Jadau kundan antique polish jhumkas with pearl drops and natural strawberry beads,Default Title,,900.0,Sale,1,5,4,https://www.muskanjewel.com/products/jadau-kundan-antique-polish-jhumkas-with-pearl-drops-and-natural-strawberry-beads-1?variant=gid://shopify/ProductVariant/52628406829372
2026-07-19 05:16:49,Jadau kundan tika with pearl drops and Natural strawberry beads,Default Title,,1100.0,Sold Out,1,1,0,https://www.muskanjewel.com/products/jadau-kundan-tika-with-pearl-drops-and-natural-strawberry-beads?variant=gid://shopify/ProductVariant/52628577681724
2026-07-19 11:35:40,jadau kundan peacock tika with pearl drop and natural strawberry beads,Default Title,,800.0,Sale,1,4,3,https://www.muskanjewel.com/products/jadau-kundan-peacock-tika-with-pearl-drop-and-natural-strawberry-beads?variant=gid://shopify/ProductVariant/52628585251132
2026-07-19 13:25:38,Jadau kundan chand shape bridal tika with pearls,Default Title,,1500.0,Sale,1,5,4,https://www.muskanjewel.com/products/jadau-kundan-chand-shape-bridal-tika-with-pearls?variant=gid://shopify/ProductVariant/52979685327164
2026-07-19 16:02:04,Jadau kundan antique polish jhumkas with pearl drops and natural strawberry beads,Default Title,,900.0,Sale,1,4,3,https://www.muskanjewel.com/products/jadau-kundan-antique-polish-jhumkas-with-pearl-drops-and-natural-strawberry-beads-1?variant=gid://shopify/ProductVariant/52628406829372
2026-07-20 07:55:39,Jadau kundan floral tika with pearl drop and natural strawberry beads,Default Title,,800.0,Sale,1,3,2,https://www.muskanjewel.com/products/jadau-kundan-floral-tika-with-pearl-drop-and-natural-strawberry-beads?variant=gid://shopify/ProductVariant/52628729823548
2026-07-20 08:40:44,Jadau Kundan Peacock Mango Necklace With Pearl & Natural Strawberry Beads,Default Title,,7700.0,New Arrival,2,0,2,https://www.muskanjewel.com/products/jadau-kundan-peacock-mango-necklace-with-pearl-natural-strawberry-beads?variant=gid://shopify/ProductVariant/53652071776572
2026-07-20 09:20:52,Jadau Kundan + Temple/Antique Peacock Necklace With Pearl & Onyx Beads(With Earrings),Default Title,,4100.0,New Arrival,3,0,3,https://www.muskanjewel.com/products/jadau-kundan-temple-antique-peacock-necklace-with-pearl-onyx-beadswith-earrings?variant=gid://shopify/ProductVariant/53655386751292
2026-07-20 09:55:45,Jadau kundan sun and moon with pearls,RED,,1300.0,Sale,1,17,16,https://www.muskanjewel.com/products/jadau-kundan-sun-and-moon-with-pearls?variant=gid://shopify/ProductVariant/52887015719228
2026-07-20 10:50:47,Jadau Kundan+Temple/Antique Goddess Laxmi Elephant Necklace with Pearl & Onyx Beads,Default Title,,5400.0,New Arrival,3,0,3,https://www.muskanjewel.com/products/jadau-kundan-temple-antique-goddess-laxmi-elephant-necklace-with-pearl-onyx-beads?variant=gid://shopify/ProductVariant/53659509752124
2026-07-20 14:31:06,Jadau Kundan Peacock Necklace With Pearl & Natural Strawberry Beads,Default Title,,4200.0,New Arrival,3,0,3,https://www.muskanjewel.com/products/jadau-kundan-peacock-necklace-with-pearl-natural-strawberry-beads?variant=gid://shopify/ProductVariant/53660206301500
2026-07-20 15:05:44,Jadau Kundan Bridal Peacock Necklace with pearl,Default Title,,10300.0,New Arrival,2,0,2,https://www.muskanjewel.com/products/jadau-kundan-bridal-peacock-necklace-with-pearl?variant=gid://shopify/ProductVariant/53660289270076
2026-07-20 15:31:10,Jadau kundan floral tika with pearl drop and natural strawberry beads,Default Title,,800.0,Sale,1,2,1,https://www.muskanjewel.com/products/jadau-kundan-floral-tika-with-pearl-drop-and-natural-strawberry-beads?variant=gid://shopify/ProductVariant/52628729823548
2026-07-20 15:31:10,Jadau kundan floral round tika with pearl and natural strawberry beads,Default Title,,1300.0,Sale,1,5,4,https://www.muskanjewel.com/products/jadau-kundan-floral-round-tika-with-pearl-and-natural-strawberry-beads?variant=gid://shopify/ProductVariant/52974914961724
2026-07-20 15:31:10,Jadau Kundan Floral Bottu Mala Necklace,Default Title,,8400.0,New Arrival,2,0,2,https://www.muskanjewel.com/products/jadau-kundan-floral-bottu-mala-necklace?variant=gid://shopify/ProductVariant/53660326854972
2026-07-21 05:45:54,Jadau kundan peacock full earcuff jhumkas with pearl and natural strawberry beads drop,Default Title,,4100.0,Sold Out,3,3,0,https://www.muskanjewel.com/products/jadau-kundan-peacock-full-earcuff-jhumkas-with-pearl-and-natural-strawberry-beads-drop?variant=gid://shopify/ProductVariant/52802091811132
2026-07-21 13:35:39,Jadau kundan jhumkas with pearl drop and natural strawberry beads,Default Title,,2700.0,Sale,1,5,4,https://www.muskanjewel.com/products/jadau-kundan-jhumkas-with-pearl-drop-and-natural-strawberry-beads-1?variant=gid://shopify/ProductVariant/52628404633916
2026-07-21 15:45:55,Jadau kundan antique polish jhumkas with pearl drops and natural strawberry beads,Default Title,,900.0,Sale,1,3,2,https://www.muskanjewel.com/products/jadau-kundan-antique-polish-jhumkas-with-pearl-drops-and-natural-strawberry-beads-1?variant=gid://shopify/ProductVariant/52628406829372
2026-07-21 16:10:48,jadau kundan bridal tika with pearl and natural strawberry beads drop,Default Title,,1200.0,Sale,1,7,6,https://www.muskanjewel.com/products/jadau-kundan-bridal-tika-with-pearl-and-natural-strawberry-beads-drop?variant=gid://shopify/ProductVariant/52737323106620
2026-07-22 01:31:07,Jadau kundan tika with pearl and natural strawberry beads,Default Title,,1000.0,Sale,1,3,2,https://www.muskanjewel.com/products/jadau-kundan-tika-with-pearl-and-natural-strawberry-beads?variant=gid://shopify/ProductVariant/52737215725884
2026-07-23 06:10:47,Jadau Kundan Lotus studs with natural strawberry beads,Default Title,,900.0,Sale,1,2,1,https://www.muskanjewel.com/products/jadau-kundan-lotus-studs-with-natural-strawberry-beads?variant=gid://shopify/ProductVariant/52626165891388
2026-07-23 06:10:47,Jadau kundan peacock studs,Default Title,,1300.0,Sale,1,9,8,https://www.muskanjewel.com/products/jadau-kundan-peacock-studs-1?variant=gid://shopify/ProductVariant/52626236309820
2026-07-23 06:20:44,Jadau Kundan Necklace with matching earrings included,Default Title,,5700.0,Sold Out,1,1,0,https://www.muskanjewel.com/products/jadau-kundan-necklace-with-matching-earrings-included?variant=gid://shopify/ProductVariant/52620777324860
2026-07-23 10:05:41,Jadau kundan antique polish jhumkas with pearl drops and natural strawberry beads,Default Title,,900.0,Sale,1,2,1,https://www.muskanjewel.com/products/jadau-kundan-antique-polish-jhumkas-with-pearl-drops-and-natural-strawberry-beads-1?variant=gid://shopify/ProductVariant/52628406829372
2026-07-23 10:05:41,Jadau kundan floral tika with pearl drop and natural strawberry beads,Default Title,,800.0,Sold Out,1,1,0,https://www.muskanjewel.com/products/jadau-kundan-floral-tika-with-pearl-drop-and-natural-strawberry-beads?variant=gid://shopify/ProductVariant/52628729823548
2026-07-23 11:15:51,Jadau Kundan Floral Jhumkas with Pearl and Natural Strawberry Beads,Default Title,,1900.0,New Arrival,10,0,10,https://www.muskanjewel.com/products/jadau-kundan-floral-jhumkas-with-pearl-and-natural-strawberry-beads-2?variant=gid://shopify/ProductVariant/53821779738940
2026-07-23 11:31:05,Jadau Kundan Lotus Earrings Drop with Pearls,Default Title,,1500.0,New Arrival,9,0,9,https://www.muskanjewel.com/products/jadau-kundan-lotus-earrings-drop-with-pearls?variant=gid://shopify/ProductVariant/53823489671484
2026-07-23 11:40:47,Jadau Kundan Peacock Jhumkas with Pearls and Natural Strawberry Beads,Default Title,,1900.0,New Arrival,9,0,9,https://www.muskanjewel.com/products/jadau-kundan-peacock-jhumkas-with-pearls-and-natural-strawberry-beads-2?variant=gid://shopify/ProductVariant/53824509608252
2026-07-23 11:50:51,Jadau kundan floral Jhumkas with Natural Strawberry beads,Default Title,,1500.0,Sale,1,4,3,https://www.muskanjewel.com/products/jadau-kundan-floral-jhumkas-with-natural-strawberry-beads?variant=gid://shopify/ProductVariant/52626181947708
2026-07-23 11:50:51,Jadau Kundan Leafs Jhumkas Rice Pearls with Natural Strawberry Beads,Default Title,,2500.0,New Arrival,6,0,6,https://www.muskanjewel.com/products/jadau-kundan-leafs-jhumkas-rice-pearls-with-natural-strawberry-beads?variant=gid://shopify/ProductVariant/53825696563516
2026-07-23 11:50:51,Jadau Kundan Chand bali with pearls and natural strawberry beads,Default Title,,1100.0,Sold Out,1,1,0,https://www.muskanjewel.com/products/jadau-kundan-chand-bali-with-pearls-and-natural-strawberry-beads?variant=gid://shopify/ProductVariant/52626226905404
2026-07-23 12:01:30,Jadau Kundan Peacock Necklace Pearls with Natural Strawberry Beads,Default Title,,4700.0,New Arrival,3,0,3,https://www.muskanjewel.com/products/jadau-kundan-peacock-necklace-pearls-with-natural-strawberry-beads?variant=gid://shopify/ProductVariant/53826851930428
2026-07-23 12:15:53,"Jadau Kundan Floral Pandent Pearls/Beads Mala with Rice Pearls, Onyx and Natural Strawberry Beads",Default Title,,2850.0,New Arrival,5,0,5,https://www.muskanjewel.com/products/jadau-kundan-floral-pandent-pearls-beads-mala-with-rice-pearls-onyx-and-natural-strawberry-beads?variant=gid://shopify/ProductVariant/53828101308732
2026-07-23 12:31:09,Jadau Kundan + Temple/Antique Necklace Pearls and Natural Strawberry Beads,Default Title,,2700.0,New Arrival,5,0,5,https://www.muskanjewel.com/products/jadau-kundan-temple-antique-necklace-pearls-and-natural-strawberry-beads?variant=gid://shopify/ProductVariant/53829728010556
2026-07-23 12:45:50,Jadau Kundan + Temple/Antique Elephant and Peacock Necklace with Pearls Natural Strawberry Beads,Default Title,,3300.0,New Arrival,5,0,5,https://www.muskanjewel.com/products/jadau-kundan-temple-antique-elephant-and-peacock-necklace-with-pearls-natural-strawberry-beads?variant=gid://shopify/ProductVariant/53830984466748
2026-07-23 13:01:26,Jadau Kundan Floral Jhumka with Pearls Natural Strawberry Beads,Default Title,,2650.0,New Arrival,9,0,9,https://www.muskanjewel.com/products/jadau-kundan-floral-jhumka-with-pearls-natural-strawberry-beads?variant=gid://shopify/ProductVariant/53832392704316
2026-07-23 13:15:54,Jadau Kundan Floral Jhumkas with Pearls Natural Strawberry Beads,Default Title,,2200.0,New Arrival,9,0,9,https://www.muskanjewel.com/products/jadau-kundan-floral-jhumkas-with-pearls-natural-strawberry-beads?variant=gid://shopify/ProductVariant/53833829351740
2026-07-23 13:25:40,Jadau Kundan Floral Jhumkas with Rice Pearls Natural Strawberry Beads,Default Title,,2000.0,New Arrival,9,0,9,https://www.muskanjewel.com/products/jadau-kundan-floral-jhumkas-with-rice-pearls-natural-strawberry-beads?variant=gid://shopify/ProductVariant/53835168448828
2026-07-23 13:45:50,Jadau Kundan Floral Jhumkas with Rice Pearls Natural Strawberry Beads,Default Title,,2500.0,New Arrival,5,0,5,https://www.muskanjewel.com/products/jadau-kundan-floral-jhumkas-with-rice-pearls-natural-strawberry-beads-1?variant=gid://shopify/ProductVariant/53836854100284
2026-07-23 14:01:22,Unique Chandbali Pearls and Natural Strawberry Beads,Default Title,,900.0,New Arrival,4,0,4,https://www.muskanjewel.com/products/unique-chandbali-pearls-and-natural-strawberry-beads?variant=gid://shopify/ProductVariant/53838241956156
2026-07-23 14:15:54,Jadau Kundan Peacock Jhumkas Pearls and Natural Strawberry Beads,Default Title,,2000.0,New Arrival,6,0,6,https://www.muskanjewel.com/products/jadau-kundan-peacock-jhumkas-pearls-and-natural-strawberry-beads?variant=gid://shopify/ProductVariant/53839961227580
2026-07-23 14:25:40,Jadau Kundan Floral Jhumkas Pearls and Natural Strawberry Beads,Default Title,,1300.0,New Arrival,6,0,6,https://www.muskanjewel.com/products/jadau-kundan-floral-jhumkas-pearls-and-natural-strawberry-beads?variant=gid://shopify/ProductVariant/53840822599996
2026-07-23 14:35:43,Jadau Kundan Bridal Peacock Tika with Pearls and Natural Strawberry Beads,Default Title,,2100.0,New Arrival,10,0,10,https://www.muskanjewel.com/products/jadau-kundan-bridal-peacock-tika-with-pearls-and-natural-strawberry-beads?variant=gid://shopify/ProductVariant/53841717264700
2026-07-23 14:45:53,Jadau Kundan Floral with Pearls and Natural Strawberry Beads,Default Title,,1000.0,New Arrival,15,0,15,https://www.muskanjewel.com/products/jadau-kundan-floral-with-pearls-and-natural-strawberry-beads?variant=gid://shopify/ProductVariant/53842508579132
2026-07-23 14:55:48,Jadau Kundan Godess Laxmi Choker with Pearls and Natural Strawberry Beads,Default Title,,2300.0,New Arrival,6,0,6,https://www.muskanjewel.com/products/jadau-kundan-godess-laxmi-choker-with-pearls-and-natural-strawberry-beads?variant=gid://shopify/ProductVariant/53843747340604
2026-07-23 15:10:50,Jadau Kundan Godess Laxmi with Rice Pearls and Natural Strawberry Beads,Default Title,,8250.0,New Arrival,4,0,4,https://www.muskanjewel.com/products/jadau-kundan-godess-laxmi-with-rice-pearls-and-natural-strawberry-beads?variant=gid://shopify/ProductVariant/53845075657020
2026-07-23 15:20:53,Jadau Kundan Peacock Layer Necklace with Pearls and Natural Strawberry Beads,Default Title,,4600.0,New Arrival,5,0,5,https://www.muskanjewel.com/products/jadau-kundan-peacock-layer-necklace-with-pearls-and-natural-strawberry-beads?variant=gid://shopify/ProductVariant/53846230696252
2026-07-24 04:40:46,Jadau kundan floral tika with pearl and natural strawberry beads drop,Default Title,,850.0,Sale,1,5,4,https://www.muskanjewel.com/products/jadau-kundan-floral-tika-with-pearl-and-natural-strawberry-beads-drop-1?variant=gid://shopify/ProductVariant/52974848573756
2026-07-24 04:40:46,Jadau kundan floral chand tika with pearl and natural strawberry beads,Default Title,,1000.0,Sale,1,6,5,https://www.muskanjewel.com/products/jadau-kundan-floral-chand-tika-with-pearl-and-natural-strawberry-beads?variant=gid://shopify/ProductVariant/52974942323004
2026-07-25 03:05:38,jadau kundan peacock tika with pearl drop and natural strawberry beads,Default Title,,800.0,Sale,1,3,2,https://www.muskanjewel.com/products/jadau-kundan-peacock-tika-with-pearl-drop-and-natural-strawberry-beads?variant=gid://shopify/ProductVariant/52628585251132
2026-07-25 06:02:58,Jadau kundan floral chand tika with pearl and natural strawberry beads,Default Title,,1000.0,Sale,1,5,4,https://www.muskanjewel.com/products/jadau-kundan-floral-chand-tika-with-pearl-and-natural-strawberry-beads?variant=gid://shopify/ProductVariant/52974942323004
2026-07-25 06:02:58,Jadau kundan Tika with pearl drop and natural strawberry beads,Default Title,,700.0,Sold Out,1,1,0,https://www.muskanjewel.com/products/jadau-kundan-tika-with-pearl-drop-and-natural-strawberry-beads?variant=gid://shopify/ProductVariant/52628536721724
2026-07-26 11:31:04,Jadau Kundan floral tika with pearls drops and natural strawberry beads,Default Title,,800.0,Sale,1,13,12,https://www.muskanjewel.com/products/jadau-kundan-floral-tika-with-pearls-drops-and-natural-strawberry-beads?variant=gid://shopify/ProductVariant/52628688765244
2026-07-26 16:55:39,Jadau kundan floral round tika with pearl and natural strawberry beads,Default Title,,1300.0,Sale,1,4,3,https://www.muskanjewel.com/products/jadau-kundan-floral-round-tika-with-pearl-and-natural-strawberry-beads?variant=gid://shopify/ProductVariant/52974914961724
2026-07-26 18:20:46,Jadau kundan jhumkas with pearl and natural strawberry beads drop,Default Title,,1100.0,Sale,1,4,3,https://www.muskanjewel.com/products/jadau-kundan-jhumkas-with-pearl-and-natural-strawberry-beads-drop-4?variant=gid://shopify/ProductVariant/52804897177916
2026-07-27 10:55:36,Jadau kundan tika with pearl and natural strawberry beads,Default Title,,1000.0,Sale,1,2,1,https://www.muskanjewel.com/products/jadau-kundan-tika-with-pearl-and-natural-strawberry-beads?variant=gid://shopify/ProductVariant/52737215725884
2026-07-27 10:55:36,Jadau kundan floral tika with pearl and natural strawberry beads drop,Default Title,,850.0,Sale,1,4,3,https://www.muskanjewel.com/products/jadau-kundan-floral-tika-with-pearl-and-natural-strawberry-beads-drop-1?variant=gid://shopify/ProductVariant/52974848573756
2026-07-27 15:20:50,Jadau Kundan floral tika with pearls drops and natural strawberry beads,Default Title,,800.0,Sale,1,12,11,https://www.muskanjewel.com/products/jadau-kundan-floral-tika-with-pearls-drops-and-natural-strawberry-beads?variant=gid://shopify/ProductVariant/52628688765244
2026-07-27 15:20:50,Jadau kundan lotus tika with pearl drops,Default Title,,850.0,Sale,1,14,13,https://www.muskanjewel.com/products/jadau-kundan-lotus-tika-with-pearl-drops?variant=gid://shopify/ProductVariant/52628751417660
2026-07-27 15:20:50,Jadau kundan tika with pearl and natural strawberry beads,Default Title,,1000.0,Sold Out,1,1,0,https://www.muskanjewel.com/products/jadau-kundan-tika-with-pearl-and-natural-strawberry-beads?variant=gid://shopify/ProductVariant/52737215725884
2026-07-27 16:05:46,Jadau kundan studs with pearls,Default Title,,750.0,Sale,1,2,1,https://www.muskanjewel.com/products/jadau-kundan-studs-with-pearls-2?variant=gid://shopify/ProductVariant/52899187687740
2026-07-27 18:31:12,Temple/Antique mango necklace (With Earrings),Default Title,,1350.0,Sale,1,3,2,https://www.muskanjewel.com/products/temple-antique-mango-necklace-with-earrings?variant=gid://shopify/ProductVariant/53044883325244
2026-07-27 18:31:12,Jadau Kundan Floral with Pearls and Natural Strawberry Beads,Default Title,,1000.0,Sale,1,15,14,https://www.muskanjewel.com/products/jadau-kundan-floral-with-pearls-and-natural-strawberry-beads?variant=gid://shopify/ProductVariant/53842508579132
2026-07-28 04:20:46,Jadau kundan black beads pendant mala,Default Title,,2100.0,Sold Out,1,1,0,https://www.muskanjewel.com/products/jadau-kundan-black-beads-pendant-mala-1?variant=gid://shopify/ProductVariant/52737587446076
2026-07-28 12:10:46,Jadau kundan floral chand tika with pearl and natural strawberry beads,Default Title,,1000.0,Sale,1,4,3,https://www.muskanjewel.com/products/jadau-kundan-floral-chand-tika-with-pearl-and-natural-strawberry-beads?variant=gid://shopify/ProductVariant/52974942323004
2026-07-29 03:20:52,Jadau Kundan Lotus Earrings Drop with Pearls,Default Title,,1500.0,Sale,2,9,7,https://www.muskanjewel.com/products/jadau-kundan-lotus-earrings-drop-with-pearls?variant=gid://shopify/ProductVariant/53823489671484
2026-07-29 12:10:48,Jadau Kundan floral tika with pearls drops and natural strawberry beads,Default Title,,800.0,Sale,1,11,10,https://www.muskanjewel.com/products/jadau-kundan-floral-tika-with-pearls-drops-and-natural-strawberry-beads?variant=gid://shopify/ProductVariant/52628688765244
2026-07-29 15:05:53,Jadau kundan jhumkas with pearl drop and natural strawberry beads,Default Title,,1800.0,New Arrival,3,0,3,https://www.muskanjewel.com/products/jadau-kundan-jhumkas-with-pearl-drop-and-natural-strawberry-beads-2?variant=gid://shopify/ProductVariant/52628407648572
2026-07-29 15:15:52,Jadau kundan peacock 2 layer necklace with pearl drop (No earrings),Default Title,,2800.0,New Arrival,10,0,10,https://www.muskanjewel.com/products/jadau-kundan-peacock-2-layer-necklace-with-pearl-drop-no-earrings?variant=gid://shopify/ProductVariant/52628892746044
2026-07-30 05:05:39,Jadau kundan sun and moon with pearls,RED,,1300.0,Sale,1,16,15,https://www.muskanjewel.com/products/jadau-kundan-sun-and-moon-with-pearls?variant=gid://shopify/ProductVariant/52887015719228
2026-07-30 05:20:47,Diamond finish bottumala mango necklace (With Earrings),Default Title,,3800.0,Sold Out,1,1,0,https://www.muskanjewel.com/products/diamond-finish-bottumala-mango-necklace-with-earrings?variant=gid://shopify/ProductVariant/52632522064188
2026-07-30 06:10:46,Jadau Kundan Lotus Earrings Drop with Pearls,Default Title,,1500.0,Sale,1,7,6,https://www.muskanjewel.com/products/jadau-kundan-lotus-earrings-drop-with-pearls?variant=gid://shopify/ProductVariant/53823489671484
2026-07-30 10:55:49,Jadau Kundan floral tika with pearls drops and natural strawberry beads,Default Title,,800.0,Sale,1,10,9,https://www.muskanjewel.com/products/jadau-kundan-floral-tika-with-pearls-drops-and-natural-strawberry-beads?variant=gid://shopify/ProductVariant/52628688765244
2026-07-30 10:55:49,Jadau kundan sun and moon with pearls,RED,,1300.0,Sale,1,15,14,https://www.muskanjewel.com/products/jadau-kundan-sun-and-moon-with-pearls?variant=gid://shopify/ProductVariant/52887015719228
2026-07-30 11:31:12,Jadau kundan peacock Jhumkas with pearls and natural strawberry beads,Default Title,,3800.0,Sale,1,5,4,https://www.muskanjewel.com/products/jadau-kundan-peacock-jhumkas-with-pearls-and-natural-strawberry-beads-1?variant=gid://shopify/ProductVariant/52626385240380
2026-07-30 11:55:41,Jadau kundan peacock Jhumkas with pearls and natural strawberry beads,Default Title,,3800.0,Sale,3,4,1,https://www.muskanjewel.com/products/jadau-kundan-peacock-jhumkas-with-pearls-and-natural-strawberry-beads-1?variant=gid://shopify/ProductVariant/52626385240380
2026-07-31 01:01:19,Jadau kundan Double layer bangles,2.4,,2750.0,Sold Out,1,1,0,https://www.muskanjewel.com/products/jadau-kundan-double-layer-bangles?variant=gid://shopify/ProductVariant/52878921335100
2026-08-01 04:25:39,Jadau kundan antique polish jhumkas with pearl drops and natural strawberry beads,Default Title,,900.0,Sold Out,1,1,0,https://www.muskanjewel.com/products/jadau-kundan-antique-polish-jhumkas-with-pearl-drops-and-natural-strawberry-beads-1?variant=gid://shopify/ProductVariant/52628406829372
2026-08-01 04:47:03,Jadau kundan jhumkas with pearl drop and natural strawberry beads,Default Title,,1800.0,Sale,1,3,2,https://www.muskanjewel.com/products/jadau-kundan-jhumkas-with-pearl-drop-and-natural-strawberry-beads-2?variant=gid://shopify/ProductVariant/52628407648572
2026-08-01 07:01:19,Jadau kundan long necklace with pearl drop and natural strawberry beads(No earrings),Default Title,,9900.0,Sold Out,3,3,0,https://www.muskanjewel.com/products/jadau-kundan-long-necklace-with-pearl-drop-and-natural-strawberry-beadsno-earrings?variant=gid://shopify/ProductVariant/52628930199868
2026-08-01 07:01:19,Jadau Kundan 2 in 1 reversible multi and full white Mango Necklace with pearl and strawberry beads(No earrings),Default Title,,22800.0,Sold Out,1,1,0,https://www.muskanjewel.com/products/jadau-kundan-2-1-reversible-multi-and-full-white-mango-necklace-with-pearl-and-strawberry-beadsno-earrings?variant=gid://shopify/ProductVariant/52632447385916
2026-08-01 07:15:49,Jadau kundan Navratna bottu mala necklace(without earrings),Default Title,,7400.0,Sale,2,3,1,https://www.muskanjewel.com/products/jadau-kundan-navratna-bottu-mala-necklace?variant=gid://shopify/ProductVariant/52628832551228
2026-08-01 07:20:45,Jadau kundan Long peacock necklace set with pearl motif with matching earrings included,Default Title,,10250.0,Sale,2,3,1,https://www.muskanjewel.com/products/jadau-kundan-long-peacock-necklace-set-with-pearl-motif-with-matching-earrings-included?variant=gid://shopify/ProductVariant/52623664546108
2026-08-01 07:20:45,Jadau Kundan Bottumala necklace with matching earrings included,Default Title,,11500.0,Sold Out,3,3,0,https://www.muskanjewel.com/products/jadau-kundan-bottumala-necklace-with-matching-earrings-included?variant=gid://shopify/ProductVariant/52623635415356
2026-08-01 07:35:38,Jadau kundan pendant Pearls/ Beads mala with natural strawberry beads drop(No Earrings),Default Title,,2000.0,Restock,1,2,3,https://www.muskanjewel.com/products/jadau-kundan-pendant-pearls-beads-mala-with-natural-strawberry-beads-dropno-earrings?variant=gid://shopify/ProductVariant/52982366896444
2026-08-01 07:35:38,jadau kundan floral necklace with pearl and natural strawberry beads drop(WIthout Earrings),Default Title,,6500.0,Sold Out,2,2,0,https://www.muskanjewel.com/products/jadau-kundan-floral-necklace-with-pearl-and-natural-strawberry-beads-dropwithout-earrings?variant=gid://shopify/ProductVariant/52982388228412
2026-08-01 07:40:46,Jadau kundan floral bridal necklace with pearls and natural strawberry beads drop,Default Title,,8900.0,Sale,1,2,1,https://www.muskanjewel.com/products/jadau-kundan-floral-bridal-necklace-with-pearls-and-natural-strawberry-beads-drop?variant=gid://shopify/ProductVariant/52914617778492
2026-08-01 07:40:46,Jadau kundan peacock carving stone necklace with pearl and natural strawberry beads drop(No Earrings),Default Title,,7400.0,Sale,1,2,1,https://www.muskanjewel.com/products/jadau-kundan-peacock-carving-stone-necklace-with-pearl-and-natural-strawberry-beads-dropno-earrings?variant=gid://shopify/ProductVariant/52979753189692
2026-08-01 07:40:46,Jadau kundan peacock kanti with pearl and natural strawberry beads,Default Title,,4750.0,Sale,2,4,2,https://www.muskanjewel.com/products/jadau-kundan-peacock-kanti-with-pearl-and-natural-strawberry-beads?variant=gid://shopify/ProductVariant/52979839795516
2026-08-01 07:40:46,Jadau kundan peacock layer necklace with pearl and natural strawberry beads drop(No Earrings),Default Title,,8900.0,Sale,1,2,1,https://www.muskanjewel.com/products/jadau-kundan-peacock-layer-necklace-with-pearl-and-natural-strawberry-beads-dropno-earrings?variant=gid://shopify/ProductVariant/52982237757756
2026-08-01 07:40:46,Jadau kundan peacock short necklace with pearl and natural strawberry beads(No earrings),Default Title,,3800.0,Sold Out,1,1,0,https://www.muskanjewel.com/products/jadau-kundan-1?variant=gid://shopify/ProductVariant/52912029696316
2026-08-01 07:45:53,Jadau kundan necklace with pearl and natural strawberry beads (No earrings),Default Title,,3700.0,Restock,2,1,3,https://www.muskanjewel.com/products/jadau-kundan-necklace-with-pearl-and-natural-strawberry-beads-no-earrings?variant=gid://shopify/ProductVariant/52737592197436
2026-08-01 07:45:53,Jadau kundan necklace with pearl and natural strawberry beads drop,Default Title,,4100.0,Restock,3,2,5,https://www.muskanjewel.com/products/jadau-kundan-necklace-with-pearl-and-natural-strawberry-beads-drop-1?variant=gid://shopify/ProductVariant/52814596964668
2026-08-01 07:45:53,Jadau kundan peacock necklace with pearl and natural strawberry beads drop(No earrings),Default Title,,6900.0,Sale,3,5,2,https://www.muskanjewel.com/products/jadau-kundan-peacock-necklace-with-pearl-and-natural-strawberry-beads-dropno-earrings?variant=gid://shopify/ProductVariant/52815065809212
2026-08-01 07:45:53,"jadau kundan peacock necklace with center craving stone, pearls and natural strawberry beads drop(No earrings)",Default Title,,8000.0,Sale,1,3,2,https://www.muskanjewel.com/products/jadau-kundan-peacock-necklace-with-center-craving-stone-pearls-and-natural-strawberry-beads-dropno-earrings?variant=gid://shopify/ProductVariant/52815212871996
2026-08-01 07:45:53,Jadau kundan peacock short necklace with pearl and natural strawberry beads drop,Default Title,,5400.0,Sale,3,5,2,https://www.muskanjewel.com/products/jadau-kundan-peacock-short-necklace-with-pearl-and-natural-strawberry-beads-drop?variant=gid://shopify/ProductVariant/52903194853692
2026-08-01 07:45:53,Jadau kundan peacock necklace with pearl and strawberry beads(No Earrings),Default Title,,6300.0,Sold Out,3,3,0,https://www.muskanjewel.com/products/jadau-kundan-peacock-necklace-with-pearl-and-strawberry-beadsno-earrings?variant=gid://shopify/ProductVariant/52737550451004
2026-08-01 07:52:20,Jadau kundan bridal necklace with pearl and strawberry beads drops (No earrings),Default Title,,7400.0,Sale,1,3,2,https://www.muskanjewel.com/products/jadau-kundan-bridal-necklace-with-pearl-and-strawberry-beads-drops-no-earrings?variant=gid://shopify/ProductVariant/52628982530364
2026-08-01 07:52:20,Jadau kundan peacock necklace with pearl and natural strawberry beads drops (No earrings),Default Title,,6200.0,Sale,1,3,2,https://www.muskanjewel.com/products/jadau-kundan-peacock-necklace-with-pearl-and-natural-strawberry-beads-drops-no-earrings?variant=gid://shopify/ProductVariant/52629029978428
2026-08-01 07:52:20,Jadau kundan necklace with pearl and natural strawberry beads drop,Default Title,,9800.0,Sale,2,4,2,https://www.muskanjewel.com/products/jadau-kundan-necklace-with-pearl-and-natural-strawberry-beads-drop?variant=gid://shopify/ProductVariant/52737517551932
2026-08-01 07:52:20,Jadau kundan necklace with pearls and natural strawberry beads,Default Title,,4400.0,Sold Out,1,1,0,https://www.muskanjewel.com/products/jadau-kundan-necklace-with-pearls-and-natural-strawberry-beads?variant=gid://shopify/ProductVariant/52737441333564
2026-08-01 07:56:14,Jadau kundan peacock Necklace with pearl drop and natural strawberry beads(No earrings),Default Title,,6700.0,Restock,1,2,3,https://www.muskanjewel.com/products/jadau-kundan-peacock-necklace-with-pearl-drop-and-natural-strawberry-beadsno-earrings?variant=gid://shopify/ProductVariant/52628896579900
2026-08-01 08:02:11,Jadau kundan bridal necklace set with pearl drop and natural strawberry beads(without earrings),Default Title,,10400.0,Restock,1,1,2,https://www.muskanjewel.com/products/jadau-kundan-bridal-necklace-set-with-pearl-drop-and-natural-strawberry-beads?variant=gid://shopify/ProductVariant/52628856930620
2026-08-01 08:05:41,Jadau Kundan Peacock necklace with matching earrings included,Default Title,,7600.0,Sale,1,3,2,https://www.muskanjewel.com/products/jadau-kundan-peacock-necklace-with-matching-earrings-included?variant=gid://shopify/ProductVariant/52623631319356
2026-08-01 08:05:41,Jadau kundan chand shape bridal tika with pearls,Default Title,,1500.0,Sale,1,4,3,https://www.muskanjewel.com/products/jadau-kundan-chand-shape-bridal-tika-with-pearls?variant=gid://shopify/ProductVariant/52979685327164
2026-08-01 08:05:41,Bridal Peacock necklace set with matching earrings included,Default Title,,10600.0,Sold Out,2,2,0,https://www.muskanjewel.com/products/bridal-peacock-necklace-set-with-matching-earrings-included?variant=gid://shopify/ProductVariant/52623649341756
2026-08-01 08:10:47,Jadau Kundan peacock necklace with pearl drops and natural strawberry beads (No earrings),Default Title,,4500.0,New Arrival,1,0,1,https://www.muskanjewel.com/products/jadau-kundan-peacock-necklace-with-pearl-drops-and-natural-strawberry-beads?variant=gid://shopify/ProductVariant/52628761641276
2026-08-01 08:10:47,Jadau kundan black thread bottu and mango necklace,Default Title,,4100.0,New Arrival,3,0,3,https://www.muskanjewel.com/products/jadau-kundan-black-thread-bottu-and-mango-necklace?variant=gid://shopify/ProductVariant/52737556447548
2026-08-01 08:35:38,Jadau kundan Mango necklace with pearl and natural strawberry beads drop(No Earrings),Default Title,,7200.0,New Arrival,5,0,5,https://www.muskanjewel.com/products/jadau-kundan-mango-necklace-with-pearl-and-natural-strawberry-beads-dropno-earrings?variant=gid://shopify/ProductVariant/52982500458812
2026-08-01 08:42:13,Jadau kundan pearl mala pendant necklace with pearl and natural strawberry beads drop(No earrings),Default Title,,1900.0,New Arrival,2,0,2,https://www.muskanjewel.com/products/jadau-kundan-pearl-mala-pendant-necklace-with-pearl-and-natural-strawberry-beads-dropno-earrings?variant=gid://shopify/ProductVariant/52817072128316
2026-08-01 08:42:13,Jadau kundan+Antique goddess Laxmi necklace set with beads and pearls (With Earrings),Default Title,,6100.0,Restock,1,0,1,https://www.muskanjewel.com/products/jadau-kundan-antique-goddess-laxmi-necklace-set-with-beads-and-pearls-with-earrings?variant=gid://shopify/ProductVariant/52918805070140
2026-08-01 08:45:48,Jadau kundan black beads pendant mala,Default Title,,2100.0,New Arrival,1,0,1,https://www.muskanjewel.com/products/jadau-kundan-black-beads-pendant-mala-1?variant=gid://shopify/ProductVariant/52737587446076
2026-08-01 08:45:48,Jadau kundan necklace with pearl and natural strawberry beads drop(No earrings),Default Title,,4500.0,New Arrival,2,0,2,https://www.muskanjewel.com/products/jadau-kundan-necklace-with-pearl-and-natural-strawberry-beads-dropno-earrings?variant=gid://shopify/ProductVariant/52814670004540
2026-08-01 08:55:40,Jadau kundan floral necklace(No Earrings),Red,,1300.0,New Arrival,4,0,4,https://www.muskanjewel.com/products/jadau-kundan-floral-necklaceno-earrings?variant=gid://shopify/ProductVariant/52912056762684
2026-08-01 08:55:40,Jadau kundan floral necklace(No Earrings),Green,,1300.0,New Arrival,5,0,5,https://www.muskanjewel.com/products/jadau-kundan-floral-necklaceno-earrings?variant=gid://shopify/ProductVariant/52912056795452
2026-08-01 08:56:50,Jadau kundan pendant pearls/beads mala,Default Title,,3000.0,New Arrival,1,0,1,https://www.muskanjewel.com/products/jadau-kundan-pendant-pearls-beads-mala?variant=gid://shopify/ProductVariant/52914367562044
2026-08-01 09:10:52,Diamond finish peacock bridal necklace with pearl drop(With Earrings),Default Title,,2100.0,Restock,5,3,8,https://www.muskanjewel.com/products/diamond-finish-peacock-bridal-necklace-with-pearl-dropwith-earrings?variant=gid://shopify/ProductVariant/52635855454524
2026-08-01 09:15:47,Diamond finish Bottumala mango short necklace (With Earrings),Default Title,,2500.0,Restock,1,1,2,https://www.muskanjewel.com/products/diamond-finish-bottumala-mango-short-necklace-with-earrings?variant=gid://shopify/ProductVariant/52635835007292
2026-08-01 09:20:55,Diamond finish Bottumala short necklace(With Earrings),Default Title,,1600.0,New Arrival,2,0,2,https://www.muskanjewel.com/products/diamond-finish-bottumala-short-necklacewith-earrings?variant=gid://shopify/ProductVariant/52632507679036
2026-08-01 09:20:55,Diamond finish bottumala mango necklace (With Earrings),Default Title,,3800.0,Restock,2,0,2,https://www.muskanjewel.com/products/diamond-finish-bottumala-mango-necklace-with-earrings?variant=gid://shopify/ProductVariant/52632522064188
2026-08-01 09:20:55,Diamond finish bottumala necklace(With Earrings),Default Title,,1700.0,Restock,4,6,10,https://www.muskanjewel.com/products/diamond-finish-bottumala-necklacewith-earrings?variant=gid://shopify/ProductVariant/52632771723580
2026-08-01 09:20:55,Diamond finish Bottumala mango short necklace (With Earrings),Default Title,,2500.0,Restock,2,2,4,https://www.muskanjewel.com/products/diamond-finish-bottumala-mango-short-necklace-with-earrings?variant=gid://shopify/ProductVariant/52635835007292
2026-08-01 09:20:55,Jadau kundan peacock chain necklace with gold polish balls drop,Default Title,,1400.0,Sale,1,3,2,https://www.muskanjewel.com/products/jadau-kundan-peacock-chain-necklace-with-gold-polish-balls-drop?variant=gid://shopify/ProductVariant/52991073517884
2026-08-01 09:40:45,Jadau kundan floral round tika with pearl and natural strawberry beads,Default Title,,1300.0,Sale,1,3,2,https://www.muskanjewel.com/products/jadau-kundan-floral-round-tika-with-pearl-and-natural-strawberry-beads?variant=gid://shopify/ProductVariant/52974914961724
2026-08-01 11:38:10,Jadau Kundan Lotus Earrings Drop with Pearls,Default Title,,1500.0,Sale,1,6,5,https://www.muskanjewel.com/products/jadau-kundan-lotus-earrings-drop-with-pearls?variant=gid://shopify/ProductVariant/53823489671484
2026-08-02 05:40:26,Jadau kundan bridal necklace with pearl and strawberry beads drops (No earrings),Default Title,,7400.0,Sale,1,2,1,https://www.muskanjewel.com/products/jadau-kundan-bridal-necklace-with-pearl-and-strawberry-beads-drops-no-earrings?variant=gid://shopify/ProductVariant/52628982530364
2026-08-02 06:18:29,Jadau kundan peacock full earcuff jhumkas with pearl and natural strawberry beads drop,Default Title,,3700.0,Sale,1,2,1,https://www.muskanjewel.com/products/jadau-kundan-peacock-full-earcuff-jhumkas-with-pearl-and-natural-strawberry-beads-drop-2?variant=gid://shopify/ProductVariant/52802182250812
2026-08-02 06:18:29,Jadau kundan floral round tika with pearl and natural strawberry beads,Default Title,,1300.0,Sale,1,2,1,https://www.muskanjewel.com/products/jadau-kundan-floral-round-tika-with-pearl-and-natural-strawberry-beads?variant=gid://shopify/ProductVariant/52974914961724
2026-08-02 08:40:56,Jadau kundan floral round tika with pearl and natural strawberry beads,Default Title,,1300.0,Sold Out,1,1,0,https://www.muskanjewel.com/products/jadau-kundan-floral-round-tika-with-pearl-and-natural-strawberry-beads?variant=gid://shopify/ProductVariant/52974914961724
2026-08-02 09:05:44,jadau kundan peacock tika with pearl drop and natural strawberry beads,Default Title,,800.0,Sale,1,2,1,https://www.muskanjewel.com/products/jadau-kundan-peacock-tika-with-pearl-drop-and-natural-strawberry-beads?variant=gid://shopify/ProductVariant/52628585251132
2026-08-02 11:01:18,Jadau kundan sun and moon with pearls,RED,,1300.0,Sale,1,14,13,https://www.muskanjewel.com/products/jadau-kundan-sun-and-moon-with-pearls?variant=gid://shopify/ProductVariant/52887015719228
2026-08-02 11:01:18,Jadau kundan chand floral hair accessories with pearl and natural strawberry beads,Default Title,,600.0,Sold Out,2,2,0,https://www.muskanjewel.com/products/jadau-kundan-chand-floral-hair-accessories-with-pearl-and-natural-strawberry-beads?variant=gid://shopify/ProductVariant/52801999929660
2026-08-02 14:50:44,Jadau Kundan Lotus Earrings Drop with Pearls,Default Title,,1500.0,Sale,1,5,4,https://www.muskanjewel.com/products/jadau-kundan-lotus-earrings-drop-with-pearls?variant=gid://shopify/ProductVariant/53823489671484
2026-08-03 02:10:46,Temple/Antique Goddess Laxmi necklace with pearl and natural strawberry beads,Default Title,,1300.0,Sale,1,5,4,https://www.muskanjewel.com/products/temple-antique-goddess-laxmi-necklace-with-pearl-and-natural-strawberry-beads?variant=gid://shopify/ProductVariant/53028772938044
2026-08-03 07:31:05,Jadau Kundan Peacock Jhumkas Pearls and Natural Strawberry Beads,Default Title,,2000.0,Sale,1,6,5,https://www.muskanjewel.com/products/jadau-kundan-peacock-jhumkas-pearls-and-natural-strawberry-beads?variant=gid://shopify/ProductVariant/53839961227580
2026-08-03 11:40:48,Jadau kundan jhumkas with pearl and natural strawberry beads drop,Default Title,,2100.0,Sale,1,2,1,https://www.muskanjewel.com/products/jadau-kundan-jhumkas-with-pearl-and-natural-strawberry-beads-drop-6?variant=gid://shopify/ProductVariant/52898986688828
2026-08-03 13:05:43,Jadau kundan peacock jhumkas with pearl and natural strawberry beads,Default Title,,1400.0,New Arrival,5,0,5,https://www.muskanjewel.com/products/jadau-kundan-peacock-jhumkas-with-pearl-and-natural-strawberry-beads-3?variant=gid://shopify/ProductVariant/52969031270716
2026-08-03 13:50:47,Jadau kundan peacock full earcuff jhumkas with pearl and natural strawberry beads drop,Default Title,,4100.0,New Arrival,5,0,5,https://www.muskanjewel.com/products/jadau-kundan-peacock-full-earcuff-jhumkas-with-pearl-and-natural-strawberry-beads-drop?variant=gid://shopify/ProductVariant/52802091811132
2026-08-03 14:06:00,Jadau kundan choker with pearl and natural strawberry beads drop,Default Title,,1800.0,New Arrival,1,0,1,https://www.muskanjewel.com/products/jadau-kundan-choker-with-pearl-and-natural-strawberry-beads-drop?variant=gid://shopify/ProductVariant/52914403082556
2026-08-03 14:06:00,Jadau kundan peacock jhumkas with pearl and natural strawberry beads,Default Title,,3300.0,New Arrival,3,0,3,https://www.muskanjewel.com/products/jadau-kundan-peacock-jhumkas-with-pearl-and-natural-strawberry-beads-4?variant=gid://shopify/ProductVariant/52971500798268
2026-08-03 14:11:37,Jadau kundan Jhumkas with pearl and natural strawberry beads,Default Title,,1800.0,New Arrival,5,0,5,https://www.muskanjewel.com/products/jadau-kundan-jhumkas-with-pearl-and-natural-strawberry-beads-6?variant=gid://shopify/ProductVariant/52805150114108
2026-08-03 14:40:51,Jadau kundan black beads pendant mala,Default Title,,2200.0,Sale,2,5,3,https://www.muskanjewel.com/products/jadau-kundan-black-beads-pendant-mala?variant=gid://shopify/ProductVariant/52737572241724
2026-08-03 14:45:57,Jadau kundan peacock studs with pearl and natural strawberry beads,Default Title,,1000.0,Sale,3,7,4,https://www.muskanjewel.com/products/jadau-kundan-peacock-studs-with-pearl-and-natural-strawberry-beads?variant=gid://shopify/ProductVariant/52804998955324
2026-08-03 14:50:57,Jadau kundan 2 line necklace with pearl and natural strawberry beads drop(No Earrings),Default Title,,3400.0,New Arrival,1,0,1,https://www.muskanjewel.com/products/jadau-kundan-2-line-necklace-with-pearl-and-natural-strawberry-beads-dropno-earrings?variant=gid://shopify/ProductVariant/52991079186748
2026-08-03 16:05:49,Jadau kundan tika with pearl and natural strawberry beads drop,Default Title,,1100.0,Sale,1,6,5,https://www.muskanjewel.com/products/jadau-kundan-tika-with-pearl-and-natural-strawberry-beads-drop-3?variant=gid://shopify/ProductVariant/52737338212668
2026-08-04 04:01:19,Temple/Antique bottu mala peacock necklace(With Earrings),Default Title,,1750.0,Sale,1,6,5,https://www.muskanjewel.com/products/temple-antique-bottu-mala-peacock-necklacewith-earrings?variant=gid://shopify/ProductVariant/53039439184188
2026-08-04 05:40:46,Unique Chandbali Pearls and Natural Strawberry Beads,Default Title,,900.0,Sale,1,4,3,https://www.muskanjewel.com/products/unique-chandbali-pearls-and-natural-strawberry-beads?variant=gid://shopify/ProductVariant/53838241956156
2026-08-04 06:45:54,Jadau Kundan Floral with Pearls and Natural Strawberry Beads,Default Title,,1000.0,Sale,1,14,13,https://www.muskanjewel.com/products/jadau-kundan-floral-with-pearls-and-natural-strawberry-beads?variant=gid://shopify/ProductVariant/53842508579132
2026-08-04 06:55:42,Jadau kundan black beads pendant mala,Default Title,,2200.0,Sale,1,3,2,https://www.muskanjewel.com/products/jadau-kundan-black-beads-pendant-mala?variant=gid://shopify/ProductVariant/52737572241724
2026-08-04 08:05:48,Jadau kundan floral round tika with pearl and natural strawberry beads,Default Title,,1300.0,Restock,1,0,1,https://www.muskanjewel.com/products/jadau-kundan-floral-round-tika-with-pearl-and-natural-strawberry-beads?variant=gid://shopify/ProductVariant/52974914961724
2026-08-04 12:46:02,Jadau kundan floral half moon pendant with pearl and natural strawberry beads,Default Title,,1650.0,New Arrival,5,0,5,https://www.muskanjewel.com/products/jadau-kundan-floral-half-moon-pendant-with-pearl-and-natural-strawberry-beads?variant=gid://shopify/ProductVariant/52918730654012
2026-08-04 14:40:53,Jadau kundan 2 line necklace with pearl and natural strawberry beads drop(No Earrings),Default Title,,3400.0,Sold Out,1,1,0,https://www.muskanjewel.com/products/jadau-kundan-2-line-necklace-with-pearl-and-natural-strawberry-beads-dropno-earrings?variant=gid://shopify/ProductVariant/52991079186748
2026-08-04 14:45:58,Jadau kundan sun and moon with pearls,RED,,1300.0,Sale,1,13,12,https://www.muskanjewel.com/products/jadau-kundan-sun-and-moon-with-pearls?variant=gid://shopify/ProductVariant/52887015719228
2026-08-04 17:20:56,Jadau kundan jhumkas with pearl drop and natural strawberry beads,Default Title,,1800.0,Sale,1,2,1,https://www.muskanjewel.com/products/jadau-kundan-jhumkas-with-pearl-drop-and-natural-strawberry-beads-2?variant=gid://shopify/ProductVariant/52628407648572
2026-08-05 08:10:50,Jadau kundan full white peacock studs,Default Title,,1500.0,Sale,1,4,3,https://www.muskanjewel.com/products/jadau-kundan-full-white-peacock-studs?variant=gid://shopify/ProductVariant/52628421935420
2026-08-05 10:01:30,Jadau kundan lotus tika with pearl drops,Default Title,,850.0,Sale,1,13,12,https://www.muskanjewel.com/products/jadau-kundan-lotus-tika-with-pearl-drops?variant=gid://shopify/ProductVariant/52628751417660
2026-08-05 13:15:56,Jadau kundan+Antique peacock necklace set with earrings and natural strawberry beads drop,Default Title,,4000.0,New Arrival,5,0,5,https://www.muskanjewel.com/products/jadau-kundan-antique-peacock-necklace-set-with-earrings-and-natural-strawberry-beads-drop?variant=gid://shopify/ProductVariant/52817448108348
2026-08-05 13:31:24,jadau kundan bridal tika with pearl and natural strawberry beads drop,Default Title,,1200.0,Sale,1,6,5,https://www.muskanjewel.com/products/jadau-kundan-bridal-tika-with-pearl-and-natural-strawberry-beads-drop?variant=gid://shopify/ProductVariant/52737323106620
2026-08-05 13:31:24,Jadau kundan+Antique peacock necklace set with earrings and natural strawberry beads drop,Default Title,,4000.0,Restock,17,5,22,https://www.muskanjewel.com/products/jadau-kundan-antique-peacock-necklace-set-with-earrings-and-natural-strawberry-beads-drop?variant=gid://shopify/ProductVariant/52817448108348
2026-08-05 16:40:52,Jadau Kundan Floral Jhumkas with Pearl and Natural Strawberry Beads,Default Title,,1900.0,Sale,1,10,9,https://www.muskanjewel.com/products/jadau-kundan-floral-jhumkas-with-pearl-and-natural-strawberry-beads-2?variant=gid://shopify/ProductVariant/53821779738940
2026-08-05 16:55:38,Jadau kundan studs with pearl and natural strawberry beads,Default Title,,1200.0,Sale,1,3,2,https://www.muskanjewel.com/products/jadau-kundan-studs-with-pearl-and-natural-strawberry-beads?variant=gid://shopify/ProductVariant/52727573053756
2026-08-05 17:50:59,Jadau kundan lotus tika with pearl drops,Default Title,,850.0,Sale,1,12,11,https://www.muskanjewel.com/products/jadau-kundan-lotus-tika-with-pearl-drops?variant=gid://shopify/ProductVariant/52628751417660
2026-08-05 19:10:49,Jadau kundan lotus tika with pearl drops,Default Title,,850.0,Sale,1,11,10,https://www.muskanjewel.com/products/jadau-kundan-lotus-tika-with-pearl-drops?variant=gid://shopify/ProductVariant/52628751417660
2026-08-06 08:05:41,Jadau kundan full white peacock studs,Default Title,,1500.0,Sold Out,3,3,0,https://www.muskanjewel.com/products/jadau-kundan-full-white-peacock-studs?variant=gid://shopify/ProductVariant/52628421935420
2026-08-06 10:05:49,Jadau kundan floral necklace(No Earrings),Red,,1300.0,Sale,1,4,3,https://www.muskanjewel.com/products/jadau-kundan-floral-necklaceno-earrings?variant=gid://shopify/ProductVariant/52912056762684
2026-08-06 23:03:47,Jadau kundan jhumkas with pearl drop and natural strawberry beads,Default Title,,2700.0,Sale,1,4,3,https://www.muskanjewel.com/products/jadau-kundan-jhumkas-with-pearl-drop-and-natural-strawberry-beads-1?variant=gid://shopify/ProductVariant/52628404633916
2026-08-06 23:03:47,Jadau kundan Peacock earrings drops with pearl and natural strawberry beads,Default Title,,1900.0,Sale,1,3,2,https://www.muskanjewel.com/products/jadau-kundan-peacock-earrings-drops-with-pearl-and-natural-strawberry-beads?variant=gid://shopify/ProductVariant/52727583375676
2026-08-06 23:03:47,Jadau Kundan Lotus Earrings Drop with Pearls,Default Title,,1500.0,Sale,1,4,3,https://www.muskanjewel.com/products/jadau-kundan-lotus-earrings-drop-with-pearls?variant=gid://shopify/ProductVariant/53823489671484
2026-08-06 23:03:47,Jadau kundan black beads pendant mala,Default Title,,2100.0,Sold Out,1,1,0,https://www.muskanjewel.com/products/jadau-kundan-black-beads-pendant-mala-1?variant=gid://shopify/ProductVariant/52737587446076
2026-08-06 23:03:47,Jadau kundan peacock full earcuff jhumkas with pearl and natural strawberry beads drop,Default Title,,3700.0,Sold Out,1,1,0,https://www.muskanjewel.com/products/jadau-kundan-peacock-full-earcuff-jhumkas-with-pearl-and-natural-strawberry-beads-drop-2?variant=gid://shopify/ProductVariant/52802182250812
2026-08-07 07:10:53,Jadau kundan studs with pearl and natural strawberry beads,Default Title,,1200.0,Sale,1,2,1,https://www.muskanjewel.com/products/jadau-kundan-studs-with-pearl-and-natural-strawberry-beads?variant=gid://shopify/ProductVariant/52727573053756
2026-08-07 07:25:40,Jadau kundan jhumkas with pearl drop and natural strawberry beads,Default Title,,1800.0,Sold Out,1,1,0,https://www.muskanjewel.com/products/jadau-kundan-jhumkas-with-pearl-drop-and-natural-strawberry-beads-2?variant=gid://shopify/ProductVariant/52628407648572
2026-08-07 07:40:51,Jadau kundan peacock full earcuff jhumkas with pearl and natural strawberry beads drop,Default Title,,4100.0,Sale,1,5,4,https://www.muskanjewel.com/products/jadau-kundan-peacock-full-earcuff-jhumkas-with-pearl-and-natural-strawberry-beads-drop?variant=gid://shopify/ProductVariant/52802091811132
2026-08-07 07:50:49,Jadau kundan peacock studs with pearl and natural strawberry beads,Default Title,,1000.0,Sale,1,4,3,https://www.muskanjewel.com/products/jadau-kundan-peacock-studs-with-pearl-and-natural-strawberry-beads?variant=gid://shopify/ProductVariant/52804998955324
2026-08-07 07:55:44,Jadau kundan sun and moon with pearls,RED,,1300.0,Sale,1,12,11,https://www.muskanjewel.com/products/jadau-kundan-sun-and-moon-with-pearls?variant=gid://shopify/ProductVariant/52887015719228
2026-08-07 13:31:14,Jadau kundan+Antique peacock necklace set with earrings and natural strawberry beads drop,Default Title,,4000.0,Sale,1,22,21,https://www.muskanjewel.com/products/jadau-kundan-antique-peacock-necklace-set-with-earrings-and-natural-strawberry-beads-drop?variant=gid://shopify/ProductVariant/52817448108348
2026-08-07 16:31:10,Jadau Kundan Lotus studs with natural strawberry beads,Default Title,,900.0,Sold Out,1,1,0,https://www.muskanjewel.com/products/jadau-kundan-lotus-studs-with-natural-strawberry-beads?variant=gid://shopify/ProductVariant/52626165891388
2026-08-08 02:05:40,Jadau kundan+moissonite polki chain necklace with pearl (With Earrings),Default Title,,1600.0,Sale,1,2,1,https://www.muskanjewel.com/products/jadau-kundan-moissonite-polki-chain-necklace-with-pearl-with-earrings?variant=gid://shopify/ProductVariant/52991345721660
2026-08-08 03:58:01,Temple/Antique mango necklace (With Earrings),Default Title,,1350.0,Sale,1,2,1,https://www.muskanjewel.com/products/temple-antique-mango-necklace-with-earrings?variant=gid://shopify/ProductVariant/53044883325244
2026-08-08 06:01:19,jadau kundan peacock tika with pearl drop and natural strawberry beads,Default Title,,800.0,Sold Out,1,1,0,https://www.muskanjewel.com/products/jadau-kundan-peacock-tika-with-pearl-drop-and-natural-strawberry-beads?variant=gid://shopify/ProductVariant/52628585251132
2026-08-08 07:50:45,"Jadau Kundan Floral Pandent Pearls/Beads Mala with Rice Pearls, Onyx and Natural Strawberry Beads",Default Title,,2850.0,Sale,1,5,4,https://www.muskanjewel.com/products/jadau-kundan-floral-pandent-pearls-beads-mala-with-rice-pearls-onyx-and-natural-strawberry-beads?variant=gid://shopify/ProductVariant/53828101308732
2026-08-08 09:01:19,jadau kundan bridal tika with pearl and natural strawberry beads drop,Default Title,,1200.0,Sale,1,5,4,https://www.muskanjewel.com/products/jadau-kundan-bridal-tika-with-pearl-and-natural-strawberry-beads-drop?variant=gid://shopify/ProductVariant/52737323106620
2026-08-08 10:04:49,Jadau kundan floral tika with pearl and natural strawberry beads drop,Default Title,,850.0,Sale,1,3,2,https://www.muskanjewel.com/products/jadau-kundan-floral-tika-with-pearl-and-natural-strawberry-beads-drop-1?variant=gid://shopify/ProductVariant/52974848573756
2026-08-08 14:05:44,jadau kundan floral jhumkas with pearl and natural strawberry beads,Default Title,,1000.0,Sale,1,2,1,https://www.muskanjewel.com/products/jadau-kundan-floral-jhumkas-with-pearl-and-natural-strawberry-beads?variant=gid://shopify/ProductVariant/52626224087356
2026-08-08 14:31:03,Jadau kundan black beads pendant mala,Default Title,,2200.0,Sale,1,2,1,https://www.muskanjewel.com/products/jadau-kundan-black-beads-pendant-mala?variant=gid://shopify/ProductVariant/52737572241724
2026-08-09 06:35:42,Diamond finish Bottumala mango short necklace (With Earrings),Default Title,,2500.0,Sale,1,4,3,https://www.muskanjewel.com/products/diamond-finish-bottumala-mango-short-necklace-with-earrings?variant=gid://shopify/ProductVariant/52635835007292
2026-08-09 07:20:47,Jadau Kundan Lotus Earrings Drop with Pearls,Default Title,,1500.0,Sale,1,3,2,https://www.muskanjewel.com/products/jadau-kundan-lotus-earrings-drop-with-pearls?variant=gid://shopify/ProductVariant/53823489671484
2026-08-09 08:55:38,Jadau kundan floral jhumkas with pearl drop and natural strawberry beads,Default Title,,1000.0,Sale,1,5,4,https://www.muskanjewel.com/products/jadau-kundan-floral-jhumkas-with-pearl-drop-and-natural-strawberry-beads?variant=gid://shopify/ProductVariant/52628403945788
2026-08-09 10:25:44,Jadau kundan+moissonite polki chain necklace with pearl (With Earrings),Default Title,,1600.0,Sold Out,1,1,0,https://www.muskanjewel.com/products/jadau-kundan-moissonite-polki-chain-necklace-with-pearl-with-earrings?variant=gid://shopify/ProductVariant/52991345721660
2026-08-09 11:31:03,Temple/Antique Goddess Laxmi necklace with pearl and natural strawberry beads drop(With Earrings),Default Title,,1000.0,Sale,1,3,2,https://www.muskanjewel.com/products/temple-antique-goddess-laxmi-necklace-with-pearl-and-natural-strawberry-beads-dropwith-earrings?variant=gid://shopify/ProductVariant/53019686338876
2026-08-09 11:40:50,Jadau kundan peacock necklace with pearl and natural strawberry beads drop(Without earrings),Default Title,,4750.0,Sold Out,1,1,0,https://www.muskanjewel.com/products/jadau-kundan-peacock-necklace-with-pearl-and-natural-strawberry-beads-dropwithout-earrings?variant=gid://shopify/ProductVariant/52991105139004
2026-08-09 16:20:47,Jadau kundan chand shape bridal tika with pearls,Default Title,,1500.0,Sale,1,3,2,https://www.muskanjewel.com/products/jadau-kundan-chand-shape-bridal-tika-with-pearls?variant=gid://shopify/ProductVariant/52979685327164
2026-08-10 07:25:40,Jadau kundan floral studs with pearl and natural strawberry beads,Default Title,,1000.0,Sale,1,3,2,https://www.muskanjewel.com/products/jadau-kundan-floral-studs-with-pearl-and-natural-strawberry-beads?variant=gid://shopify/ProductVariant/52887057105212
2026-08-10 08:20:47,jadau kundan floral jhumkas with pearl and natural strawberry beads,Default Title,,1000.0,Sold Out,1,1,0,https://www.muskanjewel.com/products/jadau-kundan-floral-jhumkas-with-pearl-and-natural-strawberry-beads?variant=gid://shopify/ProductVariant/52626224087356
2026-08-10 08:35:43,Jadau Kundan Lotus Earrings Drop with Pearls,Default Title,,1500.0,Sale,1,2,1,https://www.muskanjewel.com/products/jadau-kundan-lotus-earrings-drop-with-pearls?variant=gid://shopify/ProductVariant/53823489671484
2026-08-10 08:35:43,Jadau Kundan Floral Jhumkas Pearls and Natural Strawberry Beads,Default Title,,1300.0,Sale,1,6,5,https://www.muskanjewel.com/products/jadau-kundan-floral-jhumkas-pearls-and-natural-strawberry-beads?variant=gid://shopify/ProductVariant/53840822599996
2026-08-10 11:01:32,Jadau kundan jhumkas with pearl drop and natural strawberry beads,Default Title,,1800.0,Restock,10,0,10,https://www.muskanjewel.com/products/jadau-kundan-jhumkas-with-pearl-drop-and-natural-strawberry-beads-2?variant=gid://shopify/ProductVariant/52628407648572
2026-08-10 13:55:47,Jadau kundan Peacock earrings drops with pearl and natural strawberry beads,Default Title,,1900.0,Sale,1,2,1,https://www.muskanjewel.com/products/jadau-kundan-peacock-earrings-drops-with-pearl-and-natural-strawberry-beads?variant=gid://shopify/ProductVariant/52727583375676
2026-08-10 15:01:25,Jadau kundan jhumkas with pearl and natural strawberry beads drop,Default Title,,2200.0,Sale,1,10,9,https://www.muskanjewel.com/products/jadau-kundan-jhumkas-with-pearl-and-natural-strawberry-beads-drop-3?variant=gid://shopify/ProductVariant/52804484301116
2026-08-10 15:01:25,Jadau kundan floral round tika with pearl and natural strawberry beads,Default Title,,1300.0,Sold Out,1,1,0,https://www.muskanjewel.com/products/jadau-kundan-floral-round-tika-with-pearl-and-natural-strawberry-beads?variant=gid://shopify/ProductVariant/52974914961724
2026-08-10 15:40:58,Jadau kundan jhumkas with pearl and natural strawberry beads drop,Default Title,,1100.0,Sale,1,3,2,https://www.muskanjewel.com/products/jadau-kundan-jhumkas-with-pearl-and-natural-strawberry-beads-drop-4?variant=gid://shopify/ProductVariant/52804897177916
2026-08-11 01:25:39,Jadau kundan floral jhumkas with pearl drop and natural strawberry beads,Default Title,,1000.0,Sale,1,4,3,https://www.muskanjewel.com/products/jadau-kundan-floral-jhumkas-with-pearl-drop-and-natural-strawberry-beads?variant=gid://shopify/ProductVariant/52628403945788
2026-08-11 01:25:39,Jadau kundan floral chand tika with pearl and natural strawberry beads,Default Title,,1000.0,Sale,1,3,2,https://www.muskanjewel.com/products/jadau-kundan-floral-chand-tika-with-pearl-and-natural-strawberry-beads?variant=gid://shopify/ProductVariant/52974942323004
2026-08-11 01:50:47,Jadau kundan floral tika with pearl and natural strawberry beads drop,Default Title,,850.0,Sale,1,2,1,https://www.muskanjewel.com/products/jadau-kundan-floral-tika-with-pearl-and-natural-strawberry-beads-drop-1?variant=gid://shopify/ProductVariant/52974848573756
2026-08-11 03:50:48,Jadau kundan sun and moon with pearls,RED,,1300.0,Sale,1,11,10,https://www.muskanjewel.com/products/jadau-kundan-sun-and-moon-with-pearls?variant=gid://shopify/ProductVariant/52887015719228
2026-08-11 03:50:48,Jadau kundan black beads pendant mala,Default Title,,2200.0,Sold Out,1,1,0,https://www.muskanjewel.com/products/jadau-kundan-black-beads-pendant-mala?variant=gid://shopify/ProductVariant/52737572241724
2026-08-11 03:50:48,Jadau kundan studs with pearls,Default Title,,750.0,Sold Out,1,1,0,https://www.muskanjewel.com/products/jadau-kundan-studs-with-pearls-2?variant=gid://shopify/ProductVariant/52899187687740
2026-08-11 05:35:41,Jadau kundan tika with pearl and natural strawberry beads drop,Default Title,,1100.0,Sale,1,5,4,https://www.muskanjewel.com/products/jadau-kundan-tika-with-pearl-and-natural-strawberry-beads-drop-3?variant=gid://shopify/ProductVariant/52737338212668
2026-08-11 07:35:38,Jadau kundan floral tika with pearl and natural strawberry beads drop,Default Title,,850.0,Sold Out,1,1,0,https://www.muskanjewel.com/products/jadau-kundan-floral-tika-with-pearl-and-natural-strawberry-beads-drop-1?variant=gid://shopify/ProductVariant/52974848573756
2026-08-11 07:55:41,Jadau kundan studs with pearl and natural strawberry beads,Default Title,,1200.0,Sold Out,1,1,0,https://www.muskanjewel.com/products/jadau-kundan-studs-with-pearl-and-natural-strawberry-beads?variant=gid://shopify/ProductVariant/52727573053756
2026-08-11 08:01:21,Jadau kundan Peacock earrings drop with pearl and natural strawberry beads,Default Title,,1900.0,Sold Out,1,1,0,https://www.muskanjewel.com/products/jadau-kundan-peacock-earrings-drop-with-pearl-and-natural-strawberry-beads?variant=gid://shopify/ProductVariant/52727608967484
2026-08-11 08:40:49,Jadau kundan floral jhumkas with pearl drop and natural strawberry beads,Default Title,,1000.0,Sale,1,3,2,https://www.muskanjewel.com/products/jadau-kundan-floral-jhumkas-with-pearl-drop-and-natural-strawberry-beads?variant=gid://shopify/ProductVariant/52628403945788
2026-08-11 11:15:51,Temple/Antique Goddess Laxmi necklace with pearl and natural strawberry beads drop(With Earrings),Default Title,,1000.0,Sale,1,2,1,https://www.muskanjewel.com/products/temple-antique-goddess-laxmi-necklace-with-pearl-and-natural-strawberry-beads-dropwith-earrings?variant=gid://shopify/ProductVariant/53019686338876
2026-08-11 11:20:48,Jadau kundan chand shape bridal tika with pearls,Default Title,,1500.0,Sale,1,2,1,https://www.muskanjewel.com/products/jadau-kundan-chand-shape-bridal-tika-with-pearls?variant=gid://shopify/ProductVariant/52979685327164
2026-08-11 11:20:48,"Jadau Kundan Floral Pandent Pearls/Beads Mala with Rice Pearls, Onyx and Natural Strawberry Beads",Default Title,,2850.0,Sale,1,4,3,https://www.muskanjewel.com/products/jadau-kundan-floral-pandent-pearls-beads-mala-with-rice-pearls-onyx-and-natural-strawberry-beads?variant=gid://shopify/ProductVariant/53828101308732
2026-08-11 11:20:48,Jadau Kundan Floral Jhumkas Pearls and Natural Strawberry Beads,Default Title,,1300.0,Sale,1,5,4,https://www.muskanjewel.com/products/jadau-kundan-floral-jhumkas-pearls-and-natural-strawberry-beads?variant=gid://shopify/ProductVariant/53840822599996
2026-08-11 11:25:43,Jadau kundan black beads pendant mala,Default Title,,2100.0,Restock,1,0,1,https://www.muskanjewel.com/products/jadau-kundan-black-beads-pendant-mala-1?variant=gid://shopify/ProductVariant/52737587446076
2026-08-11 13:15:56,Jadau Kundan Floral Natural Strawberry Beads,Default Title,,1000.0,New Arrival,10,0,10,https://www.muskanjewel.com/products/jadau-kundan-floral-natural-strawberry-beads?variant=gid://shopify/ProductVariant/53979896381756
2026-08-11 14:05:48,Jadau Kundan Goddess Laxmi with Pearls and Natural Strawberry Beads,Default Title,,1450.0,New Arrival,6,0,6,https://www.muskanjewel.com/products/jadau-kundan-goddess-laxmi-with-pearls-and-natural-strawberry-beads?variant=gid://shopify/ProductVariant/53979925807420
2026-08-11 14:15:51,Jadau Kundan Floral with Pearls and Natural Strawberry Beads,Default Title,,1900.0,New Arrival,3,0,3,https://www.muskanjewel.com/products/jadau-kundan-floral-with-pearls-and-natural-strawberry-beads-1?variant=gid://shopify/ProductVariant/53979930263868
2026-08-11 14:31:16,Jadau Kundan Peacock with Pearls and Natural Strawberry Beads,Default Title,,650.0,New Arrival,5,0,5,https://www.muskanjewel.com/products/jadau-kundan-peacock-with-pearls-and-natural-strawberry-beads?variant=gid://shopify/ProductVariant/53979941634364
2026-08-11 15:55:42,Jadau kundan black beads pendant mala,Default Title,,2100.0,Sold Out,1,1,0,https://www.muskanjewel.com/products/jadau-kundan-black-beads-pendant-mala-1?variant=gid://shopify/ProductVariant/52737587446076
2026-08-11 16:55:42,Jadau kundan peacock jhumkas with pearl and natural strawberry beads,Default Title,,1400.0,Sale,1,5,4,https://www.muskanjewel.com/products/jadau-kundan-peacock-jhumkas-with-pearl-and-natural-strawberry-beads-3?variant=gid://shopify/ProductVariant/52969031270716
2026-08-11 17:01:24,Jadau Kundan Lotus Earrings Drop with Pearls,Default Title,,1500.0,Sold Out,1,1,0,https://www.muskanjewel.com/products/jadau-kundan-lotus-earrings-drop-with-pearls?variant=gid://shopify/ProductVariant/53823489671484
2026-08-12 04:31:01,Jadau kundan sun and moon with pearls,WHITE,,1300.0,Sale,1,2,1,https://www.muskanjewel.com/products/jadau-kundan-sun-and-moon-with-pearls?variant=gid://shopify/ProductVariant/52887015751996
2026-08-12 06:15:54,Jadau kundan 2 line necklace with pearl and natural strawberry beads drop(No Earrings),Default Title,,3400.0,New Arrival,3,0,3,https://www.muskanjewel.com/products/jadau-kundan-2-line-necklace-with-pearl-and-natural-strawberry-beads-dropno-earrings?variant=gid://shopify/ProductVariant/52991079186748
2026-08-12 06:35:47,Jadau kundan antique peacock necklace with pearl and natural strawberry beads(No earrings),Default Title,,2700.0,New Arrival,1,0,1,https://www.muskanjewel.com/products/jadau-kundan-antique-peacock-necklace-with-pearl-and-natural-strawberry-beadsno-earrings?variant=gid://shopify/ProductVariant/52629002780988
2026-08-12 07:05:40,Jadau Kundan Floral with Rice Pearls and Strawberry Beads,Default Title,,2500.0,New Arrival,6,0,6,https://www.muskanjewel.com/products/jadau-kundan-floral-with-rice-pearls-and-strawberry-beads?variant=gid://shopify/ProductVariant/53980012249404
2026-08-12 08:50:48,Jadau kundan jhumkas with pearl drop and natural strawberry beads,Default Title,,1800.0,Sale,1,10,9,https://www.muskanjewel.com/products/jadau-kundan-jhumkas-with-pearl-drop-and-natural-strawberry-beads-2?variant=gid://shopify/ProductVariant/52628407648572
2026-08-12 12:55:44,Jadau kundan tika with pearl drop and natural strawberry beads,Default Title,,950.0,New Arrival,2,0,2,https://www.muskanjewel.com/products/jadau-kundan-tika-with-pearl-drop-and-natural-strawberry-beads-3?variant=gid://shopify/ProductVariant/52628744143164
2026-08-12 12:55:44,Jadau Kundan Sun & Moon Hair Accessories,Default Title,,1100.0,New Arrival,7,0,7,https://www.muskanjewel.com/products/jadau-kundan-sun-moon-hair-accessories?variant=gid://shopify/ProductVariant/52801987084604
2026-08-12 12:55:44,Jadau kundan sun and moon with pearls,WHITE,,1300.0,Restock,2,1,3,https://www.muskanjewel.com/products/jadau-kundan-sun-and-moon-with-pearls?variant=gid://shopify/ProductVariant/52887015751996
2026-08-12 13:05:46,Jadau kundan chand shape bridal tika with pearls,Default Title,,1500.0,Restock,10,1,11,https://www.muskanjewel.com/products/jadau-kundan-chand-shape-bridal-tika-with-pearls?variant=gid://shopify/ProductVariant/52979685327164
2026-08-12 13:10:50,jadau kundan bridal tika with pearl and natural strawberry beads drop,Default Title,,1200.0,Sale,1,4,3,https://www.muskanjewel.com/products/jadau-kundan-bridal-tika-with-pearl-and-natural-strawberry-beads-drop?variant=gid://shopify/ProductVariant/52737323106620
2026-08-12 13:10:50,Jadau kundan floral round tika with pearl and natural strawberry beads,Default Title,,1300.0,New Arrival,13,0,13,https://www.muskanjewel.com/products/jadau-kundan-floral-round-tika-with-pearl-and-natural-strawberry-beads?variant=gid://shopify/ProductVariant/52974914961724
2026-08-12 13:15:52,Jadau kundan peacock tika with pearl and natural strawberry beads drop,Default Title,,1100.0,New Arrival,1,0,1,https://www.muskanjewel.com/products/jadau-kundan-peacock-tika-with-pearl-and-natural-strawberry-beads-drop?variant=gid://shopify/ProductVariant/52801954742588
2026-08-12 13:15:52,Jadau Kundan Floral Chandbali with Pearls and Natural Strawberry Beads,Default Title,,2000.0,New Arrival,6,0,6,https://www.muskanjewel.com/products/floral-chandbali-with-pearls-and-natural-strawberry-beads?variant=gid://shopify/ProductVariant/53979999043900
2026-08-12 13:20:47,Jadau Kundan Leaf Tika with Pearls and Natural Strawberry Beads,Default Title,,750.0,New Arrival,25,0,25,https://www.muskanjewel.com/products/jadau-kundan-with-pearls-and-natural-strawberry-beads?variant=gid://shopify/ProductVariant/53979961786684
2026-08-12 13:31:10,Jadau Kundan Floral with Rice Pearls and Strawberry Beads,Default Title,,2500.0,Sold Out,6,6,0,https://www.muskanjewel.com/products/jadau-kundan-floral-with-rice-pearls-and-strawberry-beads?variant=gid://shopify/ProductVariant/53980012249404
2026-08-12 13:40:51,Jadau Kundan Chandbali Shape studs with Rice Pearls,Default Title,,1000.0,New Arrival,12,0,12,https://www.muskanjewel.com/products/jadau-kundan-jhumkas-with-rice-pearls?variant=gid://shopify/ProductVariant/53981045031228
2026-08-12 13:45:47,Jadau Kundan Floral Jhumkas with Rice Pearls and Natural Strawberry Beads,Default Title,,3200.0,New Arrival,6,0,6,https://www.muskanjewel.com/products/jadau-kundan-jhumkas-with-rice-pearls-and-natural-strawberry-beads?variant=gid://shopify/ProductVariant/53981050241340
2026-08-12 13:45:47,Jadau Kundan Peacock Studs,Default Title,,1000.0,New Arrival,12,0,12,https://www.muskanjewel.com/products/jadau-kundan-peacock-studs-3?variant=gid://shopify/ProductVariant/53981073211708
2026-08-12 13:51:02,Jadau Kundan Floral Jhumkas with Pearls and Natural Strawberry Beads Drop,Default Title,,1600.0,New Arrival,8,0,8,https://www.muskanjewel.com/products/jadau-kundan-floral-jhumkas-with-pearls-and-natural-strawberry-beads-drop-1?variant=gid://shopify/ProductVariant/53981093331260
2026-08-12 14:01:17,Jadau Kundan Floral Chandbali with Pearls and Onyx Beads,Default Title,,900.0,New Arrival,8,0,8,https://www.muskanjewel.com/products/floral-chandbali-with-pearls-and-onyx-beads?variant=gid://shopify/ProductVariant/53981114892604
2026-08-12 14:45:52,Jadau Kundan Lotus Earrings Drop with Pearls,Default Title,,1500.0,New Arrival,15,0,15,https://www.muskanjewel.com/products/jadau-kundan-lotus-earrings-drop-with-pearls?variant=gid://shopify/ProductVariant/53823489671484
2026-08-12 16:35:44,Jadau kundan tika with pearl drop and natural strawberry beads,Default Title,,950.0,Sale,1,2,1,https://www.muskanjewel.com/products/jadau-kundan-tika-with-pearl-drop-and-natural-strawberry-beads-3?variant=gid://shopify/ProductVariant/52628744143164
2026-08-13 01:55:42,Jadau kundan tika with pearl drop and natural strawberry beads,Default Title,,950.0,Sold Out,1,1,0,https://www.muskanjewel.com/products/jadau-kundan-tika-with-pearl-drop-and-natural-strawberry-beads-3?variant=gid://shopify/ProductVariant/52628744143164
2026-08-13 08:31:06,Jadau kundan tika with pearl drop and natural strawberry beads,Default Title,,950.0,Restock,1,0,1,https://www.muskanjewel.com/products/jadau-kundan-tika-with-pearl-drop-and-natural-strawberry-beads-3?variant=gid://shopify/ProductVariant/52628744143164
2026-08-13 12:31:12,Jadau kundan jhumkas with pearl drop and natural strawberry beads,Default Title,,1800.0,Sale,1,9,8,https://www.muskanjewel.com/products/jadau-kundan-jhumkas-with-pearl-drop-and-natural-strawberry-beads-2?variant=gid://shopify/ProductVariant/52628407648572
2026-08-13 12:31:12,Jadau Kundan Peacock Necklace With Pearl & Natural Strawberry Beads,Default Title,,4200.0,Sale,1,3,2,https://www.muskanjewel.com/products/jadau-kundan-peacock-necklace-with-pearl-natural-strawberry-beads?variant=gid://shopify/ProductVariant/53660206301500
2026-08-13 13:31:12,jadau kundan Peacock studs,Default Title,,1200.0,Sale,1,6,5,https://www.muskanjewel.com/products/jadau-kundan-peacock-studs?variant=gid://shopify/ProductVariant/52626130207036
2026-08-13 13:45:58,Jadau kundan peacock studs with pearls,Default Title,,1200.0,Sale,1,4,3,https://www.muskanjewel.com/products/jadau-kundan-peacock-studs-with-pearls?variant=gid://shopify/ProductVariant/52891169259836
2026-08-13 22:01:24,Jadau Kundan Sun & Moon Hair Accessories,Default Title,,1100.0,Sale,1,7,6,https://www.muskanjewel.com/products/jadau-kundan-sun-moon-hair-accessories?variant=gid://shopify/ProductVariant/52801987084604
2026-08-14 02:35:40,Temple/Antique mango necklace (With Earrings),Default Title,,1350.0,Sold Out,1,1,0,https://www.muskanjewel.com/products/temple-antique-mango-necklace-with-earrings?variant=gid://shopify/ProductVariant/53044883325244
2026-08-14 04:01:20,Jadau kundan sun and moon with pearls,RED,,1300.0,Sale,1,10,9,https://www.muskanjewel.com/products/jadau-kundan-sun-and-moon-with-pearls?variant=gid://shopify/ProductVariant/52887015719228
2026-08-14 04:05:41,Jadau Kundan peacock necklace with pearl drops and natural strawberry beads (No earrings),Default Title,,4500.0,Sold Out,1,1,0,https://www.muskanjewel.com/products/jadau-kundan-peacock-necklace-with-pearl-drops-and-natural-strawberry-beads?variant=gid://shopify/ProductVariant/52628761641276
2026-08-14 05:05:38,Jadau kundan jhumkas with pearl drop and natural strawberry beads,Default Title,,1800.0,Sale,1,8,7,https://www.muskanjewel.com/products/jadau-kundan-jhumkas-with-pearl-drop-and-natural-strawberry-beads-2?variant=gid://shopify/ProductVariant/52628407648572
2026-08-14 07:10:51,Jadau kundan chand shape bridal tika with pearls,Default Title,,1500.0,Sale,1,11,10,https://www.muskanjewel.com/products/jadau-kundan-chand-shape-bridal-tika-with-pearls?variant=gid://shopify/ProductVariant/52979685327164
2026-08-14 08:55:42,Jadau Kundan Peacock Necklace With Pearl & Natural Strawberry Beads,Default Title,,4200.0,Sale,1,2,1,https://www.muskanjewel.com/products/jadau-kundan-peacock-necklace-with-pearl-natural-strawberry-beads?variant=gid://shopify/ProductVariant/53660206301500
2026-08-14 16:45:56,Jadau Kundan Peacock with Pearls and Natural Strawberry Beads,Default Title,,650.0,Sale,1,5,4,https://www.muskanjewel.com/products/jadau-kundan-peacock-with-pearls-and-natural-strawberry-beads?variant=gid://shopify/ProductVariant/53979941634364
2026-08-14 17:01:17,Jadau kundan peacock tika with pearl and natural strawberry beads drop,Default Title,,1100.0,Sold Out,1,1,0,https://www.muskanjewel.com/products/jadau-kundan-peacock-tika-with-pearl-and-natural-strawberry-beads-drop?variant=gid://shopify/ProductVariant/52801954742588
2026-08-14 17:35:41,Jadau kundan chand shape bridal tika with pearls,Default Title,,1500.0,Sale,1,10,9,https://www.muskanjewel.com/products/jadau-kundan-chand-shape-bridal-tika-with-pearls?variant=gid://shopify/ProductVariant/52979685327164
2026-08-14 17:35:41,Jadau Kundan Bridal Peacock Tika with Pearls and Natural Strawberry Beads,Default Title,,2100.0,Sale,1,10,9,https://www.muskanjewel.com/products/jadau-kundan-bridal-peacock-tika-with-pearls-and-natural-strawberry-beads?variant=gid://shopify/ProductVariant/53841717264700
2026-08-14 18:31:07,Temple/Antique peacock bangles multi colour (Pair),2.4,,900.0,Sale,1,2,1,https://www.muskanjewel.com/products/temple-antique-peacock-bangles-multi-colour-pair?variant=gid://shopify/ProductVariant/53016630329660
2026-08-15 04:01:17,Jadau kundan floral Jhumkas with Natural Strawberry beads,Default Title,,1500.0,Sale,1,3,2,https://www.muskanjewel.com/products/jadau-kundan-floral-jhumkas-with-natural-strawberry-beads?variant=gid://shopify/ProductVariant/52626181947708
2026-08-15 04:35:41,Jadau Kundan Goddess Laxmi with Pearls and Natural Strawberry Beads,Default Title,,1450.0,Sale,1,6,5,https://www.muskanjewel.com/products/jadau-kundan-goddess-laxmi-with-pearls-and-natural-strawberry-beads?variant=gid://shopify/ProductVariant/53979925807420
2026-08-15 06:10:45,Diamond finish Bottumala short necklace(With Earrings),Default Title,,1600.0,Sale,1,2,1,https://www.muskanjewel.com/products/diamond-finish-bottumala-short-necklacewith-earrings?variant=gid://shopify/ProductVariant/52632507679036
2026-08-15 06:20:45,Jadau Kundan Sun & Moon Hair Accessories,Default Title,,1100.0,Sale,1,6,5,https://www.muskanjewel.com/products/jadau-kundan-sun-moon-hair-accessories?variant=gid://shopify/ProductVariant/52801987084604
2026-08-15 06:25:40,jadau kundan lotus studs,Default Title,,1200.0,Sale,1,3,2,https://www.muskanjewel.com/products/jadau-kundan-lotus-studs?variant=gid://shopify/ProductVariant/52626125062460
2026-08-15 07:10:50,Jadau kundan sun and moon with pearls,RED,,1300.0,Sale,1,9,8,https://www.muskanjewel.com/products/jadau-kundan-sun-and-moon-with-pearls?variant=gid://shopify/ProductVariant/52887015719228
2026-08-15 09:10:50,Jadau kundan Peacock earrings drops with pearl and natural strawberry beads,Default Title,,1900.0,Sold Out,1,1,0,https://www.muskanjewel.com/products/jadau-kundan-peacock-earrings-drops-with-pearl-and-natural-strawberry-beads?variant=gid://shopify/ProductVariant/52727583375676
2026-08-15 09:25:40,Jadau Kundan Sun & Moon Hair Accessories,Default Title,,1100.0,Sale,1,5,4,https://www.muskanjewel.com/products/jadau-kundan-sun-moon-hair-accessories?variant=gid://shopify/ProductVariant/52801987084604
2026-08-15 09:25:40,Jadau Kundan with Floral Natural Strawberry Beads,Default Title,,1000.0,Sale,1,10,9,https://www.muskanjewel.com/products/jadau-kundan-floral-natural-strawberry-beads?variant=gid://shopify/ProductVariant/53979896381756
2026-08-15 15:15:46,Jadau kundan choker with pearl and natural strawberry beads drop,Default Title,,1800.0,Sold Out,1,1,0,https://www.muskanjewel.com/products/jadau-kundan-choker-with-pearl-and-natural-strawberry-beads-drop?variant=gid://shopify/ProductVariant/52914403082556
2026-08-15 18:10:49,Jadau kundan sun and moon with pearls,RED,,1300.0,Sale,1,8,7,https://www.muskanjewel.com/products/jadau-kundan-sun-and-moon-with-pearls?variant=gid://shopify/ProductVariant/52887015719228
2026-08-16 04:20:43,Jadau kundan navratna studs with pearl motif,Default Title,,1000.0,Sale,1,3,2,https://www.muskanjewel.com/products/jadau-kundan-navratna-studs-with-pearl-motif?variant=gid://shopify/ProductVariant/52971443978556
2026-08-16 05:05:39,Jadau Kundan Leaf Tika with Pearls and Natural Strawberry Beads,Default Title,,750.0,Sale,1,25,24,https://www.muskanjewel.com/products/jadau-kundan-with-pearls-and-natural-strawberry-beads?variant=gid://shopify/ProductVariant/53979961786684
2026-08-16 05:55:38,Jadau kundan floral half moon pendant with pearl and natural strawberry beads,Default Title,,1650.0,Sale,1,5,4,https://www.muskanjewel.com/products/jadau-kundan-floral-half-moon-pendant-with-pearl-and-natural-strawberry-beads?variant=gid://shopify/ProductVariant/52918730654012
2026-08-16 07:10:48,Jadau kundan 2 line necklace with pearl and natural strawberry beads drop(No Earrings),Default Title,,3400.0,Sale,1,3,2,https://www.muskanjewel.com/products/jadau-kundan-2-line-necklace-with-pearl-and-natural-strawberry-beads-dropno-earrings?variant=gid://shopify/ProductVariant/52991079186748
2026-08-16 09:25:41,Jadau Kundan Leaf Tika with Pearls and Natural Strawberry Beads,Default Title,,750.0,Sale,1,24,23,https://www.muskanjewel.com/products/jadau-kundan-with-pearls-and-natural-strawberry-beads?variant=gid://shopify/ProductVariant/53979961786684
2026-08-16 09:35:41,Jadau Kundan with Floral Natural Strawberry Beads,Default Title,,1000.0,Sale,1,9,8,https://www.muskanjewel.com/products/jadau-kundan-floral-natural-strawberry-beads?variant=gid://shopify/ProductVariant/53979896381756
2026-08-16 10:10:46,Jadau kundan jhumkas with pearl and natural strawberry beads,Default Title,,2200.0,Sale,1,3,2,https://www.muskanjewel.com/products/jadau-kundan-jhumkas-with-pearl-and-natural-strawberry-beads-3?variant=gid://shopify/ProductVariant/52802274427196
2026-08-16 10:10:46,Jadau Kundan Peacock Necklace With Pearl & Natural Strawberry Beads,Default Title,,4200.0,Sold Out,1,1,0,https://www.muskanjewel.com/products/jadau-kundan-peacock-necklace-with-pearl-natural-strawberry-beads?variant=gid://shopify/ProductVariant/53660206301500
2026-08-16 15:05:40,Jadau kundan tika with pearl drop and natural strawberry beads,Default Title,,950.0,Sold Out,1,1,0,https://www.muskanjewel.com/products/jadau-kundan-tika-with-pearl-drop-and-natural-strawberry-beads-3?variant=gid://shopify/ProductVariant/52628744143164
2026-08-16 15:15:52,jadau kundan lotus studs,Default Title,,1200.0,Sale,1,2,1,https://www.muskanjewel.com/products/jadau-kundan-lotus-studs?variant=gid://shopify/ProductVariant/52626125062460
2026-08-16 15:35:40,jadau kundan Peacock studs,Default Title,,1200.0,Sale,1,5,4,https://www.muskanjewel.com/products/jadau-kundan-peacock-studs?variant=gid://shopify/ProductVariant/52626130207036
2026-08-16 15:35:40,Jadau kundan navratna studs with pearl motif,Default Title,,1000.0,Sale,1,2,1,https://www.muskanjewel.com/products/jadau-kundan-navratna-studs-with-pearl-motif?variant=gid://shopify/ProductVariant/52971443978556
2026-08-16 17:15:48,Jadau Kundan Sun & Moon Hair Accessories,Default Title,,1100.0,Sale,1,4,3,https://www.muskanjewel.com/products/jadau-kundan-sun-moon-hair-accessories?variant=gid://shopify/ProductVariant/52801987084604
2026-08-17 04:25:40,Jadau Kundan Lotus Earrings Drop with Pearls,Default Title,,1500.0,Sale,1,15,14,https://www.muskanjewel.com/products/jadau-kundan-lotus-earrings-drop-with-pearls?variant=gid://shopify/ProductVariant/53823489671484
2026-08-17 04:35:39,Jadau kundan floral half moon pendant with pearl and natural strawberry beads,Default Title,,1650.0,Sale,1,4,3,https://www.muskanjewel.com/products/jadau-kundan-floral-half-moon-pendant-with-pearl-and-natural-strawberry-beads?variant=gid://shopify/ProductVariant/52918730654012
2026-08-17 06:45:52,Jadau Kundan Peacock Necklace With Pearl & Natural Strawberry Beads,Default Title,,4200.0,New Arrival,8,0,8,https://www.muskanjewel.com/products/jadau-kundan-peacock-necklace-with-pearl-natural-strawberry-beads?variant=gid://shopify/ProductVariant/53660206301500
2026-08-17 07:05:38,Jadau kundan sun and moon with pearls,RED,,1300.0,Sale,1,7,6,https://www.muskanjewel.com/products/jadau-kundan-sun-and-moon-with-pearls?variant=gid://shopify/ProductVariant/52887015719228
2026-08-17 07:05:38,Jadau Kundan with Floral Natural Strawberry Beads,Default Title,,1000.0,Sale,1,8,7,https://www.muskanjewel.com/products/jadau-kundan-floral-natural-strawberry-beads?variant=gid://shopify/ProductVariant/53979896381756
2026-08-17 08:55:39,Jadau kundan jhumkas with pearl and natural strawberry beads,Default Title,,2200.0,Restock,3,2,5,https://www.muskanjewel.com/products/jadau-kundan-jhumkas-with-pearl-and-natural-strawberry-beads-3?variant=gid://shopify/ProductVariant/52802274427196
2026-08-17 11:16:00,Jadau Kundan Peacock with Pearls and Natural Strawberry Beads,Default Title,,650.0,Sale,1,4,3,https://www.muskanjewel.com/products/jadau-kundan-peacock-with-pearls-and-natural-strawberry-beads?variant=gid://shopify/ProductVariant/53979941634364
2026-08-17 13:01:22,Jadau kundan + Temple/Antique necklace with pearls (With Earrings),Default Title,,2150.0,Sale,1,4,3,https://www.muskanjewel.com/products/jadau-kundan-temple-antique-necklace-with-pearls-with-earrings?variant=gid://shopify/ProductVariant/52982380855612
2026-08-17 13:10:51,Jadau kundan antique polish jhumkas with pearl drops and natural strawberry beads,Default Title,,900.0,New Arrival,20,0,20,https://www.muskanjewel.com/products/jadau-kundan-antique-polish-jhumkas-with-pearl-drops-and-natural-strawberry-beads-1?variant=gid://shopify/ProductVariant/52628406829372
2026-08-17 13:25:46,Jadau kundan black beads pendant mala,Default Title,,2200.0,New Arrival,12,0,12,https://www.muskanjewel.com/products/jadau-kundan-black-beads-pendant-mala?variant=gid://shopify/ProductVariant/52737572241724
2026-08-17 14:31:08,Jadau Kundan Floral Chandbali with Pearls and Natural Strawberry Beads,Default Title,,2000.0,Sold Out,6,6,0,https://www.muskanjewel.com/products/floral-chandbali-with-pearls-and-natural-strawberry-beads?variant=gid://shopify/ProductVariant/53979999043900
2026-08-17 14:35:41,Jadau kundan 2 line necklace with pearl and natural strawberry beads drop(No Earrings),Default Title,,3400.0,Sale,1,2,1,https://www.muskanjewel.com/products/jadau-kundan-2-line-necklace-with-pearl-and-natural-strawberry-beads-dropno-earrings?variant=gid://shopify/ProductVariant/52991079186748
2026-08-17 15:01:22,Jadau kundan peacock studs with pearls,Default Title,,1200.0,Sale,1,3,2,https://www.muskanjewel.com/products/jadau-kundan-peacock-studs-with-pearls?variant=gid://shopify/ProductVariant/52891169259836
2026-08-17 15:01:22,Jadau Kundan Floral with Pearls and Natural Strawberry Beads,Default Title,,1900.0,Sale,1,3,2,https://www.muskanjewel.com/products/jadau-kundan-floral-with-pearls-and-natural-strawberry-beads-1?variant=gid://shopify/ProductVariant/53979930263868
2026-08-17 15:15:58,Temple/Antique Goddess laxmi peacock long necklace with pearl and natural strawberry beads drop(With Earrings),Default Title,,2700.0,Sale,1,2,1,https://www.muskanjewel.com/products/temple-antique-goddess-laxmi-peacock-long-necklace-with-pearl-and-natural-strawberry-beads-dropwith-earrings-2?variant=gid://shopify/ProductVariant/53065912189244
2026-08-17 16:25:40,Jadau kundan jhumkas with pearl drop and natural strawberry beads,Default Title,,1800.0,Sale,1,7,6,https://www.muskanjewel.com/products/jadau-kundan-jhumkas-with-pearl-drop-and-natural-strawberry-beads-2?variant=gid://shopify/ProductVariant/52628407648572
2026-08-17 17:20:47,Jadau Kundan Sun & Moon Hair Accessories,Default Title,,1100.0,Sale,1,3,2,https://www.muskanjewel.com/products/jadau-kundan-sun-moon-hair-accessories?variant=gid://shopify/ProductVariant/52801987084604
2026-08-17 17:20:47,Jadau kundan floral round tika with pearl and natural strawberry beads,Default Title,,1300.0,Sale,1,13,12,https://www.muskanjewel.com/products/jadau-kundan-floral-round-tika-with-pearl-and-natural-strawberry-beads?variant=gid://shopify/ProductVariant/52974914961724
2026-08-17 18:20:51,Jadau kundan peacock short necklace with pearl and natural strawberry beads drop,Default Title,,5400.0,Sale,1,2,1,https://www.muskanjewel.com/products/jadau-kundan-peacock-short-necklace-with-pearl-and-natural-strawberry-beads-drop?variant=gid://shopify/ProductVariant/52903194853692
2026-08-18 06:05:41,Jadau Kundan Sun & Moon Hair Accessories,Default Title,,1100.0,Sale,1,2,1,https://www.muskanjewel.com/products/jadau-kundan-sun-moon-hair-accessories?variant=gid://shopify/ProductVariant/52801987084604
2026-08-18 06:05:41,Jadau Kundan Lotus Earrings Drop with Pearls,Default Title,,1500.0,Sale,1,14,13,https://www.muskanjewel.com/products/jadau-kundan-lotus-earrings-drop-with-pearls?variant=gid://shopify/ProductVariant/53823489671484
2026-08-18 09:01:20,Jadau Kundan craving stone floral Jhumkas with Pearls and Natural Strawberry Beads,Default Title,,2300.0,New Arrival,10,0,10,https://www.muskanjewel.com/products/jadau-kundan-jhumkas-with-pearls-and-natural-strawberry-beads?variant=gid://shopify/ProductVariant/53981245997372
2026-08-18 09:05:41,Jadau Kundan + Temple/Antique Peacock Jhumkas with Pearls and Strawberry Beads,Default Title,,2400.0,New Arrival,6,0,6,https://www.muskanjewel.com/products/jadau-kundan-peacock-jhumkas-with-pearls-and-strawberry-beads?variant=gid://shopify/ProductVariant/53981201662268
2026-08-18 09:10:53,Jadau Kundan Peacock chand Bali with Pearls and Natural Strawberry Beads,Default Title,,2000.0,New Arrival,9,0,9,https://www.muskanjewel.com/products/chandbali-peacock-earring-with-pearls-and-natural-strawberry-beads?variant=gid://shopify/ProductVariant/53981126983996
2026-08-18 09:20:48,Jadau Kundan Floral Jhumkas with Pearls and Natural Strawberry Beads,Default Title,,1950.0,New Arrival,6,0,6,https://www.muskanjewel.com/products/jadau-kundan-floral-jhumkas-with-pearls-and-natural-strawberry-beads?variant=gid://shopify/ProductVariant/53981158474044
2026-08-18 09:31:07,Jadau Kundan Floral Studs,Default Title,,700.0,New Arrival,16,0,16,https://www.muskanjewel.com/products/jadau-kundan-floral-studs?variant=gid://shopify/ProductVariant/53981120201020
2026-08-18 09:35:42,Jadau Kundan 2-in-1 Garuda Pendant with Pearl and Natural Strawberry Beads,Default Title,,3000.0,New Arrival,3,0,3,https://www.muskanjewel.com/products/jadau-kundan-2-in-1-garuda-pendant-with-pearl-and-natural-strawberry-beads?variant=gid://shopify/ProductVariant/53981278503228
2026-08-18 09:40:50,Jadau Kundan Floral Earring Drop with Rice Pearls and Pumpkin Beads,Default Title,,3100.0,New Arrival,2,0,2,https://www.muskanjewel.com/products/jadau-kundan-floral-earring-drop-with-rice-pearls-and-onxy?variant=gid://shopify/ProductVariant/53981136552252
2026-08-18 11:20:51,Jadau Kundan peacock tika with pearl and natural strawberry beads,Default Title,,800.0,Sale,1,2,1,https://www.muskanjewel.com/products/jadau-kundan-peacock-tika-with-pearl-and-natural-strawberry-beads?variant=gid://shopify/ProductVariant/52737312784700
2026-08-18 13:50:57,Jadau kundan jhumkas with pearl drop and natural strawberry beads,Default Title,,1800.0,Sale,1,6,5,https://www.muskanjewel.com/products/jadau-kundan-jhumkas-with-pearl-drop-and-natural-strawberry-beads-2?variant=gid://shopify/ProductVariant/52628407648572
2026-08-18 13:50:57,Jadau Kundan Peacock Necklace With Pearl & Natural Strawberry Beads,Default Title,,4200.0,Sale,1,8,7,https://www.muskanjewel.com/products/jadau-kundan-peacock-necklace-with-pearl-natural-strawberry-beads?variant=gid://shopify/ProductVariant/53660206301500
2026-08-18 14:20:56,Jadau Kundan Mango Earrings Dropwith Pearls and Natural Strawberry Beads,Default Title,,1800.0,New Arrival,5,0,5,https://www.muskanjewel.com/products/jadau-kundan-earrings-with-pearls-and-natural-strawberry-beads?variant=gid://shopify/ProductVariant/53981144809788
2026-08-18 14:25:41,Jadau Kundan Floral Studs Earrings with Pearls,Default Title,,700.0,New Arrival,9,0,9,https://www.muskanjewel.com/products/jadau-kundan-studs-with-pearls-3?variant=gid://shopify/ProductVariant/53981139075388
2026-08-18 14:35:45,Jadau Kundan Peacock Floral Pendant With Pearl and Natural Strawberry Beads,Default Title,,1600.0,New Arrival,6,0,6,https://www.muskanjewel.com/products/jadau-kundan-peacock-floral-pendant-with-pearl-and-natural-strawberry-beads?variant=gid://shopify/ProductVariant/53998043332924
2026-08-18 15:45:52,Jadau Kundan with Floral Natural Strawberry Beads,Default Title,,1000.0,Sale,1,7,6,https://www.muskanjewel.com/products/jadau-kundan-floral-natural-strawberry-beads?variant=gid://shopify/ProductVariant/53979896381756
2026-08-19 04:40:51,Jadau Kundan Sun & Moon Hair Accessories,Default Title,,1100.0,Sold Out,1,1,0,https://www.muskanjewel.com/products/jadau-kundan-sun-moon-hair-accessories?variant=gid://shopify/ProductVariant/52801987084604
2026-08-19 06:45:49,Jadau Kundan Goddess Laxmi with Pearls and Natural Strawberry Beads,Default Title,,1450.0,Sale,1,5,4,https://www.muskanjewel.com/products/jadau-kundan-goddess-laxmi-with-pearls-and-natural-strawberry-beads?variant=gid://shopify/ProductVariant/53979925807420
2026-08-19 08:25:45,Jadau kundan floral jhumkas with pearl drop and natural strawberry beads,Default Title,,1000.0,Sale,1,2,1,https://www.muskanjewel.com/products/jadau-kundan-floral-jhumkas-with-pearl-drop-and-natural-strawberry-beads?variant=gid://shopify/ProductVariant/52628403945788
2026-08-19 08:25:45,Jadau kundan 2 line necklace with pearl and natural strawberry beads drop(No Earrings),Default Title,,3400.0,Sold Out,1,1,0,https://www.muskanjewel.com/products/jadau-kundan-2-line-necklace-with-pearl-and-natural-strawberry-beads-dropno-earrings?variant=gid://shopify/ProductVariant/52991079186748
2026-08-19 09:01:26,Jadau kundan floral necklace(No Earrings),Red,,1300.0,Sale,1,3,2,https://www.muskanjewel.com/products/jadau-kundan-floral-necklaceno-earrings?variant=gid://shopify/ProductVariant/52912056762684
2026-08-19 10:35:42,Jadau kundan lotus tika with pearl drops,Default Title,,850.0,Sale,1,10,9,https://www.muskanjewel.com/products/jadau-kundan-lotus-tika-with-pearl-drops?variant=gid://shopify/ProductVariant/52628751417660
2026-08-19 12:01:21,Temple/Antique Goddess laxmi peacock necklace with pearl and natural strawberry beads drop(With Earrings),Default Title,,1100.0,Sale,1,6,5,https://www.muskanjewel.com/products/temple-antique-goddess-laxmi-peacock-necklace-with-pearl-and-natural-strawberry-beads-dropwith-earrings-1?variant=gid://shopify/ProductVariant/53047949328700
2026-08-19 12:25:43,Jadau kundan antique polish jhumkas with pearl drops and natural strawberry beads,Default Title,,900.0,Sale,1,20,19,https://www.muskanjewel.com/products/jadau-kundan-antique-polish-jhumkas-with-pearl-drops-and-natural-strawberry-beads-1?variant=gid://shopify/ProductVariant/52628406829372
2026-08-19 13:35:40,Jadau kundan jhumkas with pearl and natural strawberry beads drop,Default Title,,3000.0,Sale,1,2,1,https://www.muskanjewel.com/products/jadau-kundan-jhumkas-with-pearl-and-natural-strawberry-beads-10?variant=gid://shopify/ProductVariant/52971511447868
2026-08-19 13:35:40,Temple/Antique peacock bangles multi colour (Pair),2.4,,900.0,Sold Out,1,1,0,https://www.muskanjewel.com/products/temple-antique-peacock-bangles-multi-colour-pair?variant=gid://shopify/ProductVariant/53016630329660
2026-08-19 16:20:52,Jadau kundan mango long necklace with pearl and natural strawberry beads drop,Default Title,,7100.0,Sold Out,1,1,0,https://www.muskanjewel.com/products/jadau-kundan-mango-necklace-with-pearl-and-natural-strawberry-beads-drop?variant=gid://shopify/ProductVariant/52806832259388
2026-08-20 02:31:11,Jadau kundan jhumkas with pearl drop and natural strawberry beads,Default Title,,1800.0,Sale,1,5,4,https://www.muskanjewel.com/products/jadau-kundan-jhumkas-with-pearl-drop-and-natural-strawberry-beads-2?variant=gid://shopify/ProductVariant/52628407648572
2026-08-20 06:50:48,Jadau Kundan with Floral Natural Strawberry Beads,Default Title,,1000.0,Sale,1,6,5,https://www.muskanjewel.com/products/jadau-kundan-floral-natural-strawberry-beads?variant=gid://shopify/ProductVariant/53979896381756
2026-08-20 07:31:11,Jadau Kundan Goddess Laxmi with Pearls and Natural Strawberry Beads,Default Title,,1450.0,Sale,1,4,3,https://www.muskanjewel.com/products/jadau-kundan-goddess-laxmi-with-pearls-and-natural-strawberry-beads?variant=gid://shopify/ProductVariant/53979925807420
2026-08-20 09:10:52,jadau kundan bridal tika with pearl and natural strawberry beads drop,Default Title,,1200.0,Sale,1,3,2,https://www.muskanjewel.com/products/jadau-kundan-bridal-tika-with-pearl-and-natural-strawberry-beads-drop?variant=gid://shopify/ProductVariant/52737323106620
2026-08-20 13:01:27,Jadau kundan floral half moon pendant with pearl and natural strawberry beads,Default Title,,1650.0,Sale,1,3,2,https://www.muskanjewel.com/products/jadau-kundan-floral-half-moon-pendant-with-pearl-and-natural-strawberry-beads?variant=gid://shopify/ProductVariant/52918730654012
2026-08-20 13:01:27,Jadau Kundan Floral Jhumkas Pearls and Natural Strawberry Beads,Default Title,,1300.0,Sale,1,4,3,https://www.muskanjewel.com/products/jadau-kundan-floral-jhumkas-pearls-and-natural-strawberry-beads?variant=gid://shopify/ProductVariant/53840822599996
2026-08-20 13:01:27,Jadau Kundan Leaf Tika with Pearls and Natural Strawberry Beads,Default Title,,750.0,Sale,1,23,22,https://www.muskanjewel.com/products/jadau-kundan-with-pearls-and-natural-strawberry-beads?variant=gid://shopify/ProductVariant/53979961786684
2026-08-20 13:40:56,Jadau kundan peacock necklace with pearl and natural strawberry beads drop(No Earrings),Default Title,,5000.0,Sale,1,2,1,https://www.muskanjewel.com/products/jadau-kundan-peacock-necklace-with-pearl-and-natural-strawberry-beads-dropno-earrings-1?variant=gid://shopify/ProductVariant/52982519398716
2026-08-20 19:31:07,Jadau Kundan Floral Jhumka with Pearls Natural Strawberry Beads,Default Title,,2650.0,Sale,1,9,8,https://www.muskanjewel.com/products/jadau-kundan-floral-jhumka-with-pearls-natural-strawberry-beads?variant=gid://shopify/ProductVariant/53832392704316
2026-08-20 19:31:07,Jadau Kundan with Floral Natural Strawberry Beads,Default Title,,1000.0,Sale,1,5,4,https://www.muskanjewel.com/products/jadau-kundan-floral-natural-strawberry-beads?variant=gid://shopify/ProductVariant/53979896381756
2026-08-21 02:10:49,Jadau kundan lotus tika with pearl drops,Default Title,,850.0,Sale,1,9,8,https://www.muskanjewel.com/products/jadau-kundan-lotus-tika-with-pearl-drops?variant=gid://shopify/ProductVariant/52628751417660
2026-08-21 05:31:20,Jadau kundan lotus tika with pearl drops,Default Title,,850.0,Sale,1,8,7,https://www.muskanjewel.com/products/jadau-kundan-lotus-tika-with-pearl-drops?variant=gid://shopify/ProductVariant/52628751417660
2026-08-21 05:31:20,Jadau kundan sun and moon with pearls,RED,,1300.0,Sale,1,6,5,https://www.muskanjewel.com/products/jadau-kundan-sun-and-moon-with-pearls?variant=gid://shopify/ProductVariant/52887015719228
2026-08-21 07:55:44,Jadau kundan jhumkas with pearl drop and natural strawberry beads,Default Title,,1800.0,Sale,1,4,3,https://www.muskanjewel.com/products/jadau-kundan-jhumkas-with-pearl-drop-and-natural-strawberry-beads-2?variant=gid://shopify/ProductVariant/52628407648572
2026-08-21 16:05:43,Jadau kundan lotus tika with pearl drops,Default Title,,850.0,Sale,1,7,6,https://www.muskanjewel.com/products/jadau-kundan-lotus-tika-with-pearl-drops?variant=gid://shopify/ProductVariant/52628751417660
2026-08-21 17:31:16,Jadau kundan chand shape bridal tika with pearls,Default Title,,1500.0,Sale,1,9,8,https://www.muskanjewel.com/products/jadau-kundan-chand-shape-bridal-tika-with-pearls?variant=gid://shopify/ProductVariant/52979685327164
2026-08-22 05:15:53,Jadau kundan fish shape full earcuff jhumkas with pearl and natural strawberry beads,Default Title,,2600.0,Sale,1,10,9,https://www.muskanjewel.com/products/jadau-kundan-fish-shape-full-earcuff-jhumkas-with-pearl-and-natural-strawberry-beads?variant=gid://shopify/ProductVariant/52969053520188
2026-08-22 06:25:43,Jadau kundan sun and moon with pearls,RED,,1300.0,Sale,1,5,4,https://www.muskanjewel.com/products/jadau-kundan-sun-and-moon-with-pearls?variant=gid://shopify/ProductVariant/52887015719228
2026-08-22 07:35:44,Jadau kundan floral chand tika with pearl and natural strawberry beads,Default Title,,1000.0,Sale,1,2,1,https://www.muskanjewel.com/products/jadau-kundan-floral-chand-tika-with-pearl-and-natural-strawberry-beads?variant=gid://shopify/ProductVariant/52974942323004
2026-08-22 08:05:44,Jadau Kundan Peacock with Pearls and Natural Strawberry Beads,Default Title,,650.0,Sale,1,3,2,https://www.muskanjewel.com/products/jadau-kundan-peacock-with-pearls-and-natural-strawberry-beads?variant=gid://shopify/ProductVariant/53979941634364
2026-08-22 10:25:43,jadau kundan lotus studs,Default Title,,1200.0,Sold Out,1,1,0,https://www.muskanjewel.com/products/jadau-kundan-lotus-studs?variant=gid://shopify/ProductVariant/52626125062460
2026-08-22 10:45:53,Diamond finish Bottumala short necklace(With Earrings),Default Title,,1600.0,Sold Out,1,1,0,https://www.muskanjewel.com/products/diamond-finish-bottumala-short-necklacewith-earrings?variant=gid://shopify/ProductVariant/52632507679036
2026-08-22 11:15:48,Jadau kundan floral Jhumkas with Natural Strawberry beads,Default Title,,1500.0,Sale,1,2,1,https://www.muskanjewel.com/products/jadau-kundan-floral-jhumkas-with-natural-strawberry-beads?variant=gid://shopify/ProductVariant/52626181947708
2026-08-22 11:25:38,Jadau kundan peacock studs,Default Title,,1300.0,Sale,1,8,7,https://www.muskanjewel.com/products/jadau-kundan-peacock-studs-1?variant=gid://shopify/ProductVariant/52626236309820
2026-08-22 17:01:19,Jadau kundan floral necklace(No Earrings),Red,,1300.0,Sale,1,2,1,https://www.muskanjewel.com/products/jadau-kundan-floral-necklaceno-earrings?variant=gid://shopify/ProductVariant/52912056762684
2026-08-22 17:01:19,Jadau kundan jhumkas with pearl and natural strawberry beads drop,Default Title,,2100.0,Sold Out,1,1,0,https://www.muskanjewel.com/products/jadau-kundan-jhumkas-with-pearl-and-natural-strawberry-beads-drop-6?variant=gid://shopify/ProductVariant/52898986688828
2026-08-22 18:45:46,Jadau Kundan floral tika with pearls drops and natural strawberry beads,Default Title,,800.0,Sale,1,9,8,https://www.muskanjewel.com/products/jadau-kundan-floral-tika-with-pearls-drops-and-natural-strawberry-beads?variant=gid://shopify/ProductVariant/52628688765244
2026-08-22 18:45:46,Jadau kundan floral round tika with pearl and natural strawberry beads,Default Title,,1300.0,Sale,1,12,11,https://www.muskanjewel.com/products/jadau-kundan-floral-round-tika-with-pearl-and-natural-strawberry-beads?variant=gid://shopify/ProductVariant/52974914961724
2026-08-23 04:25:39,Jadau kundan peacock studs with pearls,Default Title,,1200.0,Sale,1,2,1,https://www.muskanjewel.com/products/jadau-kundan-peacock-studs-with-pearls?variant=gid://shopify/ProductVariant/52891169259836
2026-08-23 09:20:48,Jadau kundan bridal necklace with pearl and strawberry beads drops (No earrings),Default Title,,7400.0,Sold Out,1,1,0,https://www.muskanjewel.com/products/jadau-kundan-bridal-necklace-with-pearl-and-strawberry-beads-drops-no-earrings?variant=gid://shopify/ProductVariant/52628982530364
2026-08-23 14:01:18,Jadau Kundan Floral Necklace With Pearl & Natural Strawberry Beads,Default Title,,5350.0,Sale,1,2,1,https://www.muskanjewel.com/products/jadau-kundan-floral-necklace-with-pearl-natural-strawberry-beads?variant=gid://shopify/ProductVariant/53603714466108
2026-08-24 03:35:41,Jadau Kundan Peacock Floral Pendant With Pearl and Natural Strawberry Beads,Default Title,,1600.0,Sale,1,6,5,https://www.muskanjewel.com/products/jadau-kundan-peacock-floral-pendant-with-pearl-and-natural-strawberry-beads?variant=gid://shopify/ProductVariant/53998043332924
2026-08-24 03:55:41,Jadau kundan peacock 2 layer necklace with pearl drop (No earrings),Default Title,,2800.0,Sale,1,10,9,https://www.muskanjewel.com/products/jadau-kundan-peacock-2-layer-necklace-with-pearl-drop-no-earrings?variant=gid://shopify/ProductVariant/52628892746044
2026-08-24 04:45:50,diamond finish floral multi colour tone 2 line necklace(With Earrings),Default Title,,2200.0,Sale,1,3,2,https://www.muskanjewel.com/products/diamond-finish-floral-multi-colour-tone-2-line-necklacewith-earrings?variant=gid://shopify/ProductVariant/52635843789116
2026-08-24 07:25:36,Jadau Kundan Bridal Peacock Tika with Pearls and Natural Strawberry Beads,Default Title,,2100.0,Sale,1,9,8,https://www.muskanjewel.com/products/jadau-kundan-bridal-peacock-tika-with-pearls-and-natural-strawberry-beads?variant=gid://shopify/ProductVariant/53841717264700
2026-08-24 11:35:42,Jadau kundan antique polish jhumkas with pearl drops and natural strawberry beads,Default Title,,900.0,Sale,1,19,18,https://www.muskanjewel.com/products/jadau-kundan-antique-polish-jhumkas-with-pearl-drops-and-natural-strawberry-beads-1?variant=gid://shopify/ProductVariant/52628406829372
2026-08-24 11:35:42,jadau kundan bridal tika with pearl and natural strawberry beads drop,Default Title,,1200.0,Sale,1,2,1,https://www.muskanjewel.com/products/jadau-kundan-bridal-tika-with-pearl-and-natural-strawberry-beads-drop?variant=gid://shopify/ProductVariant/52737323106620
2026-08-24 13:40:51,Jadau Kundan Peacock Floral Pendant With Pearl and Natural Strawberry Beads,Default Title,,1800.0,New Arrival,3,0,3,https://www.muskanjewel.com/products/jadau-kundan-peacock-floral-pendant-with-pearl-and-natural-strawberry-beads-1?variant=gid://shopify/ProductVariant/54018590736700
2026-08-24 13:50:46,Jadau kundan antique polish jhumkas with pearl drops and natural strawberry beads,Default Title,,900.0,Sale,1,18,17,https://www.muskanjewel.com/products/jadau-kundan-antique-polish-jhumkas-with-pearl-drops-and-natural-strawberry-beads-1?variant=gid://shopify/ProductVariant/52628406829372
2026-08-24 15:31:12,Jadau Kundan Goddess Laxmi with Pearls and Natural Strawberry Beads,Default Title,,1450.0,Sale,1,3,2,https://www.muskanjewel.com/products/jadau-kundan-goddess-laxmi-with-pearls-and-natural-strawberry-beads?variant=gid://shopify/ProductVariant/53979925807420
2026-08-25 00:20:46,Temple/Antique peacock bangles multi colour (Pair),2.6,,900.0,Sold Out,1,1,0,https://www.muskanjewel.com/products/temple-antique-peacock-bangles-multi-colour-pair?variant=gid://shopify/ProductVariant/53016630362428
2026-08-25 03:25:39,Jadau kundan sun and moon with pearls,RED,,1300.0,Sale,1,4,3,https://www.muskanjewel.com/products/jadau-kundan-sun-and-moon-with-pearls?variant=gid://shopify/ProductVariant/52887015719228
2026-08-25 03:25:39,Jadau kundan chand shape bridal tika with pearls,Default Title,,1500.0,Sale,1,8,7,https://www.muskanjewel.com/products/jadau-kundan-chand-shape-bridal-tika-with-pearls?variant=gid://shopify/ProductVariant/52979685327164
2026-08-25 04:55:43,Jadau kundan lotus tika with pearl drops,Default Title,,850.0,Sale,1,6,5,https://www.muskanjewel.com/products/jadau-kundan-lotus-tika-with-pearl-drops?variant=gid://shopify/ProductVariant/52628751417660
2026-08-25 05:15:53,Jadau kundan peacock studs,Default Title,,1300.0,Sale,1,7,6,https://www.muskanjewel.com/products/jadau-kundan-peacock-studs-1?variant=gid://shopify/ProductVariant/52626236309820
2026-08-25 05:20:54,Jadau kundan bridal necklace with pearl and strawberry beads drops (No earrings),Default Title,,7400.0,New Arrival,3,0,3,https://www.muskanjewel.com/products/jadau-kundan-bridal-necklace-with-pearl-and-strawberry-beads-drops-no-earrings?variant=gid://shopify/ProductVariant/52628982530364
2026-08-25 05:25:40,Jadau kundan bridal peacock jhumkas with pearl and natural strawberry beads,Default Title,,2500.0,Sale,1,9,8,https://www.muskanjewel.com/products/jadau-kundan-bridal-peacock-jhumkas-with-pearl-and-natural-strawberry-beads?variant=gid://shopify/ProductVariant/52733761519932
2026-08-25 05:25:40,Jadau Kundan Leaf Tika with Pearls and Natural Strawberry Beads,Default Title,,750.0,Sale,1,22,21,https://www.muskanjewel.com/products/jadau-kundan-with-pearls-and-natural-strawberry-beads?variant=gid://shopify/ProductVariant/53979961786684
2026-08-25 07:01:25,Jadau kundan + Temple/Antique necklace with pearls (With Earrings),Default Title,,2150.0,Sale,1,3,2,https://www.muskanjewel.com/products/jadau-kundan-temple-antique-necklace-with-pearls-with-earrings?variant=gid://shopify/ProductVariant/52982380855612
2026-08-25 08:01:26,jadau kundan bridal tika with pearl and natural strawberry beads drop,Default Title,,1200.0,Sold Out,1,1,0,https://www.muskanjewel.com/products/jadau-kundan-bridal-tika-with-pearl-and-natural-strawberry-beads-drop?variant=gid://shopify/ProductVariant/52737323106620
2026-08-25 14:16:08,Jadau kundan floral necklace(No Earrings),Red,,1300.0,Sold Out,1,1,0,https://www.muskanjewel.com/products/jadau-kundan-floral-necklaceno-earrings?variant=gid://shopify/ProductVariant/52912056762684
2026-08-25 17:50:55,Jadau kundan peacock studs,Default Title,,1300.0,Sale,1,6,5,https://www.muskanjewel.com/products/jadau-kundan-peacock-studs-1?variant=gid://shopify/ProductVariant/52626236309820
2026-08-26 04:35:44,Jadau Kundan Goddess Laxmi with Pearls and Natural Strawberry Beads,Default Title,,1450.0,Sale,1,2,1,https://www.muskanjewel.com/products/jadau-kundan-goddess-laxmi-with-pearls-and-natural-strawberry-beads?variant=gid://shopify/ProductVariant/53979925807420
2026-08-26 05:01:31,Jadau kundan chand shape bridal tika with pearls,Default Title,,1500.0,Sale,1,7,6,https://www.muskanjewel.com/products/jadau-kundan-chand-shape-bridal-tika-with-pearls?variant=gid://shopify/ProductVariant/52979685327164
2026-08-26 05:01:31,Jadau kundan peacock Jhumkas with pearls and natural strawberry beads,Default Title,,3800.0,Sold Out,1,1,0,https://www.muskanjewel.com/products/jadau-kundan-peacock-jhumkas-with-pearls-and-natural-strawberry-beads-1?variant=gid://shopify/ProductVariant/52626385240380
2026-08-26 05:01:31,Jadau Kundan floral necklace with pearl and natural strawberry beads drops(No earrings),Default Title,,6100.0,Sold Out,1,1,0,https://www.muskanjewel.com/products/jadau-kundan-floral-necklace-with-pearl-and-natural-strawberry-beads-dropsno-earrings?variant=gid://shopify/ProductVariant/52632338759996
2026-08-26 05:30:01,Jadau kundan peacock chain necklace with gold polish balls drop,Default Title,,1400.0,Sale,1,2,1,https://www.muskanjewel.com/products/jadau-kundan-peacock-chain-necklace-with-gold-polish-balls-drop?variant=gid://shopify/ProductVariant/52991073517884
2026-08-26 05:40:49,Diamond finish bottumala mango necklace (With Earrings),Default Title,,3800.0,Sale,1,2,1,https://www.muskanjewel.com/products/diamond-finish-bottumala-mango-necklace-with-earrings?variant=gid://shopify/ProductVariant/52632522064188
2026-08-26 08:35:41,Jadau kundan sun and moon with pearls,WHITE,,1300.0,Sale,1,3,2,https://www.muskanjewel.com/products/jadau-kundan-sun-and-moon-with-pearls?variant=gid://shopify/ProductVariant/52887015751996
2026-08-26 10:31:12,Jadau kundan pearl mala pendant necklace with pearl and natural strawberry beads drop(No earrings),Default Title,,1900.0,Sale,1,2,1,https://www.muskanjewel.com/products/jadau-kundan-pearl-mala-pendant-necklace-with-pearl-and-natural-strawberry-beads-dropno-earrings?variant=gid://shopify/ProductVariant/52817072128316
2026-08-26 11:00:17,Jadau Kundan Elegant Peacock pendant with Pearl and Natural Strawberry Beads,Default Title,,2300.0,New Arrival,3,0,3,https://www.muskanjewel.com/products/jadau-kundan-elegant-peacock-pendant-with-pearl-and-natural-strawberry-beads?variant=gid://shopify/ProductVariant/54023224688956
2026-08-26 11:10:47,Jadau Kundan Sun & Moon Hair Accessories,Default Title,,1100.0,Restock,10,0,10,https://www.muskanjewel.com/products/jadau-kundan-sun-moon-hair-accessories?variant=gid://shopify/ProductVariant/52801987084604
2026-08-26 11:10:47,jadau Kundan Garuda Pendant with pearl and Natural strawberry Beads,Default Title,,2000.0,New Arrival,4,0,4,https://www.muskanjewel.com/products/jadau-kundan-garuda-pendant-with-pearl-and-natural-strawberry-beads?variant=gid://shopify/ProductVariant/54023227474236
2026-08-26 11:25:42,Jadau Kundan Floral Pendant with Pearl and Natural Strawberry Beads,Default Title,,1900.0,New Arrival,3,0,3,https://www.muskanjewel.com/products/jadau-kundan-floral-pendant-with-pearl-and-natural-strawberry-beads?variant=gid://shopify/ProductVariant/54023236256060
2026-08-26 12:31:13,Jadau Kundan Peacock Round Pendant with Pearl and Natural Strawberry Beads,Default Title,,2500.0,New Arrival,3,0,3,https://www.muskanjewel.com/products/jadau-kundan-peacock-round-pendant-with-pearl-and-natural-strawberry-beads?variant=gid://shopify/ProductVariant/54023319421244
2026-08-26 13:50:56,Jadau Kundan Floral Pendant with Pearl and Natural Strawberry Beads,Default Title,,900.0,New Arrival,5,0,5,https://www.muskanjewel.com/products/jadau-kundan-floral-pendant-with-pearl-and-natural-strawberry-beads-1?variant=gid://shopify/ProductVariant/54023529333052
2026-08-26 17:10:50,Jadau kundan Double layer bangles,2.8,,2750.0,Sold Out,1,1,0,https://www.muskanjewel.com/products/jadau-kundan-double-layer-bangles?variant=gid://shopify/ProductVariant/52878921400636
2026-08-27 11:10:51,Jadau kundan black beads pendant mala,Default Title,,2200.0,Sale,1,12,11,https://www.muskanjewel.com/products/jadau-kundan-black-beads-pendant-mala?variant=gid://shopify/ProductVariant/52737572241724
2026-08-27 11:25:50,"Jadau Kundan Floral Pandent Pearls/Beads Mala with Rice Pearls, Onyx and Natural Strawberry Beads",Default Title,,2850.0,Sale,1,3,2,https://www.muskanjewel.com/products/jadau-kundan-floral-pandent-pearls-beads-mala-with-rice-pearls-onyx-and-natural-strawberry-beads?variant=gid://shopify/ProductVariant/53828101308732
2026-08-27 11:25:50,Temple/Antique Goddess Laxmi combo necklace with pearl and natural strawberry beads(Tika and Earrings),Default Title,,2500.0,Sold Out,1,1,0,https://www.muskanjewel.com/products/temple-antique-goddess-laxmi-combo-necklace-with-pearl-and-natural-strawberry-beadstika-and-earrings?variant=gid://shopify/ProductVariant/53034643161404
2026-08-27 16:25:38,Jadau Kundan Floral Studs Earrings with Pearls,Default Title,,700.0,Sale,1,9,8,https://www.muskanjewel.com/products/jadau-kundan-studs-with-pearls-3?variant=gid://shopify/ProductVariant/53981139075388
2026-08-27 18:50:52,Jadau kundan sun and moon with pearls,RED,,1300.0,Sale,1,3,2,https://www.muskanjewel.com/products/jadau-kundan-sun-and-moon-with-pearls?variant=gid://shopify/ProductVariant/52887015719228
2026-08-27 18:50:52,Jadau kundan sun and moon with pearls,WHITE,,1300.0,Sale,1,2,1,https://www.muskanjewel.com/products/jadau-kundan-sun-and-moon-with-pearls?variant=gid://shopify/ProductVariant/52887015751996
2026-08-28 06:40:51,Jadau kundan jhumkas with pearl and natural strawberry beads drop,Default Title,,1100.0,Sale,1,2,1,https://www.muskanjewel.com/products/jadau-kundan-jhumkas-with-pearl-and-natural-strawberry-beads-drop-4?variant=gid://shopify/ProductVariant/52804897177916
2026-08-28 09:31:07,Jadau Kundan Peacock Floral Pendant Pearls/ Beads Mala,Default Title,,3400.0,New Arrival,6,0,6,https://www.muskanjewel.com/products/jadau-kundan-peacock-floral-pendant-pearls-beads-mala?variant=gid://shopify/ProductVariant/54029985808700
2026-08-28 09:35:43,Jadau Kundan Floral 3 Layer Choker with Pearls,Default Title,,5850.0,New Arrival,1,0,1,https://www.muskanjewel.com/products/jadau-kundan-floral-3-layer-choker-with-pearls?variant=gid://shopify/ProductVariant/54027136631100
2026-08-28 09:50:47,Unique Chandbali Pearls and Natural Strawberry Beads,Default Title,,900.0,Sale,1,3,2,https://www.muskanjewel.com/products/unique-chandbali-pearls-and-natural-strawberry-beads?variant=gid://shopify/ProductVariant/53838241956156
2026-08-28 10:35:45,Jadau Kundan Peacock Rani Haram with Pearl and Natural Strawberry Beads,Default Title,,15750.0,New Arrival,1,0,1,https://www.muskanjewel.com/products/jadau-kundan-peacock-rani-haram-with-pearl-and-natural-strawberry-beads?variant=gid://shopify/ProductVariant/54027154260284
2026-08-28 10:50:50,Jadau Kundan Peacock Pearls/Beads Mala with side lockets and Natural Strawberry Beads,Default Title,,10000.0,New Arrival,1,0,1,https://www.muskanjewel.com/products/jadau-kundan-peacock-pearls-beads-mala-with-side-lockets-and-natural-strawberry-beads?variant=gid://shopify/ProductVariant/54027327439164
2026-08-28 10:55:39,Jadau Kundan Peacock pendant Pearl/ Beads Mala Immitation Glass Beads with Pearl and Natural Strawberry Beads,Default Title,,3100.0,New Arrival,2,0,2,https://www.muskanjewel.com/products/jadau-kundan-peacock-pendant-pearl-beads-mala-immitation-glass-beads-with-pearl-and-natural-strawberry-beads?variant=gid://shopify/ProductVariant/54029917880636
2026-08-28 11:01:35,Jadau Kundan Floral Bridal Necklace With Pearl and Onyx Beads,Default Title,,7700.0,New Arrival,4,0,4,https://www.muskanjewel.com/products/jadau-kundan-floral-bridal-necklace-with-pearl-and-onyx-beads?variant=gid://shopify/ProductVariant/54027147936060
2026-08-28 11:31:09,Jadau Kundan Floral Necklace with Rice Pearls and Natural Strawberry Beads,Default Title,,6300.0,New Arrival,2,0,2,https://www.muskanjewel.com/products/jadau-kundan-floral-necklace-with-rice-pearls-and-natural-strawberry-beads?variant=gid://shopify/ProductVariant/54038740926780
2026-08-28 11:50:50,Jadau Kundan Floral Necklace with Pearl and Natural Strawberry Beads(With Jhumkas),Default Title,,8350.0,New Arrival,5,0,5,https://www.muskanjewel.com/products/jadau-kundan-floral-necklace-with-pearl-and-natural-strawberry-beadswith-jhumkas?variant=gid://shopify/ProductVariant/54040214503740
2026-08-28 12:05:44,Jadau Kundan Pendant Black Beads Pearls/ Beads Mala with Natural Strawberry Beads,Default Title,,1100.0,New Arrival,8,0,8,https://www.muskanjewel.com/products/jadau-kundan-pendant-black-beads-pearls-beads-mala-with-natural-strawberry-beads?variant=gid://shopify/ProductVariant/54041513066812
2026-08-28 13:20:49,Jadau Kundan Bridal Floral Necklace with Pearl and Natural Strawberry Beads,Default Title,,3900.0,New Arrival,6,0,6,https://www.muskanjewel.com/products/jadau-kundan-bridal-floral-necklace-with-pearl-and-natural-strawberry-beads?variant=gid://shopify/ProductVariant/54048095863100
2026-08-28 13:25:41,Jadau Kundan Guttapusalu Necklace With RicePearls,Default Title,,4900.0,New Arrival,6,0,6,https://www.muskanjewel.com/products/jadau-kundan-guttapusalu-necklace-with-ricepearls?variant=gid://shopify/ProductVariant/54048514048316
2026-08-28 13:31:14,Jadau Kundan Floral 4 Layer Necklace with Pearl and Natural Strawberry Beads,Default Title,,7100.0,New Arrival,4,0,4,https://www.muskanjewel.com/products/jadau-kundan-floral-4-layer-necklace-with-pearl-and-natural-strawberry-beads?variant=gid://shopify/ProductVariant/54048955466044
2026-08-28 13:35:44,Jadau Kundan Peacock Craving Stone Choker With Pearl and Onyx Beads,Default Title,,4000.0,New Arrival,3,0,3,https://www.muskanjewel.com/products/jadau-kundan-peacock-craving-stone-choker-with-pearl-and-onyx-beads?variant=gid://shopify/ProductVariant/54049644544316
2026-08-28 13:45:52,Jadau Kundan Bridal Floral Choker With Pearl and Natural Strawberry Beads,Default Title,,3650.0,New Arrival,2,0,2,https://www.muskanjewel.com/products/jadau-kundan-bridal-floral-choker-with-pearl-and-natural-strawberry-beads?variant=gid://shopify/ProductVariant/54050193572156
2026-08-28 13:55:43,Jadau Kundan Peacock Mango Long Necklace With Pearl and Natural Strawberry Beads,Default Title,,10900.0,New Arrival,2,0,2,https://www.muskanjewel.com/products/jadau-kundan-peacock-mango-long-necklace-with-pearl-and-natural-strawberry-beads?variant=gid://shopify/ProductVariant/54051337109820
2026-08-29 05:55:39,Jadau Kundan Lotus Earrings Drop with Pearls,Default Title,,1500.0,Sale,1,13,12,https://www.muskanjewel.com/products/jadau-kundan-lotus-earrings-drop-with-pearls?variant=gid://shopify/ProductVariant/53823489671484
2026-08-29 06:15:50,Jadau kundan jhumkas with pearl drop and natural strawberry beads,Default Title,,1800.0,Sale,1,3,2,https://www.muskanjewel.com/products/jadau-kundan-jhumkas-with-pearl-drop-and-natural-strawberry-beads-2?variant=gid://shopify/ProductVariant/52628407648572
2026-08-29 08:20:47,Jadau Kundan Floral Studs Earrings with Pearls,Default Title,,700.0,Sold Out,8,8,0,https://www.muskanjewel.com/products/jadau-kundan-studs-with-pearls-3?variant=gid://shopify/ProductVariant/53981139075388
2026-08-29 11:31:05,Jadau kundan leaf jhumkas with Natural Strawberry beads,Default Title,,1600.0,New Arrival,3,0,3,https://www.muskanjewel.com/products/jadau-kundan-leaf-jhumkas-with-natural-strawberry-beads?variant=gid://shopify/ProductVariant/52626145837372
2026-08-29 11:35:45,Jadau kundan leaf jhumkas with Natural Strawberry beads,Default Title,,1600.0,Restock,2,3,5,https://www.muskanjewel.com/products/jadau-kundan-leaf-jhumkas-with-natural-strawberry-beads?variant=gid://shopify/ProductVariant/52626145837372
2026-08-29 11:35:45,Jadau kundan floral Jhumkas with Natural Strawberry beads,Default Title,,1500.0,Restock,3,1,4,https://www.muskanjewel.com/products/jadau-kundan-floral-jhumkas-with-natural-strawberry-beads?variant=gid://shopify/ProductVariant/52626181947708
2026-08-29 11:35:45,Jadau kundan peacock jhumkas with pearl and Natural Strawberry beads,Default Title,,3600.0,Sold Out,5,5,0,https://www.muskanjewel.com/products/jadau-kundan-peacock-jhumkas-with-pearl-and-natural-strawberry-beads?variant=gid://shopify/ProductVariant/52626180473148
2026-08-29 11:40:50,Jadau Kundan peacock jhumkas with pearls and Natural Strawberry beads,Default Title,,2700.0,Sale,1,5,4,https://www.muskanjewel.com/products/jadau-kundan-peacock-jhumkas-with-pearls-and-natural-strawberry-beads?variant=gid://shopify/ProductVariant/52626218058044
2026-08-29 11:40:50,Jadau kundan floral jhumkas with pearl and natural strawberry beads,Default Title,,3000.0,Restock,1,2,3,https://www.muskanjewel.com/products/jadau-kundan-floral-jhumkas-with-pearl-and-natural-strawberry-beads-1?variant=gid://shopify/ProductVariant/52626231230780
2026-08-29 11:45:55,Jadau kundan peacock jhumkas with pearl and Natural Strawberry beads,Default Title,,3900.0,New Arrival,3,0,3,https://www.muskanjewel.com/products/jadau-kundan-peacock-jhumkas-with-pearl-and-natural-strawberry-beads?variant=gid://shopify/ProductVariant/52626180473148
2026-08-29 11:45:55,Jadau kundan Antique polish jhumkas with pearl drops and natural strawberry beads,Default Title,,1200.0,Restock,7,5,12,https://www.muskanjewel.com/products/jadau-kundan-antique-polish-jhumkas-with-pearl-drops-and-natural-strawberry-beads?variant=gid://shopify/ProductVariant/52626387206460
2026-08-29 11:50:53,Jadau kundan peacock jhumkas with pearl drops and natural strawberry beads,Default Title,,3400.0,Sale,1,3,2,https://www.muskanjewel.com/products/jadau-kundan-peacock-jhumkas-with-pearl-drops-and-natural-strawberry-beads?variant=gid://shopify/ProductVariant/52626394186044
2026-08-29 11:50:53,Jadau kundan Navratna jhumkas with pearl drop and natural strawberry beads,Default Title,,2850.0,Sold Out,5,5,0,https://www.muskanjewel.com/products/jadau-kundan-navratna-jhumkas-with-pearl-drop-and-natural-strawberry-beads?variant=gid://shopify/ProductVariant/52626397233468
2026-08-29 12:01:21,Jadau kundan floral jhumkas with pearl drop and natural strawberry beads,Default Title,,1000.0,Restock,4,1,5,https://www.muskanjewel.com/products/jadau-kundan-floral-jhumkas-with-pearl-drop-and-natural-strawberry-beads?variant=gid://shopify/ProductVariant/52628403945788
2026-08-29 12:05:47,Jadau Kundan floral jhumkas with pearls and natural strawberry beads drop,Default Title,,2900.0,Restock,1,2,3,https://www.muskanjewel.com/products/jadau-kundan-floral-jhumkas-with-pearls-and-natural-strawberry-beads-drop?variant=gid://shopify/ProductVariant/52727442506044
2026-08-29 12:10:53,Jadau kundan floral jhumkas with pearl and natural strawberry beads drop,Default Title,,2300.0,Sale,4,7,3,https://www.muskanjewel.com/products/jadau-kundan-floral-jhumkas-with-pearl-and-natural-strawberry-beads-drop?variant=gid://shopify/ProductVariant/52733702766908
2026-08-29 12:10:53,Jadau kundan jhumkas with pearl and natural strawberry beads,Default Title,,2700.0,Sold Out,2,2,0,https://www.muskanjewel.com/products/jadau-kundan-jhumkas-with-pearl-and-natural-strawberry-beads-2?variant=gid://shopify/ProductVariant/52733830136124
2026-08-29 12:15:52,Jadau kundan jhumkas with pearl drop and natural strawberry beads,Default Title,,1800.0,Restock,13,2,15,https://www.muskanjewel.com/products/jadau-kundan-jhumkas-with-pearl-drop-and-natural-strawberry-beads-2?variant=gid://shopify/ProductVariant/52628407648572
2026-08-29 12:15:52,Jadau kundan bridal peacock jhumkas with pearl and natural strawberry beads,Default Title,,2500.0,Sale,7,8,1,https://www.muskanjewel.com/products/jadau-kundan-bridal-peacock-jhumkas-with-pearl-and-natural-strawberry-beads?variant=gid://shopify/ProductVariant/52733761519932
2026-08-29 12:15:52,Jadau kundan peacock full Earcuff Jhumkas with pearl and natural strawberry beads drops,Default Title,,4200.0,Sold Out,3,3,0,https://www.muskanjewel.com/products/jadau-kundan-peacock-full-earcuff-jhumkas-with-pearl-and-natural-strawberry-beads-drops?variant=gid://shopify/ProductVariant/52733750968636
2026-08-29 12:20:49,Jadau kundan peacock jhumkas with pearl and natural strawberry beads drop,Default Title,,3600.0,Restock,1,4,5,https://www.muskanjewel.com/products/jadau-kundan-peacock-jhumkas-with-pearl-and-natural-strawberry-beads-drop?variant=gid://shopify/ProductVariant/52733776101692
2026-08-29 12:20:49,Jadau kundan floral jhumkas with pearl and natural strawberry beads drops,Default Title,,2500.0,Sale,2,5,3,https://www.muskanjewel.com/products/jadau-kundan-floral-jhumkas-with-pearl-and-natural-strawberry-beads-drops?variant=gid://shopify/ProductVariant/52733816144188
2026-08-29 12:20:49,Jadau kundan jhumkas with pearl and natural strawberry beads,Default Title,,2200.0,Sale,2,5,3,https://www.muskanjewel.com/products/jadau-kundan-jhumkas-with-pearl-and-natural-strawberry-beads-3?variant=gid://shopify/ProductVariant/52802274427196
2026-08-29 12:20:49,Jadau kundan jhumkas with pearl and natural strawberry beads,Default Title,,2000.0,Sold Out,3,3,0,https://www.muskanjewel.com/products/jadau-kundan-jhumkas-with-pearl-and-natural-strawberry-beads-1?variant=gid://shopify/ProductVariant/52733801169212
2026-08-29 12:20:49,Jadau kundan peacock full earcuff jhumkas with pearl and natural strawberry beads drop,Default Title,,4100.0,Sold Out,4,4,0,https://www.muskanjewel.com/products/jadau-kundan-peacock-full-earcuff-jhumkas-with-pearl-and-natural-strawberry-beads-drop?variant=gid://shopify/ProductVariant/52802091811132
2026-08-29 12:25:42,jadau kundan jhumkas with pearl and natural strawberry beads drop,Default Title,,2700.0,New Arrival,1,0,1,https://www.muskanjewel.com/products/jadau-kundan-jhumkas-with-pearl-and-natural-strawberry-beads-drop-2?variant=gid://shopify/ProductVariant/52802368012604
2026-08-29 13:10:52,Jadau Kundan Peacock 5 Layer Necklace with RicePearls & Strawberry Beads,Default Title,,6400.0,New Arrival,2,0,2,https://www.muskanjewel.com/products/jadau-kundan-2?variant=gid://shopify/ProductVariant/54154862428476
2026-08-29 15:05:42,Jadau Kundan Unique Necklace with Pearl and Natural Strawberry Beads,Default Title,,7100.0,New Arrival,3,0,3,https://www.muskanjewel.com/products/jadau-kundan-unique-necklace-with-pearl-and-natural-strawberry-beads?variant=gid://shopify/ProductVariant/54175064064316
2026-08-29 15:31:09,Jadau Kundan Peacock Rani Haram With Natural Strawberry Beads,Default Title,,7500.0,New Arrival,1,0,1,https://www.muskanjewel.com/products/jadau-kundan-peacock-rani-haram-with-natural-strawberry-beads?variant=gid://shopify/ProductVariant/54177138999612
2026-08-30 04:25:41,Jadau kundan+Antique goddess Laxmi necklace set with beads and pearls (With Earrings),Default Title,,6100.0,Sold Out,1,1,0,https://www.muskanjewel.com/products/jadau-kundan-antique-goddess-laxmi-necklace-set-with-beads-and-pearls-with-earrings?variant=gid://shopify/ProductVariant/52918805070140
2026-08-30 05:40:49,Jadau Kundan Floral Jhumka with Pearls Natural Strawberry Beads,Default Title,,2650.0,Sale,1,8,7,https://www.muskanjewel.com/products/jadau-kundan-floral-jhumka-with-pearls-natural-strawberry-beads?variant=gid://shopify/ProductVariant/53832392704316
2026-08-30 06:45:53,Jadau kundan Studs with pearl motiff,Default Title,,1250.0,Sale,1,2,1,https://www.muskanjewel.com/products/jadau-kundan-studs-with-pearl-motiff?variant=gid://shopify/ProductVariant/52727429988668
2026-08-30 06:55:40,Jadau kundan peacock 2 layer necklace with pearl drop (No earrings),Default Title,,2800.0,Sale,1,9,8,https://www.muskanjewel.com/products/jadau-kundan-peacock-2-layer-necklace-with-pearl-drop-no-earrings?variant=gid://shopify/ProductVariant/52628892746044
2026-08-30 12:55:41,Jadau kundan necklace with pearl and natural strawberry beads (No earrings),Default Title,,3700.0,Sale,1,3,2,https://www.muskanjewel.com/products/jadau-kundan-necklace-with-pearl-and-natural-strawberry-beads-no-earrings?variant=gid://shopify/ProductVariant/52737592197436
2026-08-30 14:05:45,Jadau kundan jhumkas with pearl drop and natural strawberry beads,Default Title,,1800.0,Sale,1,15,14,https://www.muskanjewel.com/products/jadau-kundan-jhumkas-with-pearl-drop-and-natural-strawberry-beads-2?variant=gid://shopify/ProductVariant/52628407648572
2026-08-30 14:05:45,Jadau Kundan Floral Pendant with Pearl and Natural Strawberry Beads,Default Title,,900.0,Sale,1,5,4,https://www.muskanjewel.com/products/jadau-kundan-floral-pendant-with-pearl-and-natural-strawberry-beads-1?variant=gid://shopify/ProductVariant/54023529333052
2026-08-30 16:01:18,Jadau Kundan Lotus Earrings Drop with Pearls,Default Title,,1500.0,Sale,1,12,11,https://www.muskanjewel.com/products/jadau-kundan-lotus-earrings-drop-with-pearls?variant=gid://shopify/ProductVariant/53823489671484
2026-08-30 16:31:05,Jadau Kundan Leaf Tika with Pearls and Natural Strawberry Beads,Default Title,,750.0,Sale,1,21,20,https://www.muskanjewel.com/products/jadau-kundan-with-pearls-and-natural-strawberry-beads?variant=gid://shopify/ProductVariant/53979961786684
2026-08-31 04:46:03,Jadau Kundan Peacock with Pearls and Natural Strawberry Beads,Default Title,,650.0,Sale,1,2,1,https://www.muskanjewel.com/products/jadau-kundan-peacock-with-pearls-and-natural-strawberry-beads?variant=gid://shopify/ProductVariant/53979941634364
2026-08-31 10:50:50,Jadau Kundan Floral with Pearls and Natural Strawberry Beads,Default Title,,1900.0,Sale,1,2,1,https://www.muskanjewel.com/products/jadau-kundan-floral-with-pearls-and-natural-strawberry-beads-1?variant=gid://shopify/ProductVariant/53979930263868
2026-08-31 11:01:19,Jadau kundan chand shape bridal tika with pearls,Default Title,,1500.0,Sale,1,6,5,https://www.muskanjewel.com/products/jadau-kundan-chand-shape-bridal-tika-with-pearls?variant=gid://shopify/ProductVariant/52979685327164
2026-08-31 12:10:49,Jadau Kundan + Temple/Antique Radha Krishna Pendant Pearls/ Beads Mala,Default Title,,3000.0,New Arrival,4,0,4,https://www.muskanjewel.com/products/jadau-kundan-radha-krishna-pendant-pearls-beads-mala?variant=gid://shopify/ProductVariant/54332422783292
2026-08-31 12:31:07,Jadau Kundan Floral 4 Layer Choker With Pearl and Natural Strawberry Beads,Default Title,,3800.0,New Arrival,3,0,3,https://www.muskanjewel.com/products/jadau-kundan-floral-4-layer-choker-with-pearl-and-natural-strawberry-beads?variant=gid://shopify/ProductVariant/54332442345788
2026-08-31 13:10:52,Jadau kundan Studs with pearl motiff,Default Title,,1250.0,Sold Out,1,1,0,https://www.muskanjewel.com/products/jadau-kundan-studs-with-pearl-motiff?variant=gid://shopify/ProductVariant/52727429988668
2026-08-31 13:35:54,Jadau Kundan Floral Chand Bali With Pearl and Natural Strawberry Beads,Default Title,,1900.0,New Arrival,6,0,6,https://www.muskanjewel.com/products/jadau-kundan-floral-chand-bali-with-pearl-and-natural-strawberry-beads?variant=gid://shopify/ProductVariant/54332496511292
2026-08-31 13:40:52,Jadau Kundan Peacock Studs,Default Title,,1000.0,New Arrival,12,0,12,https://www.muskanjewel.com/products/jadau-kundan-peacock-studs-4?variant=gid://shopify/ProductVariant/54332498411836
2026-08-31 13:45:59,Jadau kundan antique polish jhumkas with pearl drops and natural strawberry beads,Default Title,,900.0,Sold Out,17,17,0,https://www.muskanjewel.com/products/jadau-kundan-antique-polish-jhumkas-with-pearl-drops-and-natural-strawberry-beads-1?variant=gid://shopify/ProductVariant/52628406829372
2026-08-31 13:50:55,Jadau kundan jhumkas with pearl drop and natural strawberry beads,Default Title,,1800.0,Sale,1,14,13,https://www.muskanjewel.com/products/jadau-kundan-jhumkas-with-pearl-drop-and-natural-strawberry-beads-2?variant=gid://shopify/ProductVariant/52628407648572
2026-08-31 15:50:52,Jadau Kundan Sun & Moon Hair Accessories,Default Title,,1100.0,Sale,1,10,9,https://www.muskanjewel.com/products/jadau-kundan-sun-moon-hair-accessories?variant=gid://shopify/ProductVariant/52801987084604
2026-08-31 16:31:12,Jadau kundan + Temple/Antique Long peacock necklace(With Earrings),Default Title,,4200.0,Sold Out,1,1,0,https://www.muskanjewel.com/products/jadau-kundan-temple-antique-long-peacock-necklacewith-earrings?variant=gid://shopify/ProductVariant/52982374498620
2026-08-31 18:40:50,Jadau kundan jhumkas with pearl drop and natural strawberry beads,Default Title,,1800.0,Sale,1,13,12,https://www.muskanjewel.com/products/jadau-kundan-jhumkas-with-pearl-drop-and-natural-strawberry-beads-2?variant=gid://shopify/ProductVariant/52628407648572
2026-08-31 18:40:50,Jadau Kundan Floral Pendant with Pearl and Natural Strawberry Beads,Default Title,,1900.0,Sale,1,3,2,https://www.muskanjewel.com/products/jadau-kundan-floral-pendant-with-pearl-and-natural-strawberry-beads?variant=gid://shopify/ProductVariant/54023236256060
2026-09-01 06:15:53,Jadau kundan floral tika with pearl and natural strawberry beads,Default Title,,850.0,Sale,1,9,8,https://www.muskanjewel.com/products/jadau-kundan-floral-tika-with-pearl-and-natural-strawberry-beads?variant=gid://shopify/ProductVariant/52737307607356
2026-09-01 08:15:52,Jadau Kundan Chandbali Shape studs with Rice Pearls,Default Title,,1000.0,Sale,1,12,11,https://www.muskanjewel.com/products/jadau-kundan-jhumkas-with-rice-pearls?variant=gid://shopify/ProductVariant/53981045031228
2026-09-01 08:35:44,Jadau Kundan Floral Pendant with Pearl and Natural Strawberry Beads,Default Title,,1900.0,Sold Out,2,2,0,https://www.muskanjewel.com/products/jadau-kundan-floral-pendant-with-pearl-and-natural-strawberry-beads?variant=gid://shopify/ProductVariant/54023236256060
