Timestamp,Product Title,Variant Title,SKU,Price,Event Type,Quantity,Previous Stock,Current Stock,Product URL
2026-07-18 11:46:40,Pear-Emerald Victorian Necklace Set,Navaratna Colour,R22243,24500.0,Restock,1,0,1,https://www.rasasilver.com/products/pear-drop-victorian-necklace-set?variant=gid://shopify/ProductVariant/52362256417065
2026-07-18 11:46:40,Roseate Mayura Necklace Set,Default Title,R13902,39000.0,Restock,1,0,1,https://www.rasasilver.com/products/12-2?variant=gid://shopify/ProductVariant/51226621837609
2026-07-18 11:46:40,Lavira Polki Necklace,Default Title,R12263,46400.0,Restock,1,0,1,https://www.rasasilver.com/products/no-image-12?variant=gid://shopify/ProductVariant/50835683115305
2026-07-18 12:02:22,Cubina Victorian Necklace Set,Default Title,R23471,63300.0,Sold Out,1,1,0,https://www.rasasilver.com/products/cubelle-victorian-necklace-set-copy-3?variant=gid://shopify/ProductVariant/52915394052393
2026-07-18 12:02:22,Sea-Blue Victorian Kada,Default Title,R23297,32000.0,Sold Out,1,1,0,https://www.rasasilver.com/products/ovalora-victorian-kada?variant=gid://shopify/ProductVariant/52911255093545
2026-07-18 12:02:22,Moissanite Glow Kada,Default Title,R22763,15120.0,Sold Out,1,1,0,https://www.rasasilver.com/products/moissanite-kada?variant=gid://shopify/ProductVariant/52759309418793
2026-07-18 12:45:59,Rosé Victorian Danglers,GREEN,R16552,11700.0,Sold Out,1,1,0,https://www.rasasilver.com/products/rose-victorian-danglers?variant=gid://shopify/ProductVariant/52139436900649
2026-07-19 05:36:00,Navajivika Necklace,Navaratna Colour,R18880,14000.0,Sale,1,5,4,https://www.rasasilver.com/products/navajivika-necklace?variant=gid://shopify/ProductVariant/50717291118889
2026-07-19 06:50:16,Couple Ring,Men,R31531,1900.0,Sale,1,5,4,https://www.rasasilver.com/products/tiny-shine-ring?variant=gid://shopify/ProductVariant/53286206964009
2026-07-19 09:18:53,Ruby Plumage Earrings,Default Title,R13501,15700.0,Sold Out,1,1,0,https://www.rasasilver.com/products/ruby-plumage-danglers?variant=gid://shopify/ProductVariant/51217412751657
2026-07-19 09:48:05,Tarakshi CZ Pendant,Default Title,R29562,4000.0,Sold Out,1,1,0,https://www.rasasilver.com/products/tarakshi-cz-pendant?variant=gid://shopify/ProductVariant/53284524884265
2026-07-19 11:04:09,Kaviri Phool Payal,Default Title,R16465,13700.0,Sold Out,1,1,0,https://www.rasasilver.com/products/kaviri-phool-payal?variant=gid://shopify/ProductVariant/51495562051881
2026-07-19 11:32:41,Phool Patra Ring,GREEN,R17375,3000.0,Sale,1,5,4,https://www.rasasilver.com/products/phool-patra-ring?variant=gid://shopify/ProductVariant/50635383046441
2026-07-19 11:32:41,Sugandha Kundan Choker,Default Title,R23808,40350.0,Sold Out,1,1,0,https://www.rasasilver.com/products/sugandha-kundan-choker?variant=gid://shopify/ProductVariant/52742136987945
2026-07-19 11:47:21,Green Haven Bracelet,Default Title,R31640,2900.0,Sale,1,3,2,https://www.rasasilver.com/products/green-haven-bracelet?variant=gid://shopify/ProductVariant/53285940986153
2026-07-19 11:47:21,Pear-Bloom CZ Necklace,Default Title,R25497,15300.0,Sold Out,1,1,0,https://www.rasasilver.com/products/pear-bloom-cz-necklace?variant=gid://shopify/ProductVariant/52712536637737
2026-07-19 12:03:47,Ruvanya Stone Ring,Green / 14,R17379,3000.0,Sale,1,3,2,https://www.rasasilver.com/products/ring-22?variant=gid://shopify/ProductVariant/51350170435881
2026-07-19 12:48:19,Botanique Stud Earrings,Default Title,R15982,2300.0,Sale,1,7,6,https://www.rasasilver.com/products/botanique-studs?variant=gid://shopify/ProductVariant/50158205501737
2026-07-19 13:17:36,Pearl-Glow Chain Pendant,Default Title,R31554,2000.0,Sale,1,2,1,https://www.rasasilver.com/products/pearl-glow-chain-pendant?variant=gid://shopify/ProductVariant/53285986992425
2026-07-19 13:47:36,Dhanika Bangles,Ruby Pink / 2.7,R17350,18500.0,Sale,1,3,2,https://www.rasasilver.com/products/dhanika-bangles?variant=gid://shopify/ProductVariant/52273420075305
2026-07-19 13:47:36,Dhanika Bangles,Ruby Pink / 2.6,R17350,18500.0,Sale,1,3,2,https://www.rasasilver.com/products/dhanika-bangles?variant=gid://shopify/ProductVariant/52273497309481
2026-07-19 13:47:36,Dhanika Bangles,Ruby Pink / 2.8,R17350,18500.0,Sale,1,3,2,https://www.rasasilver.com/products/dhanika-bangles?variant=gid://shopify/ProductVariant/52274222432553
2026-07-19 14:18:36,Crystal Mehreen Maang Tikka,Mint Green,R12350,12700.0,Sale,1,2,1,https://www.rasasilver.com/products/crystal-mehreen-maang-tikka?variant=gid://shopify/ProductVariant/50839509795113
2026-07-19 15:03:46,Lavender Ring,Default Title,R28365,3600.0,Sale,1,3,2,https://www.rasasilver.com/products/dual-twist-cz-ring-copy?variant=gid://shopify/ProductVariant/53138931122473
2026-07-19 15:48:08,Crowned Carats CZ Necklace Set,Default Title,R25231,84800.0,Sale,1,2,1,https://www.rasasilver.com/products/crowned-carats-cz-necklace-set?variant=gid://shopify/ProductVariant/52682110042409
2026-07-19 15:48:08,Halo Grace Ring,Default Title,R31551,1300.0,Sale,1,4,3,https://www.rasasilver.com/products/imperial-stone-cz-ring?variant=gid://shopify/ProductVariant/53286257230121
2026-07-19 16:03:48,Circle of Grace Bangles,Default Title,R17360,27400.0,Sale,1,3,2,https://www.rasasilver.com/products/circle-of-grace-bangles?variant=gid://shopify/ProductVariant/51527393181993
2026-07-19 16:03:48,Petalix CZ Necklace,Default Title,R25494,12780.0,Sale,1,5,4,https://www.rasasilver.com/products/petalix-cz-necklace?variant=gid://shopify/ProductVariant/52712526741801
2026-07-19 16:03:48,Pearvia CZ Necklace Set,Default Title,R26847,15700.0,Sale,1,3,2,https://www.rasasilver.com/products/peravia-cz-necklace-set-1?variant=gid://shopify/ProductVariant/52882237358377
2026-07-19 16:03:48,Floral Twinkle Toe Ring,Default Title,R31642,2000.0,Sale,1,4,3,https://www.rasasilver.com/products/floral-twinkle-toe-ring?variant=gid://shopify/ProductVariant/53289132228905
2026-07-19 18:48:05,Safety Pin Chain Pendant,Default Title,R14150,1800.0,Sale,1,3,2,https://www.rasasilver.com/products/chain-pendant-10?variant=gid://shopify/ProductVariant/51345625153833
2026-07-19 19:47:32,Mishaya Pair Payal,Default Title,R16466,22700.0,Sale,1,3,2,https://www.rasasilver.com/products/mishaya-payal?variant=gid://shopify/ProductVariant/51495570342185
2026-07-20 05:50:11,Moissanite Nath,Default Title,R1526,3100.0,Restock,2,7,9,https://www.rasasilver.com/products/kundan-nath?variant=gid://shopify/ProductVariant/49855900451113
2026-07-20 05:50:11,Royal Pasalu Necklace,Default Title,R12642,48000.0,Restock,1,2,3,https://www.rasasilver.com/products/royal-pasalu-necklace?variant=gid://shopify/ProductVariant/50069048852777
2026-07-20 05:50:11,Amrapali Stone Earrings,GREEN,R31833,4100.0,Restock,1,1,2,https://www.rasasilver.com/products/amrapali-earrings?variant=gid://shopify/ProductVariant/53302306275625
2026-07-20 05:50:11,Stellar Nine Short Necklace,Default Title,R18885,17200.0,Restock,1,9,10,https://www.rasasilver.com/products/stellar-nine-short-necklace?variant=gid://shopify/ProductVariant/50083435872553
2026-07-20 05:50:11,Bhavani Kurgi Pendant,Default Title,R10078,9000.0,Restock,1,1,2,https://www.rasasilver.com/products/bhavani-kurgi-pendant?variant=gid://shopify/ProductVariant/50108540780841
2026-07-20 05:50:11,Kiranaratna Stud Earrings,Default Title,R17286,4400.0,Restock,1,10,11,https://www.rasasilver.com/products/kiranaratna-studs?variant=gid://shopify/ProductVariant/50152979005737
2026-07-20 05:50:11,Meadow Muse Pendant,Green,R17124,20600.0,Restock,1,15,16,https://www.rasasilver.com/products/meadow-muse-pendant?variant=gid://shopify/ProductVariant/52485476843817
2026-07-20 05:50:11,Twinkle Bindu Nath,Default Title,R16995,2700.0,Restock,1,6,7,https://www.rasasilver.com/products/twinkle-bindu-nath?variant=gid://shopify/ProductVariant/50203857420585
2026-07-20 05:50:11,Mani Bandha Bangles,2.4,R14974,19300.0,Restock,1,5,6,https://www.rasasilver.com/products/mani-bandha-bangles?variant=gid://shopify/ProductVariant/52263721697577
2026-07-20 05:50:11,Kundan Chandrika Pendant,Default Title,R26058,22350.0,Restock,1,3,4,https://www.rasasilver.com/products/kundanchandrika-pendant?variant=gid://shopify/ProductVariant/50299778892073
2026-07-20 05:50:11,Gulnari Stud Earrings,Default Title,R16201,3200.0,Restock,1,10,11,https://www.rasasilver.com/products/sakshi-2?variant=gid://shopify/ProductVariant/50444092637481
2026-07-20 05:50:11,Saraswati Oddiyanam/Hip Belts.,Default Title,R4503,66900.0,Restock,1,0,1,https://www.rasasilver.com/products/1?variant=gid://shopify/ProductVariant/50513251729705
2026-07-20 05:50:11,Trishaani Necklace Set,Default Title,R4943,59000.0,Restock,1,0,1,https://www.rasasilver.com/products/trishaani-necklace-set?variant=gid://shopify/ProductVariant/50545494458665
2026-07-20 05:50:11,Navakamal CZ Glow Necklace,Default Title,R4631,23580.0,Restock,1,0,1,https://www.rasasilver.com/products/navakamal-cz-glow-necklace?variant=gid://shopify/ProductVariant/50577170202921
2026-07-20 05:50:11,Ovalor Stone Ring,Ruby Pink,R17311,3450.0,Restock,1,7,8,https://www.rasasilver.com/products/ovalor-ring?variant=gid://shopify/ProductVariant/51472177692969
2026-07-20 05:50:11,Ovalor Stone Ring,GREEN,R17361,3450.0,Restock,1,8,9,https://www.rasasilver.com/products/ovalor-ring?variant=gid://shopify/ProductVariant/51472177725737
2026-07-20 05:50:11,Phool Patra Ring,GREEN,R17375,3000.0,Restock,3,4,7,https://www.rasasilver.com/products/phool-patra-ring?variant=gid://shopify/ProductVariant/50635383046441
2026-07-20 05:50:11,Evoque Green Studs,Default Title,R20374,1900.0,Restock,1,20,21,https://www.rasasilver.com/products/35?variant=gid://shopify/ProductVariant/50712002330921
2026-07-20 05:50:11,Lakshmi Smarakha Haaram,Default Title,R11156,53900.0,Restock,1,0,1,https://www.rasasilver.com/products/lakshmi-smarakha-haaram?variant=gid://shopify/ProductVariant/50740831977769
2026-07-20 05:50:11,Peacock Duet Choker Set,Default Title,R11507,66900.0,Restock,1,0,1,https://www.rasasilver.com/products/peacock-duet-choker-set?variant=gid://shopify/ProductVariant/50756969070889
2026-07-20 05:50:11,Leaforia Bloom Necklace Set,Default Title,R11554,39500.0,Restock,1,1,2,https://www.rasasilver.com/products/leaforia-bloom-necklace-set?variant=gid://shopify/ProductVariant/50773763293481
2026-07-20 05:50:11,Mohana Murali Haaram,Green,R11715,62100.0,Restock,1,0,1,https://www.rasasilver.com/products/mohana-murali-haaram?variant=gid://shopify/ProductVariant/50808103043369
2026-07-20 05:50:11,Olivienne Short Necklace,Default Title,R11714,24390.0,Restock,1,0,1,https://www.rasasilver.com/products/olivienne-short-necklace?variant=gid://shopify/ProductVariant/50808782520617
2026-07-20 05:50:11,Back Belt,Default Title,R11605,44400.0,Restock,2,11,13,https://www.rasasilver.com/products/back-belt?variant=gid://shopify/ProductVariant/50808980635945
2026-07-20 05:50:11,Ratna Alankaram Short Necklace,Default Title,R11721,32100.0,Restock,1,1,2,https://www.rasasilver.com/products/ratna-alankaram-short-necklace?variant=gid://shopify/ProductVariant/50809013010729
2026-07-20 05:50:11,Emerovia Stone Pendant,Green,R11762,1700.0,Restock,1,11,12,https://www.rasasilver.com/products/emerovia-pendant?variant=gid://shopify/ProductVariant/50809107087657
2026-07-20 05:50:11,Rosvara Pendant Set,Default Title,R11770,4600.0,Restock,1,3,4,https://www.rasasilver.com/products/rosvara-pendant-set?variant=gid://shopify/ProductVariant/50809158959401
2026-07-20 05:50:11,Navarya Stone Ring,Default Title,R20505,3800.0,Restock,1,8,9,https://www.rasasilver.com/products/navarya-ring?variant=gid://shopify/ProductVariant/50809191727401
2026-07-20 05:50:11,Back Chain,Default Title,R25375,4000.0,Restock,1,2,3,https://www.rasasilver.com/products/back-chain-1?variant=gid://shopify/ProductVariant/50823753695529
2026-07-20 05:50:11,Empriva Stud Earrings,Default Title,R17406,3800.0,Restock,1,15,16,https://www.rasasilver.com/products/empriva-studs?variant=gid://shopify/ProductVariant/50829261046057
2026-07-20 05:50:11,Moonbeam Allure Short Necklace Set,Default Title,R12412,56000.0,Restock,1,3,4,https://www.rasasilver.com/products/moonbeam-allure-short-necklace-copy?variant=gid://shopify/ProductVariant/50907092615465
2026-07-20 05:50:11,Lady Victoria Bangles,2.4,R12043,44500.0,Restock,1,1,2,https://www.rasasilver.com/products/lady-victoria-bangles?variant=gid://shopify/ProductVariant/52279940514089
2026-07-20 05:50:11,Flap Chain Bracelet,Default Title,R12953,4000.0,Restock,1,1,2,https://www.rasasilver.com/products/bracelet-4?variant=gid://shopify/ProductVariant/51317154775337
2026-07-20 05:50:11,Shreevalli Danglers,GREEN,R31965,5000.0,Restock,1,0,1,https://www.rasasilver.com/products/danglers-24?variant=gid://shopify/ProductVariant/53342707777833
2026-07-20 05:50:11,Rubeara Stud Earrings,Default Title,R15988,2600.0,Restock,1,1,2,https://www.rasasilver.com/products/studs-24?variant=gid://shopify/ProductVariant/51350134784297
2026-07-20 05:50:11,Glimvya Stone Ring,6,R17385,1700.0,Restock,1,0,1,https://www.rasasilver.com/products/ring-20?variant=gid://shopify/ProductVariant/52291047686441
2026-07-20 05:50:11,Mirvanki Stone Ring,Default Title,R25935,1800.0,Restock,1,4,5,https://www.rasasilver.com/products/ring-21?variant=gid://shopify/ProductVariant/52291044311337
2026-07-20 05:50:11,Ruby Mehka Stud Earrings,Default Title,R16371,2550.0,Restock,1,0,1,https://www.rasasilver.com/products/rubymehka-studs?variant=gid://shopify/ProductVariant/51363105571113
2026-07-20 05:50:11,Squivva Gems Bangles,Ruby Pink / 2.4,R14966,26400.0,Restock,1,5,6,https://www.rasasilver.com/products/squivva-bangles?variant=gid://shopify/ProductVariant/52273391436073
2026-07-20 05:50:11,Crystina Stone Bangles,2.6,R14990,22200.0,Restock,1,3,4,https://www.rasasilver.com/products/crystina-bangles?variant=gid://shopify/ProductVariant/52263713636649
2026-07-20 05:50:11,Prithvi Nakshi Necklace,Default Title,R15073,45500.0,Restock,1,0,1,https://www.rasasilver.com/products/prithvi-necklace?variant=gid://shopify/ProductVariant/51368296284457
2026-07-20 05:50:11,Aruni Pear Short Necklace,Navaratna Colour,R15886,22500.0,Restock,1,0,1,https://www.rasasilver.com/products/fleur-d-emeraude-necklace-set-copy?variant=gid://shopify/ProductVariant/51408334291241
2026-07-20 05:50:11,Anira Stone Short Necklace,Default Title,R15803,25000.0,Restock,1,0,1,https://www.rasasilver.com/products/rosavine-cz-necklace-copy?variant=gid://shopify/ProductVariant/51408239100201
2026-07-20 05:50:11,Devaani Three Layer Necklace,Default Title,R15279,71600.0,Restock,1,0,1,https://www.rasasilver.com/products/devaani-three-layer-necklace?variant=gid://shopify/ProductVariant/51418997883177
2026-07-20 05:50:11,Floravia Pendant,Green,R15287,11600.0,Restock,1,4,5,https://www.rasasilver.com/products/floravia-pendant?variant=gid://shopify/ProductVariant/51441178083625
2026-07-20 05:50:11,Devi Shobhita Pendant,GREEN,R15351,18500.0,Restock,1,0,1,https://www.rasasilver.com/products/devi-shobhita-pendant?variant=gid://shopify/ProductVariant/51441912054057
2026-07-20 05:50:11,Dvidhara Stone Pendant,Default Title,R15390,14600.0,Restock,1,0,1,https://www.rasasilver.com/products/dvidhara-pendant?variant=gid://shopify/ProductVariant/51442236424489
2026-07-20 05:50:11,Nayomi-Mor Payal,Swarovski,R16519,14500.0,Restock,1,0,1,https://www.rasasilver.com/products/nayomi-mor-payal?variant=gid://shopify/ProductVariant/51495815282985
2026-07-20 05:50:11,Noorvel Silver Payal,Default Title,R16500,22100.0,Restock,1,2,3,https://www.rasasilver.com/products/noorvel-silver-payal?variant=gid://shopify/ProductVariant/51495781597481
2026-07-20 05:50:11,Starry Blue Cz Necklace Set,Default Title,R17724,22000.0,Restock,1,0,1,https://www.rasasilver.com/products/starry-blue-necklace-set?variant=gid://shopify/ProductVariant/51509444575529
2026-07-20 05:50:11,Czpearra Cz Diamond Necklace,Default Title,R17683,12500.0,Restock,1,1,2,https://www.rasasilver.com/products/czpearra-necklace?variant=gid://shopify/ProductVariant/51509447295273
2026-07-20 05:50:11,Petalova Necklace Cz Set,Default Title,R17575,175000.0,Restock,1,1,2,https://www.rasasilver.com/products/petalova-necklace-set?variant=gid://shopify/ProductVariant/51509464170793
2026-07-20 05:50:11,Gulbahaar Ring,Ruby Pink / 6,R17324,3700.0,Restock,1,2,3,https://www.rasasilver.com/products/gulbahaar-ring?variant=gid://shopify/ProductVariant/51514711933225
2026-07-20 05:50:11,Rubalyn Bloom Necklace Set,Swarovski,R18538,34700.0,Restock,1,1,2,https://www.rasasilver.com/products/ruby-fiora-necklace-set-copy?variant=gid://shopify/ProductVariant/51870106812713
2026-07-20 05:50:11,Zyrissa Florentia Necklace Set,Default Title,R18532,25000.0,Restock,1,8,9,https://www.rasasilver.com/products/zirnova-pear-necklace-set-copy?variant=gid://shopify/ProductVariant/51872732905769
2026-07-20 05:50:11,Rubyleaf Ovelle Necklace Set,Default Title,R16717,38610.0,Restock,1,0,1,https://www.rasasilver.com/products/rubyleaf-ovelle-necklace-set?variant=gid://shopify/ProductVariant/52170082713897
2026-07-20 05:50:11,Frost Polki Ring,7.25,R16496,6400.0,Restock,1,1,2,https://www.rasasilver.com/products/frost-bloom-ring?variant=gid://shopify/ProductVariant/52290959966505
2026-07-20 05:50:11,Navarang Oval Bangles,Navaratna Colour / 2.5,R19949,21000.0,Restock,1,0,1,https://www.rasasilver.com/products/navarang-oval-bangles?variant=gid://shopify/ProductVariant/52209180573993
2026-07-20 05:50:11,Victoraine Noire Necklace Set,Default Title,R20571,42500.0,Restock,1,0,1,https://www.rasasilver.com/products/victoraine-noire-necklace-set?variant=gid://shopify/ProductVariant/52267257594153
2026-07-20 05:50:11,Gajessa Pallais Necklace Set,Default Title,R20945,111000.0,Restock,1,5,6,https://www.rasasilver.com/products/gajessa-pallais-necklace-set?variant=gid://shopify/ProductVariant/52279411081513
2026-07-20 05:50:11,Navrisa Navaratna Pendant,Default Title,R22079,8900.0,Restock,1,0,1,https://www.rasasilver.com/products/navrisa-navaratna-pendant?variant=gid://shopify/ProductVariant/52331044700457
2026-07-20 05:50:11,Ovaflora Victorian Necklace Set,Default Title,R21346,90450.0,Restock,1,0,1,https://www.rasasilver.com/products/ovaflora-victorian-necklace-set?variant=gid://shopify/ProductVariant/52337579065641
2026-07-20 05:50:11,Emeravalli Victorian Necklace,Default Title,R21567,39700.0,Restock,1,0,1,https://www.rasasilver.com/products/emeravalli-victorian-necklace?variant=gid://shopify/ProductVariant/52344621728041
2026-07-20 05:50:11,Esha Victorian Necklace Set,Default Title,R22215,49500.0,Restock,1,0,1,https://www.rasasilver.com/products/esha-victorian-necklace-set?variant=gid://shopify/ProductVariant/52362152837417
2026-07-20 05:50:11,Victorian Navakriti Necklace Set,Default Title,R22231,37400.0,Restock,1,0,1,https://www.rasasilver.com/products/victorian-navakriti-necklace-set?variant=gid://shopify/ProductVariant/52362235576617
2026-07-20 05:50:11,Orbit Victorian Necklace,Default Title,R22157,42300.0,Restock,1,0,1,https://www.rasasilver.com/products/orbit-victorian-necklace-set?variant=gid://shopify/ProductVariant/52377995542825
2026-07-20 05:50:11,Grevia CZ Necklace Set,Default Title,R22177,35400.0,Restock,1,0,1,https://www.rasasilver.com/products/cz-necklace-set-1?variant=gid://shopify/ProductVariant/52390300877097
2026-07-20 05:50:11,Grevix CZ Necklace Set,Default Title,R22250,59900.0,Restock,1,4,5,https://www.rasasilver.com/products/cz-necklace-set-3?variant=gid://shopify/ProductVariant/52390351110441
2026-07-20 05:50:11,Navarika CZ Necklace Set,Default Title,R22641,34100.0,Restock,1,1,2,https://www.rasasilver.com/products/navarika-cz-necklace-set?variant=gid://shopify/ProductVariant/52390554894633
2026-07-20 05:50:11,Morvya Kasu Necklace,Default Title,R22672,101200.0,Restock,1,3,4,https://www.rasasilver.com/products/morvya-kasu-necklace?variant=gid://shopify/ProductVariant/52393214705961
2026-07-20 05:50:11,Gutta Pasalu Necklace Set,Default Title,R19923,22700.0,Restock,1,7,8,https://www.rasasilver.com/products/gutta-pasalu-necklace-set?variant=gid://shopify/ProductVariant/52399453438249
2026-07-20 05:50:11,Prism CZ Necklace Set,Blue,R31367,28700.0,Restock,1,0,1,https://www.rasasilver.com/products/prism-cz-necklace-set?variant=gid://shopify/ProductVariant/53323393368361
2026-07-20 05:50:11,Moonlight CZ Necklace Set,Default Title,R22912,17600.0,Restock,1,3,4,https://www.rasasilver.com/products/moonlight-cz-necklace-set?variant=gid://shopify/ProductVariant/52419983573289
2026-07-20 05:50:11,Victorian Grace Necklace,Default Title,R22242,53460.0,Restock,1,2,3,https://www.rasasilver.com/products/victorian-grace-necklace?variant=gid://shopify/ProductVariant/52420044357929
2026-07-20 05:50:11,Duo-Pear CZ Studs,Default Title,R19423,2800.0,Restock,1,0,1,https://www.rasasilver.com/products/duo-pear-cz-studs?variant=gid://shopify/ProductVariant/52447561220393
2026-07-20 05:50:11,Devika Temple Kaasu Necklace,Default Title,R22303,52560.0,Restock,1,0,1,https://www.rasasilver.com/products/devika-temple-kaasu-necklace?variant=gid://shopify/ProductVariant/52450616213801
2026-07-20 05:50:11,Roshni CZ Tikka,Default Title,R21129,13400.0,Restock,1,0,1,https://www.rasasilver.com/products/roshni-cz-tikka?variant=gid://shopify/ProductVariant/52469382873385
2026-07-20 05:50:11,Bloomia Victorian Tikka,Default Title,R21497,15300.0,Restock,1,0,1,https://www.rasasilver.com/products/bloomia-victorian-tikka?variant=gid://shopify/ProductVariant/52469496414505
2026-07-20 05:50:11,Duchess Oval Victorian Bangles,2.6,R24459,44300.0,Restock,2,1,3,https://www.rasasilver.com/products/duchess-oval-victorian-bangles?variant=gid://shopify/ProductVariant/52535462461737
2026-07-20 05:50:11,Tara Stone Bangles,2.4,R24394,26600.0,Restock,1,0,1,https://www.rasasilver.com/products/tara-stone-bangles?variant=gid://shopify/ProductVariant/52553600893225
2026-07-20 05:50:11,Opened-Feathre Kundan Set,Default Title,R24401,55620.0,Restock,1,0,1,https://www.rasasilver.com/products/opened-feathre-kundan-set?variant=gid://shopify/ProductVariant/52553979330857
2026-07-20 05:50:11,Murya Kundan Hair Brooch,Default Title,R23484,9810.0,Restock,1,2,3,https://www.rasasilver.com/products/swan-kundan-hair-brooch?variant=gid://shopify/ProductVariant/52559924625705
2026-07-20 05:50:11,Reyvani Kundan Buggadi,Default Title,R24287,5500.0,Restock,1,0,1,https://www.rasasilver.com/products/reyvani-round-kundan-cuff?variant=gid://shopify/ProductVariant/52623012036905
2026-07-20 05:50:11,Dakshin Stone Matil,Default Title,R25139,21500.0,Restock,1,0,1,https://www.rasasilver.com/products/dakshin-stone-matil?variant=gid://shopify/ProductVariant/52667728232745
2026-07-20 05:50:11,Two-Layers Antique Mala,Default Title,R24793,23100.0,Restock,3,0,3,https://www.rasasilver.com/products/two-layers-antique-mala?variant=gid://shopify/ProductVariant/52668091892009
2026-07-20 05:50:11,Pink Beaded Antique Mala,Default Title,R24813,18000.0,Restock,1,0,1,https://www.rasasilver.com/products/pink-beaded-antique-mala?variant=gid://shopify/ProductVariant/52668113486121
2026-07-20 05:50:11,Visheshika Temple Chudi,Default Title,R22955,16600.0,Restock,1,3,4,https://www.rasasilver.com/products/visheshika-temple-chudi?variant=gid://shopify/ProductVariant/52668215394601
2026-07-20 05:50:11,Square-Rosy Stone Bangles,Ruby Pink / 2.4,R25305,19500.0,Restock,1,3,4,https://www.rasasilver.com/products/square-rosy-stone-bangles?variant=gid://shopify/ProductVariant/52668463382825
2026-07-20 05:50:11,Square-Rosy Stone Bangles,Ruby Pink / 2.5,R25305,19500.0,Restock,1,3,4,https://www.rasasilver.com/products/square-rosy-stone-bangles?variant=gid://shopify/ProductVariant/52704115949865
2026-07-20 05:50:11,Square-Rosy Stone Bangles,Ruby Pink / 2.6,R25305,19500.0,Restock,1,3,4,https://www.rasasilver.com/products/square-rosy-stone-bangles?variant=gid://shopify/ProductVariant/52704115982633
2026-07-20 05:50:11,Oval-Rosy Stone Bangles,Ruby Pink / 2.4,R25306,21600.0,Restock,1,2,3,https://www.rasasilver.com/products/oval-rosy-stone-bangles?variant=gid://shopify/ProductVariant/52668471968041
2026-07-20 05:50:11,Oval-Rosy Stone Bangles,Ruby Pink / 2.8,R25306,21600.0,Restock,1,2,3,https://www.rasasilver.com/products/oval-rosy-stone-bangles?variant=gid://shopify/ProductVariant/52707604660521
2026-07-20 05:50:11,Oval-Rosy Stone Bangles,Ruby Pink / 2.9,R25306,21600.0,Restock,1,2,3,https://www.rasasilver.com/products/oval-rosy-stone-bangles?variant=gid://shopify/ProductVariant/52707604693289
2026-07-20 05:50:11,Oval-Rosy Stone Bangles,GREEN / 2.5,R25325,21700.0,Restock,1,2,3,https://www.rasasilver.com/products/oval-rosy-stone-bangles?variant=gid://shopify/ProductVariant/52707604726057
2026-07-20 05:50:11,Oval-Rosy Stone Bangles,GREEN / 2.6,R25325,21700.0,Restock,1,2,3,https://www.rasasilver.com/products/oval-rosy-stone-bangles?variant=gid://shopify/ProductVariant/52707604758825
2026-07-20 05:50:11,Oval-Rosy Stone Bangles,GREEN / 2.8,R25325,21700.0,Restock,1,2,3,https://www.rasasilver.com/products/oval-rosy-stone-bangles?variant=gid://shopify/ProductVariant/52707604791593
2026-07-20 05:50:11,Kundan Grace Ear Cuff,Default Title,R25234,4700.0,Restock,1,0,1,https://www.rasasilver.com/products/kundan-grace-ear-cuff?variant=gid://shopify/ProductVariant/52678251184425
2026-07-20 05:50:11,Kundan Flora-Duo Ring,Default Title,R25172,4000.0,Restock,1,0,1,https://www.rasasilver.com/products/kundan-ring-2?variant=gid://shopify/ProductVariant/52704079708457
2026-07-20 05:50:11,Regal Trinket Necklace Set,Default Title,R25011,25500.0,Restock,1,7,8,https://www.rasasilver.com/products/regal-trinket-necklace-set?variant=gid://shopify/ProductVariant/52682036707625
2026-07-20 05:50:11,Manimala Kasu Temple Necklace,Default Title,R25191,36200.0,Restock,1,1,2,https://www.rasasilver.com/products/manimala-kasu-short-necklace?variant=gid://shopify/ProductVariant/52682145431849
2026-07-20 05:50:11,Pear-Bloom CZ Necklace,Default Title,R25497,15300.0,Restock,3,0,3,https://www.rasasilver.com/products/pear-bloom-cz-necklace?variant=gid://shopify/ProductVariant/52712536637737
2026-07-20 05:50:11,Bagh-Manik Stone Necklace,Default Title,R25124,37800.0,Restock,1,0,1,https://www.rasasilver.com/products/bagh-manik-stone-necklace?variant=gid://shopify/ProductVariant/52723633652009
2026-07-20 05:50:11,Pakshika Kundan Choker,Default Title,R25838,46450.0,Restock,1,0,1,https://www.rasasilver.com/products/pakshika-kundan-choker?variant=gid://shopify/ProductVariant/52742225199401
2026-07-20 05:50:11,Chakra-Padma Kundan Pendant,Default Title,R21962,25300.0,Restock,1,0,1,https://www.rasasilver.com/products/chakra-kundan-pendant?variant=gid://shopify/ProductVariant/52748086739241
2026-07-20 05:50:11,Gandarika Kundan Pendant,Default Title,R24975,19350.0,Restock,1,1,2,https://www.rasasilver.com/products/gandarika-kundan-pendant?variant=gid://shopify/ProductVariant/52748851806505
2026-07-20 05:50:11,Swaralika Kundan Necklace,Gold,R25043,58600.0,Restock,1,0,1,https://www.rasasilver.com/products/swaralika-kundan-necklace?variant=gid://shopify/ProductVariant/52758511812905
2026-07-20 05:50:11,Spark-Loom Stone Bangles,2.6,R25473,22250.0,Restock,1,0,1,https://www.rasasilver.com/products/stone-bangles-3?variant=gid://shopify/ProductVariant/52798064525609
2026-07-20 05:50:11,Queen’s Pearl Victorian Jada,Default Title,R24537,97110.0,Restock,1,0,1,https://www.rasasilver.com/products/queen-s-pearl-victorian-jada?variant=gid://shopify/ProductVariant/52797615931689
2026-07-20 05:50:11,Victorian Pearl Oddiyanam,Default Title,R24542,50040.0,Restock,1,0,1,https://www.rasasilver.com/products/victorian-pearl-oddiyanam?variant=gid://shopify/ProductVariant/52797825646889
2026-07-20 05:50:11,Ganesha Peacock Temple Necklace,Default Title,R19911,56430.0,Restock,1,0,1,https://www.rasasilver.com/products/royal-peacock-nakshi-necklace?variant=gid://shopify/ProductVariant/52797908517161
2026-07-20 05:50:11,Shubhalakshmi Temple Necklace,Default Title,R26458,60660.0,Restock,1,0,1,https://www.rasasilver.com/products/shubhalakshmi-temple-necklace?variant=gid://shopify/ProductVariant/52808022884649
2026-07-20 05:50:11,Shreeprada Temple Pendant,Default Title,R26492,11200.0,Restock,1,0,1,https://www.rasasilver.com/products/shreeprada-temple-pendant?variant=gid://shopify/ProductVariant/52809555706153
2026-07-20 05:50:11,Suvalaya Temple Necklace,Ruby Pink,R25872,31200.0,Restock,1,0,1,https://www.rasasilver.com/products/ratnashri-short-temple-necklace-copy?variant=gid://shopify/ProductVariant/52828521857321
2026-07-20 05:50:11,Ratnarekha Stone Necklace,Default Title,R26197,39600.0,Restock,1,0,1,https://www.rasasilver.com/products/ratnarekha-stone-necklace?variant=gid://shopify/ProductVariant/52831853969705
2026-07-20 05:50:11,Shreevitha Kasu Temple Necklace,Default Title,R26183,81500.0,Restock,1,0,1,https://www.rasasilver.com/products/mahalakshya-gandavira-kasu-necklace-copy?variant=gid://shopify/ProductVariant/52866563539241
2026-07-20 05:50:11,Surabhi Nakshi Maang Tikka,Default Title,R26437,6750.0,Restock,1,0,1,https://www.rasasilver.com/products/surabhi-nakshi-maang-tikka?variant=gid://shopify/ProductVariant/52876024873257
2026-07-20 05:50:11,Shaarika Temple Maang Tikka,Default Title,R26444,7400.0,Restock,1,0,1,https://www.rasasilver.com/products/shaarika-temple-maang-tikka?variant=gid://shopify/ProductVariant/52876672794921
2026-07-20 05:50:11,Aarvi Stone Bangles,2.4,R26676,28400.0,Restock,1,4,5,https://www.rasasilver.com/products/aarvi-cz-bangles?variant=gid://shopify/ProductVariant/52915463782697
2026-07-20 05:50:11,Tira Stone Bangles,2.6,R26683,16600.0,Restock,1,5,6,https://www.rasasilver.com/products/tira-cz-bangles?variant=gid://shopify/ProductVariant/52915504415017
2026-07-20 05:50:11,Tira Stone Bangles,2.7,R26683,16600.0,Restock,1,5,6,https://www.rasasilver.com/products/tira-cz-bangles?variant=gid://shopify/ProductVariant/52915504447785
2026-07-20 05:50:11,Vasanthika CZ Necklace,Default Title,R26748,29300.0,Restock,1,1,2,https://www.rasasilver.com/products/peravia-cz-necklace-set-copy?variant=gid://shopify/ProductVariant/52880284614953
2026-07-20 05:50:11,Drovella CZ Necklace,Default Title,R26754,18300.0,Restock,1,2,3,https://www.rasasilver.com/products/drovella-cz-necklace?variant=gid://shopify/ProductVariant/52881079697705
2026-07-20 05:50:11,Amaya Pear CZ Necklace Set,Default Title,R26783,31000.0,Restock,1,0,1,https://www.rasasilver.com/products/amaya-tear-cz-necklace-set?variant=gid://shopify/ProductVariant/52881956602153
2026-07-20 05:50:11,Keshava Temple Pendant,Beige,R30342,15900.0,Restock,1,0,1,https://www.rasasilver.com/products/keshava-temple-pendant?variant=gid://shopify/ProductVariant/53323559600425
2026-07-20 05:50:11,Shirovastra Matil,Ruby Pink,R20502,8200.0,Restock,1,0,1,https://www.rasasilver.com/products/shirovastra-matil?variant=gid://shopify/ProductVariant/52897790394665
2026-07-20 05:50:11,Indulekha Matil,Default Title,R25135,10550.0,Restock,1,1,2,https://www.rasasilver.com/products/indulekha-matil?variant=gid://shopify/ProductVariant/52898274640169
2026-07-20 05:50:11,Mayurika Temple Matil,Default Title,R24360,15200.0,Restock,1,0,1,https://www.rasasilver.com/products/mahika-temple-matil-copy?variant=gid://shopify/ProductVariant/52898722349353
2026-07-20 05:50:11,Shiva Parivara Temple Oddiyanam,Default Title,R26673,116200.0,Restock,1,0,1,https://www.rasasilver.com/products/hara-parivara-temple-daab?variant=gid://shopify/ProductVariant/52911542501673
2026-07-20 05:50:11,Sumanangi Kundan Jhumki,Default Title,R25861,20600.0,Restock,1,0,1,https://www.rasasilver.com/products/sugandha-kundan-jhumki-copy?variant=gid://shopify/ProductVariant/52916060029225
2026-07-20 05:50:11,Ambara Kundan Jhumki,Default Title,R25877,15700.0,Restock,1,0,1,https://www.rasasilver.com/products/sugandha-kundan-jhumki-copy-4?variant=gid://shopify/ProductVariant/52916228227369
2026-07-20 05:50:11,Pavo Kundan KaanKarela,Default Title,R25204,25300.0,Restock,1,0,1,https://www.rasasilver.com/products/majesty-kundan-kaan-karela-copy?variant=gid://shopify/ProductVariant/52920174706985
2026-07-20 05:50:11,Avyara Bracelet,Default Title,R28378,3800.0,Restock,1,0,1,https://www.rasasilver.com/products/avyara-bracelet?variant=gid://shopify/ProductVariant/53125608669481
2026-07-20 05:50:11,Amara Shine Necklace Set,Default Title,R28388,15800.0,Restock,1,1,2,https://www.rasasilver.com/products/amara-shine-necklace-set?variant=gid://shopify/ProductVariant/53138163368233
2026-07-20 05:50:11,Flora-Pink Oxidized Payal,Default Title,R21880,4600.0,Restock,1,0,1,https://www.rasasilver.com/products/flora-pink-oxidized-payal?variant=gid://shopify/ProductVariant/53149276733737
2026-07-20 05:50:11,Sharmila Temple Oddiyanam,Default Title,R28127,77800.0,Restock,1,1,2,https://www.rasasilver.com/products/sharmila-temple-oddiyanam?variant=gid://shopify/ProductVariant/53149975740713
2026-07-20 05:50:11,Linea Luxe CZ Necklace Set,Default Title,R28068,26300.0,Restock,1,2,3,https://www.rasasilver.com/products/rectoriae-cz-necklace-set-copy?variant=gid://shopify/ProductVariant/53161109422377
2026-07-20 05:50:11,Ira Prism CZ Necklace Set,Default Title,R28136,23400.0,Restock,1,0,1,https://www.rasasilver.com/products/linea-luxe-cz-necklace-set-copy?variant=gid://shopify/ProductVariant/53161286467881
2026-07-20 05:50:11,Vine Elegance CZ Pendant Set,GREEN,R25552,4500.0,Restock,1,0,1,https://www.rasasilver.com/products/vine-elegance-cz-pendant-set?variant=gid://shopify/ProductVariant/53308708061481
2026-07-20 05:50:11,Ratanprabha Stone Necklace,Default Title,R27931,30900.0,Restock,1,0,1,https://www.rasasilver.com/products/vilasini-temple-bottu-necklace-copy?variant=gid://shopify/ProductVariant/53163330306345
2026-07-20 05:50:11,Shri Kasu Temple Necklace,Default Title,R28447,31700.0,Restock,1,0,1,https://www.rasasilver.com/products/shri-kasu-temple-necklace?variant=gid://shopify/ProductVariant/53266668388649
2026-07-20 05:50:11,Arka Chandra Kundan Set,Ruby Pink,R28612,8000.0,Restock,1,2,3,https://www.rasasilver.com/products/arka-chandra-kundan-set?variant=gid://shopify/ProductVariant/53266936070441
2026-07-20 05:50:11,Narayani Temple Bangles,Default Title,R28504,40400.0,Restock,1,0,1,https://www.rasasilver.com/products/narayani-temple-bangles?variant=gid://shopify/ProductVariant/53267624984873
2026-07-20 05:50:11,Haritha Stone Matil,Swarovski,R30424,9800.0,Restock,1,0,1,https://www.rasasilver.com/products/haritha-stone-matil?variant=gid://shopify/ProductVariant/53323494326569
2026-07-20 05:50:11,Haritha Stone Matil,Gold,R30427,11000.0,Restock,1,0,1,https://www.rasasilver.com/products/haritha-stone-matil?variant=gid://shopify/ProductVariant/53323494359337
2026-07-20 05:50:11,Suhasini Temple Maang Tikka,Ruby Pink,R28583,3600.0,Restock,1,1,2,https://www.rasasilver.com/products/suhasini-temple-maang-tikka?variant=gid://shopify/ProductVariant/53269237760297
2026-07-20 05:50:11,Stellar Bloom Stone Studs,Default Title,R29506,4000.0,Restock,1,0,1,https://www.rasasilver.com/products/stellar-bloom-stone-studs?variant=gid://shopify/ProductVariant/53282516238633
2026-07-20 05:50:11,Brilliant Bloom CZ Necklace,Default Title,R29497,10300.0,Restock,1,0,1,https://www.rasasilver.com/products/brilliant-bloom-cz-necklace?variant=gid://shopify/ProductVariant/53282531442985
2026-07-20 05:50:11,Greenika-Pear CZ Necklace,GREEN,R29501,13900.0,Restock,1,1,2,https://www.rasasilver.com/products/greenika-pear-cz-necklace?variant=gid://shopify/ProductVariant/53282539569449
2026-07-20 05:50:11,Greenika-Pear CZ Necklace,Ruby Pink,R29503,13900.0,Restock,1,0,1,https://www.rasasilver.com/products/greenika-pear-cz-necklace?variant=gid://shopify/ProductVariant/53282539602217
2026-07-20 05:50:11,Panna-Droplet CZ Necklace,Default Title,R29507,8600.0,Restock,1,0,1,https://www.rasasilver.com/products/panna-droplet-cz-necklace?variant=gid://shopify/ProductVariant/53282541371689
2026-07-20 05:50:11,Oval-Luxe CZ Necklace,Default Title,R29525,11300.0,Restock,1,1,2,https://www.rasasilver.com/products/oval-luxe-cz-necklace?variant=gid://shopify/ProductVariant/53282552840489
2026-07-20 05:50:11,Floral Spark CZ Necklace,Default Title,R29528,16300.0,Restock,1,1,2,https://www.rasasilver.com/products/floral-spark-cz-necklace?variant=gid://shopify/ProductVariant/53282569290025
2026-07-20 05:50:11,Blossom-Green CZ Necklace,Default Title,R29543,23300.0,Restock,1,0,1,https://www.rasasilver.com/products/blossom-green-cz-necklace?variant=gid://shopify/ProductVariant/53282606514473
2026-07-20 05:50:11,Pear-Blush CZ Pendant Set,Blue,R29532,7300.0,Restock,1,0,1,https://www.rasasilver.com/products/pear-blush-cz-pendant-set?variant=gid://shopify/ProductVariant/53282874327337
2026-07-20 05:50:11,Pear-Drops CZ Pendant Set,Default Title,R29529,8000.0,Restock,1,0,1,https://www.rasasilver.com/products/pear-drops-cz-necklace?variant=gid://shopify/ProductVariant/53282874523945
2026-07-20 05:50:11,Shiner CZ Pendant Set,Ruby Pink,R29534,5900.0,Restock,1,1,2,https://www.rasasilver.com/products/shiner-cz-pendant-set?variant=gid://shopify/ProductVariant/53282879275305
2026-07-20 05:50:11,Floral Grace CZ Pendant Set,Default Title,R29595,7300.0,Restock,1,0,1,https://www.rasasilver.com/products/floral-grace-cz-pendant-set?variant=gid://shopify/ProductVariant/53282896183593
2026-07-20 05:50:11,Swril Stone Bangles,2.6,R29435,21500.0,Restock,2,1,3,https://www.rasasilver.com/products/swril-stone-bangles?variant=gid://shopify/ProductVariant/53283871883561
2026-07-20 05:50:11,Lustrelle Stone Bangles,2.5,R29452,22300.0,Restock,1,2,3,https://www.rasasilver.com/products/lustrelle-stone-bangles?variant=gid://shopify/ProductVariant/53283968745769
2026-07-20 05:50:11,Stellar Line Stone Bangles,2.9,R29455,23400.0,Restock,1,0,1,https://www.rasasilver.com/products/stone-bangles-7?variant=gid://shopify/ProductVariant/53284233249065
2026-07-20 05:50:11,Pear-Line Stone Bangles,2.9,R29459,26800.0,Restock,1,0,1,https://www.rasasilver.com/products/pear-line-stone-bangles?variant=gid://shopify/ProductVariant/53284283547945
2026-07-20 05:50:11,Tarini Drop CZ Pendant,Default Title,R29574,5600.0,Restock,1,0,1,https://www.rasasilver.com/products/tarini-drop-cz-pendant?variant=gid://shopify/ProductVariant/53284572070185
2026-07-20 05:50:11,The One Halo Bracelet,Default Title,R31522,1700.0,Restock,1,1,2,https://www.rasasilver.com/products/the-one-halo-bracelet?variant=gid://shopify/ProductVariant/53284734665001
2026-07-20 05:50:11,Lustre Line Bracelet,Silver,R31544,4500.0,Restock,2,1,3,https://www.rasasilver.com/products/lustre-line-bracelet?variant=gid://shopify/ProductVariant/53284737941801
2026-07-20 05:50:11,Infinity Shine Bracelet,Default Title,R31548,1900.0,Restock,1,1,2,https://www.rasasilver.com/products/infinity-shine-bracelet?variant=gid://shopify/ProductVariant/53284782047529
2026-07-20 05:50:11,Pear Elegance Bracelet,Default Title,R31561,3200.0,Restock,2,2,4,https://www.rasasilver.com/products/teardrop-elegance-bracelet?variant=gid://shopify/ProductVariant/53284791386409
2026-07-20 05:50:11,Shine Rose Bracelet,Default Title,R31564,2600.0,Restock,1,2,3,https://www.rasasilver.com/products/shine-rose-bracelet?variant=gid://shopify/ProductVariant/53284825694505
2026-07-20 05:50:11,Halo Charm Bracelet,Default Title,R31583,1800.0,Restock,1,1,2,https://www.rasasilver.com/products/bracelet-10?variant=gid://shopify/ProductVariant/53284829692201
2026-07-20 05:50:11,Verdelle Bracelet,Default Title,R31597,1300.0,Restock,1,1,2,https://www.rasasilver.com/products/bracelet-11?variant=gid://shopify/ProductVariant/53284831822121
2026-07-20 05:50:11,Nova Oval Bracelet,Default Title,R31625,2500.0,Restock,2,2,4,https://www.rasasilver.com/products/nova-oval-bracelet?variant=gid://shopify/ProductVariant/53285939872041
2026-07-20 05:50:11,Green Haven Bracelet,Default Title,R31640,2900.0,Restock,1,2,3,https://www.rasasilver.com/products/green-haven-bracelet?variant=gid://shopify/ProductVariant/53285940986153
2026-07-20 05:50:11,Butterfly Chain Pendant Set,Default Title,R31624,3700.0,Restock,1,1,2,https://www.rasasilver.com/products/butterfly-chain-pendant-set?variant=gid://shopify/ProductVariant/53285977620777
2026-07-20 05:50:11,Brillora Chain Pendant,Default Title,R31547,1800.0,Restock,1,1,2,https://www.rasasilver.com/products/brillora-chain-pendant?variant=gid://shopify/ProductVariant/53285978702121
2026-07-20 05:50:11,Pearl-Glow Chain Pendant,Default Title,R31554,2000.0,Restock,1,1,2,https://www.rasasilver.com/products/pearl-glow-chain-pendant?variant=gid://shopify/ProductVariant/53285986992425
2026-07-20 05:50:11,Circle of Light Chain,Default Title,R31567,3000.0,Restock,1,2,3,https://www.rasasilver.com/products/circle-of-light-chain-pendant?variant=gid://shopify/ProductVariant/53286003736873
2026-07-20 05:50:11,Silver Chain,Default Title,R31528,2600.0,Restock,1,6,7,https://www.rasasilver.com/products/silver-chain?variant=gid://shopify/ProductVariant/53286012879145
2026-07-20 05:50:11,Sparkelle Chain Pendant,Default Title,R31560,3500.0,Restock,1,1,2,https://www.rasasilver.com/products/dazzle-bracelet?variant=gid://shopify/ProductVariant/53286015238441
2026-07-20 05:50:11,Green-Glow Chain Pendant,Default Title,R31575,2500.0,Restock,1,1,2,https://www.rasasilver.com/products/green-glow-chain-pendant?variant=gid://shopify/ProductVariant/53286016647465
2026-07-20 05:50:11,Glowy Chain Pendant,Default Title,R31591,3000.0,Restock,1,1,2,https://www.rasasilver.com/products/glowy-chain-pendant?variant=gid://shopify/ProductVariant/53286022414633
2026-07-20 05:50:11,Pink Radiance Chain Pendant,Default Title,R31581,2500.0,Restock,1,1,2,https://www.rasasilver.com/products/pink-radiance-chain-pendant?variant=gid://shopify/ProductVariant/53286025986345
2026-07-20 05:50:11,Soft-Pinkish Chain Pendant,Default Title,R31598,2500.0,Restock,1,0,1,https://www.rasasilver.com/products/soft-pinkish-chain-pendant?variant=gid://shopify/ProductVariant/53286031098153
2026-07-20 05:50:11,Teddy-Bear Chain Pendant,Default Title,R31592,3800.0,Restock,1,0,1,https://www.rasasilver.com/products/teddy-bear-chain-pendant-1?variant=gid://shopify/ProductVariant/53286040535337
2026-07-20 05:50:11,Inter-Lock Layer Chain,Default Title,R31596,3500.0,Restock,1,3,4,https://www.rasasilver.com/products/inter-lock-layer-chain?variant=gid://shopify/ProductVariant/53286047318313
2026-07-20 05:50:11,Leaf Luxe Chain Pendant,Default Title,R31633,3200.0,Restock,1,2,3,https://www.rasasilver.com/products/leaf-luxe-chain-pendant?variant=gid://shopify/ProductVariant/53286047482153
2026-07-20 05:50:11,Pink-Heart Chain,Rose gold,R31616,2700.0,Restock,1,2,3,https://www.rasasilver.com/products/pink-heart-chain?variant=gid://shopify/ProductVariant/53286052004137
2026-07-20 05:50:11,Daisy Dream Chain Pendant,Default Title,R31636,2600.0,Restock,1,1,2,https://www.rasasilver.com/products/daisy-dream-chain-pendant?variant=gid://shopify/ProductVariant/53286089687337
2026-07-20 05:50:11,Beaded Charm Ear Cuff,Default Title,R31572,1300.0,Restock,1,1,2,https://www.rasasilver.com/products/beaded-charm-ear-cuff?variant=gid://shopify/ProductVariant/53286096306473
2026-07-20 05:50:11,Angular Grace Hoops,Default Title,R31568,3000.0,Restock,2,0,2,https://www.rasasilver.com/products/angular-grace-hoops?variant=gid://shopify/ProductVariant/53286100631849
2026-07-20 05:50:11,Orbit Edge Hoops,Default Title,R31562,2700.0,Restock,1,3,4,https://www.rasasilver.com/products/orbit-edge-hoop?variant=gid://shopify/ProductVariant/53286101778729
2026-07-20 05:50:11,Timeless Spark Kada,Default Title,R31535,7200.0,Restock,1,1,2,https://www.rasasilver.com/products/timeless-spark-kada?variant=gid://shopify/ProductVariant/53286134087977
2026-07-20 05:50:11,Trillion Manglsutra,Default Title,R31602,2900.0,Restock,3,2,5,https://www.rasasilver.com/products/trillion-manglsutra?variant=gid://shopify/ProductVariant/53286148145449
2026-07-20 05:50:11,Crystal Green Kada,Default Title,R31530,21800.0,Restock,1,2,3,https://www.rasasilver.com/products/rajwadi-kada?variant=gid://shopify/ProductVariant/53286148735273
2026-07-20 05:50:11,Beaded Heart Oxidized Payal,Default Title,R31647,3600.0,Restock,1,0,1,https://www.rasasilver.com/products/beaded-heart-oxidized-payal?variant=gid://shopify/ProductVariant/53286160138537
2026-07-20 05:50:11,Couple Ring,Women,R31534,1300.0,Restock,1,2,3,https://www.rasasilver.com/products/tiny-shine-ring?variant=gid://shopify/ProductVariant/53286206996777
2026-07-20 05:50:11,HexaGlow CZ Ring,Default Title,R31552,1400.0,Restock,2,2,4,https://www.rasasilver.com/products/hexaglow-cz-ring?variant=gid://shopify/ProductVariant/53288158462249
2026-07-20 05:50:11,Opulent Heart Ring,Default Title,R31558,1400.0,Restock,1,1,2,https://www.rasasilver.com/products/opulent-heart-cz-ring?variant=gid://shopify/ProductVariant/53288160952617
2026-07-20 05:50:11,Pearl Essence Ring,Default Title,R31563,1800.0,Restock,1,3,4,https://www.rasasilver.com/products/pearl-essence-cz-ring?variant=gid://shopify/ProductVariant/53288169046313
2026-07-20 05:50:11,Serpent Crown Ring,Default Title,R31566,7000.0,Restock,1,1,2,https://www.rasasilver.com/products/serpent-crown-ring?variant=gid://shopify/ProductVariant/53288171667753
2026-07-20 05:50:11,Prism Hex Ring,Default Title,R31571,1900.0,Restock,1,3,4,https://www.rasasilver.com/products/prism-hex-ring?variant=gid://shopify/ProductVariant/53288171798825
2026-07-20 05:50:11,Leaf Grace Ring,Default Title,R31573,1400.0,Restock,3,1,4,https://www.rasasilver.com/products/leaf-grace-ring?variant=gid://shopify/ProductVariant/53288175075625
2026-07-20 05:50:11,Leaflet Ring,Default Title,R31615,1700.0,Restock,1,3,4,https://www.rasasilver.com/products/leaflet-ring?variant=gid://shopify/ProductVariant/53288198373673
2026-07-20 05:50:11,Heart-Glow Studs,Default Title,R31533,1000.0,Restock,1,2,3,https://www.rasasilver.com/products/heart-glow-studs?variant=gid://shopify/ProductVariant/53288372076841
2026-07-20 05:50:11,Twin Radiance Studs,Default Title,R31537,2200.0,Restock,1,3,4,https://www.rasasilver.com/products/twin-radiance-studs?variant=gid://shopify/ProductVariant/53288426537257
2026-07-20 05:50:11,Lucky Noir Studs,Default Title,R31549,900.0,Restock,1,1,2,https://www.rasasilver.com/products/studs-11?variant=gid://shopify/ProductVariant/53288735637801
2026-07-20 05:50:11,Heart Whisper Studs,Default Title,R31726,4900.0,Restock,1,0,1,https://www.rasasilver.com/products/heart-whisper-studs?variant=gid://shopify/ProductVariant/53288964686121
2026-07-20 05:50:11,Silver Sky Studs,Default Title,R31741,6100.0,Restock,1,0,1,https://www.rasasilver.com/products/silver-sky-studs?variant=gid://shopify/ProductVariant/53289018425641
2026-07-20 05:50:11,Pear-Pinkish Toe Ring,Default Title,R31638,1900.0,Restock,2,4,6,https://www.rasasilver.com/products/pear-pinkish-toe-ring?variant=gid://shopify/ProductVariant/53289094775081
2026-07-20 05:50:11,Whisper Loop Toe Ring,Default Title,R31641,2900.0,Restock,2,1,3,https://www.rasasilver.com/products/whisper-loop-toe-ring?variant=gid://shopify/ProductVariant/53289130295593
2026-07-20 05:50:11,Floral Twinkle Toe Ring,Default Title,R31642,2000.0,Restock,2,3,5,https://www.rasasilver.com/products/floral-twinkle-toe-ring?variant=gid://shopify/ProductVariant/53289132228905
2026-07-20 05:50:11,Leaf-Grace Toe Ring,Default Title,R31644,2300.0,Restock,1,1,2,https://www.rasasilver.com/products/leaf-grace-toe-ring?variant=gid://shopify/ProductVariant/53289147859241
2026-07-20 05:50:11,Vivid Band Toe Ring,Default Title,R31649,2000.0,Restock,1,1,2,https://www.rasasilver.com/products/vivid-band-toe-ring?variant=gid://shopify/ProductVariant/53289183543593
2026-07-20 05:50:11,Flutter Grace Toe Ring,Rose gold,R31651,2600.0,Restock,2,1,3,https://www.rasasilver.com/products/flutter-grace-toe-ring?variant=gid://shopify/ProductVariant/53289183936809
2026-07-20 05:50:11,Flutter Grace Toe Ring,Silver,R31654,2500.0,Restock,1,0,1,https://www.rasasilver.com/products/flutter-grace-toe-ring?variant=gid://shopify/ProductVariant/53289183969577
2026-07-20 05:50:11,Mugilu Mist Stone Danglers,Default Title,R31493,4200.0,Restock,1,0,1,https://www.rasasilver.com/products/mugilu-mist-danglers?variant=gid://shopify/ProductVariant/53290333864233
2026-07-20 05:50:11,Aakruthi Drops Stone Danglers,Default Title,R31494,4300.0,Restock,1,0,1,https://www.rasasilver.com/products/aakruthi-drops-stone-danglers?variant=gid://shopify/ProductVariant/53290354442537
2026-07-20 05:50:11,Mayura Manjari Stone Danglers,Default Title,R31496,4900.0,Restock,1,0,1,https://www.rasasilver.com/products/mayura-manjari-stone-danglers?variant=gid://shopify/ProductVariant/53290361094441
2026-07-20 05:50:11,Mrudu Shine Stone Danglers,Default Title,R31500,5100.0,Restock,1,0,1,https://www.rasasilver.com/products/mrudu-shine-stone-danglers?variant=gid://shopify/ProductVariant/53290379772201
2026-07-20 05:50:11,Vana Mallika Stone Danglers,Default Title,R31502,3300.0,Restock,1,0,1,https://www.rasasilver.com/products/vana-mallika-stone-danglers?variant=gid://shopify/ProductVariant/53290385572137
2026-07-20 05:50:11,Zariya Stone Danglers,GREEN,R31508,5300.0,Restock,1,1,2,https://www.rasasilver.com/products/zariya-green-stone-danglers?variant=gid://shopify/ProductVariant/53290441408809
2026-07-20 05:50:11,Zariya Stone Danglers,Pink,R31890,5100.0,Restock,1,0,1,https://www.rasasilver.com/products/zariya-green-stone-danglers?variant=gid://shopify/ProductVariant/53290441441577
2026-07-20 05:50:11,Belli Spark Stone Danglers,Default Title,R31812,3100.0,Restock,1,0,1,https://www.rasasilver.com/products/belli-spark-stone-danglers?variant=gid://shopify/ProductVariant/53290401956137
2026-07-20 05:50:11,Manikya Pear Stone Danglers,Default Title,R31873,3700.0,Restock,1,0,1,https://www.rasasilver.com/products/manikya-pear-stone-danglers?variant=gid://shopify/ProductVariant/53290402021673
2026-07-20 05:50:11,Blossom-Peacock Nakshi Danglers,Default Title,R31888,7000.0,Restock,1,0,1,https://www.rasasilver.com/products/blossom-peacock-nakshi-danglers?variant=gid://shopify/ProductVariant/53290441769257
2026-07-20 05:50:11,Pear-Navaratna Pendant Set,Default Title,R31487,4800.0,Restock,1,0,1,https://www.rasasilver.com/products/pear-navaratna-pendant-set?variant=gid://shopify/ProductVariant/53290470867241
2026-07-20 05:50:11,Shri-Vara Drops Temple Danglers,Default Title,R31966,3600.0,Restock,1,0,1,https://www.rasasilver.com/products/shri-vara-drops-temple-danglers?variant=gid://shopify/ProductVariant/53290476634409
2026-07-20 05:50:11,Recta-Green Pendant Set,Default Title,R31499,5000.0,Restock,1,0,1,https://www.rasasilver.com/products/recta-green-pendant-set?variant=gid://shopify/ProductVariant/53290477912361
2026-07-20 05:50:11,Prerana Pendant Set,Default Title,R31503,4500.0,Restock,1,0,1,https://www.rasasilver.com/products/prerana-bloom-pendant-set?variant=gid://shopify/ProductVariant/53290479452457
2026-07-20 05:50:11,Mor-Vilasa Pendant Set,Default Title,R31505,9700.0,Restock,1,0,1,https://www.rasasilver.com/products/mor-vilasa-pendant-set?variant=gid://shopify/ProductVariant/53290501013801
2026-07-20 05:50:11,Navilu Charm Stone Pendant Set,GREEN,R31507,3600.0,Restock,1,0,1,https://www.rasasilver.com/products/navilu-charm-stone-pendant-set?variant=gid://shopify/ProductVariant/53290677731625
2026-07-20 05:50:11,Navilu Charm Stone Pendant Set,Ruby Pink,R31934,3900.0,Restock,1,0,1,https://www.rasasilver.com/products/navilu-charm-stone-pendant-set?variant=gid://shopify/ProductVariant/53290677764393
2026-07-20 05:50:11,Blossom Stone Pendant Set,Swarovski,R31509,4000.0,Restock,1,0,1,https://www.rasasilver.com/products/blossom-stone-pendant-set?variant=gid://shopify/ProductVariant/53321405989161
2026-07-20 05:50:11,Blossom Stone Pendant Set,GREEN,R31936,4200.0,Restock,1,0,1,https://www.rasasilver.com/products/blossom-stone-pendant-set?variant=gid://shopify/ProductVariant/53321406021929
2026-07-20 05:50:11,Kusumika Kundan Kada,GREEN / 2.5,R32179,28900.0,Restock,1,0,1,https://www.rasasilver.com/products/kusumika-kundan-kada?variant=gid://shopify/ProductVariant/53336905744681
2026-07-20 05:50:11,Kusumika Kundan Kada,Ruby Pink / 2.5,R32180,29100.0,Restock,1,0,1,https://www.rasasilver.com/products/kusumika-kundan-kada?variant=gid://shopify/ProductVariant/53336905777449
2026-07-20 05:50:11,Pushkara Stone Pendant Set,Default Title,R31511,3200.0,Restock,1,0,1,https://www.rasasilver.com/products/pushkara-stone-pendant-set?variant=gid://shopify/ProductVariant/53290550821161
2026-07-20 05:50:11,Florisa Stone Pendant Set,Default Title,R31513,3500.0,Restock,1,0,1,https://www.rasasilver.com/products/florisa-stone-pendant-set?variant=gid://shopify/ProductVariant/53290551574825
2026-07-20 05:50:11,Rosy Bloom Stone Pendant Set,Default Title,R31518,7200.0,Restock,1,0,1,https://www.rasasilver.com/products/stone-pendant-set?variant=gid://shopify/ProductVariant/53290566582569
2026-07-20 05:50:11,Siri-Blossom Stone Pendant Set,Default Title,R31519,4100.0,Restock,1,0,1,https://www.rasasilver.com/products/siri-blossom-stone-pendant-set?variant=gid://shopify/ProductVariant/53290680385833
2026-07-20 05:50:11,Aadha-Flora Stone Pendant Set,Default Title,R31940,4400.0,Restock,1,0,1,https://www.rasasilver.com/products/aadha-flora-stone-pendant-set?variant=gid://shopify/ProductVariant/53290708566313
2026-07-20 05:50:11,Ojas Spark Stone Pendant Set,Default Title,R31938,2700.0,Restock,1,0,1,https://www.rasasilver.com/products/ojas-spark-stone-pendant-set?variant=gid://shopify/ProductVariant/53290710466857
2026-07-20 05:50:11,Panna-Pushp Stone Pendant Set,Default Title,R31944,8300.0,Restock,1,0,1,https://www.rasasilver.com/products/panna-pushp-stone-pendant-set?variant=gid://shopify/ProductVariant/53290714988841
2026-07-20 05:50:11,Starry Shine Stone Pendant Set,Default Title,R31946,3800.0,Restock,1,1,2,https://www.rasasilver.com/products/starry-shine-stone-pendant-set?variant=gid://shopify/ProductVariant/53290726785321
2026-07-20 05:50:11,Kusuma Luxe Stone Pendant Set,Default Title,R31945,3600.0,Restock,1,0,1,https://www.rasasilver.com/products/kusuma-luxe-stone-pendant-set?variant=gid://shopify/ProductVariant/53290727440681
2026-07-20 05:50:11,Stone Gleam Ring,Default Title,R31968,2800.0,Restock,1,0,1,https://www.rasasilver.com/products/stone-gleam-ring?variant=gid://shopify/ProductVariant/53290729341225
2026-07-20 05:50:11,Manika Stone Ring,Default Title,R31973,3400.0,Restock,1,0,1,https://www.rasasilver.com/products/manika-stone-ring?variant=gid://shopify/ProductVariant/53290730422569
2026-07-20 05:50:11,Rose Mist Stone Ring,Default Title,R31977,2600.0,Restock,1,1,2,https://www.rasasilver.com/products/rose-mist-ring?variant=gid://shopify/ProductVariant/53290731012393
2026-07-20 05:50:11,Crystal Drop Stone Necklace,Default Title,R31426,10700.0,Restock,1,1,2,https://www.rasasilver.com/products/crystal-drop-stone-necklace?variant=gid://shopify/ProductVariant/53290769842473
2026-07-20 05:50:11,Pear of Green Stone Necklace,Default Title,R31428,9900.0,Restock,1,0,1,https://www.rasasilver.com/products/pear-of-green-stone-necklace?variant=gid://shopify/ProductVariant/53290771415337
2026-07-20 05:50:11,Floral Glow Stone Necklace,Default Title,R31432,17200.0,Restock,1,0,1,https://www.rasasilver.com/products/floral-glow-stone-necklace?variant=gid://shopify/ProductVariant/53290773381417
2026-07-20 05:50:11,Circle-Panna Stone Necklace,Default Title,R31437,18300.0,Restock,1,0,1,https://www.rasasilver.com/products/circle-panna-stone-necklace?variant=gid://shopify/ProductVariant/53290774888745
2026-07-20 05:50:11,Mang-Floral Nakshi Studs,Default Title,R31892,2700.0,Restock,1,0,1,https://www.rasasilver.com/products/mang-floral-nakshi-studs?variant=gid://shopify/ProductVariant/53290789110057
2026-07-20 05:50:11,Chakra-Mango Nakshi Studs,Default Title,R31893,3200.0,Restock,1,0,1,https://www.rasasilver.com/products/chakra-mango-nakshi-studs?variant=gid://shopify/ProductVariant/53290795663657
2026-07-20 05:50:11,Petal Harmony Nakshi Studs,Default Title,R31897,3300.0,Restock,1,0,1,https://www.rasasilver.com/products/petal-harmony-nakshi-studs?variant=gid://shopify/ProductVariant/53290806477097
2026-07-20 05:50:11,Padma-Mango Nakshi Studs,Default Title,R31894,3200.0,Restock,1,0,1,https://www.rasasilver.com/products/padma-mango-nakshi-studs?variant=gid://shopify/ProductVariant/53290809655593
2026-07-20 05:50:11,Pushparaga Nakshi Studs,Default Title,R31898,2300.0,Restock,1,0,1,https://www.rasasilver.com/products/pushparaga-nakshi-studs?variant=gid://shopify/ProductVariant/53292114772265
2026-07-20 05:50:11,Panna Kanti Stone Studs,Default Title,R31433,4200.0,Restock,1,0,1,https://www.rasasilver.com/products/panna-kanti-stone-studs?variant=gid://shopify/ProductVariant/53292125552937
2026-07-20 05:50:11,Stonique Stone Studs,Default Title,R31429,5400.0,Restock,1,0,1,https://www.rasasilver.com/products/stonique-stone-studs?variant=gid://shopify/ProductVariant/53292133089577
2026-07-20 05:50:11,Green-Flora Stone Studs,Default Title,R31448,3400.0,Restock,1,0,1,https://www.rasasilver.com/products/green-flora-stone-studs?variant=gid://shopify/ProductVariant/53292141805865
2026-07-20 05:50:11,Avira Stone Studs,Default Title,R31453,2300.0,Restock,1,0,1,https://www.rasasilver.com/products/avira-stone-studs?variant=gid://shopify/ProductVariant/53292155797801
2026-07-20 05:50:11,Pachai-Phool Stone Studs,Default Title,R31451,2700.0,Restock,1,0,1,https://www.rasasilver.com/products/pachai-phool-stone-studs?variant=gid://shopify/ProductVariant/53292161990953
2026-07-20 05:50:11,Rect-Spark Stone Studs,Default Title,R31457,3600.0,Restock,1,0,1,https://www.rasasilver.com/products/rect-spark-stone-studs?variant=gid://shopify/ProductVariant/53292177686825
2026-07-20 05:50:11,Verdant Stone Studs,Default Title,R31459,4900.0,Restock,1,0,1,https://www.rasasilver.com/products/verdant-stone-studs?variant=gid://shopify/ProductVariant/53292183814441
2026-07-20 05:50:11,Pear-Glow Stone Studs,Default Title,R31461,2700.0,Restock,1,0,1,https://www.rasasilver.com/products/pear-glow-stone-studs?variant=gid://shopify/ProductVariant/53292193153321
2026-07-20 05:50:11,Verde Luxe Stone Studs,Default Title,R31463,3800.0,Restock,1,0,1,https://www.rasasilver.com/products/verde-luxe-stone-studs?variant=gid://shopify/ProductVariant/53292197839145
2026-07-20 05:50:11,Chakra-Beads Stone Studs,Default Title,R31465,2600.0,Restock,1,0,1,https://www.rasasilver.com/products/chakra-beads-stone-studs?variant=gid://shopify/ProductVariant/53292205048105
2026-07-20 05:50:11,Green-Luxe Stone Studs,Ruby Pink,R31906,3800.0,Restock,1,2,3,https://www.rasasilver.com/products/green-luxe-stone-studs?variant=gid://shopify/ProductVariant/53300553056553
2026-07-20 05:50:11,Nava Elite Stone Studs,Default Title,R31478,4100.0,Restock,1,0,1,https://www.rasasilver.com/products/nava-elite-stone-studs?variant=gid://shopify/ProductVariant/53292340707625
2026-07-20 05:50:11,Ratna Harmony Studs,Default Title,R31479,4100.0,Restock,1,0,1,https://www.rasasilver.com/products/ratna-harmony-studs?variant=gid://shopify/ProductVariant/53292346999081
2026-07-20 05:50:11,Oval-Leaves Stone Studs,Default Title,R31481,3100.0,Restock,1,0,1,https://www.rasasilver.com/products/oval-leaves-stone-studs?variant=gid://shopify/ProductVariant/53292358566185
2026-07-20 05:50:11,Lotus Luxe Stone Studs,Default Title,R31482,5100.0,Restock,1,0,1,https://www.rasasilver.com/products/lotus-luxe-studs?variant=gid://shopify/ProductVariant/53292360827177
2026-07-20 05:50:11,Ratna Pushpam Stone Studs,Default Title,R31923,5200.0,Restock,1,0,1,https://www.rasasilver.com/products/ratna-pushpam-stone-studs?variant=gid://shopify/ProductVariant/53292365021481
2026-07-20 05:50:11,Petal Sparkle Stone Studs,Default Title,R31924,2200.0,Restock,1,0,1,https://www.rasasilver.com/products/petal-sparkle-stone-studs?variant=gid://shopify/ProductVariant/53296567877929
2026-07-20 05:50:11,Parijata Luxe Stone Studs,Default Title,R31926,3000.0,Restock,1,0,1,https://www.rasasilver.com/products/parijata-luxe-stone-studs?variant=gid://shopify/ProductVariant/53296568140073
2026-07-20 05:50:11,Kasu Sundari Temple Studs,Default Title,R31948,2700.0,Restock,1,0,1,https://www.rasasilver.com/products/kasu-sundari-temple-studs?variant=gid://shopify/ProductVariant/53296571384105
2026-07-20 05:50:11,Ganesh-Glow Temple Studs,Default Title,R31952,3600.0,Restock,1,0,1,https://www.rasasilver.com/products/riddhi-glow-temple-studs?variant=gid://shopify/ProductVariant/53296571449641
2026-07-20 05:50:11,Shreya Temple Studs,Default Title,R31953,5300.0,Restock,1,0,1,https://www.rasasilver.com/products/shreya-temple-studs?variant=gid://shopify/ProductVariant/53296582656297
2026-07-20 05:50:11,Shriya Temple Studs,Default Title,R31955,4400.0,Restock,1,0,1,https://www.rasasilver.com/products/shriya-temple-studs?variant=gid://shopify/ProductVariant/53296583180585
2026-07-20 05:50:11,Shree Siri Temple Studs,GREEN,R31956,5600.0,Restock,1,0,1,https://www.rasasilver.com/products/shree-siri-temple-studs?variant=gid://shopify/ProductVariant/53296590061865
2026-07-20 05:50:11,Shree Siri Temple Studs,Gold,R31958,5600.0,Restock,1,0,1,https://www.rasasilver.com/products/shree-siri-temple-studs?variant=gid://shopify/ProductVariant/53296590094633
2026-07-20 05:50:11,Shree Siri Temple Studs,Beige,R31959,5600.0,Restock,1,0,1,https://www.rasasilver.com/products/shree-siri-temple-studs?variant=gid://shopify/ProductVariant/53296590127401
2026-07-20 05:50:11,Mango-Flora Stone Studs,Default Title,R31485,4400.0,Restock,1,0,1,https://www.rasasilver.com/products/mango-flora-stone-studs?variant=gid://shopify/ProductVariant/53296605528361
2026-07-20 05:50:11,Siri Vaibhava Temple Studs,Default Title,R31962,2900.0,Restock,1,0,1,https://www.rasasilver.com/products/siri-vaibhava-temple-studs?variant=gid://shopify/ProductVariant/53296605593897
2026-07-20 05:50:11,Panna-Manik Stone Studs,Default Title,R31489,2700.0,Restock,1,1,2,https://www.rasasilver.com/products/panna-manik-stone-studs?variant=gid://shopify/ProductVariant/53296613753129
2026-07-20 05:50:11,Mallika Glow Stone Studs,Default Title,R31491,2700.0,Restock,1,0,1,https://www.rasasilver.com/products/mallika-glow-stone-studs?variant=gid://shopify/ProductVariant/53296644522281
2026-07-20 05:50:11,Panna-Moti Stone Danglers,Default Title,R31497,4500.0,Restock,1,0,1,https://www.rasasilver.com/products/panna-moti-stone-danglers?variant=gid://shopify/ProductVariant/53296661889321
2026-07-20 05:50:11,Svarna Pushpa Stone Studs,Default Title,R31804,3500.0,Restock,1,0,1,https://www.rasasilver.com/products/svarna-pushpa-stone-studs?variant=gid://shopify/ProductVariant/53296667197737
2026-07-20 05:50:11,Petal Glow Stone Studs,Default Title,R31808,3000.0,Restock,1,0,1,https://www.rasasilver.com/products/petal-glow-stone-studs?variant=gid://shopify/ProductVariant/53296682467625
2026-07-20 05:50:11,Mango-Sparkle Stone Studs,Default Title,R31809,4000.0,Restock,1,0,1,https://www.rasasilver.com/products/stone-studs?variant=gid://shopify/ProductVariant/53296686858537
2026-07-20 05:50:11,Mandara Pearl Stone Studs,Default Title,R31822,5800.0,Restock,1,0,1,https://www.rasasilver.com/products/mandara-pearl-stone-studs?variant=gid://shopify/ProductVariant/53296690069801
2026-07-20 05:50:11,Manik-Recta Stone Studs,Default Title,R31827,5000.0,Restock,1,0,1,https://www.rasasilver.com/products/manik-recta-stone-studs?variant=gid://shopify/ProductVariant/53296690528553
2026-07-20 05:50:11,Mayura Sampada Stone Studs,Default Title,R31831,7200.0,Restock,1,0,1,https://www.rasasilver.com/products/mayura-sampada-stone-studs?variant=gid://shopify/ProductVariant/53296692691241
2026-07-20 05:50:11,Opal Dot Stone Studs,Default Title,R31865,2900.0,Restock,1,0,1,https://www.rasasilver.com/products/opal-dot-stone-studs?variant=gid://shopify/ProductVariant/53297204887849
2026-07-20 05:50:11,Crimson Stone Studs,Default Title,R31866,4400.0,Restock,1,0,1,https://www.rasasilver.com/products/crimson-stone-studs?variant=gid://shopify/ProductVariant/53297237754153
2026-07-20 05:50:11,Aamra Ratna Stone Studs,Default Title,R31867,3000.0,Restock,1,0,1,https://www.rasasilver.com/products/aamra-ratna-stone-studs?variant=gid://shopify/ProductVariant/53297287364905
2026-07-20 05:50:11,Ratna Dot Nakshi Studs,Default Title,R31887,2500.0,Restock,1,0,1,https://www.rasasilver.com/products/ratna-dot-nakshi-studs?variant=gid://shopify/ProductVariant/53297411391785
2026-07-20 05:50:11,Chakri Stone Studs,Default Title,R31913,4200.0,Restock,1,0,1,https://www.rasasilver.com/products/chakri-stone-studs?variant=gid://shopify/ProductVariant/53297763549481
2026-07-20 05:50:11,Stone Rosara Studs,Ruby Pink,R31908,4600.0,Restock,1,0,1,https://www.rasasilver.com/products/stone-rosara-studs?variant=gid://shopify/ProductVariant/53300426670377
2026-07-20 05:50:11,Stone Rosara Studs,GREEN,R31467,4900.0,Restock,1,0,1,https://www.rasasilver.com/products/stone-rosara-studs?variant=gid://shopify/ProductVariant/53300426703145
2026-07-20 05:50:11,Crimson Petal Stone Studs,Default Title,R31912,2800.0,Restock,1,0,1,https://www.rasasilver.com/products/crimson-petal-stone-studs?variant=gid://shopify/ProductVariant/53298050335017
2026-07-20 05:50:11,Floral of Stone Studs,Default Title,R31917,6300.0,Restock,1,0,1,https://www.rasasilver.com/products/floral-of-stone-studs?variant=gid://shopify/ProductVariant/53298181243177
2026-07-20 05:50:11,Lalima Blossom Stone Studs,Default Title,R31920,4800.0,Restock,1,0,1,https://www.rasasilver.com/products/stone-studs-1?variant=gid://shopify/ProductVariant/53298197168425
2026-07-20 05:50:11,Flora-Whisper Stone Kada,Default Title,R30435,9400.0,Restock,1,0,1,https://www.rasasilver.com/products/flora-whisper-stone-kada?variant=gid://shopify/ProductVariant/53299554255145
2026-07-20 05:50:11,Green-Flora Stone Kada,Default Title,R30438,9500.0,Restock,1,0,1,https://www.rasasilver.com/products/green-flora-stone-kada?variant=gid://shopify/ProductVariant/53299596034345
2026-07-20 05:50:11,Arali Sparkle Stone Kada,Default Title,R30441,10400.0,Restock,1,0,1,https://www.rasasilver.com/products/arali-sparkle-stone-kada?variant=gid://shopify/ProductVariant/53299596689705
2026-07-20 05:50:11,Laksh Temple Kada,Default Title,R31303,9500.0,Restock,1,0,1,https://www.rasasilver.com/products/ruby-laksh-temple-kada?variant=gid://shopify/ProductVariant/53299616579881
2026-07-20 05:50:11,Temple Mop Chain,Default Title,R29917,15500.0,Restock,1,2,3,https://www.rasasilver.com/products/temple-mop-chain?variant=gid://shopify/ProductVariant/53302493905193
2026-07-20 05:50:11,Shri Temple Mop Chain,Default Title,R29922,17900.0,Restock,1,0,1,https://www.rasasilver.com/products/shri-temple-mop-chain?variant=gid://shopify/ProductVariant/53302498230569
2026-07-20 05:50:11,Stone Aarunya Danglers,Default Title,R30432,16900.0,Restock,1,0,1,https://www.rasasilver.com/products/stone-aarunya-danglers?variant=gid://shopify/ProductVariant/53302501671209
2026-07-20 05:50:11,Blooming Manjari Stone Danglers,Default Title,R30415,11200.0,Restock,1,0,1,https://www.rasasilver.com/products/blooming-manjari-stone-danglers?variant=gid://shopify/ProductVariant/53302516678953
2026-07-20 05:50:11,Gutta Pasalu Stone Danglers,Default Title,R30418,8000.0,Restock,1,0,1,https://www.rasasilver.com/products/gutta-pasalu-stone-danglers?variant=gid://shopify/ProductVariant/53302629138729
2026-07-20 05:50:11,Bloom Pear Stone Danglers,Default Title,R30425,13200.0,Restock,1,0,1,https://www.rasasilver.com/products/stone-danglers-no-image?variant=gid://shopify/ProductVariant/53302649618729
2026-07-20 05:50:11,Pushpa Chakra Stone Danglers,Default Title,R31402,6300.0,Restock,2,2,4,https://www.rasasilver.com/products/pushpa-chakra-stone-danglers?variant=gid://shopify/ProductVariant/53304544526633
2026-07-20 05:50:11,Temple Rajarajeshwari Danglers,Default Title,R30443,11000.0,Restock,1,0,1,https://www.rasasilver.com/products/temple-rajarajeshwari-danglers?variant=gid://shopify/ProductVariant/53304566382889
2026-07-20 05:50:11,Navaratna-Flora Stone Jhumki,Default Title,R30384,11800.0,Restock,1,0,1,https://www.rasasilver.com/products/navaratna-flora-stone-jhumki?variant=gid://shopify/ProductVariant/53304593940777
2026-07-20 05:50:11,Verde-Pear Stone Kada,Default Title,R30437,8400.0,Restock,1,0,1,https://www.rasasilver.com/products/verde-pear-stone-kada?variant=gid://shopify/ProductVariant/53304599445801
2026-07-20 05:50:11,Temple Devalika Necklace,Default Title,R31269,15200.0,Restock,1,0,1,https://www.rasasilver.com/products/temple-devalika-necklace?variant=gid://shopify/ProductVariant/53304635064617
2026-07-20 05:50:11,Temple Kamalika Necklace,Default Title,R31294,11300.0,Restock,1,0,1,https://www.rasasilver.com/products/temple-kamalika-necklace?variant=gid://shopify/ProductVariant/53305055871273
2026-07-20 05:50:11,Charulata-Mor Temple Necklace,Default Title,R31334,16500.0,Restock,1,0,1,https://www.rasasilver.com/products/charulata-mor-temple-necklace?variant=gid://shopify/ProductVariant/53305189826857
2026-07-20 05:50:11,Mayuranjali Nakshi Maang Tikka,Default Title,R31351,8000.0,Restock,1,2,3,https://www.rasasilver.com/products/mayuranjali-nakshi-maang-tikka?variant=gid://shopify/ProductVariant/53306733855017
2026-07-20 05:50:11,GajaPrabha Temple Maang Tikka,Default Title,R31204,9800.0,Restock,1,1,2,https://www.rasasilver.com/products/gajaprabha-temple-maang-tikka?variant=gid://shopify/ProductVariant/53306771177769
2026-07-20 05:50:11,Mango-Pear Stone Matil,Default Title,R30417,14500.0,Restock,1,0,1,https://www.rasasilver.com/products/matil-2?variant=gid://shopify/ProductVariant/53306897269033
2026-07-20 05:50:11,Panna-Sitara Stone Matil,Default Title,R30420,12300.0,Restock,1,0,1,https://www.rasasilver.com/products/panna-sitara-stone-matil?variant=gid://shopify/ProductVariant/53307088470313
2026-07-20 05:50:11,Manikya-Harita Stone Matil,Default Title,R30428,23900.0,Restock,1,0,1,https://www.rasasilver.com/products/manikya-harita-stone-matil?variant=gid://shopify/ProductVariant/53307160953129
2026-07-20 05:50:11,Blooming Stone Mangalsutra,Default Title,R31230,8600.0,Restock,1,1,2,https://www.rasasilver.com/products/blooming-stone-mangalsutra?variant=gid://shopify/ProductVariant/53307229339945
2026-07-20 05:50:11,Kasu Temple Mangalsutra,GREEN,R31238,9600.0,Restock,1,0,1,https://www.rasasilver.com/products/kasu-temple-mangalsutra?variant=gid://shopify/ProductVariant/53307246051625
2026-07-20 05:50:11,Kasu Temple Mangalsutra,Ruby Pink,R31240,9800.0,Restock,1,0,1,https://www.rasasilver.com/products/kasu-temple-mangalsutra?variant=gid://shopify/ProductVariant/53307246084393
2026-07-20 05:50:11,Kasu Temple Mangalsutra,Orange,R31241,9700.0,Restock,1,0,1,https://www.rasasilver.com/products/kasu-temple-mangalsutra?variant=gid://shopify/ProductVariant/53307246117161
2026-07-20 05:50:11,Lakshmi Temple Mangalsutra,Swarovski,R31248,9300.0,Restock,1,1,2,https://www.rasasilver.com/products/lakshmi-temple-mangalsutra?variant=gid://shopify/ProductVariant/53307255390505
2026-07-20 05:50:11,Lakshmi Temple Mangalsutra,Orange,R31324,8000.0,Restock,1,0,1,https://www.rasasilver.com/products/lakshmi-temple-mangalsutra?variant=gid://shopify/ProductVariant/53307255423273
2026-07-20 05:50:11,Pushpari-Hara Stone Pendant,Default Title,R30378,7300.0,Restock,1,0,1,https://www.rasasilver.com/products/pushpari-hara-stone-pendant?variant=gid://shopify/ProductVariant/53307576058153
2026-07-20 05:50:11,Muralidhara Temple Pendant,Default Title,R30365,4300.0,Restock,1,1,2,https://www.rasasilver.com/products/muralidhara-temple-pendant?variant=gid://shopify/ProductVariant/53307676885289
2026-07-20 05:50:11,Lakshmi-Mandir Temple Pendant,Default Title,R30570,15400.0,Restock,1,0,1,https://www.rasasilver.com/products/lakshmi-mandir-temple-pendant?variant=gid://shopify/ProductVariant/53308709962025
2026-07-20 05:50:11,Mayuri Stone Necklace,Default Title,R31312,26600.0,Restock,1,0,1,https://www.rasasilver.com/products/necklace-11?variant=gid://shopify/ProductVariant/53308713992489
2026-07-20 05:50:11,Queen's Green CZ Necklace Set,Default Title,R31223,32300.0,Restock,1,1,2,https://www.rasasilver.com/products/queens-green-cz-necklace-set?variant=gid://shopify/ProductVariant/53308726083881
2026-07-20 05:50:11,Designer Oval CZ Necklace Set,Default Title,R31227,31000.0,Restock,1,3,4,https://www.rasasilver.com/products/designer-oval-cz-necklace-set?variant=gid://shopify/ProductVariant/53308731425065
2026-07-20 05:50:11,Fusion Wear Necklace Set,Default Title,R13092,14000.0,Restock,1,0,1,https://www.rasasilver.com/products/fusion-wear-necklace-set?variant=gid://shopify/ProductVariant/53308738306345
2026-07-20 05:50:11,Mayura Shobha Temple Necklace Set,Default Title,R29937,11400.0,Restock,1,1,2,https://www.rasasilver.com/products/temple-necklace-set-2?variant=gid://shopify/ProductVariant/53308748890409
2026-07-20 05:50:11,Queen's Lakshmi Temple Necklace Set,Default Title,R29944,15300.0,Restock,1,2,3,https://www.rasasilver.com/products/queens-lakshmi-temple-necklace-set?variant=gid://shopify/ProductVariant/53310655463721
2026-07-20 05:50:11,Temple Devalaya Necklace Set,Default Title,R29949,14500.0,Restock,1,1,2,https://www.rasasilver.com/products/temple-devalaya-necklace-set?variant=gid://shopify/ProductVariant/53311568838953
2026-07-20 05:50:11,Lakshmi-Moti Temple Necklace Set,Default Title,R29962,23200.0,Restock,1,0,1,https://www.rasasilver.com/products/lakshmi-moti-temple-necklace-set?variant=gid://shopify/ProductVariant/53312179896617
2026-07-20 05:50:11,Mayura Queen Nakshi Necklace Set,Ruby Pink,R29981,16900.0,Restock,2,0,2,https://www.rasasilver.com/products/mayura-queen-nakshi-necklace-set?variant=gid://shopify/ProductVariant/53312595624233
2026-07-20 05:50:11,Dewdrop Stone Necklace,GREEN,R29988,13500.0,Restock,1,2,3,https://www.rasasilver.com/products/dewdrop-stone-necklace-set?variant=gid://shopify/ProductVariant/53312650772777
2026-07-20 05:50:11,Garden of Stone Necklace Set,Default Title,R30162,19200.0,Restock,1,1,2,https://www.rasasilver.com/products/garden-of-stone-necklace-set?variant=gid://shopify/ProductVariant/53312658276649
2026-07-20 05:50:11,Suvarna Stone Necklace,Default Title,R30298,33800.0,Restock,1,1,2,https://www.rasasilver.com/products/suvarna-stone-necklace?variant=gid://shopify/ProductVariant/53312674595113
2026-07-20 05:50:11,Kite Stone Necklace Set,Default Title,R30467,13200.0,Restock,1,2,3,https://www.rasasilver.com/products/kite-stone-necklace-set?variant=gid://shopify/ProductVariant/53312818905385
2026-07-20 05:50:11,Gilded Ivy Victorian Necklace,Default Title,R31059,37400.0,Restock,1,0,1,https://www.rasasilver.com/products/gilded-ivy-victorian-necklace?variant=gid://shopify/ProductVariant/53315295740201
2026-07-20 05:50:11,Sri Lakshmi Mayuram Temple Set,Default Title,R32330,67200.0,Restock,1,0,1,https://www.rasasilver.com/products/sri-lakshmi-mayuram-temple-set?variant=gid://shopify/ProductVariant/53315420520745
2026-07-20 05:50:11,Temple Padmavathi Mayura Set,Default Title,R32341,78200.0,Restock,1,0,1,https://www.rasasilver.com/products/temple-padmavathi-mayura-set?variant=gid://shopify/ProductVariant/53315522036009
2026-07-20 05:50:11,Blooming Mayuri Nakshi Set,Default Title,R32305,42400.0,Restock,1,0,1,https://www.rasasilver.com/products/temple-necklace-set-3?variant=gid://shopify/ProductVariant/53315526426921
2026-07-20 05:50:11,Mayil Ratna Nakshi Necklace Set,Default Title,R32308,43800.0,Restock,1,0,1,https://www.rasasilver.com/products/mayil-ratna-nakshi-necklace-set?variant=gid://shopify/ProductVariant/53318285787433
2026-07-20 05:50:11,Pushpari Mor Nakshi Necklace Set,Default Title,R32313,41200.0,Restock,1,0,1,https://www.rasasilver.com/products/pushpari-mor-nakshi-necklace-set?variant=gid://shopify/ProductVariant/53318343164201
2026-07-20 05:50:11,Lakshmi Kripa Temple Set,Default Title,R32284,52300.0,Restock,1,0,1,https://www.rasasilver.com/products/lakshmi-kripa-temple-set?variant=gid://shopify/ProductVariant/53318413779241
2026-07-20 05:50:11,Lakshmi Rajyam Temple Set,Default Title,R32289,50000.0,Restock,1,0,1,https://www.rasasilver.com/products/lakshmi-rajyam-temple-set?variant=gid://shopify/ProductVariant/53318417547561
2026-07-20 05:50:11,Nitya Lakshmi Temple Necklace Set,Default Title,R32293,41000.0,Restock,1,0,1,https://www.rasasilver.com/products/nitya-lakshmi-temple-necklace-set?variant=gid://shopify/ProductVariant/53318581879081
2026-07-20 05:50:11,Lakshmi Kirana Temple Necklace Set,Default Title,R32300,52700.0,Restock,1,0,1,https://www.rasasilver.com/products/lakshmi-kirana-temple-necklace-set?variant=gid://shopify/ProductVariant/53318604947753
2026-07-20 05:50:11,Pear Pushpa Kundan Bracelet,Default Title,R32149,10200.0,Restock,1,0,1,https://www.rasasilver.com/products/pear-pushpa-kundan-bracelet?variant=gid://shopify/ProductVariant/53329420812585
2026-07-20 05:50:11,Fleur Kundan Bracelet,Default Title,R32153,9500.0,Restock,1,0,1,https://www.rasasilver.com/products/fleur-kundan-bracelet?variant=gid://shopify/ProductVariant/53329440932137
2026-07-20 05:50:11,Pink Dynasty Victorian Bracelet,Default Title,R30759,27900.0,Restock,1,0,1,https://www.rasasilver.com/products/pink-dynasty-bracelet?variant=gid://shopify/ProductVariant/53329474847017
2026-07-20 05:50:11,Gandaberunda Kundan Hair Brooch,Default Title,R32157,16000.0,Restock,1,0,1,https://www.rasasilver.com/products/gandaberunda-kundan-hair-brooch?variant=gid://shopify/ProductVariant/53329485398313
2026-07-20 05:50:11,Minimal Plain Chain,Default Title,R31985,1600.0,Restock,1,11,12,https://www.rasasilver.com/products/minimal-plain-chain?variant=gid://shopify/ProductVariant/53329485431081
2026-07-20 05:50:11,Parrot-Phool Kundan Choker Set,Default Title,R32203,21300.0,Restock,1,0,1,https://www.rasasilver.com/products/parrot-phool-kundan-choker-set?variant=gid://shopify/ProductVariant/53329512595753
2026-07-20 05:50:11,Chand-Phool Kundan Choker Set,Default Title,R32194,23300.0,Restock,1,0,1,https://www.rasasilver.com/products/chand-phool-kundan-choker-set?variant=gid://shopify/ProductVariant/53329513513257
2026-07-20 05:50:11,Rose Empress Victorian Choker Set,Default Title,R30807,57600.0,Restock,1,0,1,https://www.rasasilver.com/products/rose-empress-victorian-choker-set?variant=gid://shopify/ProductVariant/53329541792041
2026-07-20 05:50:11,Rajwadi Kundan Choker Set,Default Title,R32213,33100.0,Restock,1,0,1,https://www.rasasilver.com/products/rajwadi-kundan-choker-set?variant=gid://shopify/ProductVariant/53329546412329
2026-07-20 05:50:11,Sunlit Empress Victorian Choker Set,Default Title,R30837,32600.0,Restock,1,0,1,https://www.rasasilver.com/products/sunlit-empress-victorian-choker-set?variant=gid://shopify/ProductVariant/53329555063081
2026-07-20 05:50:11,Pink Regalia Kundan Danglers,Default Title,R32182,10700.0,Restock,1,0,1,https://www.rasasilver.com/products/pink-regalia-kundan-danglers?variant=gid://shopify/ProductVariant/53329631346985
2026-07-20 05:50:11,Rose Imperial Kundan Danglers,Default Title,R32185,13500.0,Restock,1,0,1,https://www.rasasilver.com/products/rose-imperial-kundan-danglers?variant=gid://shopify/ProductVariant/53329635508521
2026-07-20 05:50:11,Rosé Spark Kundan Danglers,Default Title,R32186,6300.0,Restock,1,0,1,https://www.rasasilver.com/products/rose-spark-kundan-danglers?variant=gid://shopify/ProductVariant/53329638555945
2026-07-20 05:50:11,Gulbahar Kundan Danglers,GREEN,R32187,6400.0,Restock,1,0,1,https://www.rasasilver.com/products/gulbahar-kundan-danglers?variant=gid://shopify/ProductVariant/53329638949161
2026-07-20 05:50:11,Gulbahar Kundan Danglers,Ruby Pink,R32189,6500.0,Restock,1,0,1,https://www.rasasilver.com/products/gulbahar-kundan-danglers?variant=gid://shopify/ProductVariant/53329638981929
2026-07-20 05:50:11,Peacock Drops Kundan Danglers,Default Title,R32192,10200.0,Restock,1,0,1,https://www.rasasilver.com/products/peacock-drops-kundan-danglers?variant=gid://shopify/ProductVariant/53329641341225
2026-07-20 05:50:11,Aruna Bloom Kundan Danglers,Default Title,R32190,11400.0,Restock,1,0,1,https://www.rasasilver.com/products/aruna-bloom-kundan-danglers?variant=gid://shopify/ProductVariant/53329641373993
2026-07-20 05:50:11,Tirupati-Lakshmi Temple Danglers,Default Title,R32098,10700.0,Restock,1,0,1,https://www.rasasilver.com/products/tirupati-lakshmi-temple-danglers?variant=gid://shopify/ProductVariant/53329643307305
2026-07-20 05:50:11,Sriya Grace Temple Danglers,Default Title,R32108,8500.0,Restock,1,0,1,https://www.rasasilver.com/products/sriya-grace-temple-danglers?variant=gid://shopify/ProductVariant/53329644323113
2026-07-20 05:50:11,Pearls Moissanite Haath Phool,Default Title,R30580,31400.0,Restock,1,0,1,https://www.rasasilver.com/products/pearls-moissanite-haath-phool?variant=gid://shopify/ProductVariant/53329649860905
2026-07-20 05:50:11,Shringara Kundan Haath Phool,Default Title,R32165,25200.0,Restock,1,0,1,https://www.rasasilver.com/products/shringara-kundan-haath-phool?variant=gid://shopify/ProductVariant/53329649959209
2026-07-20 05:50:11,Pear-Floral Moissanite Haath Phool,Default Title,R30581,22800.0,Restock,1,0,1,https://www.rasasilver.com/products/pear-floral-moissanite-haath-phool?variant=gid://shopify/ProductVariant/53329660674345
2026-07-20 05:50:11,Pearl Botanica Victorian Haath Phool,Default Title,R30747,34900.0,Restock,1,0,1,https://www.rasasilver.com/products/vaibhava-victorian-haath-phool?variant=gid://shopify/ProductVariant/53329663787305
2026-07-20 05:50:11,Blush-Floral Victorian Haath Phool,Default Title,R30749,34300.0,Restock,1,0,1,https://www.rasasilver.com/products/blush-floral-victorian-haath-phool?variant=gid://shopify/ProductVariant/53329676828969
2026-07-20 05:50:11,Navilu Pearl Kundan Jhumki,Default Title,R32120,18700.0,Restock,1,0,1,https://www.rasasilver.com/products/navilu-pearl-kundan-jhumki?variant=gid://shopify/ProductVariant/53329680826665
2026-07-20 05:50:11,Vasantha Glow Kundan Jhumki,Default Title,R32124,15000.0,Restock,1,1,2,https://www.rasasilver.com/products/vasantha-glow-kundan-jhumki?variant=gid://shopify/ProductVariant/53329684988201
2026-07-20 05:50:11,Pushpa-Pearl Kundan Jhumki,Default Title,R32126,25500.0,Restock,1,0,1,https://www.rasasilver.com/products/pushpa-pearl-kundan-jhumki?variant=gid://shopify/ProductVariant/53329690394921
2026-07-20 05:50:11,Siri Bloom Kundan Jhumki,Default Title,R32129,21300.0,Restock,1,0,1,https://www.rasasilver.com/products/siri-bloom-kundan-jhumki?variant=gid://shopify/ProductVariant/53329692983593
2026-07-20 05:50:11,Sampada Kundan Jhumki,Default Title,R32134,25800.0,Restock,1,0,1,https://www.rasasilver.com/products/sampada-kundan-jhumki?variant=gid://shopify/ProductVariant/53329695080745
2026-07-20 05:50:11,Mangala Kundan Jhumki,Default Title,R32135,21600.0,Restock,1,0,1,https://www.rasasilver.com/products/mangala-kundan-jhumki?variant=gid://shopify/ProductVariant/53329696915753
2026-07-20 05:50:11,Amara Bloom Kundan Jhumki,Default Title,R32138,25500.0,Restock,1,0,1,https://www.rasasilver.com/products/amara-bloom-kundan-jhumki?variant=gid://shopify/ProductVariant/53329700782377
2026-07-20 05:50:11,Shobha Blossom Kundan Jhumki,Default Title,R32142,14500.0,Restock,1,0,1,https://www.rasasilver.com/products/shobha-blossom-kundan-jhumki?variant=gid://shopify/ProductVariant/53329702158633
2026-07-20 05:50:11,Sitare Kundan Jhumki,Default Title,R32146,16600.0,Restock,1,0,1,https://www.rasasilver.com/products/sitare-kundan-jhumki?variant=gid://shopify/ProductVariant/53329722966313
2026-07-20 05:50:11,Temple Rasleela Jhumki,Default Title,R32104,15400.0,Restock,1,0,1,https://www.rasasilver.com/products/temple-jhumki?variant=gid://shopify/ProductVariant/53329738891561
2026-07-20 05:50:11,Balaji-Luxe Temple Jhumki,Default Title,R32105,19900.0,Restock,1,0,1,https://www.rasasilver.com/products/balaji-luxe-temple-jhumki?variant=gid://shopify/ProductVariant/53333175664937
2026-07-20 05:50:11,Krupa Kasu Temple Necklace,Default Title,R32170,51600.0,Restock,1,0,1,https://www.rasasilver.com/products/navil-krupa-jadau-necklace?variant=gid://shopify/ProductVariant/53333186314537
2026-07-20 05:50:11,Dwi-Pear Polki Kada,Default Title,R30690,17300.0,Restock,1,0,1,https://www.rasasilver.com/products/dwi-pear-polki-kada?variant=gid://shopify/ProductVariant/53333198635305
2026-07-20 05:50:11,Crystal-Luxe Victorian Kada,Default Title,R30746,39700.0,Restock,1,0,1,https://www.rasasilver.com/products/crystal-luxe-victorian-kada?variant=gid://shopify/ProductVariant/53333209514281
2026-07-20 05:50:11,Princess Pink Victorian Kada,Default Title,R30753,23200.0,Restock,1,0,1,https://www.rasasilver.com/products/princess-pink-victorian-kada?variant=gid://shopify/ProductVariant/53333209612585
2026-07-20 05:50:11,Imperial Mint Victorian Kada,Default Title,R30755,20600.0,Restock,1,0,1,https://www.rasasilver.com/products/imperial-mint-victorian-kada?variant=gid://shopify/ProductVariant/53333219705129
2026-07-20 05:50:11,Srinivasa Temple Necklace,Default Title,R32093,56900.0,Restock,1,0,1,https://www.rasasilver.com/products/srinivasa-temple-necklace-1?variant=gid://shopify/ProductVariant/53333231501609
2026-07-20 05:50:11,Vishnu-Patni Temple Necklace,Default Title,R32097,55500.0,Restock,1,0,1,https://www.rasasilver.com/products/vishnu-patni-temple-necklace?variant=gid://shopify/ProductVariant/53333231567145
2026-07-20 05:50:11,Queen’s Moissanite Tikka,Default Title,R21125,18000.0,Restock,1,0,1,https://www.rasasilver.com/products/queen-s-moissanite-tikka-1?variant=gid://shopify/ProductVariant/53333233434921
2026-07-20 05:50:11,Emerald Regalia Victorian Tikka,Default Title,R30745,9000.0,Restock,1,0,1,https://www.rasasilver.com/products/emerald-regalia-victorian-tikka?variant=gid://shopify/ProductVariant/53333243724073
2026-07-20 05:50:11,Rosette Elegance Victorian Maang Tikka,Default Title,R30748,12600.0,Restock,1,0,1,https://www.rasasilver.com/products/rosette-elegance-victorian-maang-tikka?variant=gid://shopify/ProductVariant/53333255520553
2026-07-20 05:50:11,Violet Glow Victorian Tikka,Default Title,R30751,22200.0,Restock,1,0,1,https://www.rasasilver.com/products/violet-glow-victorian-tikka?variant=gid://shopify/ProductVariant/53333256044841
2026-07-20 05:50:11,Pearl Prerana Kundan Matil,Default Title,R32228,26900.0,Restock,1,0,1,https://www.rasasilver.com/products/pearl-prerana-kundan-matil?variant=gid://shopify/ProductVariant/53333322563881
2026-07-20 05:50:11,Celestia Blush Moissanite Maang Tikka,Default Title,R30754,16800.0,Restock,1,0,1,https://www.rasasilver.com/products/celestia-blush-moissanite-maang-tikka?variant=gid://shopify/ProductVariant/53333360574761
2026-07-20 05:50:11,Maharani Pearl Kundan Matil,Default Title,R32231,24300.0,Restock,1,0,1,https://www.rasasilver.com/products/maharani-pearl-kundan-matil?variant=gid://shopify/ProductVariant/53333435449641
2026-07-20 05:50:11,Pearl Sampada Moissanite Matil,Default Title,R30584,45500.0,Restock,1,0,1,https://www.rasasilver.com/products/pearl-sampada-moissanite-matil?variant=gid://shopify/ProductVariant/53334206251305
2026-07-20 05:50:11,Rani-Pearl Kundan Matil,Default Title,R32233,24300.0,Restock,1,0,1,https://www.rasasilver.com/products/rani-pearl-kundan-matil?variant=gid://shopify/ProductVariant/53334207004969
2026-07-20 05:50:11,Moissanite Mathapatti,Default Title,R30586,27000.0,Restock,1,0,1,https://www.rasasilver.com/products/moissanite-mathapatti?variant=gid://shopify/ProductVariant/53334249341225
2026-07-20 05:50:11,Dulhan Floral Kundan Nath,GREEN,R32181,4500.0,Restock,1,0,1,https://www.rasasilver.com/products/dulhan-floral-kundan-nath?variant=gid://shopify/ProductVariant/53334260547881
2026-07-20 05:50:11,Dulhan Floral Kundan Nath,Swarovski,R32183,4700.0,Restock,1,0,1,https://www.rasasilver.com/products/dulhan-floral-kundan-nath?variant=gid://shopify/ProductVariant/53334260580649
2026-07-20 05:50:11,Dulhan Floral Kundan Nath,Ruby Pink,R32184,4600.0,Restock,1,0,1,https://www.rasasilver.com/products/dulhan-floral-kundan-nath?variant=gid://shopify/ProductVariant/53334260613417
2026-07-20 05:50:11,Kamala Siri Kundan Bangles,2.5,R32230,55300.0,Restock,1,0,1,https://www.rasasilver.com/products/kamala-siri-kundan-bangles?variant=gid://shopify/ProductVariant/53334399746345
2026-07-20 05:50:11,Rani Royale Kundan Bangles,2.5,R32229,55300.0,Restock,1,0,1,https://www.rasasilver.com/products/rani-royale-kundan-bangles?variant=gid://shopify/ProductVariant/53334430122281
2026-07-20 05:50:11,Blush-Spark Victorian Bangles,2.2,R30764,54900.0,Restock,1,0,1,https://www.rasasilver.com/products/varni-spark-victorian-bangles?variant=gid://shopify/ProductVariant/53336839979305
2026-07-20 05:50:11,Oval-Neel Victorian Bangles,2.4,R30766,19900.0,Restock,1,0,1,https://www.rasasilver.com/products/oval-neel-victorian-bangles?variant=gid://shopify/ProductVariant/53336872091945
2026-07-20 05:50:11,Haritha-Peacock Kundan Pendant,Default Title,R32160,31300.0,Restock,1,0,1,https://www.rasasilver.com/products/haritha-peacock-kundan-pendant?variant=gid://shopify/ProductVariant/53336848957737
2026-07-20 05:50:11,Infinity Loop Moissanite Bangles,2.4,R30696,41500.0,Restock,1,0,1,https://www.rasasilver.com/products/infinity-loop-moissanite-bangles?variant=gid://shopify/ProductVariant/53336853709097
2026-07-20 05:50:11,Ayodhya Royal Temple Pendant,Default Title,R32116,28500.0,Restock,1,0,1,https://www.rasasilver.com/products/ayodhya-royal-temple-pendant?variant=gid://shopify/ProductVariant/53336869732649
2026-07-20 05:50:11,Navaratna Kundan Pendant Set,Default Title,R32208,31500.0,Restock,1,0,1,https://www.rasasilver.com/products/navaratna-kundan-pendant-set?variant=gid://shopify/ProductVariant/53336871534889
2026-07-20 05:50:11,Twin-Soul Moissanite Ring,Default Title,R32236,5800.0,Restock,1,0,1,https://www.rasasilver.com/products/twin-soul-moissanite-ring?variant=gid://shopify/ProductVariant/53336879726889
2026-07-20 05:50:11,Duo Hexa-Pear Moissanite Ring,Default Title,R32238,8200.0,Restock,1,0,1,https://www.rasasilver.com/products/duo-hexa-pear-moissanite-ring?variant=gid://shopify/ProductVariant/53336883200297
2026-07-20 05:50:11,Lakshmi Sampat Temple Necklace,Default Title,R32106,36300.0,Restock,1,0,1,https://www.rasasilver.com/products/lakshmi-sampat-temple-necklace?variant=gid://shopify/ProductVariant/53336891064617
2026-07-20 05:50:11,Lakshmi Kripa Temple Necklace,Default Title,R32107,23300.0,Restock,1,0,1,https://www.rasasilver.com/products/lakshmi-kripa-temple-necklace?variant=gid://shopify/ProductVariant/53336898371881
2026-07-20 05:50:11,Pushpa Kirana Kundan Studs,Default Title,R32216,9900.0,Restock,1,0,1,https://www.rasasilver.com/products/pushpa-kirana-kundan-studs?variant=gid://shopify/ProductVariant/53336930582825
2026-07-20 05:50:11,Pearl Garden Kundan Stud Matil,GREEN,R32196,23000.0,Restock,1,0,1,https://www.rasasilver.com/products/pearl-garden-stone-matil?variant=gid://shopify/ProductVariant/53336939430185
2026-07-20 05:50:11,Pearl Garden Kundan Stud Matil,Ruby Pink,R32215,23000.0,Restock,1,0,1,https://www.rasasilver.com/products/pearl-garden-stone-matil?variant=gid://shopify/ProductVariant/53336939462953
2026-07-20 07:17:38,Pushpa Chakra Stone Danglers,Default Title,R31402,6300.0,Sale,1,4,3,https://www.rasasilver.com/products/pushpa-chakra-stone-danglers?variant=gid://shopify/ProductVariant/53304544526633
2026-07-20 07:32:49,Pearl & Elara Choker,Default Title,R14082,13600.0,Sale,1,2,1,https://www.rasasilver.com/products/choker-19?variant=gid://shopify/ProductVariant/51248193208617
2026-07-20 07:32:49,Florisse Studs,Default Title,R31542,1700.0,Sale,1,2,1,https://www.rasasilver.com/products/florisse-studs?variant=gid://shopify/ProductVariant/53288661156137
2026-07-20 07:47:40,Temple Bottu Necklace,Default Title,R26114,86000.0,Sale,1,2,1,https://www.rasasilver.com/products/temple-bottu-necklace?variant=gid://shopify/ProductVariant/52818873680169
2026-07-20 07:47:40,Kasu Sundari Temple Studs,Default Title,R31948,2700.0,Sold Out,1,1,0,https://www.rasasilver.com/products/kasu-sundari-temple-studs?variant=gid://shopify/ProductVariant/53296571384105
2026-07-20 08:31:03,Darpana Karvi Pendant,Default Title,R2639,17500.0,Restock,2,0,2,https://www.rasasilver.com/products/darpana-karvi-pendant?variant=gid://shopify/ProductVariant/50180739137833
2026-07-20 09:17:24,Pearcella Aurora Necklace Set,Default Title,R11575,22000.0,Sale,1,2,1,https://www.rasasilver.com/products/pearcella-aurora-necklace-set?variant=gid://shopify/ProductVariant/50774156181801
2026-07-20 09:17:24,Oceanis Bloom Danglers,Default Title,R4448,17900.0,Sale,1,2,1,https://www.rasasilver.com/products/oceanis-bloom-danglers?variant=gid://shopify/ProductVariant/50788923113769
2026-07-20 09:17:24,Hemangi Kasu Temple Necklace,Default Title,R25097,23900.0,Restock,1,0,1,https://www.rasasilver.com/products/hemangi-kasu-short-necklace?variant=gid://shopify/ProductVariant/52682258055465
2026-07-20 09:17:24,Back Chain,Default Title,R25383,3800.0,Restock,1,8,9,https://www.rasasilver.com/products/back-chain-copy?variant=gid://shopify/ProductVariant/52737922302249
2026-07-20 09:17:24,Vionna Spark CZ Pendant,Ruby Pink,R25522,6300.0,Restock,1,0,1,https://www.rasasilver.com/products/vionna-spark-cz-pendant?variant=gid://shopify/ProductVariant/53158352650537
2026-07-20 09:17:24,Garden Of Victorian Necklace Set,Mint Green,R21460,30000.0,Sold Out,1,1,0,https://www.rasasilver.com/products/garden-of-victorian-necklace-set?variant=gid://shopify/ProductVariant/52463957672233
2026-07-20 09:33:01,Florivya Studs,Default Title,R11726,2500.0,Sale,1,2,1,https://www.rasasilver.com/products/florivya-studs?variant=gid://shopify/ProductVariant/50809271615785
2026-07-20 09:33:01,Crowned Carats CZ Necklace Set,Default Title,R25231,84800.0,Restock,1,1,2,https://www.rasasilver.com/products/crowned-carats-cz-necklace-set?variant=gid://shopify/ProductVariant/52682110042409
2026-07-20 09:47:52,Antique Beaded Mala,Default Title,R24788,14500.0,Sold Out,1,1,0,https://www.rasasilver.com/products/antique-beaded-mala?variant=gid://shopify/ProductVariant/52668086419753
2026-07-20 10:03:22,Crowned Carats CZ Necklace Set,Default Title,R25231,84800.0,Sale,1,2,1,https://www.rasasilver.com/products/crowned-carats-cz-necklace-set?variant=gid://shopify/ProductVariant/52682110042409
2026-07-20 10:17:39,Damyanti Oxidised Danglers,Default Title,R27948,4000.0,New Arrival,1,0,1,https://www.rasasilver.com/products/damyanti-drops-danglers?variant=gid://shopify/ProductVariant/50389424734505
2026-07-20 10:17:39,Oxidised Phool Payal,Default Title,R13235,6400.0,New Arrival,1,0,1,https://www.rasasilver.com/products/phool?variant=gid://shopify/ProductVariant/53149470982441
2026-07-20 10:33:00,Gutta Pasalu Necklace Set,Default Title,R19923,22700.0,Sale,1,8,7,https://www.rasasilver.com/products/gutta-pasalu-necklace-set?variant=gid://shopify/ProductVariant/52399453438249
2026-07-20 10:47:36,Evoque Green Studs,Default Title,R20374,1900.0,Sale,1,21,20,https://www.rasasilver.com/products/35?variant=gid://shopify/ProductVariant/50712002330921
2026-07-20 10:47:36,Padmajyoti Temple Danglers,Default Title,R31963,4700.0,New Arrival,1,0,1,https://www.rasasilver.com/products/padmajyoti-temple-danglers?variant=gid://shopify/ProductVariant/53290448814377
2026-07-20 12:03:20,Edwardian Fleur Studs,GREEN,R2498,12200.0,New Arrival,1,0,1,https://www.rasasilver.com/products/gulzarika-stud-earrings?variant=gid://shopify/ProductVariant/50173607444777
2026-07-20 12:03:20,Morvya Kasu Necklace,Default Title,R22672,101200.0,Sale,1,4,3,https://www.rasasilver.com/products/morvya-kasu-necklace?variant=gid://shopify/ProductVariant/52393214705961
2026-07-20 12:03:20,Manimala Kasu Temple Necklace,Default Title,R25191,36200.0,Sale,1,2,1,https://www.rasasilver.com/products/manimala-kasu-short-necklace?variant=gid://shopify/ProductVariant/52682145431849
2026-07-20 12:03:20,Lakshmi Smarakha Haaram,Default Title,R11156,53900.0,Sold Out,1,1,0,https://www.rasasilver.com/products/lakshmi-smarakha-haaram?variant=gid://shopify/ProductVariant/50740831977769
2026-07-20 12:03:20,Devika Temple Kaasu Necklace,Default Title,R22303,52560.0,Sold Out,1,1,0,https://www.rasasilver.com/products/devika-temple-kaasu-necklace?variant=gid://shopify/ProductVariant/52450616213801
2026-07-20 12:03:20,Ganesha Peacock Temple Necklace,Default Title,R19911,56430.0,Sold Out,1,1,0,https://www.rasasilver.com/products/royal-peacock-nakshi-necklace?variant=gid://shopify/ProductVariant/52797908517161
2026-07-20 12:03:20,Shubhalakshmi Temple Necklace,Default Title,R26458,60660.0,Sold Out,1,1,0,https://www.rasasilver.com/products/shubhalakshmi-temple-necklace?variant=gid://shopify/ProductVariant/52808022884649
2026-07-20 12:03:20,Suvalaya Temple Necklace,Ruby Pink,R25872,31200.0,Sold Out,1,1,0,https://www.rasasilver.com/products/ratnashri-short-temple-necklace-copy?variant=gid://shopify/ProductVariant/52828521857321
2026-07-20 12:03:20,Shreevitha Kasu Temple Necklace,Default Title,R26183,81500.0,Sold Out,1,1,0,https://www.rasasilver.com/products/mahalakshya-gandavira-kasu-necklace-copy?variant=gid://shopify/ProductVariant/52866563539241
2026-07-20 12:03:20,Temple Kamalika Necklace,Default Title,R31294,11300.0,Sold Out,1,1,0,https://www.rasasilver.com/products/temple-kamalika-necklace?variant=gid://shopify/ProductVariant/53305055871273
2026-07-20 12:03:20,Charulata-Mor Temple Necklace,Default Title,R31334,16500.0,Sold Out,1,1,0,https://www.rasasilver.com/products/charulata-mor-temple-necklace?variant=gid://shopify/ProductVariant/53305189826857
2026-07-20 12:03:20,Sri Lakshmi Mayuram Temple Set,Default Title,R32330,67200.0,Sold Out,1,1,0,https://www.rasasilver.com/products/sri-lakshmi-mayuram-temple-set?variant=gid://shopify/ProductVariant/53315420520745
2026-07-20 12:03:20,Temple Padmavathi Mayura Set,Default Title,R32341,78200.0,Sold Out,1,1,0,https://www.rasasilver.com/products/temple-padmavathi-mayura-set?variant=gid://shopify/ProductVariant/53315522036009
2026-07-20 12:03:20,Blooming Mayuri Nakshi Set,Default Title,R32305,42400.0,Sold Out,1,1,0,https://www.rasasilver.com/products/temple-necklace-set-3?variant=gid://shopify/ProductVariant/53315526426921
2026-07-20 12:03:20,Mayil Ratna Nakshi Necklace Set,Default Title,R32308,43800.0,Sold Out,1,1,0,https://www.rasasilver.com/products/mayil-ratna-nakshi-necklace-set?variant=gid://shopify/ProductVariant/53318285787433
2026-07-20 12:03:20,Pushpari Mor Nakshi Necklace Set,Default Title,R32313,41200.0,Sold Out,1,1,0,https://www.rasasilver.com/products/pushpari-mor-nakshi-necklace-set?variant=gid://shopify/ProductVariant/53318343164201
2026-07-20 12:03:20,Lakshmi Kripa Temple Set,Default Title,R32284,52300.0,Sold Out,1,1,0,https://www.rasasilver.com/products/lakshmi-kripa-temple-set?variant=gid://shopify/ProductVariant/53318413779241
2026-07-20 12:03:20,Lakshmi Rajyam Temple Set,Default Title,R32289,50000.0,Sold Out,1,1,0,https://www.rasasilver.com/products/lakshmi-rajyam-temple-set?variant=gid://shopify/ProductVariant/53318417547561
2026-07-20 12:03:20,Nitya Lakshmi Temple Necklace Set,Default Title,R32293,41000.0,Sold Out,1,1,0,https://www.rasasilver.com/products/nitya-lakshmi-temple-necklace-set?variant=gid://shopify/ProductVariant/53318581879081
2026-07-20 12:03:20,Lakshmi Kirana Temple Necklace Set,Default Title,R32300,52700.0,Sold Out,1,1,0,https://www.rasasilver.com/products/lakshmi-kirana-temple-necklace-set?variant=gid://shopify/ProductVariant/53318604947753
2026-07-20 12:03:20,Krupa Kasu Temple Necklace,Default Title,R32170,51600.0,Sold Out,1,1,0,https://www.rasasilver.com/products/navil-krupa-jadau-necklace?variant=gid://shopify/ProductVariant/53333186314537
2026-07-20 12:03:20,Srinivasa Temple Necklace,Default Title,R32093,56900.0,Sold Out,1,1,0,https://www.rasasilver.com/products/srinivasa-temple-necklace-1?variant=gid://shopify/ProductVariant/53333231501609
2026-07-20 12:03:20,Vishnu-Patni Temple Necklace,Default Title,R32097,55500.0,Sold Out,1,1,0,https://www.rasasilver.com/products/vishnu-patni-temple-necklace?variant=gid://shopify/ProductVariant/53333231567145
2026-07-20 12:03:20,Lakshmi Kripa Temple Necklace,Default Title,R32107,23300.0,Sold Out,1,1,0,https://www.rasasilver.com/products/lakshmi-kripa-temple-necklace?variant=gid://shopify/ProductVariant/53336898371881
2026-07-20 12:17:33,Moissanite Nath,Default Title,R1526,3100.0,Restock,2,9,11,https://www.rasasilver.com/products/kundan-nath?variant=gid://shopify/ProductVariant/49855900451113
2026-07-20 12:17:33,Pachai Ratnam Stud Earrings,Default Title,R15884,2300.0,Restock,1,3,4,https://www.rasasilver.com/products/pachai-ratnam-studs?variant=gid://shopify/ProductVariant/50074586120489
2026-07-20 12:17:33,Botanique Stud Earrings,Default Title,R15982,2300.0,Restock,1,6,7,https://www.rasasilver.com/products/botanique-studs?variant=gid://shopify/ProductVariant/50158205501737
2026-07-20 12:17:33,Ruby Stone Studs,Default Title,R22470,3700.0,Restock,1,3,4,https://www.rasasilver.com/products/pure-essence-studs?variant=gid://shopify/ProductVariant/50158302298409
2026-07-20 12:17:33,Mani Bandha Bangles,2.4,R14974,19300.0,Sale,1,6,5,https://www.rasasilver.com/products/mani-bandha-bangles?variant=gid://shopify/ProductVariant/52263721697577
2026-07-20 12:17:33,Mallika Ruchi Ring,Default Title,R16015,2100.0,Restock,1,0,1,https://www.rasasilver.com/products/ritu?variant=gid://shopify/ProductVariant/50443962089769
2026-07-20 12:17:33,Shri Kamala Bindu Studs,Default Title,R7707,3600.0,Restock,1,2,3,https://www.rasasilver.com/products/shri-kamala-bindu-studs?variant=gid://shopify/ProductVariant/50612635369769
2026-07-20 12:17:33,Ovalor Stone Ring,Ruby Pink,R17311,3450.0,Restock,1,8,9,https://www.rasasilver.com/products/ovalor-ring?variant=gid://shopify/ProductVariant/51472177692969
2026-07-20 12:17:33,Zirconika Stone Ring,Ruby Pink,R17281,2250.0,Restock,1,0,1,https://www.rasasilver.com/products/zirconika-ring?variant=gid://shopify/ProductVariant/51412229259561
2026-07-20 12:17:33,Pushpmani Dangle Earrings,GREEN,R20369,6100.0,Restock,1,2,3,https://www.rasasilver.com/products/pushpmani-danglers?variant=gid://shopify/ProductVariant/52279154049321
2026-07-20 12:17:33,Moonbeam Allure Short Necklace Set,Default Title,R12412,56000.0,Sale,1,4,3,https://www.rasasilver.com/products/moonbeam-allure-short-necklace-copy?variant=gid://shopify/ProductVariant/50907092615465
2026-07-20 12:17:33,Lady Victoria Bangles,2.4,R12043,44500.0,Sale,1,2,1,https://www.rasasilver.com/products/lady-victoria-bangles?variant=gid://shopify/ProductVariant/52279940514089
2026-07-20 12:17:33,Chandralekha Stud Earrings,Default Title,R13512,11600.0,Restock,1,0,1,https://www.rasasilver.com/products/studs-3?variant=gid://shopify/ProductVariant/51222115418409
2026-07-20 12:17:33,Squivva Gems Bangles,Ruby Pink / 2.4,R14966,26400.0,Sale,1,6,5,https://www.rasasilver.com/products/squivva-bangles?variant=gid://shopify/ProductVariant/52273391436073
2026-07-20 12:17:33,Crystina Stone Bangles,2.6,R14990,22200.0,Sale,1,4,3,https://www.rasasilver.com/products/crystina-bangles?variant=gid://shopify/ProductVariant/52263713636649
2026-07-20 12:17:33,Kanchan Spark Stud Earrings,Default Title,R17422,3100.0,Restock,2,16,18,https://www.rasasilver.com/products/kanchan-spark-studs?variant=gid://shopify/ProductVariant/51488632471849
2026-07-20 12:17:33,Blumira Stone Ring,Swarovski / 12,R16688,3900.0,Restock,1,2,3,https://www.rasasilver.com/products/blumira-ring?variant=gid://shopify/ProductVariant/52166946292009
2026-07-20 12:17:33,Rosalya Stone Ring,Ruby Pink / 5.4,R16685,3400.0,Restock,1,3,4,https://www.rasasilver.com/products/rosalya-ring?variant=gid://shopify/ProductVariant/52166987907369
2026-07-20 12:17:33,Gemora Victorian Necklace Set,Default Title,R22159,42300.0,Sale,1,2,1,https://www.rasasilver.com/products/gemora-victorian-necklace-set?variant=gid://shopify/ProductVariant/52378013106473
2026-07-20 12:17:33,Duchess Oval Victorian Bangles,2.6,R24459,44300.0,Sale,2,3,1,https://www.rasasilver.com/products/duchess-oval-victorian-bangles?variant=gid://shopify/ProductVariant/52535462461737
2026-07-20 12:17:33,Visheshika Temple Chudi,Default Title,R22955,16600.0,Sale,1,4,3,https://www.rasasilver.com/products/visheshika-temple-chudi?variant=gid://shopify/ProductVariant/52668215394601
2026-07-20 12:17:33,Square-Rosy Stone Bangles,Ruby Pink / 2.4,R25305,19500.0,Sale,1,4,3,https://www.rasasilver.com/products/square-rosy-stone-bangles?variant=gid://shopify/ProductVariant/52668463382825
2026-07-20 12:17:33,Square-Rosy Stone Bangles,Ruby Pink / 2.5,R25305,19500.0,Sale,1,4,3,https://www.rasasilver.com/products/square-rosy-stone-bangles?variant=gid://shopify/ProductVariant/52704115949865
2026-07-20 12:17:33,Square-Rosy Stone Bangles,Ruby Pink / 2.6,R25305,19500.0,Sale,1,4,3,https://www.rasasilver.com/products/square-rosy-stone-bangles?variant=gid://shopify/ProductVariant/52704115982633
2026-07-20 12:17:33,Oval-Rosy Stone Bangles,Ruby Pink / 2.4,R25306,21600.0,Sale,1,3,2,https://www.rasasilver.com/products/oval-rosy-stone-bangles?variant=gid://shopify/ProductVariant/52668471968041
2026-07-20 12:17:33,Oval-Rosy Stone Bangles,Ruby Pink / 2.8,R25306,21600.0,Sale,1,3,2,https://www.rasasilver.com/products/oval-rosy-stone-bangles?variant=gid://shopify/ProductVariant/52707604660521
2026-07-20 12:17:33,Oval-Rosy Stone Bangles,Ruby Pink / 2.9,R25306,21600.0,Sale,1,3,2,https://www.rasasilver.com/products/oval-rosy-stone-bangles?variant=gid://shopify/ProductVariant/52707604693289
2026-07-20 12:17:33,Oval-Rosy Stone Bangles,GREEN / 2.5,R25325,21700.0,Sale,1,3,2,https://www.rasasilver.com/products/oval-rosy-stone-bangles?variant=gid://shopify/ProductVariant/52707604726057
2026-07-20 12:17:33,Oval-Rosy Stone Bangles,GREEN / 2.6,R25325,21700.0,Sale,1,3,2,https://www.rasasilver.com/products/oval-rosy-stone-bangles?variant=gid://shopify/ProductVariant/52707604758825
2026-07-20 12:17:33,Oval-Rosy Stone Bangles,GREEN / 2.8,R25325,21700.0,Sale,1,3,2,https://www.rasasilver.com/products/oval-rosy-stone-bangles?variant=gid://shopify/ProductVariant/52707604791593
2026-07-20 12:17:33,Aarvi Stone Bangles,2.4,R26676,28400.0,Sale,1,5,4,https://www.rasasilver.com/products/aarvi-cz-bangles?variant=gid://shopify/ProductVariant/52915463782697
2026-07-20 12:17:33,Tira Stone Bangles,2.6,R26683,16600.0,Sale,1,6,5,https://www.rasasilver.com/products/tira-cz-bangles?variant=gid://shopify/ProductVariant/52915504415017
2026-07-20 12:17:33,Tira Stone Bangles,2.7,R26683,16600.0,Sale,1,6,5,https://www.rasasilver.com/products/tira-cz-bangles?variant=gid://shopify/ProductVariant/52915504447785
2026-07-20 12:17:33,Rosethra Stone Studs,Default Title,R25501,3500.0,Restock,1,1,2,https://www.rasasilver.com/products/blossira-stone-studs-copy-2?variant=gid://shopify/ProductVariant/52921695600937
2026-07-20 12:17:33,Swril Stone Bangles,2.6,R29435,21500.0,Sale,2,3,1,https://www.rasasilver.com/products/swril-stone-bangles?variant=gid://shopify/ProductVariant/53283871883561
2026-07-20 12:17:33,Lustrelle Stone Bangles,2.5,R29452,22300.0,Sale,1,3,2,https://www.rasasilver.com/products/lustrelle-stone-bangles?variant=gid://shopify/ProductVariant/53283968745769
2026-07-20 12:17:33,Crystal Green Kada,Default Title,R31530,21800.0,Sale,1,3,2,https://www.rasasilver.com/products/rajwadi-kada?variant=gid://shopify/ProductVariant/53286148735273
2026-07-20 12:17:33,Pharaoh’s Swan Danglers,Default Title,R9005,22400.0,Sold Out,1,1,0,https://www.rasasilver.com/products/pharaoh-s-swan-danglers?variant=gid://shopify/ProductVariant/50577043816745
2026-07-20 12:17:33,Amritha Shree Necklace Set,Default Title,R17732,54500.0,Sold Out,1,1,0,https://www.rasasilver.com/products/amritha-shree-necklace-set?variant=gid://shopify/ProductVariant/51514159792425
2026-07-20 12:17:33,Navarang Oval Bangles,Navaratna Colour / 2.5,R19949,21000.0,Sold Out,1,1,0,https://www.rasasilver.com/products/navarang-oval-bangles?variant=gid://shopify/ProductVariant/52209180573993
2026-07-20 12:17:33,Tara Stone Bangles,2.4,R24394,26600.0,Sold Out,1,1,0,https://www.rasasilver.com/products/tara-stone-bangles?variant=gid://shopify/ProductVariant/52553600893225
2026-07-20 12:17:33,Ganapati Temple Bangles,Default Title,R26004,59850.0,Sold Out,1,1,0,https://www.rasasilver.com/products/temple-bangles-1?variant=gid://shopify/ProductVariant/52737262256425
2026-07-20 12:17:33,Hamsa-Phool Kundan Necklace,Default Title,R23812,119700.0,Sold Out,1,1,0,https://www.rasasilver.com/products/hamsa-phool-kundan-necklace?variant=gid://shopify/ProductVariant/52750182351145
2026-07-20 12:17:33,Spark-Loom Stone Bangles,2.6,R25473,22250.0,Sold Out,1,1,0,https://www.rasasilver.com/products/stone-bangles-3?variant=gid://shopify/ProductVariant/52798064525609
2026-07-20 12:17:33,Kamalvalli Kundan Ring,Default Title,R24866,11500.0,Sold Out,1,1,0,https://www.rasasilver.com/products/kamalvalli-nakshi-ring?variant=gid://shopify/ProductVariant/52872090288425
2026-07-20 12:17:33,Garudavira Kundan Pendant,Default Title,R26654,32250.0,Sold Out,1,1,0,https://www.rasasilver.com/products/garudavira-kundan-pendant?variant=gid://shopify/ProductVariant/52880137093417
2026-07-20 12:17:33,Narayani Temple Bangles,Default Title,R28504,40400.0,Sold Out,1,1,0,https://www.rasasilver.com/products/narayani-temple-bangles?variant=gid://shopify/ProductVariant/53267624984873
2026-07-20 12:17:33,Stellar Line Stone Bangles,2.9,R29455,23400.0,Sold Out,1,1,0,https://www.rasasilver.com/products/stone-bangles-7?variant=gid://shopify/ProductVariant/53284233249065
2026-07-20 12:17:33,Pear-Line Stone Bangles,2.9,R29459,26800.0,Sold Out,1,1,0,https://www.rasasilver.com/products/pear-line-stone-bangles?variant=gid://shopify/ProductVariant/53284283547945
2026-07-20 12:17:33,Kusumika Kundan Kada,GREEN / 2.5,R32179,28900.0,Sold Out,1,1,0,https://www.rasasilver.com/products/kusumika-kundan-kada?variant=gid://shopify/ProductVariant/53336905744681
2026-07-20 12:17:33,Kusumika Kundan Kada,Ruby Pink / 2.5,R32180,29100.0,Sold Out,1,1,0,https://www.rasasilver.com/products/kusumika-kundan-kada?variant=gid://shopify/ProductVariant/53336905777449
2026-07-20 12:17:33,Flora-Whisper Stone Kada,Default Title,R30435,9400.0,Sold Out,1,1,0,https://www.rasasilver.com/products/flora-whisper-stone-kada?variant=gid://shopify/ProductVariant/53299554255145
2026-07-20 12:17:33,Green-Flora Stone Kada,Default Title,R30438,9500.0,Sold Out,1,1,0,https://www.rasasilver.com/products/green-flora-stone-kada?variant=gid://shopify/ProductVariant/53299596034345
2026-07-20 12:17:33,Arali Sparkle Stone Kada,Default Title,R30441,10400.0,Sold Out,1,1,0,https://www.rasasilver.com/products/arali-sparkle-stone-kada?variant=gid://shopify/ProductVariant/53299596689705
2026-07-20 12:17:33,Laksh Temple Kada,Default Title,R31303,9500.0,Sold Out,1,1,0,https://www.rasasilver.com/products/ruby-laksh-temple-kada?variant=gid://shopify/ProductVariant/53299616579881
2026-07-20 12:17:33,Verde-Pear Stone Kada,Default Title,R30437,8400.0,Sold Out,1,1,0,https://www.rasasilver.com/products/verde-pear-stone-kada?variant=gid://shopify/ProductVariant/53304599445801
2026-07-20 12:17:33,Pink Dynasty Victorian Bracelet,Default Title,R30759,27900.0,Sold Out,1,1,0,https://www.rasasilver.com/products/pink-dynasty-bracelet?variant=gid://shopify/ProductVariant/53329474847017
2026-07-20 12:17:33,Dwi-Pear Polki Kada,Default Title,R30690,17300.0,Sold Out,1,1,0,https://www.rasasilver.com/products/dwi-pear-polki-kada?variant=gid://shopify/ProductVariant/53333198635305
2026-07-20 12:17:33,Crystal-Luxe Victorian Kada,Default Title,R30746,39700.0,Sold Out,1,1,0,https://www.rasasilver.com/products/crystal-luxe-victorian-kada?variant=gid://shopify/ProductVariant/53333209514281
2026-07-20 12:17:33,Princess Pink Victorian Kada,Default Title,R30753,23200.0,Sold Out,1,1,0,https://www.rasasilver.com/products/princess-pink-victorian-kada?variant=gid://shopify/ProductVariant/53333209612585
2026-07-20 12:17:33,Imperial Mint Victorian Kada,Default Title,R30755,20600.0,Sold Out,1,1,0,https://www.rasasilver.com/products/imperial-mint-victorian-kada?variant=gid://shopify/ProductVariant/53333219705129
2026-07-20 12:17:33,Kamala Siri Kundan Bangles,2.5,R32230,55300.0,Sold Out,1,1,0,https://www.rasasilver.com/products/kamala-siri-kundan-bangles?variant=gid://shopify/ProductVariant/53334399746345
2026-07-20 12:17:33,Rani Royale Kundan Bangles,2.5,R32229,55300.0,Sold Out,1,1,0,https://www.rasasilver.com/products/rani-royale-kundan-bangles?variant=gid://shopify/ProductVariant/53334430122281
2026-07-20 12:17:33,Blush-Spark Victorian Bangles,2.2,R30764,54900.0,Sold Out,1,1,0,https://www.rasasilver.com/products/varni-spark-victorian-bangles?variant=gid://shopify/ProductVariant/53336839979305
2026-07-20 12:17:33,Oval-Neel Victorian Bangles,2.4,R30766,19900.0,Sold Out,1,1,0,https://www.rasasilver.com/products/oval-neel-victorian-bangles?variant=gid://shopify/ProductVariant/53336872091945
2026-07-20 12:17:33,Infinity Loop Moissanite Bangles,2.4,R30696,41500.0,Sold Out,1,1,0,https://www.rasasilver.com/products/infinity-loop-moissanite-bangles?variant=gid://shopify/ProductVariant/53336853709097
2026-07-20 12:32:49,Navakari Stud Earrings,Default Title,R17304,2200.0,Sale,1,2,1,https://www.rasasilver.com/products/nava-kari-studs?variant=gid://shopify/ProductVariant/50157703921961
2026-07-20 12:32:49,Leaforia Bloom Necklace Set,Default Title,R11554,39500.0,Sale,1,2,1,https://www.rasasilver.com/products/leaforia-bloom-necklace-set?variant=gid://shopify/ProductVariant/50773763293481
2026-07-20 12:32:49,Back Chain,Default Title,R25375,4000.0,Restock,1,3,4,https://www.rasasilver.com/products/back-chain-1?variant=gid://shopify/ProductVariant/50823753695529
2026-07-20 12:32:49,Moonbeam Allure Short Necklace Set,Default Title,R12412,56000.0,Sale,1,3,2,https://www.rasasilver.com/products/moonbeam-allure-short-necklace-copy?variant=gid://shopify/ProductVariant/50907092615465
2026-07-20 12:32:49,Zephyra Fine Kada,Default Title,R12942,7800.0,Restock,1,2,3,https://www.rasasilver.com/products/zephyra-kada?variant=gid://shopify/ProductVariant/51198012883241
2026-07-20 12:32:49,Czpearra Cz Diamond Necklace,Default Title,R17683,12500.0,Sale,1,2,1,https://www.rasasilver.com/products/czpearra-necklace?variant=gid://shopify/ProductVariant/51509447295273
2026-07-20 12:32:49,Rubalyn Bloom Necklace Set,Swarovski,R18538,34700.0,Sale,1,2,1,https://www.rasasilver.com/products/ruby-fiora-necklace-set-copy?variant=gid://shopify/ProductVariant/51870106812713
2026-07-20 12:32:49,Zyrissa Florentia Necklace Set,Default Title,R18532,25000.0,Sale,1,9,8,https://www.rasasilver.com/products/zirnova-pear-necklace-set-copy?variant=gid://shopify/ProductVariant/51872732905769
2026-07-20 12:32:49,Grevix CZ Necklace Set,Default Title,R22250,59900.0,Sale,1,5,4,https://www.rasasilver.com/products/cz-necklace-set-3?variant=gid://shopify/ProductVariant/52390351110441
2026-07-20 12:32:49,Navarika CZ Necklace Set,Default Title,R22641,34100.0,Sale,1,2,1,https://www.rasasilver.com/products/navarika-cz-necklace-set?variant=gid://shopify/ProductVariant/52390554894633
2026-07-20 12:32:49,Moonlight CZ Necklace Set,Default Title,R22912,17600.0,Sale,1,4,3,https://www.rasasilver.com/products/moonlight-cz-necklace-set?variant=gid://shopify/ProductVariant/52419983573289
2026-07-20 12:32:49,Regal Trinket Necklace Set,Default Title,R25011,25500.0,Sale,1,8,7,https://www.rasasilver.com/products/regal-trinket-necklace-set?variant=gid://shopify/ProductVariant/52682036707625
2026-07-20 12:32:49,Pear-Bloom CZ Necklace,Default Title,R25497,15300.0,Sale,1,3,2,https://www.rasasilver.com/products/pear-bloom-cz-necklace?variant=gid://shopify/ProductVariant/52712536637737
2026-07-20 12:32:49,Vasanthika CZ Necklace,Default Title,R26748,29300.0,Sale,1,2,1,https://www.rasasilver.com/products/peravia-cz-necklace-set-copy?variant=gid://shopify/ProductVariant/52880284614953
2026-07-20 12:32:49,Drovella CZ Necklace,Default Title,R26754,18300.0,Sale,1,3,2,https://www.rasasilver.com/products/drovella-cz-necklace?variant=gid://shopify/ProductVariant/52881079697705
2026-07-20 12:32:49,Linea Luxe CZ Necklace Set,Default Title,R28068,26300.0,Sale,1,3,2,https://www.rasasilver.com/products/rectoriae-cz-necklace-set-copy?variant=gid://shopify/ProductVariant/53161109422377
2026-07-20 12:32:49,Greenika-Pear CZ Necklace,GREEN,R29501,13900.0,Sale,1,2,1,https://www.rasasilver.com/products/greenika-pear-cz-necklace?variant=gid://shopify/ProductVariant/53282539569449
2026-07-20 12:32:49,Oval-Luxe CZ Necklace,Default Title,R29525,11300.0,Sale,1,2,1,https://www.rasasilver.com/products/oval-luxe-cz-necklace?variant=gid://shopify/ProductVariant/53282552840489
2026-07-20 12:32:49,Floral Spark CZ Necklace,Default Title,R29528,16300.0,Sale,1,2,1,https://www.rasasilver.com/products/floral-spark-cz-necklace?variant=gid://shopify/ProductVariant/53282569290025
2026-07-20 12:32:49,Queen's Green CZ Necklace Set,Default Title,R31223,32300.0,Sale,1,2,1,https://www.rasasilver.com/products/queens-green-cz-necklace-set?variant=gid://shopify/ProductVariant/53308726083881
2026-07-20 12:32:49,Designer Oval CZ Necklace Set,Default Title,R31227,31000.0,Sale,1,4,3,https://www.rasasilver.com/products/designer-oval-cz-necklace-set?variant=gid://shopify/ProductVariant/53308731425065
2026-07-20 12:32:49,Suvarna Stone Necklace,Default Title,R30298,33800.0,Sale,1,2,1,https://www.rasasilver.com/products/suvarna-stone-necklace?variant=gid://shopify/ProductVariant/53312674595113
2026-07-20 12:32:49,Amaya Pear CZ Necklace Set,Default Title,R26783,31000.0,Sold Out,1,1,0,https://www.rasasilver.com/products/amaya-tear-cz-necklace-set?variant=gid://shopify/ProductVariant/52881956602153
2026-07-20 12:32:49,Ira Prism CZ Necklace Set,Default Title,R28136,23400.0,Sold Out,1,1,0,https://www.rasasilver.com/products/linea-luxe-cz-necklace-set-copy?variant=gid://shopify/ProductVariant/53161286467881
2026-07-20 12:32:49,Brilliant Bloom CZ Necklace,Default Title,R29497,10300.0,Sold Out,1,1,0,https://www.rasasilver.com/products/brilliant-bloom-cz-necklace?variant=gid://shopify/ProductVariant/53282531442985
2026-07-20 12:32:49,Greenika-Pear CZ Necklace,Ruby Pink,R29503,13900.0,Sold Out,1,1,0,https://www.rasasilver.com/products/greenika-pear-cz-necklace?variant=gid://shopify/ProductVariant/53282539602217
2026-07-20 12:32:49,Panna-Droplet CZ Necklace,Default Title,R29507,8600.0,Sold Out,1,1,0,https://www.rasasilver.com/products/panna-droplet-cz-necklace?variant=gid://shopify/ProductVariant/53282541371689
2026-07-20 12:32:49,Blossom-Green CZ Necklace,Default Title,R29543,23300.0,Sold Out,1,1,0,https://www.rasasilver.com/products/blossom-green-cz-necklace?variant=gid://shopify/ProductVariant/53282606514473
2026-07-20 12:32:49,Peacock Duet Choker Set,Default Title,R11507,66900.0,Sold Out,1,1,0,https://www.rasasilver.com/products/peacock-duet-choker-set?variant=gid://shopify/ProductVariant/50756969070889
2026-07-20 12:32:49,Starry Blue Cz Necklace Set,Default Title,R17724,22000.0,Sold Out,1,1,0,https://www.rasasilver.com/products/starry-blue-necklace-set?variant=gid://shopify/ProductVariant/51509444575529
2026-07-20 12:32:49,Grevia CZ Necklace Set,Default Title,R22177,35400.0,Sold Out,1,1,0,https://www.rasasilver.com/products/cz-necklace-set-1?variant=gid://shopify/ProductVariant/52390300877097
2026-07-20 12:32:49,Prism CZ Necklace Set,Blue,R31367,28700.0,Sold Out,1,1,0,https://www.rasasilver.com/products/prism-cz-necklace-set?variant=gid://shopify/ProductVariant/53323393368361
2026-07-20 12:47:48,Galactic Flower Stud Earrings,Default Title,R13301,2300.0,Sale,1,2,1,https://www.rasasilver.com/products/galactic-flower-studs?variant=gid://shopify/ProductVariant/51197550166313
2026-07-20 12:47:48,Madhubala Short Necklace,Default Title,R14981,35900.0,Restock,1,0,1,https://www.rasasilver.com/products/madhubala-short-necklace?variant=gid://shopify/ProductVariant/51429291622697
2026-07-20 12:47:48,Gutta Pasalu Necklace Set,Default Title,R19923,22700.0,Restock,1,7,8,https://www.rasasilver.com/products/gutta-pasalu-necklace-set?variant=gid://shopify/ProductVariant/52399453438249
2026-07-20 12:47:48,Ishani Kundan Choker,Default Title,R21052,34830.0,Restock,1,0,1,https://www.rasasilver.com/products/ishani-kundan-choker?variant=gid://shopify/ProductVariant/52415841468713
2026-07-20 12:47:48,Dakshin Stone Matil,Default Title,R25139,21500.0,Restock,1,1,2,https://www.rasasilver.com/products/dakshin-stone-matil?variant=gid://shopify/ProductVariant/52667728232745
2026-07-20 12:47:48,Kanakshri Matil,Default Title,R28487,14000.0,Restock,1,0,1,https://www.rasasilver.com/products/kanakshri-matil?variant=gid://shopify/ProductVariant/53267698614569
2026-07-20 13:03:08,Petalova Necklace Cz Set,Default Title,R17575,175000.0,Sale,1,2,1,https://www.rasasilver.com/products/petalova-necklace-set?variant=gid://shopify/ProductVariant/51509464170793
2026-07-20 13:03:08,Gajessa Pallais Necklace Set,Default Title,R20945,111000.0,Sale,1,6,5,https://www.rasasilver.com/products/gajessa-pallais-necklace-set?variant=gid://shopify/ProductVariant/52279411081513
2026-07-20 13:03:08,Victorian Grace Necklace,Default Title,R22242,53460.0,Sale,1,3,2,https://www.rasasilver.com/products/victorian-grace-necklace?variant=gid://shopify/ProductVariant/52420044357929
2026-07-20 13:03:08,Prism Hex Ring,Default Title,R31571,1900.0,Sale,1,4,3,https://www.rasasilver.com/products/prism-hex-ring?variant=gid://shopify/ProductVariant/53288171798825
2026-07-20 13:03:08,Trishaani Necklace Set,Default Title,R4943,59000.0,Sold Out,1,1,0,https://www.rasasilver.com/products/trishaani-necklace-set?variant=gid://shopify/ProductVariant/50545494458665
2026-07-20 13:03:08,Rubyleaf Ovelle Necklace Set,Default Title,R16717,38610.0,Sold Out,1,1,0,https://www.rasasilver.com/products/rubyleaf-ovelle-necklace-set?variant=gid://shopify/ProductVariant/52170082713897
2026-07-20 13:03:08,Victoraine Noire Necklace Set,Default Title,R20571,42500.0,Sold Out,1,1,0,https://www.rasasilver.com/products/victoraine-noire-necklace-set?variant=gid://shopify/ProductVariant/52267257594153
2026-07-20 13:03:08,Ovaflora Victorian Necklace Set,Default Title,R21346,90450.0,Sold Out,1,1,0,https://www.rasasilver.com/products/ovaflora-victorian-necklace-set?variant=gid://shopify/ProductVariant/52337579065641
2026-07-20 13:03:08,Emeravalli Victorian Necklace,Default Title,R21567,39700.0,Sold Out,1,1,0,https://www.rasasilver.com/products/emeravalli-victorian-necklace?variant=gid://shopify/ProductVariant/52344621728041
2026-07-20 13:03:08,Esha Victorian Necklace Set,Default Title,R22215,49500.0,Sold Out,1,1,0,https://www.rasasilver.com/products/esha-victorian-necklace-set?variant=gid://shopify/ProductVariant/52362152837417
2026-07-20 13:03:08,Victorian Navakriti Necklace Set,Default Title,R22231,37400.0,Sold Out,1,1,0,https://www.rasasilver.com/products/victorian-navakriti-necklace-set?variant=gid://shopify/ProductVariant/52362235576617
2026-07-20 13:03:08,Orbit Victorian Necklace,Default Title,R22157,42300.0,Sold Out,1,1,0,https://www.rasasilver.com/products/orbit-victorian-necklace-set?variant=gid://shopify/ProductVariant/52377995542825
2026-07-20 13:03:08,Opened-Feathre Kundan Set,Default Title,R24401,55620.0,Sold Out,1,1,0,https://www.rasasilver.com/products/opened-feathre-kundan-set?variant=gid://shopify/ProductVariant/52553979330857
2026-07-20 13:03:08,Pakshika Kundan Choker,Default Title,R25838,46450.0,Sold Out,1,1,0,https://www.rasasilver.com/products/pakshika-kundan-choker?variant=gid://shopify/ProductVariant/52742225199401
2026-07-20 13:03:08,Swaralika Kundan Necklace,Gold,R25043,58600.0,Sold Out,1,1,0,https://www.rasasilver.com/products/swaralika-kundan-necklace?variant=gid://shopify/ProductVariant/52758511812905
2026-07-20 13:03:08,Queen’s Pearl Victorian Jada,Default Title,R24537,97110.0,Sold Out,1,1,0,https://www.rasasilver.com/products/queen-s-pearl-victorian-jada?variant=gid://shopify/ProductVariant/52797615931689
2026-07-20 13:03:08,Victorian Pearl Oddiyanam,Default Title,R24542,50040.0,Sold Out,1,1,0,https://www.rasasilver.com/products/victorian-pearl-oddiyanam?variant=gid://shopify/ProductVariant/52797825646889
2026-07-20 13:03:08,Shiva Parivara Temple Oddiyanam,Default Title,R26673,116200.0,Sold Out,1,1,0,https://www.rasasilver.com/products/hara-parivara-temple-daab?variant=gid://shopify/ProductVariant/52911542501673
2026-07-20 13:03:08,Gilded Ivy Victorian Necklace,Default Title,R31059,37400.0,Sold Out,1,1,0,https://www.rasasilver.com/products/gilded-ivy-victorian-necklace?variant=gid://shopify/ProductVariant/53315295740201
2026-07-20 13:03:08,Parrot-Phool Kundan Choker Set,Default Title,R32203,21300.0,Sold Out,1,1,0,https://www.rasasilver.com/products/parrot-phool-kundan-choker-set?variant=gid://shopify/ProductVariant/53329512595753
2026-07-20 13:03:08,Chand-Phool Kundan Choker Set,Default Title,R32194,23300.0,Sold Out,1,1,0,https://www.rasasilver.com/products/chand-phool-kundan-choker-set?variant=gid://shopify/ProductVariant/53329513513257
2026-07-20 13:03:08,Rose Empress Victorian Choker Set,Default Title,R30807,57600.0,Sold Out,1,1,0,https://www.rasasilver.com/products/rose-empress-victorian-choker-set?variant=gid://shopify/ProductVariant/53329541792041
2026-07-20 13:03:08,Rajwadi Kundan Choker Set,Default Title,R32213,33100.0,Sold Out,1,1,0,https://www.rasasilver.com/products/rajwadi-kundan-choker-set?variant=gid://shopify/ProductVariant/53329546412329
2026-07-20 13:03:08,Sunlit Empress Victorian Choker Set,Default Title,R30837,32600.0,Sold Out,1,1,0,https://www.rasasilver.com/products/sunlit-empress-victorian-choker-set?variant=gid://shopify/ProductVariant/53329555063081
2026-07-20 13:03:08,Blush-Floral Victorian Haath Phool,Default Title,R30749,34300.0,Sold Out,1,1,0,https://www.rasasilver.com/products/blush-floral-victorian-haath-phool?variant=gid://shopify/ProductVariant/53329676828969
2026-07-20 13:17:43,Royal Pasalu Necklace,Default Title,R12642,48000.0,Sale,1,3,2,https://www.rasasilver.com/products/royal-pasalu-necklace?variant=gid://shopify/ProductVariant/50069048852777
2026-07-20 13:17:43,Stellar Nine Short Necklace,Default Title,R18885,17200.0,Sale,1,10,9,https://www.rasasilver.com/products/stellar-nine-short-necklace?variant=gid://shopify/ProductVariant/50083435872553
2026-07-20 13:17:43,Ratna Alankaram Short Necklace,Default Title,R11721,32100.0,Sale,1,2,1,https://www.rasasilver.com/products/ratna-alankaram-short-necklace?variant=gid://shopify/ProductVariant/50809013010729
2026-07-20 13:17:43,Gutta Pasalu Necklace Set,Default Title,R19923,22700.0,Sale,1,8,7,https://www.rasasilver.com/products/gutta-pasalu-necklace-set?variant=gid://shopify/ProductVariant/52399453438249
2026-07-20 13:17:43,Crystal Drop Stone Necklace,Default Title,R31426,10700.0,Sale,1,2,1,https://www.rasasilver.com/products/crystal-drop-stone-necklace?variant=gid://shopify/ProductVariant/53290769842473
2026-07-20 13:17:43,Mayura Shobha Temple Necklace Set,Default Title,R29937,11400.0,Sale,1,2,1,https://www.rasasilver.com/products/temple-necklace-set-2?variant=gid://shopify/ProductVariant/53308748890409
2026-07-20 13:17:43,Queen's Lakshmi Temple Necklace Set,Default Title,R29944,15300.0,Sale,1,3,2,https://www.rasasilver.com/products/queens-lakshmi-temple-necklace-set?variant=gid://shopify/ProductVariant/53310655463721
2026-07-20 13:17:43,Temple Devalaya Necklace Set,Default Title,R29949,14500.0,Sale,1,2,1,https://www.rasasilver.com/products/temple-devalaya-necklace-set?variant=gid://shopify/ProductVariant/53311568838953
2026-07-20 13:17:43,Dewdrop Stone Necklace,GREEN,R29988,13500.0,Sale,1,3,2,https://www.rasasilver.com/products/dewdrop-stone-necklace-set?variant=gid://shopify/ProductVariant/53312650772777
2026-07-20 13:17:43,Garden of Stone Necklace Set,Default Title,R30162,19200.0,Sale,1,2,1,https://www.rasasilver.com/products/garden-of-stone-necklace-set?variant=gid://shopify/ProductVariant/53312658276649
2026-07-20 13:17:43,Kite Stone Necklace Set,Default Title,R30467,13200.0,Sale,1,3,2,https://www.rasasilver.com/products/kite-stone-necklace-set?variant=gid://shopify/ProductVariant/53312818905385
2026-07-20 13:17:43,Mohana Murali Haaram,Green,R11715,62100.0,Sold Out,1,1,0,https://www.rasasilver.com/products/mohana-murali-haaram?variant=gid://shopify/ProductVariant/50808103043369
2026-07-20 13:17:43,Olivienne Short Necklace,Default Title,R11714,24390.0,Sold Out,1,1,0,https://www.rasasilver.com/products/olivienne-short-necklace?variant=gid://shopify/ProductVariant/50808782520617
2026-07-20 13:17:43,Aruni Pear Short Necklace,Navaratna Colour,R15886,22500.0,Sold Out,1,1,0,https://www.rasasilver.com/products/fleur-d-emeraude-necklace-set-copy?variant=gid://shopify/ProductVariant/51408334291241
2026-07-20 13:17:43,Anira Stone Short Necklace,Default Title,R15803,25000.0,Sold Out,1,1,0,https://www.rasasilver.com/products/rosavine-cz-necklace-copy?variant=gid://shopify/ProductVariant/51408239100201
2026-07-20 13:17:43,Devaani Three Layer Necklace,Default Title,R15279,71600.0,Sold Out,1,1,0,https://www.rasasilver.com/products/devaani-three-layer-necklace?variant=gid://shopify/ProductVariant/51418997883177
2026-07-20 13:17:43,Bagh-Manik Stone Necklace,Default Title,R25124,37800.0,Sold Out,1,1,0,https://www.rasasilver.com/products/bagh-manik-stone-necklace?variant=gid://shopify/ProductVariant/52723633652009
2026-07-20 13:17:43,Ratnarekha Stone Necklace,Default Title,R26197,39600.0,Sold Out,1,1,0,https://www.rasasilver.com/products/ratnarekha-stone-necklace?variant=gid://shopify/ProductVariant/52831853969705
2026-07-20 13:17:43,Ratanprabha Stone Necklace,Default Title,R27931,30900.0,Sold Out,1,1,0,https://www.rasasilver.com/products/vilasini-temple-bottu-necklace-copy?variant=gid://shopify/ProductVariant/53163330306345
2026-07-20 13:17:43,Shri Kasu Temple Necklace,Default Title,R28447,31700.0,Sold Out,1,1,0,https://www.rasasilver.com/products/shri-kasu-temple-necklace?variant=gid://shopify/ProductVariant/53266668388649
2026-07-20 13:17:43,Pear of Green Stone Necklace,Default Title,R31428,9900.0,Sold Out,1,1,0,https://www.rasasilver.com/products/pear-of-green-stone-necklace?variant=gid://shopify/ProductVariant/53290771415337
2026-07-20 13:17:43,Floral Glow Stone Necklace,Default Title,R31432,17200.0,Sold Out,1,1,0,https://www.rasasilver.com/products/floral-glow-stone-necklace?variant=gid://shopify/ProductVariant/53290773381417
2026-07-20 13:17:43,Circle-Panna Stone Necklace,Default Title,R31437,18300.0,Sold Out,1,1,0,https://www.rasasilver.com/products/circle-panna-stone-necklace?variant=gid://shopify/ProductVariant/53290774888745
2026-07-20 13:17:43,Lakshmi-Moti Temple Necklace Set,Default Title,R29962,23200.0,Sold Out,1,1,0,https://www.rasasilver.com/products/lakshmi-moti-temple-necklace-set?variant=gid://shopify/ProductVariant/53312179896617
2026-07-20 13:17:43,Mayura Queen Nakshi Necklace Set,Ruby Pink,R29981,16900.0,Sold Out,2,2,0,https://www.rasasilver.com/products/mayura-queen-nakshi-necklace-set?variant=gid://shopify/ProductVariant/53312595624233
2026-07-20 13:33:08,Petalix CZ Necklace,Default Title,R25494,12780.0,Restock,1,4,5,https://www.rasasilver.com/products/petalix-cz-necklace?variant=gid://shopify/ProductVariant/52712526741801
2026-07-20 13:33:08,Anvika Glow CZ Necklace Set,Default Title,R28050,32500.0,Restock,1,5,6,https://www.rasasilver.com/products/vritta-cz-necklace-set-copy?variant=gid://shopify/ProductVariant/53161097494825
2026-07-20 13:33:08,Liora Loop Chain Pendant,Default Title,R14152,4400.0,Sold Out,1,1,0,https://www.rasasilver.com/products/chain-pendant-11?variant=gid://shopify/ProductVariant/51345679515945
2026-07-20 13:47:42,Indira Temple Necklace,Default Title,R26131,35200.0,Restock,1,0,1,https://www.rasasilver.com/products/indira-long-temple-necklace?variant=gid://shopify/ProductVariant/52824151392553
2026-07-20 13:47:42,Zariya Stone Danglers,GREEN,R31508,5300.0,Sale,1,2,1,https://www.rasasilver.com/products/zariya-green-stone-danglers?variant=gid://shopify/ProductVariant/53290441408809
2026-07-20 13:47:42,Laksh Temple Kada,Default Title,R31303,9500.0,Restock,1,0,1,https://www.rasasilver.com/products/ruby-laksh-temple-kada?variant=gid://shopify/ProductVariant/53299616579881
2026-07-20 13:47:42,Pushpa Chakra Stone Danglers,Default Title,R31402,6300.0,Sale,1,3,2,https://www.rasasilver.com/products/pushpa-chakra-stone-danglers?variant=gid://shopify/ProductVariant/53304544526633
2026-07-20 13:47:42,Vasantha Glow Kundan Jhumki,Default Title,R32124,15000.0,Sale,1,2,1,https://www.rasasilver.com/products/vasantha-glow-kundan-jhumki?variant=gid://shopify/ProductVariant/53329684988201
2026-07-20 13:47:42,Shreevalli Danglers,GREEN,R31965,5000.0,Sold Out,1,1,0,https://www.rasasilver.com/products/danglers-24?variant=gid://shopify/ProductVariant/53342707777833
2026-07-20 13:47:42,Sumanangi Kundan Jhumki,Default Title,R25861,20600.0,Sold Out,1,1,0,https://www.rasasilver.com/products/sugandha-kundan-jhumki-copy?variant=gid://shopify/ProductVariant/52916060029225
2026-07-20 13:47:42,Ambara Kundan Jhumki,Default Title,R25877,15700.0,Sold Out,1,1,0,https://www.rasasilver.com/products/sugandha-kundan-jhumki-copy-4?variant=gid://shopify/ProductVariant/52916228227369
2026-07-20 13:47:42,Pavo Kundan KaanKarela,Default Title,R25204,25300.0,Sold Out,1,1,0,https://www.rasasilver.com/products/majesty-kundan-kaan-karela-copy?variant=gid://shopify/ProductVariant/52920174706985
2026-07-20 13:47:42,Mugilu Mist Stone Danglers,Default Title,R31493,4200.0,Sold Out,1,1,0,https://www.rasasilver.com/products/mugilu-mist-danglers?variant=gid://shopify/ProductVariant/53290333864233
2026-07-20 13:47:42,Aakruthi Drops Stone Danglers,Default Title,R31494,4300.0,Sold Out,1,1,0,https://www.rasasilver.com/products/aakruthi-drops-stone-danglers?variant=gid://shopify/ProductVariant/53290354442537
2026-07-20 13:47:42,Vana Mallika Stone Danglers,Default Title,R31502,3300.0,Sold Out,1,1,0,https://www.rasasilver.com/products/vana-mallika-stone-danglers?variant=gid://shopify/ProductVariant/53290385572137
2026-07-20 13:47:42,Zariya Stone Danglers,Pink,R31890,5100.0,Sold Out,1,1,0,https://www.rasasilver.com/products/zariya-green-stone-danglers?variant=gid://shopify/ProductVariant/53290441441577
2026-07-20 13:47:42,Belli Spark Stone Danglers,Default Title,R31812,3100.0,Sold Out,1,1,0,https://www.rasasilver.com/products/belli-spark-stone-danglers?variant=gid://shopify/ProductVariant/53290401956137
2026-07-20 13:47:42,Blossom-Peacock Nakshi Danglers,Default Title,R31888,7000.0,Sold Out,1,1,0,https://www.rasasilver.com/products/blossom-peacock-nakshi-danglers?variant=gid://shopify/ProductVariant/53290441769257
2026-07-20 13:47:42,Shri-Vara Drops Temple Danglers,Default Title,R31966,3600.0,Sold Out,1,1,0,https://www.rasasilver.com/products/shri-vara-drops-temple-danglers?variant=gid://shopify/ProductVariant/53290476634409
2026-07-20 13:47:42,Shreya Temple Studs,Default Title,R31953,5300.0,Sold Out,1,1,0,https://www.rasasilver.com/products/shreya-temple-studs?variant=gid://shopify/ProductVariant/53296582656297
2026-07-20 13:47:42,Shree Siri Temple Studs,Gold,R31958,5600.0,Sold Out,1,1,0,https://www.rasasilver.com/products/shree-siri-temple-studs?variant=gid://shopify/ProductVariant/53296590094633
2026-07-20 13:47:42,Panna-Moti Stone Danglers,Default Title,R31497,4500.0,Sold Out,1,1,0,https://www.rasasilver.com/products/panna-moti-stone-danglers?variant=gid://shopify/ProductVariant/53296661889321
2026-07-20 13:47:42,Petal Glow Stone Studs,Default Title,R31808,3000.0,Sold Out,1,1,0,https://www.rasasilver.com/products/petal-glow-stone-studs?variant=gid://shopify/ProductVariant/53296682467625
2026-07-20 13:47:42,Mango-Sparkle Stone Studs,Default Title,R31809,4000.0,Sold Out,1,1,0,https://www.rasasilver.com/products/stone-studs?variant=gid://shopify/ProductVariant/53296686858537
2026-07-20 13:47:42,Mandara Pearl Stone Studs,Default Title,R31822,5800.0,Sold Out,1,1,0,https://www.rasasilver.com/products/mandara-pearl-stone-studs?variant=gid://shopify/ProductVariant/53296690069801
2026-07-20 13:47:42,Manik-Recta Stone Studs,Default Title,R31827,5000.0,Sold Out,1,1,0,https://www.rasasilver.com/products/manik-recta-stone-studs?variant=gid://shopify/ProductVariant/53296690528553
2026-07-20 13:47:42,Mayura Sampada Stone Studs,Default Title,R31831,7200.0,Sold Out,1,1,0,https://www.rasasilver.com/products/mayura-sampada-stone-studs?variant=gid://shopify/ProductVariant/53296692691241
2026-07-20 13:47:42,Opal Dot Stone Studs,Default Title,R31865,2900.0,Sold Out,1,1,0,https://www.rasasilver.com/products/opal-dot-stone-studs?variant=gid://shopify/ProductVariant/53297204887849
2026-07-20 13:47:42,Aamra Ratna Stone Studs,Default Title,R31867,3000.0,Sold Out,1,1,0,https://www.rasasilver.com/products/aamra-ratna-stone-studs?variant=gid://shopify/ProductVariant/53297287364905
2026-07-20 13:47:42,Floral of Stone Studs,Default Title,R31917,6300.0,Sold Out,1,1,0,https://www.rasasilver.com/products/floral-of-stone-studs?variant=gid://shopify/ProductVariant/53298181243177
2026-07-20 13:47:42,Stone Aarunya Danglers,Default Title,R30432,16900.0,Sold Out,1,1,0,https://www.rasasilver.com/products/stone-aarunya-danglers?variant=gid://shopify/ProductVariant/53302501671209
2026-07-20 13:47:42,Gutta Pasalu Stone Danglers,Default Title,R30418,8000.0,Sold Out,1,1,0,https://www.rasasilver.com/products/gutta-pasalu-stone-danglers?variant=gid://shopify/ProductVariant/53302629138729
2026-07-20 13:47:42,Navaratna-Flora Stone Jhumki,Default Title,R30384,11800.0,Sold Out,1,1,0,https://www.rasasilver.com/products/navaratna-flora-stone-jhumki?variant=gid://shopify/ProductVariant/53304593940777
2026-07-20 13:47:42,Rose Imperial Kundan Danglers,Default Title,R32185,13500.0,Sold Out,1,1,0,https://www.rasasilver.com/products/rose-imperial-kundan-danglers?variant=gid://shopify/ProductVariant/53329635508521
2026-07-20 13:47:42,Rosé Spark Kundan Danglers,Default Title,R32186,6300.0,Sold Out,1,1,0,https://www.rasasilver.com/products/rose-spark-kundan-danglers?variant=gid://shopify/ProductVariant/53329638555945
2026-07-20 13:47:42,Gulbahar Kundan Danglers,GREEN,R32187,6400.0,Sold Out,1,1,0,https://www.rasasilver.com/products/gulbahar-kundan-danglers?variant=gid://shopify/ProductVariant/53329638949161
2026-07-20 13:47:42,Aruna Bloom Kundan Danglers,Default Title,R32190,11400.0,Sold Out,1,1,0,https://www.rasasilver.com/products/aruna-bloom-kundan-danglers?variant=gid://shopify/ProductVariant/53329641373993
2026-07-20 13:47:42,Sriya Grace Temple Danglers,Default Title,R32108,8500.0,Sold Out,1,1,0,https://www.rasasilver.com/products/sriya-grace-temple-danglers?variant=gid://shopify/ProductVariant/53329644323113
2026-07-20 13:47:42,Navilu Pearl Kundan Jhumki,Default Title,R32120,18700.0,Sold Out,1,1,0,https://www.rasasilver.com/products/navilu-pearl-kundan-jhumki?variant=gid://shopify/ProductVariant/53329680826665
2026-07-20 13:47:42,Pushpa-Pearl Kundan Jhumki,Default Title,R32126,25500.0,Sold Out,1,1,0,https://www.rasasilver.com/products/pushpa-pearl-kundan-jhumki?variant=gid://shopify/ProductVariant/53329690394921
2026-07-20 13:47:42,Siri Bloom Kundan Jhumki,Default Title,R32129,21300.0,Sold Out,1,1,0,https://www.rasasilver.com/products/siri-bloom-kundan-jhumki?variant=gid://shopify/ProductVariant/53329692983593
2026-07-20 13:47:42,Sampada Kundan Jhumki,Default Title,R32134,25800.0,Sold Out,1,1,0,https://www.rasasilver.com/products/sampada-kundan-jhumki?variant=gid://shopify/ProductVariant/53329695080745
2026-07-20 13:47:42,Amara Bloom Kundan Jhumki,Default Title,R32138,25500.0,Sold Out,1,1,0,https://www.rasasilver.com/products/amara-bloom-kundan-jhumki?variant=gid://shopify/ProductVariant/53329700782377
2026-07-20 13:47:42,Shobha Blossom Kundan Jhumki,Default Title,R32142,14500.0,Sold Out,1,1,0,https://www.rasasilver.com/products/shobha-blossom-kundan-jhumki?variant=gid://shopify/ProductVariant/53329702158633
2026-07-20 13:47:42,Sitare Kundan Jhumki,Default Title,R32146,16600.0,Sold Out,1,1,0,https://www.rasasilver.com/products/sitare-kundan-jhumki?variant=gid://shopify/ProductVariant/53329722966313
2026-07-20 13:47:42,Temple Rasleela Jhumki,Default Title,R32104,15400.0,Sold Out,1,1,0,https://www.rasasilver.com/products/temple-jhumki?variant=gid://shopify/ProductVariant/53329738891561
2026-07-20 13:47:42,Balaji-Luxe Temple Jhumki,Default Title,R32105,19900.0,Sold Out,1,1,0,https://www.rasasilver.com/products/balaji-luxe-temple-jhumki?variant=gid://shopify/ProductVariant/53333175664937
2026-07-20 14:03:24,Ancient Shine Studs,Default Title,R2176,5900.0,Restock,1,1,2,https://www.rasasilver.com/products/ancient-shine-studs?variant=gid://shopify/ProductVariant/50159118516521
2026-07-20 14:03:24,Emerael Halo Stud Earrings,Default Title,R11732,3900.0,Restock,1,5,6,https://www.rasasilver.com/products/emerael-halo-studs?variant=gid://shopify/ProductVariant/50809355796777
2026-07-20 14:03:24,Shreebindu Temple Studs,Default Title,R14315,4000.0,Restock,1,1,2,https://www.rasasilver.com/products/shreebindu-studs?variant=gid://shopify/ProductVariant/51300590092585
2026-07-20 14:03:24,Divine Bells Studs,Default Title,R17484,3600.0,Restock,1,4,5,https://www.rasasilver.com/products/divine-bells-studs?variant=gid://shopify/ProductVariant/51488529056041
2026-07-20 14:03:24,Chola Charm Stud Earrings,Default Title,R17344,5600.0,Restock,1,6,7,https://www.rasasilver.com/products/chola-charm-studs?variant=gid://shopify/ProductVariant/51488623395113
2026-07-20 14:03:24,Kamakshi Temple Ring,Default Title,R28216,3200.0,Restock,1,0,1,https://www.rasasilver.com/products/kamakshi-temple-ring?variant=gid://shopify/ProductVariant/53129747595561
2026-07-20 14:03:24,Sitare Kundan Jhumki,Default Title,R32146,16600.0,Restock,1,0,1,https://www.rasasilver.com/products/sitare-kundan-jhumki?variant=gid://shopify/ProductVariant/53329722966313
2026-07-20 14:17:38,Amrapali Stone Earrings,GREEN,R31833,4100.0,Sale,1,2,1,https://www.rasasilver.com/products/amrapali-earrings?variant=gid://shopify/ProductVariant/53302306275625
2026-07-20 14:17:38,Kiranaratna Stud Earrings,Default Title,R17286,4400.0,Sale,1,11,10,https://www.rasasilver.com/products/kiranaratna-studs?variant=gid://shopify/ProductVariant/50152979005737
2026-07-20 14:17:38,Gulnari Stud Earrings,Default Title,R16201,3200.0,Sale,1,11,10,https://www.rasasilver.com/products/sakshi-2?variant=gid://shopify/ProductVariant/50444092637481
2026-07-20 14:17:38,Evoque Green Studs,Default Title,R20374,1900.0,Sale,1,20,19,https://www.rasasilver.com/products/35?variant=gid://shopify/ProductVariant/50712002330921
2026-07-20 14:17:38,Rosvara Pendant Set,Default Title,R11770,4600.0,Sale,1,4,3,https://www.rasasilver.com/products/rosvara-pendant-set?variant=gid://shopify/ProductVariant/50809158959401
2026-07-20 14:17:38,Empriva Stud Earrings,Default Title,R17406,3800.0,Sale,1,16,15,https://www.rasasilver.com/products/empriva-studs?variant=gid://shopify/ProductVariant/50829261046057
2026-07-20 14:17:38,Rubeara Stud Earrings,Default Title,R15988,2600.0,Sale,1,2,1,https://www.rasasilver.com/products/studs-24?variant=gid://shopify/ProductVariant/51350134784297
2026-07-20 14:17:38,Arka Chandra Kundan Set,Ruby Pink,R28612,8000.0,Sale,1,3,2,https://www.rasasilver.com/products/arka-chandra-kundan-set?variant=gid://shopify/ProductVariant/53266936070441
2026-07-20 14:17:38,Shiner CZ Pendant Set,Ruby Pink,R29534,5900.0,Sale,1,2,1,https://www.rasasilver.com/products/shiner-cz-pendant-set?variant=gid://shopify/ProductVariant/53282879275305
2026-07-20 14:17:38,Grace Curve Bracelet,Default Title,R31643,1600.0,Sale,1,3,2,https://www.rasasilver.com/products/grace-curve-bracelet?variant=gid://shopify/ProductVariant/53285958451497
2026-07-20 14:17:38,Solitaire Spark Ring,Default Title,R31525,1600.0,Sale,1,2,1,https://www.rasasilver.com/products/solitaire-spark-cz-ring?variant=gid://shopify/ProductVariant/53286180323625
2026-07-20 14:17:38,Starry Shine Stone Pendant Set,Default Title,R31946,3800.0,Sale,1,2,1,https://www.rasasilver.com/products/starry-shine-stone-pendant-set?variant=gid://shopify/ProductVariant/53290726785321
2026-07-20 14:17:38,Green-Luxe Stone Studs,Ruby Pink,R31906,3800.0,Sale,1,3,2,https://www.rasasilver.com/products/green-luxe-stone-studs?variant=gid://shopify/ProductVariant/53300553056553
2026-07-20 14:17:38,Panna-Manik Stone Studs,Default Title,R31489,2700.0,Sale,1,2,1,https://www.rasasilver.com/products/panna-manik-stone-studs?variant=gid://shopify/ProductVariant/53296613753129
2026-07-20 14:17:38,Pushpa Chakra Stone Danglers,Default Title,R31402,6300.0,Sale,1,2,1,https://www.rasasilver.com/products/pushpa-chakra-stone-danglers?variant=gid://shopify/ProductVariant/53304544526633
2026-07-20 14:17:38,Muralidhara Temple Pendant,Default Title,R30365,4300.0,Sale,1,2,1,https://www.rasasilver.com/products/muralidhara-temple-pendant?variant=gid://shopify/ProductVariant/53307676885289
2026-07-20 14:17:38,Ruby Mehka Stud Earrings,Default Title,R16371,2550.0,Sold Out,1,1,0,https://www.rasasilver.com/products/rubymehka-studs?variant=gid://shopify/ProductVariant/51363105571113
2026-07-20 14:17:38,Reyvani Kundan Buggadi,Default Title,R24287,5500.0,Sold Out,1,1,0,https://www.rasasilver.com/products/reyvani-round-kundan-cuff?variant=gid://shopify/ProductVariant/52623012036905
2026-07-20 14:17:38,Kundan Grace Ear Cuff,Default Title,R25234,4700.0,Sold Out,1,1,0,https://www.rasasilver.com/products/kundan-grace-ear-cuff?variant=gid://shopify/ProductVariant/52678251184425
2026-07-20 14:17:38,Vine Elegance CZ Pendant Set,GREEN,R25552,4500.0,Sold Out,1,1,0,https://www.rasasilver.com/products/vine-elegance-cz-pendant-set?variant=gid://shopify/ProductVariant/53308708061481
2026-07-20 14:17:38,Stellar Bloom Stone Studs,Default Title,R29506,4000.0,Sold Out,1,1,0,https://www.rasasilver.com/products/stellar-bloom-stone-studs?variant=gid://shopify/ProductVariant/53282516238633
2026-07-20 14:17:38,Pear-Blush CZ Pendant Set,Blue,R29532,7300.0,Sold Out,1,1,0,https://www.rasasilver.com/products/pear-blush-cz-pendant-set?variant=gid://shopify/ProductVariant/53282874327337
2026-07-20 14:17:38,Pear-Drops CZ Pendant Set,Default Title,R29529,8000.0,Sold Out,1,1,0,https://www.rasasilver.com/products/pear-drops-cz-necklace?variant=gid://shopify/ProductVariant/53282874523945
2026-07-20 14:17:38,Floral Grace CZ Pendant Set,Default Title,R29595,7300.0,Sold Out,1,1,0,https://www.rasasilver.com/products/floral-grace-cz-pendant-set?variant=gid://shopify/ProductVariant/53282896183593
2026-07-20 14:17:38,Mayura Manjari Stone Danglers,Default Title,R31496,4900.0,Sold Out,1,1,0,https://www.rasasilver.com/products/mayura-manjari-stone-danglers?variant=gid://shopify/ProductVariant/53290361094441
2026-07-20 14:17:38,Mrudu Shine Stone Danglers,Default Title,R31500,5100.0,Sold Out,1,1,0,https://www.rasasilver.com/products/mrudu-shine-stone-danglers?variant=gid://shopify/ProductVariant/53290379772201
2026-07-20 14:17:38,Manikya Pear Stone Danglers,Default Title,R31873,3700.0,Sold Out,1,1,0,https://www.rasasilver.com/products/manikya-pear-stone-danglers?variant=gid://shopify/ProductVariant/53290402021673
2026-07-20 14:17:38,Padmajyoti Temple Danglers,Default Title,R31963,4700.0,Sold Out,1,1,0,https://www.rasasilver.com/products/padmajyoti-temple-danglers?variant=gid://shopify/ProductVariant/53290448814377
2026-07-20 14:17:38,Pear-Navaratna Pendant Set,Default Title,R31487,4800.0,Sold Out,1,1,0,https://www.rasasilver.com/products/pear-navaratna-pendant-set?variant=gid://shopify/ProductVariant/53290470867241
2026-07-20 14:17:38,Recta-Green Pendant Set,Default Title,R31499,5000.0,Sold Out,1,1,0,https://www.rasasilver.com/products/recta-green-pendant-set?variant=gid://shopify/ProductVariant/53290477912361
2026-07-20 14:17:38,Prerana Pendant Set,Default Title,R31503,4500.0,Sold Out,1,1,0,https://www.rasasilver.com/products/prerana-bloom-pendant-set?variant=gid://shopify/ProductVariant/53290479452457
2026-07-20 14:17:38,Mor-Vilasa Pendant Set,Default Title,R31505,9700.0,Sold Out,1,1,0,https://www.rasasilver.com/products/mor-vilasa-pendant-set?variant=gid://shopify/ProductVariant/53290501013801
2026-07-20 14:17:38,Navilu Charm Stone Pendant Set,GREEN,R31507,3600.0,Sold Out,1,1,0,https://www.rasasilver.com/products/navilu-charm-stone-pendant-set?variant=gid://shopify/ProductVariant/53290677731625
2026-07-20 14:17:38,Navilu Charm Stone Pendant Set,Ruby Pink,R31934,3900.0,Sold Out,1,1,0,https://www.rasasilver.com/products/navilu-charm-stone-pendant-set?variant=gid://shopify/ProductVariant/53290677764393
2026-07-20 14:17:38,Blossom Stone Pendant Set,Swarovski,R31509,4000.0,Sold Out,1,1,0,https://www.rasasilver.com/products/blossom-stone-pendant-set?variant=gid://shopify/ProductVariant/53321405989161
2026-07-20 14:17:38,Blossom Stone Pendant Set,GREEN,R31936,4200.0,Sold Out,1,1,0,https://www.rasasilver.com/products/blossom-stone-pendant-set?variant=gid://shopify/ProductVariant/53321406021929
2026-07-20 14:17:38,Pushkara Stone Pendant Set,Default Title,R31511,3200.0,Sold Out,1,1,0,https://www.rasasilver.com/products/pushkara-stone-pendant-set?variant=gid://shopify/ProductVariant/53290550821161
2026-07-20 14:17:38,Florisa Stone Pendant Set,Default Title,R31513,3500.0,Sold Out,1,1,0,https://www.rasasilver.com/products/florisa-stone-pendant-set?variant=gid://shopify/ProductVariant/53290551574825
2026-07-20 14:17:38,Rosy Bloom Stone Pendant Set,Default Title,R31518,7200.0,Sold Out,1,1,0,https://www.rasasilver.com/products/stone-pendant-set?variant=gid://shopify/ProductVariant/53290566582569
2026-07-20 14:17:38,Siri-Blossom Stone Pendant Set,Default Title,R31519,4100.0,Sold Out,1,1,0,https://www.rasasilver.com/products/siri-blossom-stone-pendant-set?variant=gid://shopify/ProductVariant/53290680385833
2026-07-20 14:17:38,Aadha-Flora Stone Pendant Set,Default Title,R31940,4400.0,Sold Out,1,1,0,https://www.rasasilver.com/products/aadha-flora-stone-pendant-set?variant=gid://shopify/ProductVariant/53290708566313
2026-07-20 14:17:38,Ojas Spark Stone Pendant Set,Default Title,R31938,2700.0,Sold Out,1,1,0,https://www.rasasilver.com/products/ojas-spark-stone-pendant-set?variant=gid://shopify/ProductVariant/53290710466857
2026-07-20 14:17:38,Panna-Pushp Stone Pendant Set,Default Title,R31944,8300.0,Sold Out,1,1,0,https://www.rasasilver.com/products/panna-pushp-stone-pendant-set?variant=gid://shopify/ProductVariant/53290714988841
2026-07-20 14:17:38,Kusuma Luxe Stone Pendant Set,Default Title,R31945,3600.0,Sold Out,1,1,0,https://www.rasasilver.com/products/kusuma-luxe-stone-pendant-set?variant=gid://shopify/ProductVariant/53290727440681
2026-07-20 14:17:38,Mang-Floral Nakshi Studs,Default Title,R31892,2700.0,Sold Out,1,1,0,https://www.rasasilver.com/products/mang-floral-nakshi-studs?variant=gid://shopify/ProductVariant/53290789110057
2026-07-20 14:17:38,Chakra-Mango Nakshi Studs,Default Title,R31893,3200.0,Sold Out,1,1,0,https://www.rasasilver.com/products/chakra-mango-nakshi-studs?variant=gid://shopify/ProductVariant/53290795663657
2026-07-20 14:17:38,Petal Harmony Nakshi Studs,Default Title,R31897,3300.0,Sold Out,1,1,0,https://www.rasasilver.com/products/petal-harmony-nakshi-studs?variant=gid://shopify/ProductVariant/53290806477097
2026-07-20 14:17:38,Padma-Mango Nakshi Studs,Default Title,R31894,3200.0,Sold Out,1,1,0,https://www.rasasilver.com/products/padma-mango-nakshi-studs?variant=gid://shopify/ProductVariant/53290809655593
2026-07-20 14:17:38,Pushparaga Nakshi Studs,Default Title,R31898,2300.0,Sold Out,1,1,0,https://www.rasasilver.com/products/pushparaga-nakshi-studs?variant=gid://shopify/ProductVariant/53292114772265
2026-07-20 14:17:38,Panna Kanti Stone Studs,Default Title,R31433,4200.0,Sold Out,1,1,0,https://www.rasasilver.com/products/panna-kanti-stone-studs?variant=gid://shopify/ProductVariant/53292125552937
2026-07-20 14:17:38,Stonique Stone Studs,Default Title,R31429,5400.0,Sold Out,1,1,0,https://www.rasasilver.com/products/stonique-stone-studs?variant=gid://shopify/ProductVariant/53292133089577
2026-07-20 14:17:38,Green-Flora Stone Studs,Default Title,R31448,3400.0,Sold Out,1,1,0,https://www.rasasilver.com/products/green-flora-stone-studs?variant=gid://shopify/ProductVariant/53292141805865
2026-07-20 14:17:38,Avira Stone Studs,Default Title,R31453,2300.0,Sold Out,1,1,0,https://www.rasasilver.com/products/avira-stone-studs?variant=gid://shopify/ProductVariant/53292155797801
2026-07-20 14:17:38,Pachai-Phool Stone Studs,Default Title,R31451,2700.0,Sold Out,1,1,0,https://www.rasasilver.com/products/pachai-phool-stone-studs?variant=gid://shopify/ProductVariant/53292161990953
2026-07-20 14:17:38,Rect-Spark Stone Studs,Default Title,R31457,3600.0,Sold Out,1,1,0,https://www.rasasilver.com/products/rect-spark-stone-studs?variant=gid://shopify/ProductVariant/53292177686825
2026-07-20 14:17:38,Verdant Stone Studs,Default Title,R31459,4900.0,Sold Out,1,1,0,https://www.rasasilver.com/products/verdant-stone-studs?variant=gid://shopify/ProductVariant/53292183814441
2026-07-20 14:17:38,Pear-Glow Stone Studs,Default Title,R31461,2700.0,Sold Out,1,1,0,https://www.rasasilver.com/products/pear-glow-stone-studs?variant=gid://shopify/ProductVariant/53292193153321
2026-07-20 14:17:38,Verde Luxe Stone Studs,Default Title,R31463,3800.0,Sold Out,1,1,0,https://www.rasasilver.com/products/verde-luxe-stone-studs?variant=gid://shopify/ProductVariant/53292197839145
2026-07-20 14:17:38,Nava Elite Stone Studs,Default Title,R31478,4100.0,Sold Out,1,1,0,https://www.rasasilver.com/products/nava-elite-stone-studs?variant=gid://shopify/ProductVariant/53292340707625
2026-07-20 14:17:38,Ratna Harmony Studs,Default Title,R31479,4100.0,Sold Out,1,1,0,https://www.rasasilver.com/products/ratna-harmony-studs?variant=gid://shopify/ProductVariant/53292346999081
2026-07-20 14:17:38,Oval-Leaves Stone Studs,Default Title,R31481,3100.0,Sold Out,1,1,0,https://www.rasasilver.com/products/oval-leaves-stone-studs?variant=gid://shopify/ProductVariant/53292358566185
2026-07-20 14:17:38,Lotus Luxe Stone Studs,Default Title,R31482,5100.0,Sold Out,1,1,0,https://www.rasasilver.com/products/lotus-luxe-studs?variant=gid://shopify/ProductVariant/53292360827177
2026-07-20 14:17:38,Ratna Pushpam Stone Studs,Default Title,R31923,5200.0,Sold Out,1,1,0,https://www.rasasilver.com/products/ratna-pushpam-stone-studs?variant=gid://shopify/ProductVariant/53292365021481
2026-07-20 14:17:38,Petal Sparkle Stone Studs,Default Title,R31924,2200.0,Sold Out,1,1,0,https://www.rasasilver.com/products/petal-sparkle-stone-studs?variant=gid://shopify/ProductVariant/53296567877929
2026-07-20 14:17:38,Parijata Luxe Stone Studs,Default Title,R31926,3000.0,Sold Out,1,1,0,https://www.rasasilver.com/products/parijata-luxe-stone-studs?variant=gid://shopify/ProductVariant/53296568140073
2026-07-20 14:17:38,Ganesh-Glow Temple Studs,Default Title,R31952,3600.0,Sold Out,1,1,0,https://www.rasasilver.com/products/riddhi-glow-temple-studs?variant=gid://shopify/ProductVariant/53296571449641
2026-07-20 14:17:38,Shriya Temple Studs,Default Title,R31955,4400.0,Sold Out,1,1,0,https://www.rasasilver.com/products/shriya-temple-studs?variant=gid://shopify/ProductVariant/53296583180585
2026-07-20 14:17:38,Shree Siri Temple Studs,GREEN,R31956,5600.0,Sold Out,1,1,0,https://www.rasasilver.com/products/shree-siri-temple-studs?variant=gid://shopify/ProductVariant/53296590061865
2026-07-20 14:17:38,Shree Siri Temple Studs,Beige,R31959,5600.0,Sold Out,1,1,0,https://www.rasasilver.com/products/shree-siri-temple-studs?variant=gid://shopify/ProductVariant/53296590127401
2026-07-20 14:17:38,Mango-Flora Stone Studs,Default Title,R31485,4400.0,Sold Out,1,1,0,https://www.rasasilver.com/products/mango-flora-stone-studs?variant=gid://shopify/ProductVariant/53296605528361
2026-07-20 14:17:38,Siri Vaibhava Temple Studs,Default Title,R31962,2900.0,Sold Out,1,1,0,https://www.rasasilver.com/products/siri-vaibhava-temple-studs?variant=gid://shopify/ProductVariant/53296605593897
2026-07-20 14:17:38,Mallika Glow Stone Studs,Default Title,R31491,2700.0,Sold Out,1,1,0,https://www.rasasilver.com/products/mallika-glow-stone-studs?variant=gid://shopify/ProductVariant/53296644522281
2026-07-20 14:17:38,Svarna Pushpa Stone Studs,Default Title,R31804,3500.0,Sold Out,1,1,0,https://www.rasasilver.com/products/svarna-pushpa-stone-studs?variant=gid://shopify/ProductVariant/53296667197737
2026-07-20 14:17:38,Crimson Stone Studs,Default Title,R31866,4400.0,Sold Out,1,1,0,https://www.rasasilver.com/products/crimson-stone-studs?variant=gid://shopify/ProductVariant/53297237754153
2026-07-20 14:17:38,Ratna Dot Nakshi Studs,Default Title,R31887,2500.0,Sold Out,1,1,0,https://www.rasasilver.com/products/ratna-dot-nakshi-studs?variant=gid://shopify/ProductVariant/53297411391785
2026-07-20 14:17:38,Chakri Stone Studs,Default Title,R31913,4200.0,Sold Out,1,1,0,https://www.rasasilver.com/products/chakri-stone-studs?variant=gid://shopify/ProductVariant/53297763549481
2026-07-20 14:17:38,Stone Rosara Studs,Ruby Pink,R31908,4600.0,Sold Out,1,1,0,https://www.rasasilver.com/products/stone-rosara-studs?variant=gid://shopify/ProductVariant/53300426670377
2026-07-20 14:17:38,Stone Rosara Studs,GREEN,R31467,4900.0,Sold Out,1,1,0,https://www.rasasilver.com/products/stone-rosara-studs?variant=gid://shopify/ProductVariant/53300426703145
2026-07-20 14:17:38,Crimson Petal Stone Studs,Default Title,R31912,2800.0,Sold Out,1,1,0,https://www.rasasilver.com/products/crimson-petal-stone-studs?variant=gid://shopify/ProductVariant/53298050335017
2026-07-20 14:17:38,Lalima Blossom Stone Studs,Default Title,R31920,4800.0,Sold Out,1,1,0,https://www.rasasilver.com/products/stone-studs-1?variant=gid://shopify/ProductVariant/53298197168425
2026-07-20 14:17:38,Blooming Manjari Stone Danglers,Default Title,R30415,11200.0,Sold Out,1,1,0,https://www.rasasilver.com/products/blooming-manjari-stone-danglers?variant=gid://shopify/ProductVariant/53302516678953
2026-07-20 14:17:38,Bloom Pear Stone Danglers,Default Title,R30425,13200.0,Sold Out,1,1,0,https://www.rasasilver.com/products/stone-danglers-no-image?variant=gid://shopify/ProductVariant/53302649618729
2026-07-20 14:17:38,Temple Rajarajeshwari Danglers,Default Title,R30443,11000.0,Sold Out,1,1,0,https://www.rasasilver.com/products/temple-rajarajeshwari-danglers?variant=gid://shopify/ProductVariant/53304566382889
2026-07-20 14:17:38,Pink Regalia Kundan Danglers,Default Title,R32182,10700.0,Sold Out,1,1,0,https://www.rasasilver.com/products/pink-regalia-kundan-danglers?variant=gid://shopify/ProductVariant/53329631346985
2026-07-20 14:17:38,Gulbahar Kundan Danglers,Ruby Pink,R32189,6500.0,Sold Out,1,1,0,https://www.rasasilver.com/products/gulbahar-kundan-danglers?variant=gid://shopify/ProductVariant/53329638981929
2026-07-20 14:17:38,Peacock Drops Kundan Danglers,Default Title,R32192,10200.0,Sold Out,1,1,0,https://www.rasasilver.com/products/peacock-drops-kundan-danglers?variant=gid://shopify/ProductVariant/53329641341225
2026-07-20 14:17:38,Tirupati-Lakshmi Temple Danglers,Default Title,R32098,10700.0,Sold Out,1,1,0,https://www.rasasilver.com/products/tirupati-lakshmi-temple-danglers?variant=gid://shopify/ProductVariant/53329643307305
2026-07-20 14:17:38,Mangala Kundan Jhumki,Default Title,R32135,21600.0,Sold Out,1,1,0,https://www.rasasilver.com/products/mangala-kundan-jhumki?variant=gid://shopify/ProductVariant/53329696915753
2026-07-20 14:17:38,Navaratna Kundan Pendant Set,Default Title,R32208,31500.0,Sold Out,1,1,0,https://www.rasasilver.com/products/navaratna-kundan-pendant-set?variant=gid://shopify/ProductVariant/53336871534889
2026-07-20 14:17:38,Pushpa Kirana Kundan Studs,Default Title,R32216,9900.0,Sold Out,1,1,0,https://www.rasasilver.com/products/pushpa-kirana-kundan-studs?variant=gid://shopify/ProductVariant/53336930582825
2026-07-20 14:17:38,Tarini Drop CZ Pendant,Default Title,R29574,5600.0,Sold Out,1,1,0,https://www.rasasilver.com/products/tarini-drop-cz-pendant?variant=gid://shopify/ProductVariant/53284572070185
2026-07-20 14:17:38,Pushpari-Hara Stone Pendant,Default Title,R30378,7300.0,Sold Out,1,1,0,https://www.rasasilver.com/products/pushpari-hara-stone-pendant?variant=gid://shopify/ProductVariant/53307576058153
2026-07-20 14:17:38,Lakshmi-Mandir Temple Pendant,Default Title,R30570,15400.0,Sold Out,1,1,0,https://www.rasasilver.com/products/lakshmi-mandir-temple-pendant?variant=gid://shopify/ProductVariant/53308709962025
2026-07-20 14:17:38,Haritha-Peacock Kundan Pendant,Default Title,R32160,31300.0,Sold Out,1,1,0,https://www.rasasilver.com/products/haritha-peacock-kundan-pendant?variant=gid://shopify/ProductVariant/53336848957737
2026-07-20 14:17:38,Ayodhya Royal Temple Pendant,Default Title,R32116,28500.0,Sold Out,1,1,0,https://www.rasasilver.com/products/ayodhya-royal-temple-pendant?variant=gid://shopify/ProductVariant/53336869732649
2026-07-20 14:32:43,Bhavani Kurgi Pendant,Default Title,R10078,9000.0,Sale,1,2,1,https://www.rasasilver.com/products/bhavani-kurgi-pendant?variant=gid://shopify/ProductVariant/50108540780841
2026-07-20 14:32:43,Meadow Muse Pendant,Green,R17124,20600.0,Sale,1,16,15,https://www.rasasilver.com/products/meadow-muse-pendant?variant=gid://shopify/ProductVariant/52485476843817
2026-07-20 14:32:43,Kundan Chandrika Pendant,Default Title,R26058,22350.0,Sale,1,4,3,https://www.rasasilver.com/products/kundanchandrika-pendant?variant=gid://shopify/ProductVariant/50299778892073
2026-07-20 14:32:43,Emerovia Stone Pendant,Green,R11762,1700.0,Sale,1,12,11,https://www.rasasilver.com/products/emerovia-pendant?variant=gid://shopify/ProductVariant/50809107087657
2026-07-20 14:32:43,Floravia Pendant,Green,R15287,11600.0,Sale,1,5,4,https://www.rasasilver.com/products/floravia-pendant?variant=gid://shopify/ProductVariant/51441178083625
2026-07-20 14:32:43,Gandarika Kundan Pendant,Default Title,R24975,19350.0,Sale,1,2,1,https://www.rasasilver.com/products/gandarika-kundan-pendant?variant=gid://shopify/ProductVariant/52748851806505
2026-07-20 14:32:43,Orbit Edge Hoops,Default Title,R31562,2700.0,Sale,1,4,3,https://www.rasasilver.com/products/orbit-edge-hoop?variant=gid://shopify/ProductVariant/53286101778729
2026-07-20 14:32:43,Lucky Noir Studs,Default Title,R31549,900.0,Sale,1,2,1,https://www.rasasilver.com/products/studs-11?variant=gid://shopify/ProductVariant/53288735637801
2026-07-20 14:32:43,Devi Shobhita Pendant,GREEN,R15351,18500.0,Sold Out,1,1,0,https://www.rasasilver.com/products/devi-shobhita-pendant?variant=gid://shopify/ProductVariant/51441912054057
2026-07-20 14:32:43,Dvidhara Stone Pendant,Default Title,R15390,14600.0,Sold Out,1,1,0,https://www.rasasilver.com/products/dvidhara-pendant?variant=gid://shopify/ProductVariant/51442236424489
2026-07-20 14:32:43,Navrisa Navaratna Pendant,Default Title,R22079,8900.0,Sold Out,1,1,0,https://www.rasasilver.com/products/navrisa-navaratna-pendant?variant=gid://shopify/ProductVariant/52331044700457
2026-07-20 14:32:43,Two-Layers Antique Mala,Default Title,R24793,23100.0,Sold Out,3,3,0,https://www.rasasilver.com/products/two-layers-antique-mala?variant=gid://shopify/ProductVariant/52668091892009
2026-07-20 14:32:43,Pink Beaded Antique Mala,Default Title,R24813,18000.0,Sold Out,1,1,0,https://www.rasasilver.com/products/pink-beaded-antique-mala?variant=gid://shopify/ProductVariant/52668113486121
2026-07-20 14:32:43,Chakra-Padma Kundan Pendant,Default Title,R21962,25300.0,Sold Out,1,1,0,https://www.rasasilver.com/products/chakra-kundan-pendant?variant=gid://shopify/ProductVariant/52748086739241
2026-07-20 14:32:43,Shreeprada Temple Pendant,Default Title,R26492,11200.0,Sold Out,1,1,0,https://www.rasasilver.com/products/shreeprada-temple-pendant?variant=gid://shopify/ProductVariant/52809555706153
2026-07-20 14:32:43,Keshava Temple Pendant,Beige,R30342,15900.0,Sold Out,1,1,0,https://www.rasasilver.com/products/keshava-temple-pendant?variant=gid://shopify/ProductVariant/53323559600425
2026-07-20 14:32:43,Angular Grace Hoops,Default Title,R31568,3000.0,Sold Out,2,2,0,https://www.rasasilver.com/products/angular-grace-hoops?variant=gid://shopify/ProductVariant/53286100631849
2026-07-20 14:47:40,Noorvel Silver Payal,Default Title,R16500,22100.0,Sale,1,3,2,https://www.rasasilver.com/products/noorvel-silver-payal?variant=gid://shopify/ProductVariant/51495781597481
2026-07-20 14:47:40,Murya Kundan Hair Brooch,Default Title,R23484,9810.0,Sale,1,3,2,https://www.rasasilver.com/products/swan-kundan-hair-brooch?variant=gid://shopify/ProductVariant/52559924625705
2026-07-20 14:47:40,Dakshin Stone Matil,Default Title,R25139,21500.0,Sale,1,2,1,https://www.rasasilver.com/products/dakshin-stone-matil?variant=gid://shopify/ProductVariant/52667728232745
2026-07-20 14:47:40,Indulekha Matil,Default Title,R25135,10550.0,Sale,1,2,1,https://www.rasasilver.com/products/indulekha-matil?variant=gid://shopify/ProductVariant/52898274640169
2026-07-20 14:47:40,Timeless Spark Kada,Default Title,R31535,7200.0,Sale,1,2,1,https://www.rasasilver.com/products/timeless-spark-kada?variant=gid://shopify/ProductVariant/53286134087977
2026-07-20 14:47:40,Pear-Pinkish Toe Ring,Default Title,R31638,1900.0,Sale,2,6,4,https://www.rasasilver.com/products/pear-pinkish-toe-ring?variant=gid://shopify/ProductVariant/53289094775081
2026-07-20 14:47:40,Whisper Loop Toe Ring,Default Title,R31641,2900.0,Sale,2,3,1,https://www.rasasilver.com/products/whisper-loop-toe-ring?variant=gid://shopify/ProductVariant/53289130295593
2026-07-20 14:47:40,Floral Twinkle Toe Ring,Default Title,R31642,2000.0,Sale,2,5,3,https://www.rasasilver.com/products/floral-twinkle-toe-ring?variant=gid://shopify/ProductVariant/53289132228905
2026-07-20 14:47:40,Leaf-Grace Toe Ring,Default Title,R31644,2300.0,Sale,1,2,1,https://www.rasasilver.com/products/leaf-grace-toe-ring?variant=gid://shopify/ProductVariant/53289147859241
2026-07-20 14:47:40,Flutter Grace Toe Ring,Rose gold,R31651,2600.0,Sale,2,3,1,https://www.rasasilver.com/products/flutter-grace-toe-ring?variant=gid://shopify/ProductVariant/53289183936809
2026-07-20 14:47:40,Nayomi-Mor Payal,Swarovski,R16519,14500.0,Sold Out,1,1,0,https://www.rasasilver.com/products/nayomi-mor-payal?variant=gid://shopify/ProductVariant/51495815282985
2026-07-20 14:47:40,Shirovastra Matil,Ruby Pink,R20502,8200.0,Sold Out,1,1,0,https://www.rasasilver.com/products/shirovastra-matil?variant=gid://shopify/ProductVariant/52897790394665
2026-07-20 14:47:40,Mayurika Temple Matil,Default Title,R24360,15200.0,Sold Out,1,1,0,https://www.rasasilver.com/products/mahika-temple-matil-copy?variant=gid://shopify/ProductVariant/52898722349353
2026-07-20 14:47:40,Flora-Pink Oxidized Payal,Default Title,R21880,4600.0,Sold Out,1,1,0,https://www.rasasilver.com/products/flora-pink-oxidized-payal?variant=gid://shopify/ProductVariant/53149276733737
2026-07-20 14:47:40,Haritha Stone Matil,Swarovski,R30424,9800.0,Sold Out,1,1,0,https://www.rasasilver.com/products/haritha-stone-matil?variant=gid://shopify/ProductVariant/53323494326569
2026-07-20 14:47:40,Haritha Stone Matil,Gold,R30427,11000.0,Sold Out,1,1,0,https://www.rasasilver.com/products/haritha-stone-matil?variant=gid://shopify/ProductVariant/53323494359337
2026-07-20 14:47:40,Beaded Heart Oxidized Payal,Default Title,R31647,3600.0,Sold Out,1,1,0,https://www.rasasilver.com/products/beaded-heart-oxidized-payal?variant=gid://shopify/ProductVariant/53286160138537
2026-07-20 14:47:40,Flutter Grace Toe Ring,Silver,R31654,2500.0,Sold Out,1,1,0,https://www.rasasilver.com/products/flutter-grace-toe-ring?variant=gid://shopify/ProductVariant/53289183969577
2026-07-20 14:47:40,Chakra-Beads Stone Studs,Default Title,R31465,2600.0,Sold Out,1,1,0,https://www.rasasilver.com/products/chakra-beads-stone-studs?variant=gid://shopify/ProductVariant/53292205048105
2026-07-20 14:47:40,Mango-Pear Stone Matil,Default Title,R30417,14500.0,Sold Out,1,1,0,https://www.rasasilver.com/products/matil-2?variant=gid://shopify/ProductVariant/53306897269033
2026-07-20 14:47:40,Panna-Sitara Stone Matil,Default Title,R30420,12300.0,Sold Out,1,1,0,https://www.rasasilver.com/products/panna-sitara-stone-matil?variant=gid://shopify/ProductVariant/53307088470313
2026-07-20 14:47:40,Manikya-Harita Stone Matil,Default Title,R30428,23900.0,Sold Out,1,1,0,https://www.rasasilver.com/products/manikya-harita-stone-matil?variant=gid://shopify/ProductVariant/53307160953129
2026-07-20 14:47:40,Gandaberunda Kundan Hair Brooch,Default Title,R32157,16000.0,Sold Out,1,1,0,https://www.rasasilver.com/products/gandaberunda-kundan-hair-brooch?variant=gid://shopify/ProductVariant/53329485398313
2026-07-20 14:47:40,Pearls Moissanite Haath Phool,Default Title,R30580,31400.0,Sold Out,1,1,0,https://www.rasasilver.com/products/pearls-moissanite-haath-phool?variant=gid://shopify/ProductVariant/53329649860905
2026-07-20 14:47:40,Shringara Kundan Haath Phool,Default Title,R32165,25200.0,Sold Out,1,1,0,https://www.rasasilver.com/products/shringara-kundan-haath-phool?variant=gid://shopify/ProductVariant/53329649959209
2026-07-20 14:47:40,Pear-Floral Moissanite Haath Phool,Default Title,R30581,22800.0,Sold Out,1,1,0,https://www.rasasilver.com/products/pear-floral-moissanite-haath-phool?variant=gid://shopify/ProductVariant/53329660674345
2026-07-20 14:47:40,Pearl Prerana Kundan Matil,Default Title,R32228,26900.0,Sold Out,1,1,0,https://www.rasasilver.com/products/pearl-prerana-kundan-matil?variant=gid://shopify/ProductVariant/53333322563881
2026-07-20 14:47:40,Maharani Pearl Kundan Matil,Default Title,R32231,24300.0,Sold Out,1,1,0,https://www.rasasilver.com/products/maharani-pearl-kundan-matil?variant=gid://shopify/ProductVariant/53333435449641
2026-07-20 14:47:40,Pearl Sampada Moissanite Matil,Default Title,R30584,45500.0,Sold Out,1,1,0,https://www.rasasilver.com/products/pearl-sampada-moissanite-matil?variant=gid://shopify/ProductVariant/53334206251305
2026-07-20 14:47:40,Rani-Pearl Kundan Matil,Default Title,R32233,24300.0,Sold Out,1,1,0,https://www.rasasilver.com/products/rani-pearl-kundan-matil?variant=gid://shopify/ProductVariant/53334207004969
2026-07-20 14:47:40,Moissanite Mathapatti,Default Title,R30586,27000.0,Sold Out,1,1,0,https://www.rasasilver.com/products/moissanite-mathapatti?variant=gid://shopify/ProductVariant/53334249341225
2026-07-20 14:47:40,Pearl Garden Kundan Stud Matil,GREEN,R32196,23000.0,Sold Out,1,1,0,https://www.rasasilver.com/products/pearl-garden-stone-matil?variant=gid://shopify/ProductVariant/53336939430185
2026-07-20 14:47:40,Pearl Garden Kundan Stud Matil,Ruby Pink,R32215,23000.0,Sold Out,1,1,0,https://www.rasasilver.com/products/pearl-garden-stone-matil?variant=gid://shopify/ProductVariant/53336939462953
2026-07-20 15:02:55,Glimvya Stone Ring,6,R17385,1700.0,Sold Out,1,1,0,https://www.rasasilver.com/products/ring-20?variant=gid://shopify/ProductVariant/52291047686441
2026-07-20 15:17:27,Ovalor Stone Ring,Ruby Pink,R17311,3450.0,Sale,1,9,8,https://www.rasasilver.com/products/ovalor-ring?variant=gid://shopify/ProductVariant/51472177692969
2026-07-20 15:17:27,Ovalor Stone Ring,GREEN,R17361,3450.0,Sale,1,9,8,https://www.rasasilver.com/products/ovalor-ring?variant=gid://shopify/ProductVariant/51472177725737
2026-07-20 15:17:27,Phool Patra Ring,GREEN,R17375,3000.0,Sale,3,7,4,https://www.rasasilver.com/products/phool-patra-ring?variant=gid://shopify/ProductVariant/50635383046441
2026-07-20 15:17:27,Navarya Stone Ring,Default Title,R20505,3800.0,Sale,1,9,8,https://www.rasasilver.com/products/navarya-ring?variant=gid://shopify/ProductVariant/50809191727401
2026-07-20 15:17:27,Back Chain,Default Title,R25375,4000.0,Sale,1,4,3,https://www.rasasilver.com/products/back-chain-1?variant=gid://shopify/ProductVariant/50823753695529
2026-07-20 15:17:27,Mirvanki Stone Ring,Default Title,R25935,1800.0,Sale,1,5,4,https://www.rasasilver.com/products/ring-21?variant=gid://shopify/ProductVariant/52291044311337
2026-07-20 15:17:27,Gulbahaar Ring,Ruby Pink / 6,R17324,3700.0,Sale,1,3,2,https://www.rasasilver.com/products/gulbahaar-ring?variant=gid://shopify/ProductVariant/51514711933225
2026-07-20 15:17:27,Frost Polki Ring,7.25,R16496,6400.0,Sale,1,2,1,https://www.rasasilver.com/products/frost-bloom-ring?variant=gid://shopify/ProductVariant/52290959966505
2026-07-20 15:17:27,Amara Shine Necklace Set,Default Title,R28388,15800.0,Sale,1,2,1,https://www.rasasilver.com/products/amara-shine-necklace-set?variant=gid://shopify/ProductVariant/53138163368233
2026-07-20 15:17:27,The One Halo Bracelet,Default Title,R31522,1700.0,Sale,1,2,1,https://www.rasasilver.com/products/the-one-halo-bracelet?variant=gid://shopify/ProductVariant/53284734665001
2026-07-20 15:17:27,Lustre Line Bracelet,Silver,R31544,4500.0,Sale,2,3,1,https://www.rasasilver.com/products/lustre-line-bracelet?variant=gid://shopify/ProductVariant/53284737941801
2026-07-20 15:17:27,Infinity Shine Bracelet,Default Title,R31548,1900.0,Sale,1,2,1,https://www.rasasilver.com/products/infinity-shine-bracelet?variant=gid://shopify/ProductVariant/53284782047529
2026-07-20 15:17:27,Pear Elegance Bracelet,Default Title,R31561,3200.0,Sale,2,4,2,https://www.rasasilver.com/products/teardrop-elegance-bracelet?variant=gid://shopify/ProductVariant/53284791386409
2026-07-20 15:17:27,Shine Rose Bracelet,Default Title,R31564,2600.0,Sale,1,3,2,https://www.rasasilver.com/products/shine-rose-bracelet?variant=gid://shopify/ProductVariant/53284825694505
2026-07-20 15:17:27,Halo Charm Bracelet,Default Title,R31583,1800.0,Sale,1,2,1,https://www.rasasilver.com/products/bracelet-10?variant=gid://shopify/ProductVariant/53284829692201
2026-07-20 15:17:27,Verdelle Bracelet,Default Title,R31597,1300.0,Sale,1,2,1,https://www.rasasilver.com/products/bracelet-11?variant=gid://shopify/ProductVariant/53284831822121
2026-07-20 15:17:27,Nova Oval Bracelet,Default Title,R31625,2500.0,Sale,2,4,2,https://www.rasasilver.com/products/nova-oval-bracelet?variant=gid://shopify/ProductVariant/53285939872041
2026-07-20 15:17:27,Green Haven Bracelet,Default Title,R31640,2900.0,Sale,1,3,2,https://www.rasasilver.com/products/green-haven-bracelet?variant=gid://shopify/ProductVariant/53285940986153
2026-07-20 15:17:27,Butterfly Chain Pendant Set,Default Title,R31624,3700.0,Sale,1,2,1,https://www.rasasilver.com/products/butterfly-chain-pendant-set?variant=gid://shopify/ProductVariant/53285977620777
2026-07-20 15:17:27,Brillora Chain Pendant,Default Title,R31547,1800.0,Sale,1,2,1,https://www.rasasilver.com/products/brillora-chain-pendant?variant=gid://shopify/ProductVariant/53285978702121
2026-07-20 15:17:27,Pearl-Glow Chain Pendant,Default Title,R31554,2000.0,Sale,1,2,1,https://www.rasasilver.com/products/pearl-glow-chain-pendant?variant=gid://shopify/ProductVariant/53285986992425
2026-07-20 15:17:27,Circle of Light Chain,Default Title,R31567,3000.0,Sale,1,3,2,https://www.rasasilver.com/products/circle-of-light-chain-pendant?variant=gid://shopify/ProductVariant/53286003736873
2026-07-20 15:17:27,Silver Chain,Default Title,R31528,2600.0,Sale,1,7,6,https://www.rasasilver.com/products/silver-chain?variant=gid://shopify/ProductVariant/53286012879145
2026-07-20 15:17:27,Sparkelle Chain Pendant,Default Title,R31560,3500.0,Sale,1,2,1,https://www.rasasilver.com/products/dazzle-bracelet?variant=gid://shopify/ProductVariant/53286015238441
2026-07-20 15:17:27,Green-Glow Chain Pendant,Default Title,R31575,2500.0,Sale,1,2,1,https://www.rasasilver.com/products/green-glow-chain-pendant?variant=gid://shopify/ProductVariant/53286016647465
2026-07-20 15:17:27,Glowy Chain Pendant,Default Title,R31591,3000.0,Sale,1,2,1,https://www.rasasilver.com/products/glowy-chain-pendant?variant=gid://shopify/ProductVariant/53286022414633
2026-07-20 15:17:27,Pink Radiance Chain Pendant,Default Title,R31581,2500.0,Sale,1,2,1,https://www.rasasilver.com/products/pink-radiance-chain-pendant?variant=gid://shopify/ProductVariant/53286025986345
2026-07-20 15:17:27,Inter-Lock Layer Chain,Default Title,R31596,3500.0,Sale,1,4,3,https://www.rasasilver.com/products/inter-lock-layer-chain?variant=gid://shopify/ProductVariant/53286047318313
2026-07-20 15:17:27,Leaf Luxe Chain Pendant,Default Title,R31633,3200.0,Sale,1,3,2,https://www.rasasilver.com/products/leaf-luxe-chain-pendant?variant=gid://shopify/ProductVariant/53286047482153
2026-07-20 15:17:27,Pink-Heart Chain,Rose gold,R31616,2700.0,Sale,1,3,2,https://www.rasasilver.com/products/pink-heart-chain?variant=gid://shopify/ProductVariant/53286052004137
2026-07-20 15:17:27,Daisy Dream Chain Pendant,Default Title,R31636,2600.0,Sale,1,2,1,https://www.rasasilver.com/products/daisy-dream-chain-pendant?variant=gid://shopify/ProductVariant/53286089687337
2026-07-20 15:17:27,Trillion Manglsutra,Default Title,R31602,2900.0,Sale,3,5,2,https://www.rasasilver.com/products/trillion-manglsutra?variant=gid://shopify/ProductVariant/53286148145449
2026-07-20 15:17:27,Couple Ring,Women,R31534,1300.0,Sale,1,3,2,https://www.rasasilver.com/products/tiny-shine-ring?variant=gid://shopify/ProductVariant/53286206996777
2026-07-20 15:17:27,HexaGlow CZ Ring,Default Title,R31552,1400.0,Sale,2,4,2,https://www.rasasilver.com/products/hexaglow-cz-ring?variant=gid://shopify/ProductVariant/53288158462249
2026-07-20 15:17:27,Opulent Heart Ring,Default Title,R31558,1400.0,Sale,1,2,1,https://www.rasasilver.com/products/opulent-heart-cz-ring?variant=gid://shopify/ProductVariant/53288160952617
2026-07-20 15:17:27,Pearl Essence Ring,Default Title,R31563,1800.0,Sale,1,4,3,https://www.rasasilver.com/products/pearl-essence-cz-ring?variant=gid://shopify/ProductVariant/53288169046313
2026-07-20 15:17:27,Serpent Crown Ring,Default Title,R31566,7000.0,Sale,1,2,1,https://www.rasasilver.com/products/serpent-crown-ring?variant=gid://shopify/ProductVariant/53288171667753
2026-07-20 15:17:27,Prism Hex Ring,Default Title,R31571,1900.0,Sale,1,3,2,https://www.rasasilver.com/products/prism-hex-ring?variant=gid://shopify/ProductVariant/53288171798825
2026-07-20 15:17:27,Leaf Grace Ring,Default Title,R31573,1400.0,Sale,3,4,1,https://www.rasasilver.com/products/leaf-grace-ring?variant=gid://shopify/ProductVariant/53288175075625
2026-07-20 15:17:27,Leaflet Ring,Default Title,R31615,1700.0,Sale,1,4,3,https://www.rasasilver.com/products/leaflet-ring?variant=gid://shopify/ProductVariant/53288198373673
2026-07-20 15:17:27,Heart-Glow Studs,Default Title,R31533,1000.0,Sale,1,3,2,https://www.rasasilver.com/products/heart-glow-studs?variant=gid://shopify/ProductVariant/53288372076841
2026-07-20 15:17:27,Twin Radiance Studs,Default Title,R31537,2200.0,Sale,1,4,3,https://www.rasasilver.com/products/twin-radiance-studs?variant=gid://shopify/ProductVariant/53288426537257
2026-07-20 15:17:27,Rose Mist Stone Ring,Default Title,R31977,2600.0,Sale,1,2,1,https://www.rasasilver.com/products/rose-mist-ring?variant=gid://shopify/ProductVariant/53290731012393
2026-07-20 15:17:27,Temple Mop Chain,Default Title,R29917,15500.0,Sale,1,3,2,https://www.rasasilver.com/products/temple-mop-chain?variant=gid://shopify/ProductVariant/53302493905193
2026-07-20 15:17:27,Blooming Stone Mangalsutra,Default Title,R31230,8600.0,Sale,1,2,1,https://www.rasasilver.com/products/blooming-stone-mangalsutra?variant=gid://shopify/ProductVariant/53307229339945
2026-07-20 15:17:27,Lakshmi Temple Mangalsutra,Swarovski,R31248,9300.0,Sale,1,2,1,https://www.rasasilver.com/products/lakshmi-temple-mangalsutra?variant=gid://shopify/ProductVariant/53307255390505
2026-07-20 15:17:27,Minimal Plain Chain,Default Title,R31985,1600.0,Sale,1,12,11,https://www.rasasilver.com/products/minimal-plain-chain?variant=gid://shopify/ProductVariant/53329485431081
2026-07-20 15:17:27,Duo-Pear CZ Studs,Default Title,R19423,2800.0,Sold Out,1,1,0,https://www.rasasilver.com/products/duo-pear-cz-studs?variant=gid://shopify/ProductVariant/52447561220393
2026-07-20 15:17:27,Kundan Flora-Duo Ring,Default Title,R25172,4000.0,Sold Out,1,1,0,https://www.rasasilver.com/products/kundan-ring-2?variant=gid://shopify/ProductVariant/52704079708457
2026-07-20 15:17:27,Heart Whisper Studs,Default Title,R31726,4900.0,Sold Out,1,1,0,https://www.rasasilver.com/products/heart-whisper-studs?variant=gid://shopify/ProductVariant/53288964686121
2026-07-20 15:17:27,Silver Sky Studs,Default Title,R31741,6100.0,Sold Out,1,1,0,https://www.rasasilver.com/products/silver-sky-studs?variant=gid://shopify/ProductVariant/53289018425641
2026-07-20 15:17:27,Stone Gleam Ring,Default Title,R31968,2800.0,Sold Out,1,1,0,https://www.rasasilver.com/products/stone-gleam-ring?variant=gid://shopify/ProductVariant/53290729341225
2026-07-20 15:17:27,Manika Stone Ring,Default Title,R31973,3400.0,Sold Out,1,1,0,https://www.rasasilver.com/products/manika-stone-ring?variant=gid://shopify/ProductVariant/53290730422569
2026-07-20 15:17:27,Shri Temple Mop Chain,Default Title,R29922,17900.0,Sold Out,1,1,0,https://www.rasasilver.com/products/shri-temple-mop-chain?variant=gid://shopify/ProductVariant/53302498230569
2026-07-20 15:17:27,Kasu Temple Mangalsutra,GREEN,R31238,9600.0,Sold Out,1,1,0,https://www.rasasilver.com/products/kasu-temple-mangalsutra?variant=gid://shopify/ProductVariant/53307246051625
2026-07-20 15:17:27,Kasu Temple Mangalsutra,Ruby Pink,R31240,9800.0,Sold Out,1,1,0,https://www.rasasilver.com/products/kasu-temple-mangalsutra?variant=gid://shopify/ProductVariant/53307246084393
2026-07-20 15:17:27,Kasu Temple Mangalsutra,Orange,R31241,9700.0,Sold Out,1,1,0,https://www.rasasilver.com/products/kasu-temple-mangalsutra?variant=gid://shopify/ProductVariant/53307246117161
2026-07-20 15:17:27,Twin-Soul Moissanite Ring,Default Title,R32236,5800.0,Sold Out,1,1,0,https://www.rasasilver.com/products/twin-soul-moissanite-ring?variant=gid://shopify/ProductVariant/53336879726889
2026-07-20 15:17:27,Duo Hexa-Pear Moissanite Ring,Default Title,R32238,8200.0,Sold Out,1,1,0,https://www.rasasilver.com/products/duo-hexa-pear-moissanite-ring?variant=gid://shopify/ProductVariant/53336883200297
2026-07-20 15:17:27,Avyara Bracelet,Default Title,R28378,3800.0,Sold Out,1,1,0,https://www.rasasilver.com/products/avyara-bracelet?variant=gid://shopify/ProductVariant/53125608669481
2026-07-20 15:17:27,Soft-Pinkish Chain Pendant,Default Title,R31598,2500.0,Sold Out,1,1,0,https://www.rasasilver.com/products/soft-pinkish-chain-pendant?variant=gid://shopify/ProductVariant/53286031098153
2026-07-20 15:17:27,Teddy-Bear Chain Pendant,Default Title,R31592,3800.0,Sold Out,1,1,0,https://www.rasasilver.com/products/teddy-bear-chain-pendant-1?variant=gid://shopify/ProductVariant/53286040535337
2026-07-20 15:17:27,Fusion Wear Necklace Set,Default Title,R13092,14000.0,Sold Out,1,1,0,https://www.rasasilver.com/products/fusion-wear-necklace-set?variant=gid://shopify/ProductVariant/53308738306345
2026-07-20 15:17:27,Pear Pushpa Kundan Bracelet,Default Title,R32149,10200.0,Sold Out,1,1,0,https://www.rasasilver.com/products/pear-pushpa-kundan-bracelet?variant=gid://shopify/ProductVariant/53329420812585
2026-07-20 15:17:27,Fleur Kundan Bracelet,Default Title,R32153,9500.0,Sold Out,1,1,0,https://www.rasasilver.com/products/fleur-kundan-bracelet?variant=gid://shopify/ProductVariant/53329440932137
2026-07-20 15:32:50,Twinkle Bindu Nath,Default Title,R16995,2700.0,Sale,1,7,6,https://www.rasasilver.com/products/twinkle-bindu-nath?variant=gid://shopify/ProductVariant/50203857420585
2026-07-20 15:32:50,Back Belt,Default Title,R11605,44400.0,Sale,2,13,11,https://www.rasasilver.com/products/back-belt?variant=gid://shopify/ProductVariant/50808980635945
2026-07-20 15:32:50,Flap Chain Bracelet,Default Title,R12953,4000.0,Sale,1,2,1,https://www.rasasilver.com/products/bracelet-4?variant=gid://shopify/ProductVariant/51317154775337
2026-07-20 15:32:50,Sharmila Temple Oddiyanam,Default Title,R28127,77800.0,Sale,1,2,1,https://www.rasasilver.com/products/sharmila-temple-oddiyanam?variant=gid://shopify/ProductVariant/53149975740713
2026-07-20 15:32:50,Regal Rectangle Bracelet,Default Title,R31614,2200.0,Sale,1,3,2,https://www.rasasilver.com/products/regal-rectangle-bracelet?variant=gid://shopify/ProductVariant/53285930828073
2026-07-20 15:32:50,Saraswati Oddiyanam/Hip Belts.,Default Title,R4503,66900.0,Sold Out,1,1,0,https://www.rasasilver.com/products/1?variant=gid://shopify/ProductVariant/50513251729705
2026-07-20 15:32:50,Temple Devalika Necklace,Default Title,R31269,15200.0,Sold Out,1,1,0,https://www.rasasilver.com/products/temple-devalika-necklace?variant=gid://shopify/ProductVariant/53304635064617
2026-07-20 15:32:50,Mayuri Stone Necklace,Default Title,R31312,26600.0,Sold Out,1,1,0,https://www.rasasilver.com/products/necklace-11?variant=gid://shopify/ProductVariant/53308713992489
2026-07-20 15:32:50,Dulhan Floral Kundan Nath,GREEN,R32181,4500.0,Sold Out,1,1,0,https://www.rasasilver.com/products/dulhan-floral-kundan-nath?variant=gid://shopify/ProductVariant/53334260547881
2026-07-20 15:32:50,Dulhan Floral Kundan Nath,Swarovski,R32183,4700.0,Sold Out,1,1,0,https://www.rasasilver.com/products/dulhan-floral-kundan-nath?variant=gid://shopify/ProductVariant/53334260580649
2026-07-20 15:32:50,Dulhan Floral Kundan Nath,Ruby Pink,R32184,4600.0,Sold Out,1,1,0,https://www.rasasilver.com/products/dulhan-floral-kundan-nath?variant=gid://shopify/ProductVariant/53334260613417
2026-07-20 15:32:50,Lakshmi Sampat Temple Necklace,Default Title,R32106,36300.0,Sold Out,1,1,0,https://www.rasasilver.com/products/lakshmi-sampat-temple-necklace?variant=gid://shopify/ProductVariant/53336891064617
2026-07-20 16:02:58,Moissanite Nath,Default Title,R1526,3100.0,Sale,2,11,9,https://www.rasasilver.com/products/kundan-nath?variant=gid://shopify/ProductVariant/49855900451113
2026-07-20 16:02:58,Rubiraas Stone Studs,Default Title,R16080,3000.0,Sale,1,2,1,https://www.rasasilver.com/products/rubiraas-studs?variant=gid://shopify/ProductVariant/51356558262569
2026-07-20 16:02:58,Grace Curve Bracelet,Default Title,R31643,1600.0,Sale,1,2,1,https://www.rasasilver.com/products/grace-curve-bracelet?variant=gid://shopify/ProductVariant/53285958451497
2026-07-20 16:02:58,Silver Chain,Default Title,R31528,2600.0,Sale,1,6,5,https://www.rasasilver.com/products/silver-chain?variant=gid://shopify/ProductVariant/53286012879145
2026-07-20 18:17:32,Kesarvi Stud Earrings,Ruby Pink,R11816,2790.0,Sale,1,6,5,https://www.rasasilver.com/products/kesarvi-studs?variant=gid://shopify/ProductVariant/50809295503657
2026-07-20 18:17:32,Mangala Temple Studs,Default Title,R18912,7000.0,Restock,1,1,2,https://www.rasasilver.com/products/lakshika-temple-studs-copy?variant=gid://shopify/ProductVariant/53108417724713
2026-07-20 18:17:32,Mor Kireetam Nakshi Necklace,Default Title,R25976,64800.0,Sold Out,1,1,0,https://www.rasasilver.com/products/nakshi-necklace-1?variant=gid://shopify/ProductVariant/52728865751337
2026-07-20 21:17:30,Pear-Kusum Kundan Jhumki,Default Title,R23070,33400.0,Sold Out,1,1,0,https://www.rasasilver.com/products/kundan-jhumki-1?variant=gid://shopify/ProductVariant/52741278269737
2026-07-21 03:32:43,Gulika Antique Jhumki,Ruby Pink,R23370,9650.0,Sold Out,1,1,0,https://www.rasasilver.com/products/gulika-antique-jhumki?variant=gid://shopify/ProductVariant/52623181906217
2026-07-21 06:03:13,Gulabika Stone Ring,Ruby Pink,R10153,3000.0,Restock,1,12,13,https://www.rasasilver.com/products/gulabika-ring?variant=gid://shopify/ProductVariant/50635362205993
2026-07-21 06:17:25,Aanya Petal Studs,Default Title,R28368,7200.0,Sale,1,2,1,https://www.rasasilver.com/products/aanya-petal-cz-studs?variant=gid://shopify/ProductVariant/53131747426601
2026-07-21 06:32:44,Half Crystal Studs,Default Title,R20613,2800.0,Restock,1,0,1,https://www.rasasilver.com/products/half-crystal-studs?variant=gid://shopify/ProductVariant/52494047871273
2026-07-21 06:32:44,Prism Line Bracelet,Default Title,R21964,14400.0,Sale,1,2,1,https://www.rasasilver.com/products/bracelet-9?variant=gid://shopify/ProductVariant/52520355529001
2026-07-21 06:32:44,Hariyali Stone Bangles,2.4,R25310,18550.0,Sale,1,2,1,https://www.rasasilver.com/products/hariyali-stone-bangles?variant=gid://shopify/ProductVariant/52707622256937
2026-07-21 06:32:44,Pear-Floral Moissanite Haath Phool,Default Title,R30581,22800.0,Restock,1,0,1,https://www.rasasilver.com/products/pear-floral-moissanite-haath-phool?variant=gid://shopify/ProductVariant/53329660674345
2026-07-21 06:49:02,Hariyali Stone Bangles,2.7,R25310,18550.0,Sale,1,2,1,https://www.rasasilver.com/products/hariyali-stone-bangles?variant=gid://shopify/ProductVariant/52707622289705
2026-07-21 06:49:02,Hariyali Stone Bangles,2.9,R25310,18550.0,Sale,1,2,1,https://www.rasasilver.com/products/hariyali-stone-bangles?variant=gid://shopify/ProductVariant/52707622322473
2026-07-21 06:49:02,Moonbliss Antique Studs,Default Title,R23317,6700.0,Sold Out,1,1,0,https://www.rasasilver.com/products/studs-7?variant=gid://shopify/ProductVariant/53278042489129
2026-07-21 07:17:51,Navakari Stud Earrings,Default Title,R17304,2200.0,Restock,1,1,2,https://www.rasasilver.com/products/nava-kari-studs?variant=gid://shopify/ProductVariant/50157703921961
2026-07-21 07:17:51,Chandrika Devi Danglers,Default Title,R7562,10800.0,Restock,1,0,1,https://www.rasasilver.com/products/chandrika-devi-danglers?variant=gid://shopify/ProductVariant/50712099488041
2026-07-21 07:17:51,Anvitha Anuraag Studs,Default Title,R15911,4100.0,Restock,1,0,1,https://www.rasasilver.com/products/anvitha-anuraag-studs?variant=gid://shopify/ProductVariant/50716648210729
2026-07-21 07:17:51,Amulya Bindhu Stud Earrings,Default Title,R10582,3600.0,Restock,1,6,7,https://www.rasasilver.com/products/studs-1?variant=gid://shopify/ProductVariant/50777406243113
2026-07-21 07:17:51,Ruby Plumage Earrings,Default Title,R13501,15700.0,Restock,1,0,1,https://www.rasasilver.com/products/ruby-plumage-danglers?variant=gid://shopify/ProductVariant/51217412751657
2026-07-21 07:17:51,Pearl Wink  Earrings,Default Title,R16325,5900.0,Restock,1,0,1,https://www.rasasilver.com/products/peony-pearl-studs?variant=gid://shopify/ProductVariant/51362402500905
2026-07-21 07:17:51,Emeresa Reversable Pendant,Default Title,R15406,12200.0,Restock,1,0,1,https://www.rasasilver.com/products/emeresa-pendant?variant=gid://shopify/ProductVariant/51445288403241
2026-07-21 07:17:51,Marigolda Victorian Studs,Default Title,R22019,14200.0,Restock,1,0,1,https://www.rasasilver.com/products/marigolda-victorian-studs?variant=gid://shopify/ProductVariant/52333763428649
2026-07-21 07:17:51,Narashima Temple Pendant,Default Title,R22554,21600.0,Restock,1,0,1,https://www.rasasilver.com/products/narashima-temple-pendant?variant=gid://shopify/ProductVariant/52469599174953
2026-07-21 07:17:51,Aabharika Victorian Danglers,Default Title,R24355,9000.0,Restock,1,0,1,https://www.rasasilver.com/products/aabharika-victorian-danglers?variant=gid://shopify/ProductVariant/52606201594153
2026-07-21 07:17:51,Temple Kripa Studs,Default Title,R25153,3000.0,Restock,1,1,2,https://www.rasasilver.com/products/temple-studs?variant=gid://shopify/ProductVariant/52677489787177
2026-07-21 07:17:51,Petalurea Stone Studs,Default Title,R25569,2700.0,Restock,1,0,1,https://www.rasasilver.com/products/blossira-stone-studs-copy-4?variant=gid://shopify/ProductVariant/52921789415721
2026-07-21 07:17:51,Zirconika Stone Ring,Ruby Pink,R25336,2600.0,Restock,2,1,3,https://www.rasasilver.com/products/zirconika-stone-ring-copy?variant=gid://shopify/ProductVariant/53064066040105
2026-07-21 07:17:51,Twin Glow Necklace,Default Title,R28390,11900.0,Restock,1,0,1,https://www.rasasilver.com/products/twin-glow-necklace?variant=gid://shopify/ProductVariant/53129959113001
2026-07-21 07:17:51,Parijata Stone Jhumki,Default Title,R26378,4500.0,Restock,2,0,2,https://www.rasasilver.com/products/parijata-stone-jhumki?variant=gid://shopify/ProductVariant/53149867016489
2026-07-21 07:17:51,Mahashri Temple Danglers,Default Title,R28626,3900.0,Restock,1,0,1,https://www.rasasilver.com/products/mahashri-temple-danglers?variant=gid://shopify/ProductVariant/53266346901801
2026-07-21 07:17:51,Shrinika-Mor Temple Jhumkis,Default Title,R28476,11300.0,Restock,1,0,1,https://www.rasasilver.com/products/shrinika-mor-temple-jhumkis?variant=gid://shopify/ProductVariant/53266392777001
2026-07-21 07:32:47,Morni Magic Studs,Default Title,R20383,7000.0,Sale,1,10,9,https://www.rasasilver.com/products/morni-magic-studs?variant=gid://shopify/ProductVariant/50869115650345
2026-07-21 07:32:47,Gulavi Toe Ring,Default Title,R6828,3100.0,Restock,1,0,1,https://www.rasasilver.com/products/gulavi-toe-ring?variant=gid://shopify/ProductVariant/50720758497577
2026-07-21 07:32:47,Gulabkunj Kada Kada,Default Title,R12908,6800.0,Restock,1,0,1,https://www.rasasilver.com/products/kada-1?variant=gid://shopify/ProductVariant/51239358726441
2026-07-21 07:32:47,Mirvanki Stone Ring,Default Title,R25935,1800.0,Sale,3,4,1,https://www.rasasilver.com/products/ring-21?variant=gid://shopify/ProductVariant/52291044311337
2026-07-21 07:32:47,Rosalya Stone Ring,Ruby Pink / 5.4,R16685,3400.0,Restock,1,4,5,https://www.rasasilver.com/products/rosalya-ring?variant=gid://shopify/ProductVariant/52166987907369
2026-07-21 07:32:47,CZ Delight Pendant Set,Default Title,R22916,11250.0,Restock,1,0,1,https://www.rasasilver.com/products/cz-delight-pendant-set?variant=gid://shopify/ProductVariant/52469845819689
2026-07-21 07:32:47,Lily CZ Pendant Set,Default Title,R22915,6840.0,Restock,1,1,2,https://www.rasasilver.com/products/lily-cz-pendant-set?variant=gid://shopify/ProductVariant/52469870166313
2026-07-21 07:32:47,Peacora Victorian Studs,Default Title,R22121,7740.0,Restock,1,0,1,https://www.rasasilver.com/products/peacora-victorian-studs?variant=gid://shopify/ProductVariant/52527271510313
2026-07-21 07:32:47,Ivory Spark CZ Necklace,Default Title,R25500,11000.0,Restock,1,1,2,https://www.rasasilver.com/products/ivory-spark-cz-necklace?variant=gid://shopify/ProductVariant/52712569962793
2026-07-21 07:32:47,Vamshika Temple Necklace,Default Title,R26296,14800.0,Restock,1,0,1,https://www.rasasilver.com/products/vamshika-short-temple-necklace?variant=gid://shopify/ProductVariant/52831748981033
2026-07-21 07:32:47,Swarnika Temple Necklace,Default Title,R28184,17500.0,Restock,1,0,1,https://www.rasasilver.com/products/mrinalini-temple-short-necklace-copy-1?variant=gid://shopify/ProductVariant/53071412166953
2026-07-21 07:32:47,Radiance Studs,Purple,R28372,4600.0,Restock,1,0,1,https://www.rasasilver.com/products/myra-emerald-cz-studs?variant=gid://shopify/ProductVariant/53131822596393
2026-07-21 07:32:47,Moissanite Adjustable Ring,Default Title,R27493,4400.0,Restock,1,0,1,https://www.rasasilver.com/products/veda-spark-stone-ring?variant=gid://shopify/ProductVariant/53138265112873
2026-07-21 07:32:47,Morpankh Nakshi Necklace,Default Title,R28605,8400.0,Restock,1,0,1,https://www.rasasilver.com/products/morpankh-nakshi-necklace?variant=gid://shopify/ProductVariant/53266623201577
2026-07-21 07:32:47,Oval Floral CZ Pendant Set,Ruby Pink,R29546,5600.0,Restock,1,0,1,https://www.rasasilver.com/products/oval-floral-cz-necklace?variant=gid://shopify/ProductVariant/53282891661609
2026-07-21 07:32:47,Lucky Noir Studs,Default Title,R31549,900.0,Restock,1,1,2,https://www.rasasilver.com/products/studs-11?variant=gid://shopify/ProductVariant/53288735637801
2026-07-21 07:32:47,Shree Nidhi Stud Earrings,Default Title,R25119,4700.0,Sold Out,1,1,0,https://www.rasasilver.com/products/shreenidhi-studs?variant=gid://shopify/ProductVariant/50073771245865
2026-07-21 08:17:39,Damyanti Oxidised Danglers,Default Title,R27948,4000.0,Sold Out,1,1,0,https://www.rasasilver.com/products/damyanti-drops-danglers?variant=gid://shopify/ProductVariant/50389424734505
2026-07-21 08:32:47,Navajivika Necklace,Navaratna Colour,R18880,14000.0,Restock,1,4,5,https://www.rasasilver.com/products/navajivika-necklace?variant=gid://shopify/ProductVariant/50717291118889
2026-07-21 09:32:55,Chandramayura Nakshi Studs,Default Title,R26128,10200.0,Sale,1,4,3,https://www.rasasilver.com/products/chandramayura-nakshi-studs?variant=gid://shopify/ProductVariant/52920477483305
2026-07-21 10:03:05,Back Chain,Default Title,R25375,4000.0,Sale,1,3,2,https://www.rasasilver.com/products/back-chain-1?variant=gid://shopify/ProductVariant/50823753695529
2026-07-21 10:03:05,Gutta Pasalu Necklace Set,Default Title,R19923,22700.0,Sale,2,7,5,https://www.rasasilver.com/products/gutta-pasalu-necklace-set?variant=gid://shopify/ProductVariant/52399453438249
2026-07-21 10:32:38,Damyanti Oxidised Danglers,Default Title,R27948,4000.0,Restock,1,0,1,https://www.rasasilver.com/products/damyanti-drops-danglers?variant=gid://shopify/ProductVariant/50389424734505
2026-07-21 10:32:38,Glimmer Lantern Hangings,Default Title,R9072,9800.0,Restock,1,0,1,https://www.rasasilver.com/products/glimmer-lantern-hangings?variant=gid://shopify/ProductVariant/50576983982377
2026-07-21 10:32:38,Harita Kiran Bangles,Navaratna Colour / 2.7,R17434,11965.0,Restock,1,1,2,https://www.rasasilver.com/products/harita-kiran-bangles?variant=gid://shopify/ProductVariant/52274054234409
2026-07-21 10:32:38,Berushri Jadau Pendant,Default Title,R16038,24700.0,Sold Out,1,1,0,https://www.rasasilver.com/products/berushri-pendant?variant=gid://shopify/ProductVariant/51483146944809
2026-07-21 10:32:38,Navajivika Necklace,Navaratna Colour,R18880,14000.0,Sold Out,5,5,0,https://www.rasasilver.com/products/navajivika-necklace?variant=gid://shopify/ProductVariant/50717291118889
2026-07-21 10:32:38,Navajivika Necklace,Ruby Pink,R25091,16620.0,Sold Out,2,2,0,https://www.rasasilver.com/products/navajivika-necklace?variant=gid://shopify/ProductVariant/50717291151657
2026-07-21 10:47:30,Florette Hearts Bracelet,Default Title,R6273,2400.0,Restock,1,0,1,https://www.rasasilver.com/products/florette-hearts-bracelet?variant=gid://shopify/ProductVariant/51072148341033
2026-07-21 10:47:30,Hansini Kundan Necklace,Default Title,R24742,55620.0,Sale,1,2,1,https://www.rasasilver.com/products/hansini-kundan-kanti?variant=gid://shopify/ProductVariant/52723464962345
2026-07-21 10:47:30,Shukah Kundan Choker,Ruby Pink,R25835,43000.0,Restock,1,0,1,https://www.rasasilver.com/products/kundan-choker-1?variant=gid://shopify/ProductVariant/52789089665321
2026-07-21 10:47:30,Vaibhavi Temple Necklace,Default Title,R26310,15600.0,Restock,1,0,1,https://www.rasasilver.com/products/indira-temple-necklace-copy-5?variant=gid://shopify/ProductVariant/52890124255529
2026-07-21 10:47:30,Antique Rajratna Bangles,2.7,R31234,13400.0,Restock,1,0,1,https://www.rasasilver.com/products/antique-rajratna-bangles?variant=gid://shopify/ProductVariant/53315061317929
2026-07-21 10:47:30,Square-Greena Stone Bangles,2.7,R30326,20600.0,Restock,1,0,1,https://www.rasasilver.com/products/square-greena-stone-bangles?variant=gid://shopify/ProductVariant/53315097428265
2026-07-21 10:47:30,Gulabi Grace Stone Bangles,Size,R31243,22300.0,Restock,3,0,3,https://www.rasasilver.com/products/harini-grace-stone-bangles?variant=gid://shopify/ProductVariant/53324605587753
2026-07-21 10:47:30,Vana Glow Stone Bangles,2.4,R31250,27700.0,Restock,1,0,1,https://www.rasasilver.com/products/vana-glow-stone-bangles?variant=gid://shopify/ProductVariant/53324642615593
2026-07-21 10:47:30,Oval-Pushp Stone Bangles,2.4,R31252,19400.0,Restock,2,0,2,https://www.rasasilver.com/products/oval-pushp-stone-bangles?variant=gid://shopify/ProductVariant/53324650414377
2026-07-21 10:47:30,Haritha Kanti Stone Bangles,2.5,R31253,22100.0,Restock,1,0,1,https://www.rasasilver.com/products/bdhjbdc?variant=gid://shopify/ProductVariant/53324695732521
2026-07-21 10:47:30,Phool-Kesar Stone Bangles,2.6,R31261,23800.0,Restock,1,0,1,https://www.rasasilver.com/products/phool-kesar-stone-bangles?variant=gid://shopify/ProductVariant/53324691341609
2026-07-21 10:47:30,Ratna Utsava Stone Bangles,Ruby Pink / 2.8,R31277,20250.0,Restock,2,0,2,https://www.rasasilver.com/products/h-1?variant=gid://shopify/ProductVariant/53324727058729
2026-07-21 10:47:30,Navaratna Shine Bangles,2.6,R31273,24000.0,Restock,1,0,1,https://www.rasasilver.com/products/navaratna-shine-bangles?variant=gid://shopify/ProductVariant/53324715819305
2026-07-21 10:47:30,Pear-Phool Antique Bangles,2.6,R31281,29800.0,Restock,1,0,1,https://www.rasasilver.com/products/pear-phool-antique-bangles?variant=gid://shopify/ProductVariant/53324729483561
2026-07-21 10:47:30,Circle-Greena Antique Ring,15,R31404,3500.0,Restock,1,0,1,https://www.rasasilver.com/products/circle-greena-antique-ring?variant=gid://shopify/ProductVariant/53324737511721
2026-07-21 10:47:30,Garden-Shine Antique Ring,15,R31405,3500.0,Restock,3,0,3,https://www.rasasilver.com/products/garden-shine-antique-ring?variant=gid://shopify/ProductVariant/53329301012777
2026-07-21 10:47:30,Pear-Blossom Stone Ring,Swarovski / 13,R31659,3700.0,Restock,2,0,2,https://www.rasasilver.com/products/pear-blossom-antique-ring?variant=gid://shopify/ProductVariant/53329380966697
2026-07-21 10:47:30,Pear-Blossom Stone Ring,Ruby Pink / 13,R31660,3600.0,Restock,1,0,1,https://www.rasasilver.com/products/pear-blossom-antique-ring?variant=gid://shopify/ProductVariant/53329381032233
2026-07-21 11:03:02,Amulya Stone Necklace,Default Title,R29471,16000.0,Restock,2,0,2,https://www.rasasilver.com/products/amulya-stone-necklace?variant=gid://shopify/ProductVariant/53279636685097
2026-07-21 11:03:02,Recta-Orange Stone Bangles,Orange / 2.7,R31244,11800.0,Restock,2,0,2,https://www.rasasilver.com/products/recta-orange-stone-bangles?variant=gid://shopify/ProductVariant/53324632260905
2026-07-21 11:03:02,Pachha Flora Stone Bangles,2.6,R31258,27800.0,Restock,1,0,1,https://www.rasasilver.com/products/pachha-flora-stone-bangles?variant=gid://shopify/ProductVariant/53324652478761
2026-07-21 11:03:02,Ratna Utsava Stone Bangles,GREEN / 2.9,R31274,19800.0,Restock,3,0,3,https://www.rasasilver.com/products/h-1?variant=gid://shopify/ProductVariant/53324724568361
2026-07-21 11:03:02,Oxidised Phool Payal,Default Title,R13235,6400.0,Sold Out,1,1,0,https://www.rasasilver.com/products/phool?variant=gid://shopify/ProductVariant/53149470982441
2026-07-21 12:02:59,Pharaoh’s Swan Danglers,Default Title,R9005,22400.0,Restock,1,0,1,https://www.rasasilver.com/products/pharaoh-s-swan-danglers?variant=gid://shopify/ProductVariant/50577043816745
2026-07-21 12:02:59,Moonbeam Allure Short Necklace Set,Default Title,R12412,56000.0,Restock,1,2,3,https://www.rasasilver.com/products/moonbeam-allure-short-necklace-copy?variant=gid://shopify/ProductVariant/50907092615465
2026-07-21 12:02:59,Amritha Shree Necklace Set,Default Title,R17732,54500.0,Restock,1,0,1,https://www.rasasilver.com/products/amritha-shree-necklace-set?variant=gid://shopify/ProductVariant/51514159792425
2026-07-21 12:02:59,Gemora Victorian Necklace Set,Default Title,R22159,42300.0,Restock,1,1,2,https://www.rasasilver.com/products/gemora-victorian-necklace-set?variant=gid://shopify/ProductVariant/52378013106473
2026-07-21 12:02:59,Ganapati Temple Bangles,Default Title,R26004,59850.0,Restock,1,0,1,https://www.rasasilver.com/products/temple-bangles-1?variant=gid://shopify/ProductVariant/52737262256425
2026-07-21 12:02:59,Hamsa-Phool Kundan Necklace,Default Title,R23812,119700.0,Restock,1,0,1,https://www.rasasilver.com/products/hamsa-phool-kundan-necklace?variant=gid://shopify/ProductVariant/52750182351145
2026-07-21 12:02:59,Kamalvalli Kundan Ring,Default Title,R24866,11500.0,Restock,1,0,1,https://www.rasasilver.com/products/kamalvalli-nakshi-ring?variant=gid://shopify/ProductVariant/52872090288425
2026-07-21 12:02:59,Garudavira Kundan Pendant,Default Title,R26654,32250.0,Restock,1,0,1,https://www.rasasilver.com/products/garudavira-kundan-pendant?variant=gid://shopify/ProductVariant/52880137093417
2026-07-21 12:02:59,Lucky Bloom Bracelet,Default Title,R31621,1800.0,Sale,1,4,3,https://www.rasasilver.com/products/lucky-bloom-bracelet?variant=gid://shopify/ProductVariant/53285938102569
2026-07-21 12:33:00,Sampada Temple Necklace,Default Title,R26656,71100.0,Sale,1,2,1,https://www.rasasilver.com/products/indira-temple-necklace-copy-3?variant=gid://shopify/ProductVariant/52890051543337
2026-07-21 13:03:18,Shyam Sakhi Temple Necklace,Default Title,R26225,18650.0,Sold Out,1,1,0,https://www.rasasilver.com/products/shyam-sakhi-temple-necklace?variant=gid://shopify/ProductVariant/52885866053929
2026-07-21 13:47:57,Suraflora Kundan Earrings,Default Title,R18418,11900.0,Sold Out,1,1,0,https://www.rasasilver.com/products/suraflora-danglers?variant=gid://shopify/ProductVariant/52173836321065
2026-07-21 13:47:57,Oval Grace Stone Necklace,Default Title,R28177,25100.0,Sold Out,1,1,0,https://www.rasasilver.com/products/mrinalini-temple-short-necklace-copy?variant=gid://shopify/ProductVariant/53071219917097
2026-07-21 14:03:05,Shyam Sakhi Temple Necklace,Default Title,R26225,18650.0,Restock,1,0,1,https://www.rasasilver.com/products/shyam-sakhi-temple-necklace?variant=gid://shopify/ProductVariant/52885866053929
2026-07-21 14:03:05,Sampada Temple Necklace,Default Title,R26656,71100.0,Restock,1,1,2,https://www.rasasilver.com/products/indira-temple-necklace-copy-3?variant=gid://shopify/ProductVariant/52890051543337
2026-07-21 14:17:43,Floral Twinkle Toe Ring,Default Title,R31642,2000.0,Sale,1,3,2,https://www.rasasilver.com/products/floral-twinkle-toe-ring?variant=gid://shopify/ProductVariant/53289132228905
2026-07-21 15:17:26,Rosavia Stone Ring,GREEN / 11,R16702,4500.0,Sale,1,2,1,https://www.rasasilver.com/products/rosavia-ring?variant=gid://shopify/ProductVariant/52166970310953
2026-07-21 19:03:09,Tara Blossom Nakshi Studs,Default Title,R27476,16100.0,Sold Out,1,1,0,https://www.rasasilver.com/products/tara-blossom-nakshi-studs?variant=gid://shopify/ProductVariant/53132927500585
2026-07-22 05:47:34,Moissanite Nath,Default Title,R1526,3100.0,Restock,2,9,11,https://www.rasasilver.com/products/kundan-nath?variant=gid://shopify/ProductVariant/49855900451113
2026-07-22 05:47:34,Royal Pasalu Necklace,Default Title,R12642,48000.0,Restock,1,2,3,https://www.rasasilver.com/products/royal-pasalu-necklace?variant=gid://shopify/ProductVariant/50069048852777
2026-07-22 05:47:34,Amrapali Stone Earrings,GREEN,R31833,4100.0,Restock,1,1,2,https://www.rasasilver.com/products/amrapali-earrings?variant=gid://shopify/ProductVariant/53302306275625
2026-07-22 05:47:34,Stellar Nine Short Necklace,Default Title,R18885,17200.0,Restock,1,9,10,https://www.rasasilver.com/products/stellar-nine-short-necklace?variant=gid://shopify/ProductVariant/50083435872553
2026-07-22 05:47:34,Bhavani Kurgi Pendant,Default Title,R10078,9000.0,Restock,1,1,2,https://www.rasasilver.com/products/bhavani-kurgi-pendant?variant=gid://shopify/ProductVariant/50108540780841
2026-07-22 05:47:34,Kiranaratna Stud Earrings,Default Title,R17286,4400.0,Restock,1,10,11,https://www.rasasilver.com/products/kiranaratna-studs?variant=gid://shopify/ProductVariant/50152979005737
2026-07-22 05:47:34,Meadow Muse Pendant,Green,R17124,20600.0,Restock,1,15,16,https://www.rasasilver.com/products/meadow-muse-pendant?variant=gid://shopify/ProductVariant/52485476843817
2026-07-22 05:47:34,Twinkle Bindu Nath,Default Title,R16995,2700.0,Restock,1,6,7,https://www.rasasilver.com/products/twinkle-bindu-nath?variant=gid://shopify/ProductVariant/50203857420585
2026-07-22 05:47:34,Mani Bandha Bangles,2.4,R14974,19300.0,Restock,1,5,6,https://www.rasasilver.com/products/mani-bandha-bangles?variant=gid://shopify/ProductVariant/52263721697577
2026-07-22 05:47:34,Kundan Chandrika Pendant,Default Title,R26058,22350.0,Restock,1,3,4,https://www.rasasilver.com/products/kundanchandrika-pendant?variant=gid://shopify/ProductVariant/50299778892073
2026-07-22 05:47:34,Gulnari Stud Earrings,Default Title,R16201,3200.0,Restock,1,10,11,https://www.rasasilver.com/products/sakshi-2?variant=gid://shopify/ProductVariant/50444092637481
2026-07-22 05:47:34,Saraswati Oddiyanam/Hip Belts.,Default Title,R4503,66900.0,Restock,1,0,1,https://www.rasasilver.com/products/1?variant=gid://shopify/ProductVariant/50513251729705
2026-07-22 05:47:34,Trishaani Necklace Set,Default Title,R4943,59000.0,Restock,1,0,1,https://www.rasasilver.com/products/trishaani-necklace-set?variant=gid://shopify/ProductVariant/50545494458665
2026-07-22 05:47:34,Ovalor Stone Ring,Ruby Pink,R17311,3450.0,Restock,1,8,9,https://www.rasasilver.com/products/ovalor-ring?variant=gid://shopify/ProductVariant/51472177692969
2026-07-22 05:47:34,Ovalor Stone Ring,GREEN,R17361,3450.0,Restock,1,8,9,https://www.rasasilver.com/products/ovalor-ring?variant=gid://shopify/ProductVariant/51472177725737
2026-07-22 05:47:34,Phool Patra Ring,GREEN,R17375,3000.0,Restock,3,4,7,https://www.rasasilver.com/products/phool-patra-ring?variant=gid://shopify/ProductVariant/50635383046441
2026-07-22 05:47:34,Evoque Green Studs,Default Title,R20374,1900.0,Restock,1,19,20,https://www.rasasilver.com/products/35?variant=gid://shopify/ProductVariant/50712002330921
2026-07-22 05:47:34,Lakshmi Smarakha Haaram,Default Title,R11156,53900.0,Restock,1,0,1,https://www.rasasilver.com/products/lakshmi-smarakha-haaram?variant=gid://shopify/ProductVariant/50740831977769
2026-07-22 05:47:34,Peacock Duet Choker Set,Default Title,R11507,66900.0,Restock,1,0,1,https://www.rasasilver.com/products/peacock-duet-choker-set?variant=gid://shopify/ProductVariant/50756969070889
2026-07-22 05:47:34,Leaforia Bloom Necklace Set,Default Title,R11554,39500.0,Restock,1,1,2,https://www.rasasilver.com/products/leaforia-bloom-necklace-set?variant=gid://shopify/ProductVariant/50773763293481
2026-07-22 05:47:34,Mohana Murali Haaram,Green,R11715,62100.0,Restock,1,0,1,https://www.rasasilver.com/products/mohana-murali-haaram?variant=gid://shopify/ProductVariant/50808103043369
2026-07-22 05:47:34,Olivienne Short Necklace,Default Title,R11714,24390.0,Restock,1,0,1,https://www.rasasilver.com/products/olivienne-short-necklace?variant=gid://shopify/ProductVariant/50808782520617
2026-07-22 05:47:34,Back Belt,Default Title,R11605,44400.0,Restock,2,11,13,https://www.rasasilver.com/products/back-belt?variant=gid://shopify/ProductVariant/50808980635945
2026-07-22 05:47:34,Ratna Alankaram Short Necklace,Default Title,R11721,32100.0,Restock,1,1,2,https://www.rasasilver.com/products/ratna-alankaram-short-necklace?variant=gid://shopify/ProductVariant/50809013010729
2026-07-22 05:47:34,Emerovia Stone Pendant,Green,R11762,1700.0,Restock,1,11,12,https://www.rasasilver.com/products/emerovia-pendant?variant=gid://shopify/ProductVariant/50809107087657
2026-07-22 05:47:34,Rosvara Pendant Set,Default Title,R11770,4600.0,Restock,1,3,4,https://www.rasasilver.com/products/rosvara-pendant-set?variant=gid://shopify/ProductVariant/50809158959401
2026-07-22 05:47:34,Navarya Stone Ring,Default Title,R20505,3800.0,Restock,1,8,9,https://www.rasasilver.com/products/navarya-ring?variant=gid://shopify/ProductVariant/50809191727401
2026-07-22 05:47:34,Back Chain,Default Title,R25375,4000.0,Restock,1,2,3,https://www.rasasilver.com/products/back-chain-1?variant=gid://shopify/ProductVariant/50823753695529
2026-07-22 05:47:34,Empriva Stud Earrings,Default Title,R17406,3800.0,Restock,1,15,16,https://www.rasasilver.com/products/empriva-studs?variant=gid://shopify/ProductVariant/50829261046057
2026-07-22 05:47:34,Moonbeam Allure Short Necklace Set,Default Title,R12412,56000.0,Restock,1,3,4,https://www.rasasilver.com/products/moonbeam-allure-short-necklace-copy?variant=gid://shopify/ProductVariant/50907092615465
2026-07-22 05:47:34,Lady Victoria Bangles,2.4,R12043,44500.0,Restock,1,1,2,https://www.rasasilver.com/products/lady-victoria-bangles?variant=gid://shopify/ProductVariant/52279940514089
2026-07-22 05:47:34,Flap Chain Bracelet,Default Title,R12953,4000.0,Restock,1,1,2,https://www.rasasilver.com/products/bracelet-4?variant=gid://shopify/ProductVariant/51317154775337
2026-07-22 05:47:34,Shreevalli Danglers,GREEN,R31965,5000.0,Restock,1,0,1,https://www.rasasilver.com/products/danglers-24?variant=gid://shopify/ProductVariant/53342707777833
2026-07-22 05:47:34,Rubeara Stud Earrings,Default Title,R15988,2600.0,Restock,1,1,2,https://www.rasasilver.com/products/studs-24?variant=gid://shopify/ProductVariant/51350134784297
2026-07-22 05:47:34,Glimvya Stone Ring,6,R17385,1700.0,Restock,1,0,1,https://www.rasasilver.com/products/ring-20?variant=gid://shopify/ProductVariant/52291047686441
2026-07-22 05:47:34,Ruby Mehka Stud Earrings,Default Title,R16371,2550.0,Restock,1,0,1,https://www.rasasilver.com/products/rubymehka-studs?variant=gid://shopify/ProductVariant/51363105571113
2026-07-22 05:47:34,Squivva Gems Bangles,Ruby Pink / 2.4,R14966,26400.0,Restock,1,5,6,https://www.rasasilver.com/products/squivva-bangles?variant=gid://shopify/ProductVariant/52273391436073
2026-07-22 05:47:34,Crystina Stone Bangles,2.6,R14990,22200.0,Restock,1,3,4,https://www.rasasilver.com/products/crystina-bangles?variant=gid://shopify/ProductVariant/52263713636649
2026-07-22 05:47:34,Aruni Pear Short Necklace,Navaratna Colour,R15886,22500.0,Restock,1,0,1,https://www.rasasilver.com/products/fleur-d-emeraude-necklace-set-copy?variant=gid://shopify/ProductVariant/51408334291241
2026-07-22 05:47:34,Anira Stone Short Necklace,Default Title,R15803,25000.0,Restock,1,0,1,https://www.rasasilver.com/products/rosavine-cz-necklace-copy?variant=gid://shopify/ProductVariant/51408239100201
2026-07-22 05:47:34,Devaani Three Layer Necklace,Default Title,R15279,71600.0,Restock,1,0,1,https://www.rasasilver.com/products/devaani-three-layer-necklace?variant=gid://shopify/ProductVariant/51418997883177
2026-07-22 05:47:34,Floravia Pendant,Green,R15287,11600.0,Restock,1,4,5,https://www.rasasilver.com/products/floravia-pendant?variant=gid://shopify/ProductVariant/51441178083625
2026-07-22 05:47:34,Devi Shobhita Pendant,GREEN,R15351,18500.0,Restock,1,0,1,https://www.rasasilver.com/products/devi-shobhita-pendant?variant=gid://shopify/ProductVariant/51441912054057
2026-07-22 05:47:34,Dvidhara Stone Pendant,Default Title,R15390,14600.0,Restock,1,0,1,https://www.rasasilver.com/products/dvidhara-pendant?variant=gid://shopify/ProductVariant/51442236424489
2026-07-22 05:47:34,Nayomi-Mor Payal,Swarovski,R16519,14500.0,Restock,1,0,1,https://www.rasasilver.com/products/nayomi-mor-payal?variant=gid://shopify/ProductVariant/51495815282985
2026-07-22 05:47:34,Noorvel Silver Payal,Default Title,R16500,22100.0,Restock,1,2,3,https://www.rasasilver.com/products/noorvel-silver-payal?variant=gid://shopify/ProductVariant/51495781597481
2026-07-22 05:47:34,Starry Blue Cz Necklace Set,Default Title,R17724,22000.0,Restock,1,0,1,https://www.rasasilver.com/products/starry-blue-necklace-set?variant=gid://shopify/ProductVariant/51509444575529
2026-07-22 05:47:34,Czpearra Cz Diamond Necklace,Default Title,R17683,12500.0,Restock,1,1,2,https://www.rasasilver.com/products/czpearra-necklace?variant=gid://shopify/ProductVariant/51509447295273
2026-07-22 05:47:34,Petalova Necklace Cz Set,Default Title,R17575,175000.0,Restock,1,1,2,https://www.rasasilver.com/products/petalova-necklace-set?variant=gid://shopify/ProductVariant/51509464170793
2026-07-22 05:47:34,Gulbahaar Ring,Ruby Pink / 6,R17324,3700.0,Restock,1,2,3,https://www.rasasilver.com/products/gulbahaar-ring?variant=gid://shopify/ProductVariant/51514711933225
2026-07-22 05:47:34,Rubalyn Bloom Necklace Set,Swarovski,R18538,34700.0,Restock,1,1,2,https://www.rasasilver.com/products/ruby-fiora-necklace-set-copy?variant=gid://shopify/ProductVariant/51870106812713
2026-07-22 05:47:34,Zyrissa Florentia Necklace Set,Default Title,R18532,25000.0,Restock,1,8,9,https://www.rasasilver.com/products/zirnova-pear-necklace-set-copy?variant=gid://shopify/ProductVariant/51872732905769
2026-07-22 05:47:34,Rubyleaf Ovelle Necklace Set,Default Title,R16717,38610.0,Restock,1,0,1,https://www.rasasilver.com/products/rubyleaf-ovelle-necklace-set?variant=gid://shopify/ProductVariant/52170082713897
2026-07-22 05:47:34,Frost Polki Ring,7.25,R16496,6400.0,Restock,1,1,2,https://www.rasasilver.com/products/frost-bloom-ring?variant=gid://shopify/ProductVariant/52290959966505
2026-07-22 05:47:34,Navarang Oval Bangles,Navaratna Colour / 2.5,R19949,21000.0,Restock,1,0,1,https://www.rasasilver.com/products/navarang-oval-bangles?variant=gid://shopify/ProductVariant/52209180573993
2026-07-22 05:47:34,Victoraine Noire Necklace Set,Default Title,R20571,42500.0,Restock,1,0,1,https://www.rasasilver.com/products/victoraine-noire-necklace-set?variant=gid://shopify/ProductVariant/52267257594153
2026-07-22 05:47:34,Gajessa Pallais Necklace Set,Default Title,R20945,111000.0,Restock,1,5,6,https://www.rasasilver.com/products/gajessa-pallais-necklace-set?variant=gid://shopify/ProductVariant/52279411081513
2026-07-22 05:47:34,Navrisa Navaratna Pendant,Default Title,R22079,8900.0,Restock,1,0,1,https://www.rasasilver.com/products/navrisa-navaratna-pendant?variant=gid://shopify/ProductVariant/52331044700457
2026-07-22 05:47:34,Ovaflora Victorian Necklace Set,Default Title,R21346,90450.0,Restock,1,0,1,https://www.rasasilver.com/products/ovaflora-victorian-necklace-set?variant=gid://shopify/ProductVariant/52337579065641
2026-07-22 05:47:34,Emeravalli Victorian Necklace,Default Title,R21567,39700.0,Restock,1,0,1,https://www.rasasilver.com/products/emeravalli-victorian-necklace?variant=gid://shopify/ProductVariant/52344621728041
2026-07-22 05:47:34,Esha Victorian Necklace Set,Default Title,R22215,49500.0,Restock,1,0,1,https://www.rasasilver.com/products/esha-victorian-necklace-set?variant=gid://shopify/ProductVariant/52362152837417
2026-07-22 05:47:34,Victorian Navakriti Necklace Set,Default Title,R22231,37400.0,Restock,1,0,1,https://www.rasasilver.com/products/victorian-navakriti-necklace-set?variant=gid://shopify/ProductVariant/52362235576617
2026-07-22 05:47:34,Orbit Victorian Necklace,Default Title,R22157,42300.0,Restock,1,0,1,https://www.rasasilver.com/products/orbit-victorian-necklace-set?variant=gid://shopify/ProductVariant/52377995542825
2026-07-22 05:47:34,Grevia CZ Necklace Set,Default Title,R22177,35400.0,Restock,1,0,1,https://www.rasasilver.com/products/cz-necklace-set-1?variant=gid://shopify/ProductVariant/52390300877097
2026-07-22 05:47:34,Grevix CZ Necklace Set,Default Title,R22250,59900.0,Restock,1,4,5,https://www.rasasilver.com/products/cz-necklace-set-3?variant=gid://shopify/ProductVariant/52390351110441
2026-07-22 05:47:34,Navarika CZ Necklace Set,Default Title,R22641,34100.0,Restock,1,1,2,https://www.rasasilver.com/products/navarika-cz-necklace-set?variant=gid://shopify/ProductVariant/52390554894633
2026-07-22 05:47:34,Morvya Kasu Necklace,Default Title,R22672,101200.0,Restock,1,3,4,https://www.rasasilver.com/products/morvya-kasu-necklace?variant=gid://shopify/ProductVariant/52393214705961
2026-07-22 05:47:34,Gutta Pasalu Necklace Set,Default Title,R19923,22700.0,Restock,1,5,6,https://www.rasasilver.com/products/gutta-pasalu-necklace-set?variant=gid://shopify/ProductVariant/52399453438249
2026-07-22 05:47:34,Prism CZ Necklace Set,Blue,R31367,28700.0,Restock,1,0,1,https://www.rasasilver.com/products/prism-cz-necklace-set?variant=gid://shopify/ProductVariant/53323393368361
2026-07-22 05:47:34,Moonlight CZ Necklace Set,Default Title,R22912,17600.0,Restock,1,3,4,https://www.rasasilver.com/products/moonlight-cz-necklace-set?variant=gid://shopify/ProductVariant/52419983573289
2026-07-22 05:47:34,Victorian Grace Necklace,Default Title,R22242,53460.0,Restock,1,2,3,https://www.rasasilver.com/products/victorian-grace-necklace?variant=gid://shopify/ProductVariant/52420044357929
2026-07-22 05:47:34,Duo-Pear CZ Studs,Default Title,R19423,2800.0,Restock,1,0,1,https://www.rasasilver.com/products/duo-pear-cz-studs?variant=gid://shopify/ProductVariant/52447561220393
2026-07-22 05:47:34,Devika Temple Kaasu Necklace,Default Title,R22303,52560.0,Restock,1,0,1,https://www.rasasilver.com/products/devika-temple-kaasu-necklace?variant=gid://shopify/ProductVariant/52450616213801
2026-07-22 05:47:34,Duchess Oval Victorian Bangles,2.6,R24459,44300.0,Restock,2,1,3,https://www.rasasilver.com/products/duchess-oval-victorian-bangles?variant=gid://shopify/ProductVariant/52535462461737
2026-07-22 05:47:34,Tara Stone Bangles,2.4,R24394,26600.0,Restock,1,0,1,https://www.rasasilver.com/products/tara-stone-bangles?variant=gid://shopify/ProductVariant/52553600893225
2026-07-22 05:47:34,Opened-Feathre Kundan Set,Default Title,R24401,55620.0,Restock,1,0,1,https://www.rasasilver.com/products/opened-feathre-kundan-set?variant=gid://shopify/ProductVariant/52553979330857
2026-07-22 05:47:34,Murya Kundan Hair Brooch,Default Title,R23484,9810.0,Restock,1,2,3,https://www.rasasilver.com/products/swan-kundan-hair-brooch?variant=gid://shopify/ProductVariant/52559924625705
2026-07-22 05:47:34,Reyvani Kundan Buggadi,Default Title,R24287,5500.0,Restock,1,0,1,https://www.rasasilver.com/products/reyvani-round-kundan-cuff?variant=gid://shopify/ProductVariant/52623012036905
2026-07-22 05:47:34,Dakshin Stone Matil,Default Title,R25139,21500.0,Restock,1,1,2,https://www.rasasilver.com/products/dakshin-stone-matil?variant=gid://shopify/ProductVariant/52667728232745
2026-07-22 05:47:34,Two-Layers Antique Mala,Default Title,R24793,23100.0,Restock,3,0,3,https://www.rasasilver.com/products/two-layers-antique-mala?variant=gid://shopify/ProductVariant/52668091892009
2026-07-22 05:47:34,Pink Beaded Antique Mala,Default Title,R24813,18000.0,Restock,1,0,1,https://www.rasasilver.com/products/pink-beaded-antique-mala?variant=gid://shopify/ProductVariant/52668113486121
2026-07-22 05:47:34,Visheshika Temple Chudi,Default Title,R22955,16600.0,Restock,1,3,4,https://www.rasasilver.com/products/visheshika-temple-chudi?variant=gid://shopify/ProductVariant/52668215394601
2026-07-22 05:47:34,Square-Rosy Stone Bangles,Ruby Pink / 2.4,R25305,19500.0,Restock,1,3,4,https://www.rasasilver.com/products/square-rosy-stone-bangles?variant=gid://shopify/ProductVariant/52668463382825
2026-07-22 05:47:34,Square-Rosy Stone Bangles,Ruby Pink / 2.5,R25305,19500.0,Restock,1,3,4,https://www.rasasilver.com/products/square-rosy-stone-bangles?variant=gid://shopify/ProductVariant/52704115949865
2026-07-22 05:47:34,Square-Rosy Stone Bangles,Ruby Pink / 2.6,R25305,19500.0,Restock,1,3,4,https://www.rasasilver.com/products/square-rosy-stone-bangles?variant=gid://shopify/ProductVariant/52704115982633
2026-07-22 05:47:34,Oval-Rosy Stone Bangles,Ruby Pink / 2.4,R25306,21600.0,Restock,1,2,3,https://www.rasasilver.com/products/oval-rosy-stone-bangles?variant=gid://shopify/ProductVariant/52668471968041
2026-07-22 05:47:34,Oval-Rosy Stone Bangles,Ruby Pink / 2.8,R25306,21600.0,Restock,1,2,3,https://www.rasasilver.com/products/oval-rosy-stone-bangles?variant=gid://shopify/ProductVariant/52707604660521
2026-07-22 05:47:34,Oval-Rosy Stone Bangles,Ruby Pink / 2.9,R25306,21600.0,Restock,1,2,3,https://www.rasasilver.com/products/oval-rosy-stone-bangles?variant=gid://shopify/ProductVariant/52707604693289
2026-07-22 05:47:34,Oval-Rosy Stone Bangles,GREEN / 2.5,R25325,21700.0,Restock,1,2,3,https://www.rasasilver.com/products/oval-rosy-stone-bangles?variant=gid://shopify/ProductVariant/52707604726057
2026-07-22 05:47:34,Oval-Rosy Stone Bangles,GREEN / 2.6,R25325,21700.0,Restock,1,2,3,https://www.rasasilver.com/products/oval-rosy-stone-bangles?variant=gid://shopify/ProductVariant/52707604758825
2026-07-22 05:47:34,Oval-Rosy Stone Bangles,GREEN / 2.8,R25325,21700.0,Restock,1,2,3,https://www.rasasilver.com/products/oval-rosy-stone-bangles?variant=gid://shopify/ProductVariant/52707604791593
2026-07-22 05:47:34,Kundan Grace Ear Cuff,Default Title,R25234,4700.0,Restock,1,0,1,https://www.rasasilver.com/products/kundan-grace-ear-cuff?variant=gid://shopify/ProductVariant/52678251184425
2026-07-22 05:47:34,Kundan Flora-Duo Ring,Default Title,R25172,4000.0,Restock,1,0,1,https://www.rasasilver.com/products/kundan-ring-2?variant=gid://shopify/ProductVariant/52704079708457
2026-07-22 05:47:34,Regal Trinket Necklace Set,Default Title,R25011,25500.0,Restock,1,7,8,https://www.rasasilver.com/products/regal-trinket-necklace-set?variant=gid://shopify/ProductVariant/52682036707625
2026-07-22 05:47:34,Manimala Kasu Temple Necklace,Default Title,R25191,36200.0,Restock,1,1,2,https://www.rasasilver.com/products/manimala-kasu-short-necklace?variant=gid://shopify/ProductVariant/52682145431849
2026-07-22 05:47:34,Pear-Bloom CZ Necklace,Default Title,R25497,15300.0,Restock,1,2,3,https://www.rasasilver.com/products/pear-bloom-cz-necklace?variant=gid://shopify/ProductVariant/52712536637737
2026-07-22 05:47:34,Bagh-Manik Stone Necklace,Default Title,R25124,37800.0,Restock,1,0,1,https://www.rasasilver.com/products/bagh-manik-stone-necklace?variant=gid://shopify/ProductVariant/52723633652009
2026-07-22 05:47:34,Pakshika Kundan Choker,Default Title,R25838,46450.0,Restock,1,0,1,https://www.rasasilver.com/products/pakshika-kundan-choker?variant=gid://shopify/ProductVariant/52742225199401
2026-07-22 05:47:34,Chakra-Padma Kundan Pendant,Default Title,R21962,25300.0,Restock,1,0,1,https://www.rasasilver.com/products/chakra-kundan-pendant?variant=gid://shopify/ProductVariant/52748086739241
2026-07-22 05:47:34,Gandarika Kundan Pendant,Default Title,R24975,19350.0,Restock,1,1,2,https://www.rasasilver.com/products/gandarika-kundan-pendant?variant=gid://shopify/ProductVariant/52748851806505
2026-07-22 05:47:34,Swaralika Kundan Necklace,Gold,R25043,58600.0,Restock,1,0,1,https://www.rasasilver.com/products/swaralika-kundan-necklace?variant=gid://shopify/ProductVariant/52758511812905
2026-07-22 05:47:34,Spark-Loom Stone Bangles,2.6,R25473,22250.0,Restock,1,0,1,https://www.rasasilver.com/products/stone-bangles-3?variant=gid://shopify/ProductVariant/52798064525609
2026-07-22 05:47:34,Queen’s Pearl Victorian Jada,Default Title,R24537,97110.0,Restock,1,0,1,https://www.rasasilver.com/products/queen-s-pearl-victorian-jada?variant=gid://shopify/ProductVariant/52797615931689
2026-07-22 05:47:34,Victorian Pearl Oddiyanam,Default Title,R24542,50040.0,Restock,1,0,1,https://www.rasasilver.com/products/victorian-pearl-oddiyanam?variant=gid://shopify/ProductVariant/52797825646889
2026-07-22 05:47:34,Ganesha Peacock Temple Necklace,Default Title,R19911,56430.0,Restock,1,0,1,https://www.rasasilver.com/products/royal-peacock-nakshi-necklace?variant=gid://shopify/ProductVariant/52797908517161
2026-07-22 05:47:34,Shubhalakshmi Temple Necklace,Default Title,R26458,60660.0,Restock,1,0,1,https://www.rasasilver.com/products/shubhalakshmi-temple-necklace?variant=gid://shopify/ProductVariant/52808022884649
2026-07-22 05:47:34,Shreeprada Temple Pendant,Default Title,R26492,11200.0,Restock,1,0,1,https://www.rasasilver.com/products/shreeprada-temple-pendant?variant=gid://shopify/ProductVariant/52809555706153
2026-07-22 05:47:34,Suvalaya Temple Necklace,Ruby Pink,R25872,31200.0,Restock,1,0,1,https://www.rasasilver.com/products/ratnashri-short-temple-necklace-copy?variant=gid://shopify/ProductVariant/52828521857321
2026-07-22 05:47:34,Ratnarekha Stone Necklace,Default Title,R26197,39600.0,Restock,1,0,1,https://www.rasasilver.com/products/ratnarekha-stone-necklace?variant=gid://shopify/ProductVariant/52831853969705
2026-07-22 05:47:34,Shreevitha Kasu Temple Necklace,Default Title,R26183,81500.0,Restock,1,0,1,https://www.rasasilver.com/products/mahalakshya-gandavira-kasu-necklace-copy?variant=gid://shopify/ProductVariant/52866563539241
2026-07-22 05:47:34,Aarvi Stone Bangles,2.4,R26676,28400.0,Restock,1,4,5,https://www.rasasilver.com/products/aarvi-cz-bangles?variant=gid://shopify/ProductVariant/52915463782697
2026-07-22 05:47:34,Tira Stone Bangles,2.6,R26683,16600.0,Restock,1,5,6,https://www.rasasilver.com/products/tira-cz-bangles?variant=gid://shopify/ProductVariant/52915504415017
2026-07-22 05:47:34,Tira Stone Bangles,2.7,R26683,16600.0,Restock,1,5,6,https://www.rasasilver.com/products/tira-cz-bangles?variant=gid://shopify/ProductVariant/52915504447785
2026-07-22 05:47:34,Vasanthika CZ Necklace,Default Title,R26748,29300.0,Restock,1,1,2,https://www.rasasilver.com/products/peravia-cz-necklace-set-copy?variant=gid://shopify/ProductVariant/52880284614953
2026-07-22 05:47:34,Drovella CZ Necklace,Default Title,R26754,18300.0,Restock,1,2,3,https://www.rasasilver.com/products/drovella-cz-necklace?variant=gid://shopify/ProductVariant/52881079697705
2026-07-22 05:47:34,Amaya Pear CZ Necklace Set,Default Title,R26783,31000.0,Restock,1,0,1,https://www.rasasilver.com/products/amaya-tear-cz-necklace-set?variant=gid://shopify/ProductVariant/52881956602153
2026-07-22 05:47:34,Keshava Temple Pendant,Beige,R30342,15900.0,Restock,1,0,1,https://www.rasasilver.com/products/keshava-temple-pendant?variant=gid://shopify/ProductVariant/53323559600425
2026-07-22 05:47:34,Shirovastra Matil,Ruby Pink,R20502,8200.0,Restock,1,0,1,https://www.rasasilver.com/products/shirovastra-matil?variant=gid://shopify/ProductVariant/52897790394665
2026-07-22 05:47:34,Indulekha Matil,Default Title,R25135,10550.0,Restock,1,1,2,https://www.rasasilver.com/products/indulekha-matil?variant=gid://shopify/ProductVariant/52898274640169
2026-07-22 05:47:34,Mayurika Temple Matil,Default Title,R24360,15200.0,Restock,1,0,1,https://www.rasasilver.com/products/mahika-temple-matil-copy?variant=gid://shopify/ProductVariant/52898722349353
2026-07-22 05:47:34,Shiva Parivara Temple Oddiyanam,Default Title,R26673,116200.0,Restock,1,0,1,https://www.rasasilver.com/products/hara-parivara-temple-daab?variant=gid://shopify/ProductVariant/52911542501673
2026-07-22 05:47:34,Sumanangi Kundan Jhumki,Default Title,R25861,20600.0,Restock,1,0,1,https://www.rasasilver.com/products/sugandha-kundan-jhumki-copy?variant=gid://shopify/ProductVariant/52916060029225
2026-07-22 05:47:34,Ambara Kundan Jhumki,Default Title,R25877,15700.0,Restock,1,0,1,https://www.rasasilver.com/products/sugandha-kundan-jhumki-copy-4?variant=gid://shopify/ProductVariant/52916228227369
2026-07-22 05:47:34,Pavo Kundan KaanKarela,Default Title,R25204,25300.0,Restock,1,0,1,https://www.rasasilver.com/products/majesty-kundan-kaan-karela-copy?variant=gid://shopify/ProductVariant/52920174706985
2026-07-22 05:47:34,Avyara Bracelet,Default Title,R28378,3800.0,Restock,1,0,1,https://www.rasasilver.com/products/avyara-bracelet?variant=gid://shopify/ProductVariant/53125608669481
2026-07-22 05:47:34,Amara Shine Necklace Set,Default Title,R28388,15800.0,Restock,1,1,2,https://www.rasasilver.com/products/amara-shine-necklace-set?variant=gid://shopify/ProductVariant/53138163368233
2026-07-22 05:47:34,Flora-Pink Oxidized Payal,Default Title,R21880,4600.0,Restock,1,0,1,https://www.rasasilver.com/products/flora-pink-oxidized-payal?variant=gid://shopify/ProductVariant/53149276733737
2026-07-22 05:47:34,Sharmila Temple Oddiyanam,Default Title,R28127,77800.0,Restock,1,1,2,https://www.rasasilver.com/products/sharmila-temple-oddiyanam?variant=gid://shopify/ProductVariant/53149975740713
2026-07-22 05:47:34,Linea Luxe CZ Necklace Set,Default Title,R28068,26300.0,Restock,1,2,3,https://www.rasasilver.com/products/rectoriae-cz-necklace-set-copy?variant=gid://shopify/ProductVariant/53161109422377
2026-07-22 05:47:34,Ira Prism CZ Necklace Set,Default Title,R28136,23400.0,Restock,1,0,1,https://www.rasasilver.com/products/linea-luxe-cz-necklace-set-copy?variant=gid://shopify/ProductVariant/53161286467881
2026-07-22 05:47:34,Vine Elegance CZ Pendant Set,GREEN,R25552,4500.0,Restock,1,0,1,https://www.rasasilver.com/products/vine-elegance-cz-pendant-set?variant=gid://shopify/ProductVariant/53308708061481
2026-07-22 05:47:34,Ratanprabha Stone Necklace,Default Title,R27931,30900.0,Restock,1,0,1,https://www.rasasilver.com/products/vilasini-temple-bottu-necklace-copy?variant=gid://shopify/ProductVariant/53163330306345
2026-07-22 05:47:34,Shri Kasu Temple Necklace,Default Title,R28447,31700.0,Restock,1,0,1,https://www.rasasilver.com/products/shri-kasu-temple-necklace?variant=gid://shopify/ProductVariant/53266668388649
2026-07-22 05:47:34,Arka Chandra Kundan Set,Ruby Pink,R28612,8000.0,Restock,1,2,3,https://www.rasasilver.com/products/arka-chandra-kundan-set?variant=gid://shopify/ProductVariant/53266936070441
2026-07-22 05:47:34,Narayani Temple Bangles,Default Title,R28504,40400.0,Restock,1,0,1,https://www.rasasilver.com/products/narayani-temple-bangles?variant=gid://shopify/ProductVariant/53267624984873
2026-07-22 05:47:34,Haritha Stone Matil,Swarovski,R30424,9800.0,Restock,1,0,1,https://www.rasasilver.com/products/haritha-stone-matil?variant=gid://shopify/ProductVariant/53323494326569
2026-07-22 05:47:34,Haritha Stone Matil,Gold,R30427,11000.0,Restock,1,0,1,https://www.rasasilver.com/products/haritha-stone-matil?variant=gid://shopify/ProductVariant/53323494359337
2026-07-22 05:47:34,Stellar Bloom Stone Studs,Default Title,R29506,4000.0,Restock,1,0,1,https://www.rasasilver.com/products/stellar-bloom-stone-studs?variant=gid://shopify/ProductVariant/53282516238633
2026-07-22 05:47:34,Brilliant Bloom CZ Necklace,Default Title,R29497,10300.0,Restock,1,0,1,https://www.rasasilver.com/products/brilliant-bloom-cz-necklace?variant=gid://shopify/ProductVariant/53282531442985
2026-07-22 05:47:34,Greenika-Pear CZ Necklace,GREEN,R29501,13900.0,Restock,1,1,2,https://www.rasasilver.com/products/greenika-pear-cz-necklace?variant=gid://shopify/ProductVariant/53282539569449
2026-07-22 05:47:34,Greenika-Pear CZ Necklace,Ruby Pink,R29503,13900.0,Restock,1,0,1,https://www.rasasilver.com/products/greenika-pear-cz-necklace?variant=gid://shopify/ProductVariant/53282539602217
2026-07-22 05:47:34,Panna-Droplet CZ Necklace,Default Title,R29507,8600.0,Restock,1,0,1,https://www.rasasilver.com/products/panna-droplet-cz-necklace?variant=gid://shopify/ProductVariant/53282541371689
2026-07-22 05:47:34,Oval-Luxe CZ Necklace,Default Title,R29525,11300.0,Restock,1,1,2,https://www.rasasilver.com/products/oval-luxe-cz-necklace?variant=gid://shopify/ProductVariant/53282552840489
2026-07-22 05:47:34,Floral Spark CZ Necklace,Default Title,R29528,16300.0,Restock,1,1,2,https://www.rasasilver.com/products/floral-spark-cz-necklace?variant=gid://shopify/ProductVariant/53282569290025
2026-07-22 05:47:34,Blossom-Green CZ Necklace,Default Title,R29543,23300.0,Restock,1,0,1,https://www.rasasilver.com/products/blossom-green-cz-necklace?variant=gid://shopify/ProductVariant/53282606514473
2026-07-22 05:47:34,Pear-Blush CZ Pendant Set,Blue,R29532,7300.0,Restock,1,0,1,https://www.rasasilver.com/products/pear-blush-cz-pendant-set?variant=gid://shopify/ProductVariant/53282874327337
2026-07-22 05:47:34,Pear-Drops CZ Pendant Set,Default Title,R29529,8000.0,Restock,1,0,1,https://www.rasasilver.com/products/pear-drops-cz-necklace?variant=gid://shopify/ProductVariant/53282874523945
2026-07-22 05:47:34,Shiner CZ Pendant Set,Ruby Pink,R29534,5900.0,Restock,1,1,2,https://www.rasasilver.com/products/shiner-cz-pendant-set?variant=gid://shopify/ProductVariant/53282879275305
2026-07-22 05:47:34,Floral Grace CZ Pendant Set,Default Title,R29595,7300.0,Restock,1,0,1,https://www.rasasilver.com/products/floral-grace-cz-pendant-set?variant=gid://shopify/ProductVariant/53282896183593
2026-07-22 05:47:34,Swril Stone Bangles,2.6,R29435,21500.0,Restock,2,1,3,https://www.rasasilver.com/products/swril-stone-bangles?variant=gid://shopify/ProductVariant/53283871883561
2026-07-22 05:47:34,Lustrelle Stone Bangles,2.5,R29452,22300.0,Restock,1,2,3,https://www.rasasilver.com/products/lustrelle-stone-bangles?variant=gid://shopify/ProductVariant/53283968745769
2026-07-22 05:47:34,Stellar Line Stone Bangles,2.9,R29455,23400.0,Restock,1,0,1,https://www.rasasilver.com/products/stone-bangles-7?variant=gid://shopify/ProductVariant/53284233249065
2026-07-22 05:47:34,Pear-Line Stone Bangles,2.9,R29459,26800.0,Restock,1,0,1,https://www.rasasilver.com/products/pear-line-stone-bangles?variant=gid://shopify/ProductVariant/53284283547945
2026-07-22 05:47:34,Tarini Drop CZ Pendant,Default Title,R29574,5600.0,Restock,1,0,1,https://www.rasasilver.com/products/tarini-drop-cz-pendant?variant=gid://shopify/ProductVariant/53284572070185
2026-07-22 05:47:34,The One Halo Bracelet,Default Title,R31522,1700.0,Restock,1,1,2,https://www.rasasilver.com/products/the-one-halo-bracelet?variant=gid://shopify/ProductVariant/53284734665001
2026-07-22 05:47:34,Lustre Line Bracelet,Silver,R31544,4500.0,Restock,2,1,3,https://www.rasasilver.com/products/lustre-line-bracelet?variant=gid://shopify/ProductVariant/53284737941801
2026-07-22 05:47:34,Infinity Shine Bracelet,Default Title,R31548,1900.0,Restock,1,1,2,https://www.rasasilver.com/products/infinity-shine-bracelet?variant=gid://shopify/ProductVariant/53284782047529
2026-07-22 05:47:34,Pear Elegance Bracelet,Default Title,R31561,3200.0,Restock,2,2,4,https://www.rasasilver.com/products/teardrop-elegance-bracelet?variant=gid://shopify/ProductVariant/53284791386409
2026-07-22 05:47:34,Shine Rose Bracelet,Default Title,R31564,2600.0,Restock,1,2,3,https://www.rasasilver.com/products/shine-rose-bracelet?variant=gid://shopify/ProductVariant/53284825694505
2026-07-22 05:47:34,Halo Charm Bracelet,Default Title,R31583,1800.0,Restock,1,1,2,https://www.rasasilver.com/products/bracelet-10?variant=gid://shopify/ProductVariant/53284829692201
2026-07-22 05:47:34,Verdelle Bracelet,Default Title,R31597,1300.0,Restock,1,1,2,https://www.rasasilver.com/products/bracelet-11?variant=gid://shopify/ProductVariant/53284831822121
2026-07-22 05:47:34,Nova Oval Bracelet,Default Title,R31625,2500.0,Restock,2,2,4,https://www.rasasilver.com/products/nova-oval-bracelet?variant=gid://shopify/ProductVariant/53285939872041
2026-07-22 05:47:34,Green Haven Bracelet,Default Title,R31640,2900.0,Restock,1,2,3,https://www.rasasilver.com/products/green-haven-bracelet?variant=gid://shopify/ProductVariant/53285940986153
2026-07-22 05:47:34,Butterfly Chain Pendant Set,Default Title,R31624,3700.0,Restock,1,1,2,https://www.rasasilver.com/products/butterfly-chain-pendant-set?variant=gid://shopify/ProductVariant/53285977620777
2026-07-22 05:47:34,Brillora Chain Pendant,Default Title,R31547,1800.0,Restock,1,1,2,https://www.rasasilver.com/products/brillora-chain-pendant?variant=gid://shopify/ProductVariant/53285978702121
2026-07-22 05:47:34,Pearl-Glow Chain Pendant,Default Title,R31554,2000.0,Restock,1,1,2,https://www.rasasilver.com/products/pearl-glow-chain-pendant?variant=gid://shopify/ProductVariant/53285986992425
2026-07-22 05:47:34,Circle of Light Chain,Default Title,R31567,3000.0,Restock,1,2,3,https://www.rasasilver.com/products/circle-of-light-chain-pendant?variant=gid://shopify/ProductVariant/53286003736873
2026-07-22 05:47:34,Silver Chain,Default Title,R31528,2600.0,Restock,1,5,6,https://www.rasasilver.com/products/silver-chain?variant=gid://shopify/ProductVariant/53286012879145
2026-07-22 05:47:34,Sparkelle Chain Pendant,Default Title,R31560,3500.0,Restock,1,1,2,https://www.rasasilver.com/products/dazzle-bracelet?variant=gid://shopify/ProductVariant/53286015238441
2026-07-22 05:47:34,Green-Glow Chain Pendant,Default Title,R31575,2500.0,Restock,1,1,2,https://www.rasasilver.com/products/green-glow-chain-pendant?variant=gid://shopify/ProductVariant/53286016647465
2026-07-22 05:47:34,Glowy Chain Pendant,Default Title,R31591,3000.0,Restock,1,1,2,https://www.rasasilver.com/products/glowy-chain-pendant?variant=gid://shopify/ProductVariant/53286022414633
2026-07-22 05:47:34,Pink Radiance Chain Pendant,Default Title,R31581,2500.0,Restock,1,1,2,https://www.rasasilver.com/products/pink-radiance-chain-pendant?variant=gid://shopify/ProductVariant/53286025986345
2026-07-22 05:47:34,Soft-Pinkish Chain Pendant,Default Title,R31598,2500.0,Restock,1,0,1,https://www.rasasilver.com/products/soft-pinkish-chain-pendant?variant=gid://shopify/ProductVariant/53286031098153
2026-07-22 05:47:34,Teddy-Bear Chain Pendant,Default Title,R31592,3800.0,Restock,1,0,1,https://www.rasasilver.com/products/teddy-bear-chain-pendant-1?variant=gid://shopify/ProductVariant/53286040535337
2026-07-22 05:47:34,Inter-Lock Layer Chain,Default Title,R31596,3500.0,Restock,1,3,4,https://www.rasasilver.com/products/inter-lock-layer-chain?variant=gid://shopify/ProductVariant/53286047318313
2026-07-22 05:47:34,Leaf Luxe Chain Pendant,Default Title,R31633,3200.0,Restock,1,2,3,https://www.rasasilver.com/products/leaf-luxe-chain-pendant?variant=gid://shopify/ProductVariant/53286047482153
2026-07-22 05:47:34,Pink-Heart Chain,Rose gold,R31616,2700.0,Restock,1,2,3,https://www.rasasilver.com/products/pink-heart-chain?variant=gid://shopify/ProductVariant/53286052004137
2026-07-22 05:47:34,Daisy Dream Chain Pendant,Default Title,R31636,2600.0,Restock,1,1,2,https://www.rasasilver.com/products/daisy-dream-chain-pendant?variant=gid://shopify/ProductVariant/53286089687337
2026-07-22 05:47:34,Angular Grace Hoops,Default Title,R31568,3000.0,Restock,2,0,2,https://www.rasasilver.com/products/angular-grace-hoops?variant=gid://shopify/ProductVariant/53286100631849
2026-07-22 05:47:34,Orbit Edge Hoops,Default Title,R31562,2700.0,Restock,1,3,4,https://www.rasasilver.com/products/orbit-edge-hoop?variant=gid://shopify/ProductVariant/53286101778729
2026-07-22 05:47:34,Timeless Spark Kada,Default Title,R31535,7200.0,Restock,1,1,2,https://www.rasasilver.com/products/timeless-spark-kada?variant=gid://shopify/ProductVariant/53286134087977
2026-07-22 05:47:34,Trillion Manglsutra,Default Title,R31602,2900.0,Restock,3,2,5,https://www.rasasilver.com/products/trillion-manglsutra?variant=gid://shopify/ProductVariant/53286148145449
2026-07-22 05:47:34,Crystal Green Kada,Default Title,R31530,21800.0,Restock,1,2,3,https://www.rasasilver.com/products/rajwadi-kada?variant=gid://shopify/ProductVariant/53286148735273
2026-07-22 05:47:34,Beaded Heart Oxidized Payal,Default Title,R31647,3600.0,Restock,1,0,1,https://www.rasasilver.com/products/beaded-heart-oxidized-payal?variant=gid://shopify/ProductVariant/53286160138537
2026-07-22 05:47:34,Couple Ring,Women,R31534,1300.0,Restock,1,2,3,https://www.rasasilver.com/products/tiny-shine-ring?variant=gid://shopify/ProductVariant/53286206996777
2026-07-22 05:47:34,HexaGlow CZ Ring,Default Title,R31552,1400.0,Restock,2,2,4,https://www.rasasilver.com/products/hexaglow-cz-ring?variant=gid://shopify/ProductVariant/53288158462249
2026-07-22 05:47:34,Opulent Heart Ring,Default Title,R31558,1400.0,Restock,1,1,2,https://www.rasasilver.com/products/opulent-heart-cz-ring?variant=gid://shopify/ProductVariant/53288160952617
2026-07-22 05:47:34,Pearl Essence Ring,Default Title,R31563,1800.0,Restock,1,3,4,https://www.rasasilver.com/products/pearl-essence-cz-ring?variant=gid://shopify/ProductVariant/53288169046313
2026-07-22 05:47:34,Serpent Crown Ring,Default Title,R31566,7000.0,Restock,1,1,2,https://www.rasasilver.com/products/serpent-crown-ring?variant=gid://shopify/ProductVariant/53288171667753
2026-07-22 05:47:34,Prism Hex Ring,Default Title,R31571,1900.0,Restock,1,2,3,https://www.rasasilver.com/products/prism-hex-ring?variant=gid://shopify/ProductVariant/53288171798825
2026-07-22 05:47:34,Leaf Grace Ring,Default Title,R31573,1400.0,Restock,3,1,4,https://www.rasasilver.com/products/leaf-grace-ring?variant=gid://shopify/ProductVariant/53288175075625
2026-07-22 05:47:34,Leaflet Ring,Default Title,R31615,1700.0,Restock,1,3,4,https://www.rasasilver.com/products/leaflet-ring?variant=gid://shopify/ProductVariant/53288198373673
2026-07-22 05:47:34,Heart-Glow Studs,Default Title,R31533,1000.0,Restock,1,2,3,https://www.rasasilver.com/products/heart-glow-studs?variant=gid://shopify/ProductVariant/53288372076841
2026-07-22 05:47:34,Twin Radiance Studs,Default Title,R31537,2200.0,Restock,1,3,4,https://www.rasasilver.com/products/twin-radiance-studs?variant=gid://shopify/ProductVariant/53288426537257
2026-07-22 05:47:34,Lucky Noir Studs,Default Title,R31549,900.0,Restock,1,2,3,https://www.rasasilver.com/products/studs-11?variant=gid://shopify/ProductVariant/53288735637801
2026-07-22 05:47:34,Heart Whisper Studs,Default Title,R31726,4900.0,Restock,1,0,1,https://www.rasasilver.com/products/heart-whisper-studs?variant=gid://shopify/ProductVariant/53288964686121
2026-07-22 05:47:34,Silver Sky Studs,Default Title,R31741,6100.0,Restock,1,0,1,https://www.rasasilver.com/products/silver-sky-studs?variant=gid://shopify/ProductVariant/53289018425641
2026-07-22 05:47:34,Pear-Pinkish Toe Ring,Default Title,R31638,1900.0,Restock,2,4,6,https://www.rasasilver.com/products/pear-pinkish-toe-ring?variant=gid://shopify/ProductVariant/53289094775081
2026-07-22 05:47:34,Whisper Loop Toe Ring,Default Title,R31641,2900.0,Restock,2,1,3,https://www.rasasilver.com/products/whisper-loop-toe-ring?variant=gid://shopify/ProductVariant/53289130295593
2026-07-22 05:47:34,Floral Twinkle Toe Ring,Default Title,R31642,2000.0,Restock,2,2,4,https://www.rasasilver.com/products/floral-twinkle-toe-ring?variant=gid://shopify/ProductVariant/53289132228905
2026-07-22 05:47:34,Leaf-Grace Toe Ring,Default Title,R31644,2300.0,Restock,1,1,2,https://www.rasasilver.com/products/leaf-grace-toe-ring?variant=gid://shopify/ProductVariant/53289147859241
2026-07-22 05:47:34,Flutter Grace Toe Ring,Rose gold,R31651,2600.0,Restock,2,1,3,https://www.rasasilver.com/products/flutter-grace-toe-ring?variant=gid://shopify/ProductVariant/53289183936809
2026-07-22 05:47:34,Flutter Grace Toe Ring,Silver,R31654,2500.0,Restock,1,0,1,https://www.rasasilver.com/products/flutter-grace-toe-ring?variant=gid://shopify/ProductVariant/53289183969577
2026-07-22 05:47:34,Mugilu Mist Stone Danglers,Default Title,R31493,4200.0,Restock,1,0,1,https://www.rasasilver.com/products/mugilu-mist-danglers?variant=gid://shopify/ProductVariant/53290333864233
2026-07-22 05:47:34,Aakruthi Drops Stone Danglers,Default Title,R31494,4300.0,Restock,1,0,1,https://www.rasasilver.com/products/aakruthi-drops-stone-danglers?variant=gid://shopify/ProductVariant/53290354442537
2026-07-22 05:47:34,Mayura Manjari Stone Danglers,Default Title,R31496,4900.0,Restock,1,0,1,https://www.rasasilver.com/products/mayura-manjari-stone-danglers?variant=gid://shopify/ProductVariant/53290361094441
2026-07-22 05:47:34,Mrudu Shine Stone Danglers,Default Title,R31500,5100.0,Restock,1,0,1,https://www.rasasilver.com/products/mrudu-shine-stone-danglers?variant=gid://shopify/ProductVariant/53290379772201
2026-07-22 05:47:34,Vana Mallika Stone Danglers,Default Title,R31502,3300.0,Restock,1,0,1,https://www.rasasilver.com/products/vana-mallika-stone-danglers?variant=gid://shopify/ProductVariant/53290385572137
2026-07-22 05:47:34,Zariya Stone Danglers,GREEN,R31508,5300.0,Restock,1,1,2,https://www.rasasilver.com/products/zariya-green-stone-danglers?variant=gid://shopify/ProductVariant/53290441408809
2026-07-22 05:47:34,Zariya Stone Danglers,Pink,R31890,5100.0,Restock,1,0,1,https://www.rasasilver.com/products/zariya-green-stone-danglers?variant=gid://shopify/ProductVariant/53290441441577
2026-07-22 05:47:34,Belli Spark Stone Danglers,Default Title,R31812,3100.0,Restock,1,0,1,https://www.rasasilver.com/products/belli-spark-stone-danglers?variant=gid://shopify/ProductVariant/53290401956137
2026-07-22 05:47:34,Manikya Pear Stone Danglers,Default Title,R31873,3700.0,Restock,1,0,1,https://www.rasasilver.com/products/manikya-pear-stone-danglers?variant=gid://shopify/ProductVariant/53290402021673
2026-07-22 05:47:34,Blossom-Peacock Nakshi Danglers,Default Title,R31888,7000.0,Restock,1,0,1,https://www.rasasilver.com/products/blossom-peacock-nakshi-danglers?variant=gid://shopify/ProductVariant/53290441769257
2026-07-22 05:47:34,Padmajyoti Temple Danglers,Default Title,R31963,4700.0,Restock,1,0,1,https://www.rasasilver.com/products/padmajyoti-temple-danglers?variant=gid://shopify/ProductVariant/53290448814377
2026-07-22 05:47:34,Pear-Navaratna Pendant Set,Default Title,R31487,4800.0,Restock,1,0,1,https://www.rasasilver.com/products/pear-navaratna-pendant-set?variant=gid://shopify/ProductVariant/53290470867241
2026-07-22 05:47:34,Shri-Vara Drops Temple Danglers,Default Title,R31966,3600.0,Restock,1,0,1,https://www.rasasilver.com/products/shri-vara-drops-temple-danglers?variant=gid://shopify/ProductVariant/53290476634409
2026-07-22 05:47:34,Recta-Green Pendant Set,Default Title,R31499,5000.0,Restock,1,0,1,https://www.rasasilver.com/products/recta-green-pendant-set?variant=gid://shopify/ProductVariant/53290477912361
2026-07-22 05:47:34,Prerana Pendant Set,Default Title,R31503,4500.0,Restock,1,0,1,https://www.rasasilver.com/products/prerana-bloom-pendant-set?variant=gid://shopify/ProductVariant/53290479452457
2026-07-22 05:47:34,Mor-Vilasa Pendant Set,Default Title,R31505,9700.0,Restock,1,0,1,https://www.rasasilver.com/products/mor-vilasa-pendant-set?variant=gid://shopify/ProductVariant/53290501013801
2026-07-22 05:47:34,Navilu Charm Stone Pendant Set,GREEN,R31507,3600.0,Restock,1,0,1,https://www.rasasilver.com/products/navilu-charm-stone-pendant-set?variant=gid://shopify/ProductVariant/53290677731625
2026-07-22 05:47:34,Navilu Charm Stone Pendant Set,Ruby Pink,R31934,3900.0,Restock,1,0,1,https://www.rasasilver.com/products/navilu-charm-stone-pendant-set?variant=gid://shopify/ProductVariant/53290677764393
2026-07-22 05:47:34,Blossom Stone Pendant Set,Swarovski,R31509,4000.0,Restock,1,0,1,https://www.rasasilver.com/products/blossom-stone-pendant-set?variant=gid://shopify/ProductVariant/53321405989161
2026-07-22 05:47:34,Blossom Stone Pendant Set,GREEN,R31936,4200.0,Restock,1,0,1,https://www.rasasilver.com/products/blossom-stone-pendant-set?variant=gid://shopify/ProductVariant/53321406021929
2026-07-22 05:47:34,Kusumika Kundan Kada,GREEN / 2.5,R32179,28900.0,Restock,1,0,1,https://www.rasasilver.com/products/kusumika-kundan-kada?variant=gid://shopify/ProductVariant/53336905744681
2026-07-22 05:47:34,Kusumika Kundan Kada,Ruby Pink / 2.5,R32180,29100.0,Restock,1,0,1,https://www.rasasilver.com/products/kusumika-kundan-kada?variant=gid://shopify/ProductVariant/53336905777449
2026-07-22 05:47:34,Pushkara Stone Pendant Set,Default Title,R31511,3200.0,Restock,1,0,1,https://www.rasasilver.com/products/pushkara-stone-pendant-set?variant=gid://shopify/ProductVariant/53290550821161
2026-07-22 05:47:34,Florisa Stone Pendant Set,Default Title,R31513,3500.0,Restock,1,0,1,https://www.rasasilver.com/products/florisa-stone-pendant-set?variant=gid://shopify/ProductVariant/53290551574825
2026-07-22 05:47:34,Rosy Bloom Stone Pendant Set,Default Title,R31518,7200.0,Restock,1,0,1,https://www.rasasilver.com/products/stone-pendant-set?variant=gid://shopify/ProductVariant/53290566582569
2026-07-22 05:47:34,Siri-Blossom Stone Pendant Set,Default Title,R31519,4100.0,Restock,1,0,1,https://www.rasasilver.com/products/siri-blossom-stone-pendant-set?variant=gid://shopify/ProductVariant/53290680385833
2026-07-22 05:47:34,Aadha-Flora Stone Pendant Set,Default Title,R31940,4400.0,Restock,1,0,1,https://www.rasasilver.com/products/aadha-flora-stone-pendant-set?variant=gid://shopify/ProductVariant/53290708566313
2026-07-22 05:47:34,Ojas Spark Stone Pendant Set,Default Title,R31938,2700.0,Restock,1,0,1,https://www.rasasilver.com/products/ojas-spark-stone-pendant-set?variant=gid://shopify/ProductVariant/53290710466857
2026-07-22 05:47:34,Panna-Pushp Stone Pendant Set,Default Title,R31944,8300.0,Restock,1,0,1,https://www.rasasilver.com/products/panna-pushp-stone-pendant-set?variant=gid://shopify/ProductVariant/53290714988841
2026-07-22 05:47:34,Starry Shine Stone Pendant Set,Default Title,R31946,3800.0,Restock,1,1,2,https://www.rasasilver.com/products/starry-shine-stone-pendant-set?variant=gid://shopify/ProductVariant/53290726785321
2026-07-22 05:47:34,Kusuma Luxe Stone Pendant Set,Default Title,R31945,3600.0,Restock,1,0,1,https://www.rasasilver.com/products/kusuma-luxe-stone-pendant-set?variant=gid://shopify/ProductVariant/53290727440681
2026-07-22 05:47:34,Stone Gleam Ring,Default Title,R31968,2800.0,Restock,1,0,1,https://www.rasasilver.com/products/stone-gleam-ring?variant=gid://shopify/ProductVariant/53290729341225
2026-07-22 05:47:34,Manika Stone Ring,Default Title,R31973,3400.0,Restock,1,0,1,https://www.rasasilver.com/products/manika-stone-ring?variant=gid://shopify/ProductVariant/53290730422569
2026-07-22 05:47:34,Rose Mist Stone Ring,Default Title,R31977,2600.0,Restock,1,1,2,https://www.rasasilver.com/products/rose-mist-ring?variant=gid://shopify/ProductVariant/53290731012393
2026-07-22 05:47:34,Crystal Drop Stone Necklace,Default Title,R31426,10700.0,Restock,1,1,2,https://www.rasasilver.com/products/crystal-drop-stone-necklace?variant=gid://shopify/ProductVariant/53290769842473
2026-07-22 05:47:34,Pear of Green Stone Necklace,Default Title,R31428,9900.0,Restock,1,0,1,https://www.rasasilver.com/products/pear-of-green-stone-necklace?variant=gid://shopify/ProductVariant/53290771415337
2026-07-22 05:47:34,Floral Glow Stone Necklace,Default Title,R31432,17200.0,Restock,1,0,1,https://www.rasasilver.com/products/floral-glow-stone-necklace?variant=gid://shopify/ProductVariant/53290773381417
2026-07-22 05:47:34,Circle-Panna Stone Necklace,Default Title,R31437,18300.0,Restock,1,0,1,https://www.rasasilver.com/products/circle-panna-stone-necklace?variant=gid://shopify/ProductVariant/53290774888745
2026-07-22 05:47:34,Mang-Floral Nakshi Studs,Default Title,R31892,2700.0,Restock,1,0,1,https://www.rasasilver.com/products/mang-floral-nakshi-studs?variant=gid://shopify/ProductVariant/53290789110057
2026-07-22 05:47:34,Chakra-Mango Nakshi Studs,Default Title,R31893,3200.0,Restock,1,0,1,https://www.rasasilver.com/products/chakra-mango-nakshi-studs?variant=gid://shopify/ProductVariant/53290795663657
2026-07-22 05:47:34,Petal Harmony Nakshi Studs,Default Title,R31897,3300.0,Restock,1,0,1,https://www.rasasilver.com/products/petal-harmony-nakshi-studs?variant=gid://shopify/ProductVariant/53290806477097
2026-07-22 05:47:34,Padma-Mango Nakshi Studs,Default Title,R31894,3200.0,Restock,1,0,1,https://www.rasasilver.com/products/padma-mango-nakshi-studs?variant=gid://shopify/ProductVariant/53290809655593
2026-07-22 05:47:34,Pushparaga Nakshi Studs,Default Title,R31898,2300.0,Restock,1,0,1,https://www.rasasilver.com/products/pushparaga-nakshi-studs?variant=gid://shopify/ProductVariant/53292114772265
2026-07-22 05:47:34,Panna Kanti Stone Studs,Default Title,R31433,4200.0,Restock,1,0,1,https://www.rasasilver.com/products/panna-kanti-stone-studs?variant=gid://shopify/ProductVariant/53292125552937
2026-07-22 05:47:34,Stonique Stone Studs,Default Title,R31429,5400.0,Restock,1,0,1,https://www.rasasilver.com/products/stonique-stone-studs?variant=gid://shopify/ProductVariant/53292133089577
2026-07-22 05:47:34,Green-Flora Stone Studs,Default Title,R31448,3400.0,Restock,1,0,1,https://www.rasasilver.com/products/green-flora-stone-studs?variant=gid://shopify/ProductVariant/53292141805865
2026-07-22 05:47:34,Avira Stone Studs,Default Title,R31453,2300.0,Restock,1,0,1,https://www.rasasilver.com/products/avira-stone-studs?variant=gid://shopify/ProductVariant/53292155797801
2026-07-22 05:47:34,Pachai-Phool Stone Studs,Default Title,R31451,2700.0,Restock,1,0,1,https://www.rasasilver.com/products/pachai-phool-stone-studs?variant=gid://shopify/ProductVariant/53292161990953
2026-07-22 05:47:34,Rect-Spark Stone Studs,Default Title,R31457,3600.0,Restock,1,0,1,https://www.rasasilver.com/products/rect-spark-stone-studs?variant=gid://shopify/ProductVariant/53292177686825
2026-07-22 05:47:34,Verdant Stone Studs,Default Title,R31459,4900.0,Restock,1,0,1,https://www.rasasilver.com/products/verdant-stone-studs?variant=gid://shopify/ProductVariant/53292183814441
2026-07-22 05:47:34,Pear-Glow Stone Studs,Default Title,R31461,2700.0,Restock,1,0,1,https://www.rasasilver.com/products/pear-glow-stone-studs?variant=gid://shopify/ProductVariant/53292193153321
2026-07-22 05:47:34,Verde Luxe Stone Studs,Default Title,R31463,3800.0,Restock,1,0,1,https://www.rasasilver.com/products/verde-luxe-stone-studs?variant=gid://shopify/ProductVariant/53292197839145
2026-07-22 05:47:34,Chakra-Beads Stone Studs,Default Title,R31465,2600.0,Restock,1,0,1,https://www.rasasilver.com/products/chakra-beads-stone-studs?variant=gid://shopify/ProductVariant/53292205048105
2026-07-22 05:47:34,Green-Luxe Stone Studs,Ruby Pink,R31906,3800.0,Restock,1,2,3,https://www.rasasilver.com/products/green-luxe-stone-studs?variant=gid://shopify/ProductVariant/53300553056553
2026-07-22 05:47:34,Nava Elite Stone Studs,Default Title,R31478,4100.0,Restock,1,0,1,https://www.rasasilver.com/products/nava-elite-stone-studs?variant=gid://shopify/ProductVariant/53292340707625
2026-07-22 05:47:34,Ratna Harmony Studs,Default Title,R31479,4100.0,Restock,1,0,1,https://www.rasasilver.com/products/ratna-harmony-studs?variant=gid://shopify/ProductVariant/53292346999081
2026-07-22 05:47:34,Oval-Leaves Stone Studs,Default Title,R31481,3100.0,Restock,1,0,1,https://www.rasasilver.com/products/oval-leaves-stone-studs?variant=gid://shopify/ProductVariant/53292358566185
2026-07-22 05:47:34,Lotus Luxe Stone Studs,Default Title,R31482,5100.0,Restock,1,0,1,https://www.rasasilver.com/products/lotus-luxe-studs?variant=gid://shopify/ProductVariant/53292360827177
2026-07-22 05:47:34,Ratna Pushpam Stone Studs,Default Title,R31923,5200.0,Restock,1,0,1,https://www.rasasilver.com/products/ratna-pushpam-stone-studs?variant=gid://shopify/ProductVariant/53292365021481
2026-07-22 05:47:34,Petal Sparkle Stone Studs,Default Title,R31924,2200.0,Restock,1,0,1,https://www.rasasilver.com/products/petal-sparkle-stone-studs?variant=gid://shopify/ProductVariant/53296567877929
2026-07-22 05:47:34,Parijata Luxe Stone Studs,Default Title,R31926,3000.0,Restock,1,0,1,https://www.rasasilver.com/products/parijata-luxe-stone-studs?variant=gid://shopify/ProductVariant/53296568140073
2026-07-22 05:47:34,Kasu Sundari Temple Studs,Default Title,R31948,2700.0,Restock,1,0,1,https://www.rasasilver.com/products/kasu-sundari-temple-studs?variant=gid://shopify/ProductVariant/53296571384105
2026-07-22 05:47:34,Ganesh-Glow Temple Studs,Default Title,R31952,3600.0,Restock,1,0,1,https://www.rasasilver.com/products/riddhi-glow-temple-studs?variant=gid://shopify/ProductVariant/53296571449641
2026-07-22 05:47:34,Shreya Temple Studs,Default Title,R31953,5300.0,Restock,1,0,1,https://www.rasasilver.com/products/shreya-temple-studs?variant=gid://shopify/ProductVariant/53296582656297
2026-07-22 05:47:34,Shriya Temple Studs,Default Title,R31955,4400.0,Restock,1,0,1,https://www.rasasilver.com/products/shriya-temple-studs?variant=gid://shopify/ProductVariant/53296583180585
2026-07-22 05:47:34,Shree Siri Temple Studs,GREEN,R31956,5600.0,Restock,1,0,1,https://www.rasasilver.com/products/shree-siri-temple-studs?variant=gid://shopify/ProductVariant/53296590061865
2026-07-22 05:47:34,Shree Siri Temple Studs,Gold,R31958,5600.0,Restock,1,0,1,https://www.rasasilver.com/products/shree-siri-temple-studs?variant=gid://shopify/ProductVariant/53296590094633
2026-07-22 05:47:34,Shree Siri Temple Studs,Beige,R31959,5600.0,Restock,1,0,1,https://www.rasasilver.com/products/shree-siri-temple-studs?variant=gid://shopify/ProductVariant/53296590127401
2026-07-22 05:47:34,Mango-Flora Stone Studs,Default Title,R31485,4400.0,Restock,1,0,1,https://www.rasasilver.com/products/mango-flora-stone-studs?variant=gid://shopify/ProductVariant/53296605528361
2026-07-22 05:47:34,Siri Vaibhava Temple Studs,Default Title,R31962,2900.0,Restock,1,0,1,https://www.rasasilver.com/products/siri-vaibhava-temple-studs?variant=gid://shopify/ProductVariant/53296605593897
2026-07-22 05:47:34,Panna-Manik Stone Studs,Default Title,R31489,2700.0,Restock,1,1,2,https://www.rasasilver.com/products/panna-manik-stone-studs?variant=gid://shopify/ProductVariant/53296613753129
2026-07-22 05:47:34,Mallika Glow Stone Studs,Default Title,R31491,2700.0,Restock,1,0,1,https://www.rasasilver.com/products/mallika-glow-stone-studs?variant=gid://shopify/ProductVariant/53296644522281
2026-07-22 05:47:34,Panna-Moti Stone Danglers,Default Title,R31497,4500.0,Restock,1,0,1,https://www.rasasilver.com/products/panna-moti-stone-danglers?variant=gid://shopify/ProductVariant/53296661889321
2026-07-22 05:47:34,Svarna Pushpa Stone Studs,Default Title,R31804,3500.0,Restock,1,0,1,https://www.rasasilver.com/products/svarna-pushpa-stone-studs?variant=gid://shopify/ProductVariant/53296667197737
2026-07-22 05:47:34,Petal Glow Stone Studs,Default Title,R31808,3000.0,Restock,1,0,1,https://www.rasasilver.com/products/petal-glow-stone-studs?variant=gid://shopify/ProductVariant/53296682467625
2026-07-22 05:47:34,Mango-Sparkle Stone Studs,Default Title,R31809,4000.0,Restock,1,0,1,https://www.rasasilver.com/products/stone-studs?variant=gid://shopify/ProductVariant/53296686858537
2026-07-22 05:47:34,Mandara Pearl Stone Studs,Default Title,R31822,5800.0,Restock,1,0,1,https://www.rasasilver.com/products/mandara-pearl-stone-studs?variant=gid://shopify/ProductVariant/53296690069801
2026-07-22 05:47:34,Manik-Recta Stone Studs,Default Title,R31827,5000.0,Restock,1,0,1,https://www.rasasilver.com/products/manik-recta-stone-studs?variant=gid://shopify/ProductVariant/53296690528553
2026-07-22 05:47:34,Mayura Sampada Stone Studs,Default Title,R31831,7200.0,Restock,1,0,1,https://www.rasasilver.com/products/mayura-sampada-stone-studs?variant=gid://shopify/ProductVariant/53296692691241
2026-07-22 05:47:34,Opal Dot Stone Studs,Default Title,R31865,2900.0,Restock,1,0,1,https://www.rasasilver.com/products/opal-dot-stone-studs?variant=gid://shopify/ProductVariant/53297204887849
2026-07-22 05:47:34,Crimson Stone Studs,Default Title,R31866,4400.0,Restock,1,0,1,https://www.rasasilver.com/products/crimson-stone-studs?variant=gid://shopify/ProductVariant/53297237754153
2026-07-22 05:47:34,Aamra Ratna Stone Studs,Default Title,R31867,3000.0,Restock,1,0,1,https://www.rasasilver.com/products/aamra-ratna-stone-studs?variant=gid://shopify/ProductVariant/53297287364905
2026-07-22 05:47:34,Ratna Dot Nakshi Studs,Default Title,R31887,2500.0,Restock,1,0,1,https://www.rasasilver.com/products/ratna-dot-nakshi-studs?variant=gid://shopify/ProductVariant/53297411391785
2026-07-22 05:47:34,Chakri Stone Studs,Default Title,R31913,4200.0,Restock,1,0,1,https://www.rasasilver.com/products/chakri-stone-studs?variant=gid://shopify/ProductVariant/53297763549481
2026-07-22 05:47:34,Stone Rosara Studs,Ruby Pink,R31908,4600.0,Restock,1,0,1,https://www.rasasilver.com/products/stone-rosara-studs?variant=gid://shopify/ProductVariant/53300426670377
2026-07-22 05:47:34,Stone Rosara Studs,GREEN,R31467,4900.0,Restock,1,0,1,https://www.rasasilver.com/products/stone-rosara-studs?variant=gid://shopify/ProductVariant/53300426703145
2026-07-22 05:47:34,Crimson Petal Stone Studs,Default Title,R31912,2800.0,Restock,1,0,1,https://www.rasasilver.com/products/crimson-petal-stone-studs?variant=gid://shopify/ProductVariant/53298050335017
2026-07-22 05:47:34,Floral of Stone Studs,Default Title,R31917,6300.0,Restock,1,0,1,https://www.rasasilver.com/products/floral-of-stone-studs?variant=gid://shopify/ProductVariant/53298181243177
2026-07-22 05:47:34,Lalima Blossom Stone Studs,Default Title,R31920,4800.0,Restock,1,0,1,https://www.rasasilver.com/products/stone-studs-1?variant=gid://shopify/ProductVariant/53298197168425
2026-07-22 05:47:34,Flora-Whisper Stone Kada,Default Title,R30435,9400.0,Restock,1,0,1,https://www.rasasilver.com/products/flora-whisper-stone-kada?variant=gid://shopify/ProductVariant/53299554255145
2026-07-22 05:47:34,Green-Flora Stone Kada,Default Title,R30438,9500.0,Restock,1,0,1,https://www.rasasilver.com/products/green-flora-stone-kada?variant=gid://shopify/ProductVariant/53299596034345
2026-07-22 05:47:34,Arali Sparkle Stone Kada,Default Title,R30441,10400.0,Restock,1,0,1,https://www.rasasilver.com/products/arali-sparkle-stone-kada?variant=gid://shopify/ProductVariant/53299596689705
2026-07-22 05:47:34,Laksh Temple Kada,Default Title,R31303,9500.0,Restock,1,1,2,https://www.rasasilver.com/products/ruby-laksh-temple-kada?variant=gid://shopify/ProductVariant/53299616579881
2026-07-22 05:47:34,Temple Mop Chain,Default Title,R29917,15500.0,Restock,1,2,3,https://www.rasasilver.com/products/temple-mop-chain?variant=gid://shopify/ProductVariant/53302493905193
2026-07-22 05:47:34,Shri Temple Mop Chain,Default Title,R29922,17900.0,Restock,1,0,1,https://www.rasasilver.com/products/shri-temple-mop-chain?variant=gid://shopify/ProductVariant/53302498230569
2026-07-22 05:47:34,Stone Aarunya Danglers,Default Title,R30432,16900.0,Restock,1,0,1,https://www.rasasilver.com/products/stone-aarunya-danglers?variant=gid://shopify/ProductVariant/53302501671209
2026-07-22 05:47:34,Blooming Manjari Stone Danglers,Default Title,R30415,11200.0,Restock,1,0,1,https://www.rasasilver.com/products/blooming-manjari-stone-danglers?variant=gid://shopify/ProductVariant/53302516678953
2026-07-22 05:47:34,Gutta Pasalu Stone Danglers,Default Title,R30418,8000.0,Restock,1,0,1,https://www.rasasilver.com/products/gutta-pasalu-stone-danglers?variant=gid://shopify/ProductVariant/53302629138729
2026-07-22 05:47:34,Bloom Pear Stone Danglers,Default Title,R30425,13200.0,Restock,1,0,1,https://www.rasasilver.com/products/stone-danglers-no-image?variant=gid://shopify/ProductVariant/53302649618729
2026-07-22 05:47:34,Neela Mor Nakshi Bangles,2.4,R30398,42800.0,Restock,1,0,1,https://www.rasasilver.com/products/neela-mor-nakshi-bangles?variant=gid://shopify/ProductVariant/53304496128297
2026-07-22 05:47:34,Pushpa Chakra Stone Danglers,Default Title,R31402,6300.0,Restock,2,1,3,https://www.rasasilver.com/products/pushpa-chakra-stone-danglers?variant=gid://shopify/ProductVariant/53304544526633
2026-07-22 05:47:34,Temple Rajarajeshwari Danglers,Default Title,R30443,11000.0,Restock,1,0,1,https://www.rasasilver.com/products/temple-rajarajeshwari-danglers?variant=gid://shopify/ProductVariant/53304566382889
2026-07-22 05:47:34,Navaratna-Flora Stone Jhumki,Default Title,R30384,11800.0,Restock,1,0,1,https://www.rasasilver.com/products/navaratna-flora-stone-jhumki?variant=gid://shopify/ProductVariant/53304593940777
2026-07-22 05:47:34,Verde-Pear Stone Kada,Default Title,R30437,8400.0,Restock,1,0,1,https://www.rasasilver.com/products/verde-pear-stone-kada?variant=gid://shopify/ProductVariant/53304599445801
2026-07-22 05:47:34,Temple Devalika Necklace,Default Title,R31269,15200.0,Restock,1,0,1,https://www.rasasilver.com/products/temple-devalika-necklace?variant=gid://shopify/ProductVariant/53304635064617
2026-07-22 05:47:34,Temple Kamalika Necklace,Default Title,R31294,11300.0,Restock,1,0,1,https://www.rasasilver.com/products/temple-kamalika-necklace?variant=gid://shopify/ProductVariant/53305055871273
2026-07-22 05:47:34,Charulata-Mor Temple Necklace,Default Title,R31334,16500.0,Restock,1,0,1,https://www.rasasilver.com/products/charulata-mor-temple-necklace?variant=gid://shopify/ProductVariant/53305189826857
2026-07-22 05:47:34,Mayura Lakshmi Temple Necklace,Default Title,R31387,47000.0,Restock,1,0,1,https://www.rasasilver.com/products/mayura-lakshmi-temple-necklace?variant=gid://shopify/ProductVariant/53306663993641
2026-07-22 05:47:34,Mango-Pear Stone Matil,Default Title,R30417,14500.0,Restock,1,0,1,https://www.rasasilver.com/products/matil-2?variant=gid://shopify/ProductVariant/53306897269033
2026-07-22 05:47:34,Panna-Sitara Stone Matil,Default Title,R30420,12300.0,Restock,1,0,1,https://www.rasasilver.com/products/panna-sitara-stone-matil?variant=gid://shopify/ProductVariant/53307088470313
2026-07-22 05:47:34,Manikya-Harita Stone Matil,Default Title,R30428,23900.0,Restock,1,0,1,https://www.rasasilver.com/products/manikya-harita-stone-matil?variant=gid://shopify/ProductVariant/53307160953129
2026-07-22 05:47:34,Blooming Stone Mangalsutra,Default Title,R31230,8600.0,Restock,1,1,2,https://www.rasasilver.com/products/blooming-stone-mangalsutra?variant=gid://shopify/ProductVariant/53307229339945
2026-07-22 05:47:34,Kasu Temple Mangalsutra,GREEN,R31238,9600.0,Restock,1,0,1,https://www.rasasilver.com/products/kasu-temple-mangalsutra?variant=gid://shopify/ProductVariant/53307246051625
2026-07-22 05:47:34,Kasu Temple Mangalsutra,Ruby Pink,R31240,9800.0,Restock,1,0,1,https://www.rasasilver.com/products/kasu-temple-mangalsutra?variant=gid://shopify/ProductVariant/53307246084393
2026-07-22 05:47:34,Kasu Temple Mangalsutra,Orange,R31241,9700.0,Restock,1,0,1,https://www.rasasilver.com/products/kasu-temple-mangalsutra?variant=gid://shopify/ProductVariant/53307246117161
2026-07-22 05:47:34,Lakshmi Temple Mangalsutra,Swarovski,R31248,9300.0,Restock,1,1,2,https://www.rasasilver.com/products/lakshmi-temple-mangalsutra?variant=gid://shopify/ProductVariant/53307255390505
2026-07-22 05:47:34,Pushpari-Hara Stone Pendant,Default Title,R30378,7300.0,Restock,1,0,1,https://www.rasasilver.com/products/pushpari-hara-stone-pendant?variant=gid://shopify/ProductVariant/53307576058153
2026-07-22 05:47:34,Muralidhara Temple Pendant,Default Title,R30365,4300.0,Restock,1,1,2,https://www.rasasilver.com/products/muralidhara-temple-pendant?variant=gid://shopify/ProductVariant/53307676885289
2026-07-22 05:47:34,Lakshmi-Mandir Temple Pendant,Default Title,R30570,15400.0,Restock,1,0,1,https://www.rasasilver.com/products/lakshmi-mandir-temple-pendant?variant=gid://shopify/ProductVariant/53308709962025
2026-07-22 05:47:34,Mayuri Stone Necklace,Default Title,R31312,26600.0,Restock,1,0,1,https://www.rasasilver.com/products/necklace-11?variant=gid://shopify/ProductVariant/53308713992489
2026-07-22 05:47:34,Queen's Green CZ Necklace Set,Default Title,R31223,32300.0,Restock,1,1,2,https://www.rasasilver.com/products/queens-green-cz-necklace-set?variant=gid://shopify/ProductVariant/53308726083881
2026-07-22 05:47:34,Designer Oval CZ Necklace Set,Default Title,R31227,31000.0,Restock,1,3,4,https://www.rasasilver.com/products/designer-oval-cz-necklace-set?variant=gid://shopify/ProductVariant/53308731425065
2026-07-22 05:47:34,Fusion Wear Necklace Set,Default Title,R13092,14000.0,Restock,1,0,1,https://www.rasasilver.com/products/fusion-wear-necklace-set?variant=gid://shopify/ProductVariant/53308738306345
2026-07-22 05:47:34,Mayura Shobha Temple Necklace Set,Default Title,R29937,11400.0,Restock,1,1,2,https://www.rasasilver.com/products/temple-necklace-set-2?variant=gid://shopify/ProductVariant/53308748890409
2026-07-22 05:47:34,Queen's Lakshmi Temple Necklace Set,Default Title,R29944,15300.0,Restock,1,2,3,https://www.rasasilver.com/products/queens-lakshmi-temple-necklace-set?variant=gid://shopify/ProductVariant/53310655463721
2026-07-22 05:47:34,Temple Devalaya Necklace Set,Default Title,R29949,14500.0,Restock,1,1,2,https://www.rasasilver.com/products/temple-devalaya-necklace-set?variant=gid://shopify/ProductVariant/53311568838953
2026-07-22 05:47:34,Lakshmi-Moti Temple Necklace Set,Default Title,R29962,23200.0,Restock,1,0,1,https://www.rasasilver.com/products/lakshmi-moti-temple-necklace-set?variant=gid://shopify/ProductVariant/53312179896617
2026-07-22 05:47:34,Mayura Queen Nakshi Necklace Set,Ruby Pink,R29981,16900.0,Restock,2,0,2,https://www.rasasilver.com/products/mayura-queen-nakshi-necklace-set?variant=gid://shopify/ProductVariant/53312595624233
2026-07-22 05:47:34,Dewdrop Stone Necklace,GREEN,R29988,13500.0,Restock,1,2,3,https://www.rasasilver.com/products/dewdrop-stone-necklace-set?variant=gid://shopify/ProductVariant/53312650772777
2026-07-22 05:47:34,Garden of Stone Necklace Set,Default Title,R30162,19200.0,Restock,1,1,2,https://www.rasasilver.com/products/garden-of-stone-necklace-set?variant=gid://shopify/ProductVariant/53312658276649
2026-07-22 05:47:34,Suvarna Stone Necklace,Default Title,R30298,33800.0,Restock,1,1,2,https://www.rasasilver.com/products/suvarna-stone-necklace?variant=gid://shopify/ProductVariant/53312674595113
2026-07-22 05:47:34,Kite Stone Necklace Set,Default Title,R30467,13200.0,Restock,1,2,3,https://www.rasasilver.com/products/kite-stone-necklace-set?variant=gid://shopify/ProductVariant/53312818905385
2026-07-22 05:47:34,Antique Rajratna Bangles,2.7,R31234,13400.0,Restock,1,1,2,https://www.rasasilver.com/products/antique-rajratna-bangles?variant=gid://shopify/ProductVariant/53315061317929
2026-07-22 05:47:34,Square-Greena Stone Bangles,2.7,R30326,20600.0,Restock,1,1,2,https://www.rasasilver.com/products/square-greena-stone-bangles?variant=gid://shopify/ProductVariant/53315097428265
2026-07-22 05:47:34,Crystal Line Stone Bangles,2.4,R30363,25400.0,Restock,1,0,1,https://www.rasasilver.com/products/crystal-line-stone-bangles?variant=gid://shopify/ProductVariant/53315202253097
2026-07-22 05:47:34,Gilded Ivy Victorian Necklace,Default Title,R31059,37400.0,Restock,1,0,1,https://www.rasasilver.com/products/gilded-ivy-victorian-necklace?variant=gid://shopify/ProductVariant/53315295740201
2026-07-22 05:47:34,Blossom Grace Stone Bangles,2.8,R30367,20800.0,Restock,1,0,1,https://www.rasasilver.com/products/blossom-grace-stone-bangles?variant=gid://shopify/ProductVariant/53315401220393
2026-07-22 05:47:34,Sri Lakshmi Mayuram Temple Set,Default Title,R32330,67200.0,Restock,1,0,1,https://www.rasasilver.com/products/sri-lakshmi-mayuram-temple-set?variant=gid://shopify/ProductVariant/53315420520745
2026-07-22 05:47:34,Temple Padmavathi Mayura Set,Default Title,R32341,78200.0,Restock,1,0,1,https://www.rasasilver.com/products/temple-padmavathi-mayura-set?variant=gid://shopify/ProductVariant/53315522036009
2026-07-22 05:47:34,Blooming Mayuri Nakshi Set,Default Title,R32305,42400.0,Restock,1,0,1,https://www.rasasilver.com/products/temple-necklace-set-3?variant=gid://shopify/ProductVariant/53315526426921
2026-07-22 05:47:34,Mayil Ratna Nakshi Necklace Set,Default Title,R32308,43800.0,Restock,1,0,1,https://www.rasasilver.com/products/mayil-ratna-nakshi-necklace-set?variant=gid://shopify/ProductVariant/53318285787433
2026-07-22 05:47:34,Pushpari Mor Nakshi Necklace Set,Default Title,R32313,41200.0,Restock,1,0,1,https://www.rasasilver.com/products/pushpari-mor-nakshi-necklace-set?variant=gid://shopify/ProductVariant/53318343164201
2026-07-22 05:47:34,Lakshmi Kripa Temple Set,Default Title,R32284,52300.0,Restock,1,0,1,https://www.rasasilver.com/products/lakshmi-kripa-temple-set?variant=gid://shopify/ProductVariant/53318413779241
2026-07-22 05:47:34,Lakshmi Rajyam Temple Set,Default Title,R32289,50000.0,Restock,1,0,1,https://www.rasasilver.com/products/lakshmi-rajyam-temple-set?variant=gid://shopify/ProductVariant/53318417547561
2026-07-22 05:47:34,Nitya Lakshmi Temple Necklace Set,Default Title,R32293,41000.0,Restock,1,0,1,https://www.rasasilver.com/products/nitya-lakshmi-temple-necklace-set?variant=gid://shopify/ProductVariant/53318581879081
2026-07-22 05:47:34,Lakshmi Kirana Temple Necklace Set,Default Title,R32300,52700.0,Restock,1,0,1,https://www.rasasilver.com/products/lakshmi-kirana-temple-necklace-set?variant=gid://shopify/ProductVariant/53318604947753
2026-07-22 05:47:34,Mandara Spark Stone Bangles,Size,R30372,37800.0,Restock,1,0,1,https://www.rasasilver.com/products/mandara-spark-stone-bangles?variant=gid://shopify/ProductVariant/53324579012905
2026-07-22 05:47:34,Gulabi Grace Stone Bangles,Size,R31243,22300.0,Restock,1,3,4,https://www.rasasilver.com/products/harini-grace-stone-bangles?variant=gid://shopify/ProductVariant/53324605587753
2026-07-22 05:47:34,Recta-Orange Stone Bangles,Orange / 2.7,R31244,11800.0,Restock,1,2,3,https://www.rasasilver.com/products/recta-orange-stone-bangles?variant=gid://shopify/ProductVariant/53324632260905
2026-07-22 05:47:34,Recta-Orange Stone Bangles,Navaratna Colour / 2.6,R31246,11800.0,Restock,1,0,1,https://www.rasasilver.com/products/recta-orange-stone-bangles?variant=gid://shopify/ProductVariant/53324630065449
2026-07-22 05:47:34,Vana Glow Stone Bangles,2.4,R31250,27700.0,Restock,1,1,2,https://www.rasasilver.com/products/vana-glow-stone-bangles?variant=gid://shopify/ProductVariant/53324642615593
2026-07-22 05:47:34,Oval-Pushp Stone Bangles,2.4,R31252,19400.0,Restock,1,2,3,https://www.rasasilver.com/products/oval-pushp-stone-bangles?variant=gid://shopify/ProductVariant/53324650414377
2026-07-22 05:47:34,Pachha Flora Stone Bangles,2.6,R31258,27800.0,Restock,1,1,2,https://www.rasasilver.com/products/pachha-flora-stone-bangles?variant=gid://shopify/ProductVariant/53324652478761
2026-07-22 05:47:34,Haritha Kanti Stone Bangles,2.5,R31253,22100.0,Restock,1,1,2,https://www.rasasilver.com/products/bdhjbdc?variant=gid://shopify/ProductVariant/53324695732521
2026-07-22 05:47:34,Phool-Kesar Stone Bangles,2.6,R31261,23800.0,Restock,1,1,2,https://www.rasasilver.com/products/phool-kesar-stone-bangles?variant=gid://shopify/ProductVariant/53324691341609
2026-07-22 05:47:34,Ratna Utsava Stone Bangles,GREEN / 2.9,R31274,19800.0,Restock,1,3,4,https://www.rasasilver.com/products/h-1?variant=gid://shopify/ProductVariant/53324724568361
2026-07-22 05:47:34,Ratna Utsava Stone Bangles,Ruby Pink / 2.8,R31277,20250.0,Restock,1,2,3,https://www.rasasilver.com/products/h-1?variant=gid://shopify/ProductVariant/53324727058729
2026-07-22 05:47:34,Navaratna Shine Bangles,2.6,R31273,24000.0,Restock,1,1,2,https://www.rasasilver.com/products/navaratna-shine-bangles?variant=gid://shopify/ProductVariant/53324715819305
2026-07-22 05:47:34,Pear-Phool Antique Bangles,2.6,R31281,29800.0,Restock,1,1,2,https://www.rasasilver.com/products/pear-phool-antique-bangles?variant=gid://shopify/ProductVariant/53324729483561
2026-07-22 05:47:34,Ganesh Temple Ring,15,R31399,3900.0,Restock,1,0,1,https://www.rasasilver.com/products/ganesh-temple-ring?variant=gid://shopify/ProductVariant/53324731121961
2026-07-22 05:47:34,Circle-Greena Antique Ring,15,R31404,3500.0,Restock,1,1,2,https://www.rasasilver.com/products/circle-greena-antique-ring?variant=gid://shopify/ProductVariant/53324737511721
2026-07-22 05:47:34,Garden-Shine Antique Ring,15,R31405,3500.0,Restock,1,3,4,https://www.rasasilver.com/products/garden-shine-antique-ring?variant=gid://shopify/ProductVariant/53329301012777
2026-07-22 05:47:34,Oval-Flora Antique Ring,15,R31407,4100.0,Restock,1,0,1,https://www.rasasilver.com/products/oval-flora-antique-ring?variant=gid://shopify/ProductVariant/53329302683945
2026-07-22 05:47:34,Pear-Blossom Stone Ring,Swarovski / 13,R31659,3700.0,Restock,1,2,3,https://www.rasasilver.com/products/pear-blossom-antique-ring?variant=gid://shopify/ProductVariant/53329380966697
2026-07-22 05:47:34,Pear-Blossom Stone Ring,GREEN / 13,R31661,3600.0,Restock,1,0,1,https://www.rasasilver.com/products/pear-blossom-antique-ring?variant=gid://shopify/ProductVariant/53329380999465
2026-07-22 05:47:34,Pear-Blossom Stone Ring,Ruby Pink / 13,R31660,3600.0,Restock,1,1,2,https://www.rasasilver.com/products/pear-blossom-antique-ring?variant=gid://shopify/ProductVariant/53329381032233
2026-07-22 05:47:34,Pear Pushpa Kundan Bracelet,Default Title,R32149,10200.0,Restock,1,0,1,https://www.rasasilver.com/products/pear-pushpa-kundan-bracelet?variant=gid://shopify/ProductVariant/53329420812585
2026-07-22 05:47:34,Fleur Kundan Bracelet,Default Title,R32153,9500.0,Restock,1,0,1,https://www.rasasilver.com/products/fleur-kundan-bracelet?variant=gid://shopify/ProductVariant/53329440932137
2026-07-22 05:47:34,Pink Dynasty Victorian Bracelet,Default Title,R30759,27900.0,Restock,1,0,1,https://www.rasasilver.com/products/pink-dynasty-bracelet?variant=gid://shopify/ProductVariant/53329474847017
2026-07-22 05:47:34,Gandaberunda Kundan Hair Brooch,Default Title,R32157,16000.0,Restock,1,0,1,https://www.rasasilver.com/products/gandaberunda-kundan-hair-brooch?variant=gid://shopify/ProductVariant/53329485398313
2026-07-22 05:47:34,Minimal Plain Chain,Default Title,R31985,1600.0,Restock,1,11,12,https://www.rasasilver.com/products/minimal-plain-chain?variant=gid://shopify/ProductVariant/53329485431081
2026-07-22 05:47:34,Parrot-Phool Kundan Choker Set,Default Title,R32203,21300.0,Restock,1,0,1,https://www.rasasilver.com/products/parrot-phool-kundan-choker-set?variant=gid://shopify/ProductVariant/53329512595753
2026-07-22 05:47:34,Chand-Phool Kundan Choker Set,Default Title,R32194,23300.0,Restock,1,0,1,https://www.rasasilver.com/products/chand-phool-kundan-choker-set?variant=gid://shopify/ProductVariant/53329513513257
2026-07-22 05:47:34,Rose Empress Victorian Choker Set,Default Title,R30807,57600.0,Restock,1,0,1,https://www.rasasilver.com/products/rose-empress-victorian-choker-set?variant=gid://shopify/ProductVariant/53329541792041
2026-07-22 05:47:34,Rajwadi Kundan Choker Set,Default Title,R32213,33100.0,Restock,1,0,1,https://www.rasasilver.com/products/rajwadi-kundan-choker-set?variant=gid://shopify/ProductVariant/53329546412329
2026-07-22 05:47:34,Sunlit Empress Victorian Choker Set,Default Title,R30837,32600.0,Restock,1,0,1,https://www.rasasilver.com/products/sunlit-empress-victorian-choker-set?variant=gid://shopify/ProductVariant/53329555063081
2026-07-22 05:47:34,Pink Regalia Kundan Danglers,Default Title,R32182,10700.0,Restock,1,0,1,https://www.rasasilver.com/products/pink-regalia-kundan-danglers?variant=gid://shopify/ProductVariant/53329631346985
2026-07-22 05:47:34,Rose Imperial Kundan Danglers,Default Title,R32185,13500.0,Restock,1,0,1,https://www.rasasilver.com/products/rose-imperial-kundan-danglers?variant=gid://shopify/ProductVariant/53329635508521
2026-07-22 05:47:34,Rosé Spark Kundan Danglers,Default Title,R32186,6300.0,Restock,1,0,1,https://www.rasasilver.com/products/rose-spark-kundan-danglers?variant=gid://shopify/ProductVariant/53329638555945
2026-07-22 05:47:34,Gulbahar Kundan Danglers,GREEN,R32187,6400.0,Restock,1,0,1,https://www.rasasilver.com/products/gulbahar-kundan-danglers?variant=gid://shopify/ProductVariant/53329638949161
2026-07-22 05:47:34,Gulbahar Kundan Danglers,Ruby Pink,R32189,6500.0,Restock,1,0,1,https://www.rasasilver.com/products/gulbahar-kundan-danglers?variant=gid://shopify/ProductVariant/53329638981929
2026-07-22 05:47:34,Peacock Drops Kundan Danglers,Default Title,R32192,10200.0,Restock,1,0,1,https://www.rasasilver.com/products/peacock-drops-kundan-danglers?variant=gid://shopify/ProductVariant/53329641341225
2026-07-22 05:47:34,Aruna Bloom Kundan Danglers,Default Title,R32190,11400.0,Restock,1,0,1,https://www.rasasilver.com/products/aruna-bloom-kundan-danglers?variant=gid://shopify/ProductVariant/53329641373993
2026-07-22 05:47:34,Tirupati-Lakshmi Temple Danglers,Default Title,R32098,10700.0,Restock,1,0,1,https://www.rasasilver.com/products/tirupati-lakshmi-temple-danglers?variant=gid://shopify/ProductVariant/53329643307305
2026-07-22 05:47:34,Sriya Grace Temple Danglers,Default Title,R32108,8500.0,Restock,1,0,1,https://www.rasasilver.com/products/sriya-grace-temple-danglers?variant=gid://shopify/ProductVariant/53329644323113
2026-07-22 05:47:34,Pearls Moissanite Haath Phool,Default Title,R30580,31400.0,Restock,1,0,1,https://www.rasasilver.com/products/pearls-moissanite-haath-phool?variant=gid://shopify/ProductVariant/53329649860905
2026-07-22 05:47:34,Shringara Kundan Haath Phool,Default Title,R32165,25200.0,Restock,1,0,1,https://www.rasasilver.com/products/shringara-kundan-haath-phool?variant=gid://shopify/ProductVariant/53329649959209
2026-07-22 05:47:34,Pear-Floral Moissanite Haath Phool,Default Title,R30581,22800.0,Restock,1,1,2,https://www.rasasilver.com/products/pear-floral-moissanite-haath-phool?variant=gid://shopify/ProductVariant/53329660674345
2026-07-22 05:47:34,Blush-Floral Victorian Haath Phool,Default Title,R30749,34300.0,Restock,1,0,1,https://www.rasasilver.com/products/blush-floral-victorian-haath-phool?variant=gid://shopify/ProductVariant/53329676828969
2026-07-22 05:47:34,Navilu Pearl Kundan Jhumki,Default Title,R32120,18700.0,Restock,1,0,1,https://www.rasasilver.com/products/navilu-pearl-kundan-jhumki?variant=gid://shopify/ProductVariant/53329680826665
2026-07-22 05:47:34,Vasantha Glow Kundan Jhumki,Default Title,R32124,15000.0,Restock,1,1,2,https://www.rasasilver.com/products/vasantha-glow-kundan-jhumki?variant=gid://shopify/ProductVariant/53329684988201
2026-07-22 05:47:34,Pushpa-Pearl Kundan Jhumki,Default Title,R32126,25500.0,Restock,1,0,1,https://www.rasasilver.com/products/pushpa-pearl-kundan-jhumki?variant=gid://shopify/ProductVariant/53329690394921
2026-07-22 05:47:34,Siri Bloom Kundan Jhumki,Default Title,R32129,21300.0,Restock,1,0,1,https://www.rasasilver.com/products/siri-bloom-kundan-jhumki?variant=gid://shopify/ProductVariant/53329692983593
2026-07-22 05:47:34,Sampada Kundan Jhumki,Default Title,R32134,25800.0,Restock,1,0,1,https://www.rasasilver.com/products/sampada-kundan-jhumki?variant=gid://shopify/ProductVariant/53329695080745
2026-07-22 05:47:34,Mangala Kundan Jhumki,Default Title,R32135,21600.0,Restock,1,0,1,https://www.rasasilver.com/products/mangala-kundan-jhumki?variant=gid://shopify/ProductVariant/53329696915753
2026-07-22 05:47:34,Amara Bloom Kundan Jhumki,Default Title,R32138,25500.0,Restock,1,0,1,https://www.rasasilver.com/products/amara-bloom-kundan-jhumki?variant=gid://shopify/ProductVariant/53329700782377
2026-07-22 05:47:34,Shobha Blossom Kundan Jhumki,Default Title,R32142,14500.0,Restock,1,0,1,https://www.rasasilver.com/products/shobha-blossom-kundan-jhumki?variant=gid://shopify/ProductVariant/53329702158633
2026-07-22 05:47:34,Temple Rasleela Jhumki,Default Title,R32104,15400.0,Restock,1,0,1,https://www.rasasilver.com/products/temple-jhumki?variant=gid://shopify/ProductVariant/53329738891561
2026-07-22 05:47:34,Balaji-Luxe Temple Jhumki,Default Title,R32105,19900.0,Restock,1,0,1,https://www.rasasilver.com/products/balaji-luxe-temple-jhumki?variant=gid://shopify/ProductVariant/53333175664937
2026-07-22 05:47:34,Krupa Kasu Temple Necklace,Default Title,R32170,51600.0,Restock,1,0,1,https://www.rasasilver.com/products/navil-krupa-jadau-necklace?variant=gid://shopify/ProductVariant/53333186314537
2026-07-22 05:47:34,Dwi-Pear Polki Kada,Default Title,R30690,17300.0,Restock,1,0,1,https://www.rasasilver.com/products/dwi-pear-polki-kada?variant=gid://shopify/ProductVariant/53333198635305
2026-07-22 05:47:34,Crystal-Luxe Victorian Kada,Default Title,R30746,39700.0,Restock,1,0,1,https://www.rasasilver.com/products/crystal-luxe-victorian-kada?variant=gid://shopify/ProductVariant/53333209514281
2026-07-22 05:47:34,Princess Pink Victorian Kada,Default Title,R30753,23200.0,Restock,1,0,1,https://www.rasasilver.com/products/princess-pink-victorian-kada?variant=gid://shopify/ProductVariant/53333209612585
2026-07-22 05:47:34,Imperial Mint Victorian Kada,Default Title,R30755,20600.0,Restock,1,0,1,https://www.rasasilver.com/products/imperial-mint-victorian-kada?variant=gid://shopify/ProductVariant/53333219705129
2026-07-22 05:47:34,Srinivasa Temple Necklace,Default Title,R32093,56900.0,Restock,1,0,1,https://www.rasasilver.com/products/srinivasa-temple-necklace-1?variant=gid://shopify/ProductVariant/53333231501609
2026-07-22 05:47:34,Vishnu-Patni Temple Necklace,Default Title,R32097,55500.0,Restock,1,0,1,https://www.rasasilver.com/products/vishnu-patni-temple-necklace?variant=gid://shopify/ProductVariant/53333231567145
2026-07-22 05:47:34,Pearl Prerana Kundan Matil,Default Title,R32228,26900.0,Restock,1,0,1,https://www.rasasilver.com/products/pearl-prerana-kundan-matil?variant=gid://shopify/ProductVariant/53333322563881
2026-07-22 05:47:34,Maharani Pearl Kundan Matil,Default Title,R32231,24300.0,Restock,1,0,1,https://www.rasasilver.com/products/maharani-pearl-kundan-matil?variant=gid://shopify/ProductVariant/53333435449641
2026-07-22 05:47:34,Pearl Sampada Moissanite Matil,Default Title,R30584,45500.0,Restock,1,0,1,https://www.rasasilver.com/products/pearl-sampada-moissanite-matil?variant=gid://shopify/ProductVariant/53334206251305
2026-07-22 05:47:34,Rani-Pearl Kundan Matil,Default Title,R32233,24300.0,Restock,1,0,1,https://www.rasasilver.com/products/rani-pearl-kundan-matil?variant=gid://shopify/ProductVariant/53334207004969
2026-07-22 05:47:34,Moissanite Mathapatti,Default Title,R30586,27000.0,Restock,1,0,1,https://www.rasasilver.com/products/moissanite-mathapatti?variant=gid://shopify/ProductVariant/53334249341225
2026-07-22 05:47:34,Dulhan Floral Kundan Nath,GREEN,R32181,4500.0,Restock,1,0,1,https://www.rasasilver.com/products/dulhan-floral-kundan-nath?variant=gid://shopify/ProductVariant/53334260547881
2026-07-22 05:47:34,Dulhan Floral Kundan Nath,Swarovski,R32183,4700.0,Restock,1,0,1,https://www.rasasilver.com/products/dulhan-floral-kundan-nath?variant=gid://shopify/ProductVariant/53334260580649
2026-07-22 05:47:34,Dulhan Floral Kundan Nath,Ruby Pink,R32184,4600.0,Restock,1,0,1,https://www.rasasilver.com/products/dulhan-floral-kundan-nath?variant=gid://shopify/ProductVariant/53334260613417
2026-07-22 05:47:34,Kamala Siri Kundan Bangles,2.5,R32230,55300.0,Restock,1,0,1,https://www.rasasilver.com/products/kamala-siri-kundan-bangles?variant=gid://shopify/ProductVariant/53334399746345
2026-07-22 05:47:34,Rani Royale Kundan Bangles,2.5,R32229,55300.0,Restock,1,0,1,https://www.rasasilver.com/products/rani-royale-kundan-bangles?variant=gid://shopify/ProductVariant/53334430122281
2026-07-22 05:47:34,Blush-Spark Victorian Bangles,2.2,R30764,54900.0,Restock,1,0,1,https://www.rasasilver.com/products/varni-spark-victorian-bangles?variant=gid://shopify/ProductVariant/53336839979305
2026-07-22 05:47:34,Oval-Neel Victorian Bangles,2.4,R30766,19900.0,Restock,1,0,1,https://www.rasasilver.com/products/oval-neel-victorian-bangles?variant=gid://shopify/ProductVariant/53336872091945
2026-07-22 05:47:34,Haritha-Peacock Kundan Pendant,Default Title,R32160,31300.0,Restock,1,0,1,https://www.rasasilver.com/products/haritha-peacock-kundan-pendant?variant=gid://shopify/ProductVariant/53336848957737
2026-07-22 05:47:34,Infinity Loop Moissanite Bangles,2.4,R30696,41500.0,Restock,1,0,1,https://www.rasasilver.com/products/infinity-loop-moissanite-bangles?variant=gid://shopify/ProductVariant/53336853709097
2026-07-22 05:47:34,Ayodhya Royal Temple Pendant,Default Title,R32116,28500.0,Restock,1,0,1,https://www.rasasilver.com/products/ayodhya-royal-temple-pendant?variant=gid://shopify/ProductVariant/53336869732649
2026-07-22 05:47:34,Navaratna Kundan Pendant Set,Default Title,R32208,31500.0,Restock,1,0,1,https://www.rasasilver.com/products/navaratna-kundan-pendant-set?variant=gid://shopify/ProductVariant/53336871534889
2026-07-22 05:47:34,Twin-Soul Moissanite Ring,Default Title,R32236,5800.0,Restock,1,0,1,https://www.rasasilver.com/products/twin-soul-moissanite-ring?variant=gid://shopify/ProductVariant/53336879726889
2026-07-22 05:47:34,Duo Hexa-Pear Moissanite Ring,Default Title,R32238,8200.0,Restock,1,0,1,https://www.rasasilver.com/products/duo-hexa-pear-moissanite-ring?variant=gid://shopify/ProductVariant/53336883200297
2026-07-22 05:47:34,Lakshmi Sampat Temple Necklace,Default Title,R32106,36300.0,Restock,1,0,1,https://www.rasasilver.com/products/lakshmi-sampat-temple-necklace?variant=gid://shopify/ProductVariant/53336891064617
2026-07-22 05:47:34,Lakshmi Kripa Temple Necklace,Default Title,R32107,23300.0,Restock,1,0,1,https://www.rasasilver.com/products/lakshmi-kripa-temple-necklace?variant=gid://shopify/ProductVariant/53336898371881
2026-07-22 05:47:34,Pushpa Kirana Kundan Studs,Default Title,R32216,9900.0,Restock,1,0,1,https://www.rasasilver.com/products/pushpa-kirana-kundan-studs?variant=gid://shopify/ProductVariant/53336930582825
2026-07-22 05:47:34,Pearl Garden Kundan Stud Matil,GREEN,R32196,23000.0,Restock,1,0,1,https://www.rasasilver.com/products/pearl-garden-stone-matil?variant=gid://shopify/ProductVariant/53336939430185
2026-07-22 05:47:34,Pearl Garden Kundan Stud Matil,Ruby Pink,R32215,23000.0,Restock,1,0,1,https://www.rasasilver.com/products/pearl-garden-stone-matil?variant=gid://shopify/ProductVariant/53336939462953
2026-07-22 06:03:13,Mangala Temple Studs,Default Title,R18912,7000.0,Restock,1,2,3,https://www.rasasilver.com/products/lakshika-temple-studs-copy?variant=gid://shopify/ProductVariant/53108417724713
2026-07-22 06:32:52,Om Trishakti Rakhi,Default Title,R10570,1300.0,New Arrival,1,0,1,https://www.rasasilver.com/products/om-trishakti-rakhi?variant=gid://shopify/ProductVariant/50680479744297
2026-07-22 06:32:52,Rudraksha Rakhi,Default Title,R10614,1800.0,New Arrival,1,0,1,https://www.rasasilver.com/products/rudraksha-rakhi?variant=gid://shopify/ProductVariant/50680487412009
2026-07-22 06:32:52,Ekadanta Rakhi,Default Title,R10604,3500.0,New Arrival,1,0,1,https://www.rasasilver.com/products/ekadanta-rakhi?variant=gid://shopify/ProductVariant/50680497209641
2026-07-22 06:32:52,Angry Bird Rakhi,Default Title,R10560,1300.0,New Arrival,1,0,1,https://www.rasasilver.com/products/angry-bird-rakhi-1?variant=gid://shopify/ProductVariant/50690606301481
2026-07-22 07:33:00,Mor Phoolika Mini Choker,Default Title,R3078,12800.0,Sold Out,1,1,0,https://www.rasasilver.com/products/mor-phoolika-mini-choker?variant=gid://shopify/ProductVariant/50643516784937
2026-07-22 08:03:12,Arka Chandra Kundan Set,Ruby Pink,R28612,8000.0,Sale,1,3,2,https://www.rasasilver.com/products/arka-chandra-kundan-set?variant=gid://shopify/ProductVariant/53266936070441
2026-07-22 08:33:10,Suhasini Temple Maang Tikka,Ruby Pink,R28583,3600.0,Sale,1,2,1,https://www.rasasilver.com/products/suhasini-temple-maang-tikka?variant=gid://shopify/ProductVariant/53269237760297
2026-07-22 08:33:10,Beaded Charm Ear Cuff,Default Title,R31572,1300.0,Sale,1,2,1,https://www.rasasilver.com/products/beaded-charm-ear-cuff?variant=gid://shopify/ProductVariant/53286096306473
2026-07-22 08:33:10,Vivid Band Toe Ring,Default Title,R31649,2000.0,Sale,1,2,1,https://www.rasasilver.com/products/vivid-band-toe-ring?variant=gid://shopify/ProductVariant/53289183543593
2026-07-22 08:33:10,Mayuranjali Nakshi Maang Tikka,Default Title,R31351,8000.0,Sale,1,3,2,https://www.rasasilver.com/products/mayuranjali-nakshi-maang-tikka?variant=gid://shopify/ProductVariant/53306733855017
2026-07-22 08:33:10,GajaPrabha Temple Maang Tikka,Default Title,R31204,9800.0,Sale,1,2,1,https://www.rasasilver.com/products/gajaprabha-temple-maang-tikka?variant=gid://shopify/ProductVariant/53306771177769
2026-07-22 08:33:10,Surabhi Nakshi Maang Tikka,Default Title,R26437,6750.0,Sold Out,1,1,0,https://www.rasasilver.com/products/surabhi-nakshi-maang-tikka?variant=gid://shopify/ProductVariant/52876024873257
2026-07-22 08:33:10,Shaarika Temple Maang Tikka,Default Title,R26444,7400.0,Sold Out,1,1,0,https://www.rasasilver.com/products/shaarika-temple-maang-tikka?variant=gid://shopify/ProductVariant/52876672794921
2026-07-22 08:33:10,Lakshmi Temple Mangalsutra,Orange,R31324,8000.0,Sold Out,1,1,0,https://www.rasasilver.com/products/lakshmi-temple-mangalsutra?variant=gid://shopify/ProductVariant/53307255423273
2026-07-22 08:33:10,Pearl Botanica Victorian Haath Phool,Default Title,R30747,34900.0,Sold Out,1,1,0,https://www.rasasilver.com/products/vaibhava-victorian-haath-phool?variant=gid://shopify/ProductVariant/53329663787305
2026-07-22 08:33:10,Sitare Kundan Jhumki,Default Title,R32146,16600.0,Sold Out,1,1,0,https://www.rasasilver.com/products/sitare-kundan-jhumki?variant=gid://shopify/ProductVariant/53329722966313
2026-07-22 08:33:10,Queen’s Moissanite Tikka,Default Title,R21125,18000.0,Sold Out,1,1,0,https://www.rasasilver.com/products/queen-s-moissanite-tikka-1?variant=gid://shopify/ProductVariant/53333233434921
2026-07-22 08:33:10,Emerald Regalia Victorian Tikka,Default Title,R30745,9000.0,Sold Out,1,1,0,https://www.rasasilver.com/products/emerald-regalia-victorian-tikka?variant=gid://shopify/ProductVariant/53333243724073
2026-07-22 08:33:10,Rosette Elegance Victorian Maang Tikka,Default Title,R30748,12600.0,Sold Out,1,1,0,https://www.rasasilver.com/products/rosette-elegance-victorian-maang-tikka?variant=gid://shopify/ProductVariant/53333255520553
2026-07-22 08:33:10,Violet Glow Victorian Tikka,Default Title,R30751,22200.0,Sold Out,1,1,0,https://www.rasasilver.com/products/violet-glow-victorian-tikka?variant=gid://shopify/ProductVariant/53333256044841
2026-07-22 08:33:10,Celestia Blush Moissanite Maang Tikka,Default Title,R30754,16800.0,Sold Out,1,1,0,https://www.rasasilver.com/products/celestia-blush-moissanite-maang-tikka?variant=gid://shopify/ProductVariant/53333360574761
2026-07-22 08:47:45,Navakamal CZ Glow Necklace,Default Title,R4631,23580.0,Sold Out,1,1,0,https://www.rasasilver.com/products/navakamal-cz-glow-necklace?variant=gid://shopify/ProductVariant/50577170202921
2026-07-22 08:47:45,Prithvi Nakshi Necklace,Default Title,R15073,45500.0,Sold Out,1,1,0,https://www.rasasilver.com/products/prithvi-necklace?variant=gid://shopify/ProductVariant/51368296284457
2026-07-22 08:47:45,Roshni CZ Tikka,Default Title,R21129,13400.0,Sold Out,1,1,0,https://www.rasasilver.com/products/roshni-cz-tikka?variant=gid://shopify/ProductVariant/52469382873385
2026-07-22 08:47:45,Bloomia Victorian Tikka,Default Title,R21497,15300.0,Sold Out,1,1,0,https://www.rasasilver.com/products/bloomia-victorian-tikka?variant=gid://shopify/ProductVariant/52469496414505
2026-07-22 10:47:41,Suhasini Temple Maang Tikka,Ruby Pink,R28583,3600.0,Restock,1,1,2,https://www.rasasilver.com/products/suhasini-temple-maang-tikka?variant=gid://shopify/ProductVariant/53269237760297
2026-07-22 10:47:41,Beaded Charm Ear Cuff,Default Title,R31572,1300.0,Restock,1,1,2,https://www.rasasilver.com/products/beaded-charm-ear-cuff?variant=gid://shopify/ProductVariant/53286096306473
2026-07-22 10:47:41,Vivid Band Toe Ring,Default Title,R31649,2000.0,Restock,1,1,2,https://www.rasasilver.com/products/vivid-band-toe-ring?variant=gid://shopify/ProductVariant/53289183543593
2026-07-22 10:47:41,Mayuranjali Nakshi Maang Tikka,Default Title,R31351,8000.0,Restock,1,2,3,https://www.rasasilver.com/products/mayuranjali-nakshi-maang-tikka?variant=gid://shopify/ProductVariant/53306733855017
2026-07-22 10:47:41,GajaPrabha Temple Maang Tikka,Default Title,R31204,9800.0,Restock,1,1,2,https://www.rasasilver.com/products/gajaprabha-temple-maang-tikka?variant=gid://shopify/ProductVariant/53306771177769
2026-07-22 11:03:07,Navakamal CZ Glow Necklace,Default Title,R4631,23580.0,Restock,1,0,1,https://www.rasasilver.com/products/navakamal-cz-glow-necklace?variant=gid://shopify/ProductVariant/50577170202921
2026-07-22 11:03:07,Mor Phoolika Mini Choker,Default Title,R3078,12800.0,Restock,1,0,1,https://www.rasasilver.com/products/mor-phoolika-mini-choker?variant=gid://shopify/ProductVariant/50643516784937
2026-07-22 11:03:07,Prithvi Nakshi Necklace,Default Title,R15073,45500.0,Restock,1,0,1,https://www.rasasilver.com/products/prithvi-necklace?variant=gid://shopify/ProductVariant/51368296284457
2026-07-22 11:03:07,Shree Garudika Necklace,Default Title,R17866,66100.0,Restock,1,0,1,https://www.rasasilver.com/products/shree-garudika-necklace?variant=gid://shopify/ProductVariant/51517271671081
2026-07-22 11:03:07,Roshni CZ Tikka,Default Title,R21129,13400.0,Restock,1,0,1,https://www.rasasilver.com/products/roshni-cz-tikka?variant=gid://shopify/ProductVariant/52469382873385
2026-07-22 11:03:07,Bloomia Victorian Tikka,Default Title,R21497,15300.0,Restock,1,0,1,https://www.rasasilver.com/products/bloomia-victorian-tikka?variant=gid://shopify/ProductVariant/52469496414505
2026-07-22 11:03:07,Surabhi Nakshi Maang Tikka,Default Title,R26437,6750.0,Restock,1,0,1,https://www.rasasilver.com/products/surabhi-nakshi-maang-tikka?variant=gid://shopify/ProductVariant/52876024873257
2026-07-22 11:03:07,Shaarika Temple Maang Tikka,Default Title,R26444,7400.0,Restock,1,0,1,https://www.rasasilver.com/products/shaarika-temple-maang-tikka?variant=gid://shopify/ProductVariant/52876672794921
2026-07-22 11:03:07,Lakshmi Temple Mangalsutra,Orange,R31324,8000.0,Restock,1,0,1,https://www.rasasilver.com/products/lakshmi-temple-mangalsutra?variant=gid://shopify/ProductVariant/53307255423273
2026-07-22 11:03:07,Pearl Botanica Victorian Haath Phool,Default Title,R30747,34900.0,Restock,1,0,1,https://www.rasasilver.com/products/vaibhava-victorian-haath-phool?variant=gid://shopify/ProductVariant/53329663787305
2026-07-22 11:03:07,Sitare Kundan Jhumki,Default Title,R32146,16600.0,Restock,1,0,1,https://www.rasasilver.com/products/sitare-kundan-jhumki?variant=gid://shopify/ProductVariant/53329722966313
2026-07-22 11:03:07,Queen’s Moissanite Tikka,Default Title,R21125,18000.0,Restock,1,0,1,https://www.rasasilver.com/products/queen-s-moissanite-tikka-1?variant=gid://shopify/ProductVariant/53333233434921
2026-07-22 11:03:07,Emerald Regalia Victorian Tikka,Default Title,R30745,9000.0,Restock,1,0,1,https://www.rasasilver.com/products/emerald-regalia-victorian-tikka?variant=gid://shopify/ProductVariant/53333243724073
2026-07-22 11:03:07,Rosette Elegance Victorian Maang Tikka,Default Title,R30748,12600.0,Restock,1,0,1,https://www.rasasilver.com/products/rosette-elegance-victorian-maang-tikka?variant=gid://shopify/ProductVariant/53333255520553
2026-07-22 11:03:07,Violet Glow Victorian Tikka,Default Title,R30751,22200.0,Restock,1,0,1,https://www.rasasilver.com/products/violet-glow-victorian-tikka?variant=gid://shopify/ProductVariant/53333256044841
2026-07-22 11:03:07,Celestia Blush Moissanite Maang Tikka,Default Title,R30754,16800.0,Restock,1,0,1,https://www.rasasilver.com/products/celestia-blush-moissanite-maang-tikka?variant=gid://shopify/ProductVariant/53333360574761
2026-07-22 11:33:02,Til-Phool Ruby Pendant Set,Ruby Pink,R17524,7800.0,Sale,1,2,1,https://www.rasasilver.com/products/27?variant=gid://shopify/ProductVariant/51472862249257
2026-07-22 11:33:02,Mani Sita Navaratna Necklace,GREEN,R22868,33000.0,Sale,1,4,3,https://www.rasasilver.com/products/mani-sita-necklace?variant=gid://shopify/ProductVariant/52398120698153
2026-07-22 11:33:02,Svarna Dhaneshwari Necklace,Default Title,R17860,78900.0,Sale,1,2,1,https://www.rasasilver.com/products/svarna-dhaneshwari-necklace?variant=gid://shopify/ProductVariant/51517301096745
2026-07-22 11:33:02,Gajora CZ Pendant Set,Default Title,R20950,34100.0,Sale,1,5,4,https://www.rasasilver.com/products/gajora-noor-cz-pendant-set?variant=gid://shopify/ProductVariant/52330997776681
2026-07-22 11:33:02,Kesariya Rekha Necklace Set,Default Title,R21007,74800.0,Sale,1,2,1,https://www.rasasilver.com/products/kesariya-rekha-necklace-set?variant=gid://shopify/ProductVariant/52338308120873
2026-07-22 11:33:02,Morvya Kasu Necklace,Default Title,R22672,101200.0,Sale,1,4,3,https://www.rasasilver.com/products/morvya-kasu-necklace?variant=gid://shopify/ProductVariant/52393214705961
2026-07-22 11:33:02,Lady Briar Victorian Necklace,Default Title,R22213,20350.0,Sale,1,2,1,https://www.rasasilver.com/products/victorian-necklace?variant=gid://shopify/ProductVariant/52664570839337
2026-07-22 11:33:02,Suvarna Moissanite Necklace Set,Default Title,R24701,101200.0,Sale,1,2,1,https://www.rasasilver.com/products/suvarna-sutra-moissanite-necklace?variant=gid://shopify/ProductVariant/52682348495145
2026-07-22 11:33:02,Pear-Bloom CZ Necklace,Default Title,R25497,15300.0,Sale,1,3,2,https://www.rasasilver.com/products/pear-bloom-cz-necklace?variant=gid://shopify/ProductVariant/52712536637737
2026-07-22 11:33:02,Mallikaara CZ Necklace,GREEN,R26740,69100.0,Sale,1,2,1,https://www.rasasilver.com/products/elovique-cz-necklace-copy?variant=gid://shopify/ProductVariant/52870897729833
2026-07-22 11:33:02,Pearika Drop CZ Necklace Set,Default Title,R25215,20700.0,Sale,1,2,1,https://www.rasasilver.com/products/floral-bliss-tear-necklace-set-copy?variant=gid://shopify/ProductVariant/52876057706793
2026-07-22 11:33:02,Fleur CZ Necklace Set,Default Title,R26871,30000.0,Sale,1,2,1,https://www.rasasilver.com/products/ovara-flora-cz-necklace-set-copy-1?variant=gid://shopify/ProductVariant/52885395145001
2026-07-22 11:33:02,Aurora Shine Hoops,Default Title,R28379,7300.0,Sale,1,3,2,https://www.rasasilver.com/products/aurora-shine-hoops?variant=gid://shopify/ProductVariant/53130074718505
2026-07-22 11:33:02,Stellar Petals CZ Necklace,Default Title,R29523,12900.0,Sale,1,2,1,https://www.rasasilver.com/products/stellar-petals-cz-necklace?variant=gid://shopify/ProductVariant/53282550481193
2026-07-22 11:33:02,Maharani Victorian Long Necklace,Default Title,R1407,213800.0,Sold Out,1,1,0,https://www.rasasilver.com/products/maharani-victorian-long-necklace?variant=gid://shopify/ProductVariant/49866582130985
2026-07-22 11:33:02,Veeralakshmi Short Necklace,Default Title,R1863,57700.0,Sold Out,1,1,0,https://www.rasasilver.com/products/veeralakshmi-short-necklace?variant=gid://shopify/ProductVariant/50037880946985
2026-07-22 11:33:02,Nayanika Nakshi Necklace,RED,R3034,93000.0,Sold Out,1,1,0,https://www.rasasilver.com/products/nayanika-necklace?variant=gid://shopify/ProductVariant/50278891618601
2026-07-22 11:33:02,Divya Grace Short Necklace,Default Title,R3116,76700.0,Sold Out,1,1,0,https://www.rasasilver.com/products/divya-grace?variant=gid://shopify/ProductVariant/50226156994857
2026-07-22 11:33:02,Adi Lakshmi Mala,Default Title,R3023,76100.0,Sold Out,1,1,0,https://www.rasasilver.com/products/adi-lakshmi-mala?variant=gid://shopify/ProductVariant/50278504988969
2026-07-22 11:33:02,Rosaline Crown Necklace Set,Default Title,R7214,57200.0,Sold Out,1,1,0,https://www.rasasilver.com/products/rosaline-crown-necklace-set?variant=gid://shopify/ProductVariant/50543717712169
2026-07-22 11:33:02,Lady of the Manor Necklace Set,Default Title,R9511,32900.0,Sold Out,1,1,0,https://www.rasasilver.com/products/lady-of-the-manor-necklace-set?variant=gid://shopify/ProductVariant/50603467309353
2026-07-22 11:33:02,Blush Serenity Choker Set,Default Title,R11524,58600.0,Sold Out,1,1,0,https://www.rasasilver.com/products/blush-serenity-choker-set?variant=gid://shopify/ProductVariant/51204909236521
2026-07-22 11:33:02,Empress Solaria Bangles,Default Title,R12058,40900.0,Sold Out,1,1,0,https://www.rasasilver.com/products/empress-solaria-bangles?variant=gid://shopify/ProductVariant/51212076319017
2026-07-22 11:33:02,Phool Dhara Necklace Set,Default Title,R15860,42700.0,Sold Out,1,1,0,https://www.rasasilver.com/products/necklace-set-58?variant=gid://shopify/ProductVariant/51349023490345
2026-07-22 11:33:02,Shreenaya Choker Set,Default Title,R17791,41000.0,Sold Out,1,1,0,https://www.rasasilver.com/products/shreenaya-choker-set?variant=gid://shopify/ProductVariant/51514110738729
2026-07-22 11:33:02,Flor Lirya Necklace Set,Default Title,R18192,96200.0,Sold Out,1,1,0,https://www.rasasilver.com/products/florinexa-pear-necklace-set-copy?variant=gid://shopify/ProductVariant/52024623628585
2026-07-22 11:33:02,Flora Crimson Necklace Set,Default Title,R19096,37500.0,Sold Out,1,1,0,https://www.rasasilver.com/products/flora-crimson-pear-necklace-set?variant=gid://shopify/ProductVariant/52170147823913
2026-07-22 11:33:02,Shrimaya Temple Necklace,Default Title,R22094,80600.0,Sold Out,1,1,0,https://www.rasasilver.com/products/shrimaya-temple-necklace?variant=gid://shopify/ProductVariant/52337559929129
2026-07-22 11:33:02,Hexa Victorian Necklace Set,Default Title,R22314,25300.0,Sold Out,1,1,0,https://www.rasasilver.com/products/hexa-victorian-necklace-set?variant=gid://shopify/ProductVariant/52377912377641
2026-07-22 11:33:02,Rajyalakshmi Temple Necklace,Default Title,R23190,34740.0,Sold Out,1,1,0,https://www.rasasilver.com/products/rajyalakshmi-temple-necklace?variant=gid://shopify/ProductVariant/52450661171497
2026-07-22 11:33:02,Victorian Belle Necklace Set,Default Title,R20542,77310.0,Sold Out,1,1,0,https://www.rasasilver.com/products/victorian-belle-necklace-set?variant=gid://shopify/ProductVariant/52469905555753
2026-07-22 11:33:02,Bloom Pop CZ Necklace Set,Default Title,R23109,39690.0,Sold Out,1,1,0,https://www.rasasilver.com/products/bloom-pop-cz-necklace-set?variant=gid://shopify/ProductVariant/52553896001833
2026-07-22 12:17:53,Mani Bandha Bangles,2.4,R14974,19300.0,Restock,1,6,7,https://www.rasasilver.com/products/mani-bandha-bangles?variant=gid://shopify/ProductVariant/52263721697577
2026-07-22 12:17:53,Pearl Botanica Victorian Haath Phool,Default Title,R30747,34900.0,Restock,1,1,2,https://www.rasasilver.com/products/vaibhava-victorian-haath-phool?variant=gid://shopify/ProductVariant/53329663787305
2026-07-22 12:32:50,Navakari Stud Earrings,Default Title,R17304,2200.0,Sale,1,2,1,https://www.rasasilver.com/products/nava-kari-studs?variant=gid://shopify/ProductVariant/50157703921961
2026-07-22 12:32:50,Botanique Stud Earrings,Default Title,R15982,2300.0,Sale,1,7,6,https://www.rasasilver.com/products/botanique-studs?variant=gid://shopify/ProductVariant/50158205501737
2026-07-22 12:47:47,Mirvanki Stone Ring,Default Title,R25935,1800.0,Sold Out,1,1,0,https://www.rasasilver.com/products/ring-21?variant=gid://shopify/ProductVariant/52291044311337
2026-07-22 13:03:22,Navora Stud Earrings,Default Title,R17411,4000.0,Restock,1,0,1,https://www.rasasilver.com/products/navora-studs?variant=gid://shopify/ProductVariant/50643117310249
2026-07-22 13:03:22,Rubora Stud Earrings,Default Title,R20381,2100.0,Restock,1,9,10,https://www.rasasilver.com/products/rubora-oval-studs?variant=gid://shopify/ProductVariant/50809700581673
2026-07-22 13:03:22,Emerald Swanora Necklace,Default Title,R14063,35000.0,Restock,1,0,1,https://www.rasasilver.com/products/necklace-53?variant=gid://shopify/ProductVariant/51257378308393
2026-07-22 13:03:22,Florya Victorian Bangles,2.8,R20213,49200.0,Restock,1,0,1,https://www.rasasilver.com/products/florya-bangles?variant=gid://shopify/ProductVariant/52279481794857
2026-07-22 13:03:22,Pear-Bloom CZ Necklace,Default Title,R25497,15300.0,Restock,2,2,4,https://www.rasasilver.com/products/pear-bloom-cz-necklace?variant=gid://shopify/ProductVariant/52712536637737
2026-07-22 13:03:22,Chakra-Floral Nakshi Studs,Default Title,R28585,4800.0,Restock,1,0,1,https://www.rasasilver.com/products/chakra-floral-nakshi-studs?variant=gid://shopify/ProductVariant/53266808471849
2026-07-22 13:03:22,Bloom-Line CZ Danglers,Default Title,R29566,6700.0,Restock,1,0,1,https://www.rasasilver.com/products/bloom-line-cz-danglers?variant=gid://shopify/ProductVariant/53283009986857
2026-07-22 13:17:58,Gul Roha Necklace Set,Default Title,R5010,40500.0,Restock,1,0,1,https://www.rasasilver.com/products/gul-roha-necklace-set?variant=gid://shopify/ProductVariant/50443665899817
2026-07-22 13:17:58,Jewel of Mayura Necklace Set,Default Title,R8468,47500.0,Restock,1,0,1,https://www.rasasilver.com/products/jewel-of-mayura-necklace-set?variant=gid://shopify/ProductVariant/50977419297065
2026-07-22 13:17:58,Mayuraflora Polki Danglers,Default Title,R18475,31000.0,Restock,1,0,1,https://www.rasasilver.com/products/mayuraflora-danglers?variant=gid://shopify/ProductVariant/52170005709097
2026-07-22 14:03:34,Maharani Kundan Ring,12,R13445,24300.0,Sale,1,2,1,https://www.rasasilver.com/products/ring?variant=gid://shopify/ProductVariant/52279496016169
2026-07-22 14:03:34,Rivya Moissanite Hoops,Default Title,R28096,4100.0,Sale,1,3,2,https://www.rasasilver.com/products/rivya-moissanite-danglers?variant=gid://shopify/ProductVariant/53150105829673
2026-07-22 14:03:34,Fiorenza Pearl Choker Set,Default Title,R12537,41400.0,Sold Out,1,1,0,https://www.rasasilver.com/products/fiorenza-pearl-choker-set?variant=gid://shopify/ProductVariant/50836082786601
2026-07-22 14:03:34,Florinite Hip Belt,Default Title,R12417,79200.0,Sold Out,1,1,0,https://www.rasasilver.com/products/florinite-hip-belt?variant=gid://shopify/ProductVariant/50839082434857
2026-07-22 14:03:34,Moissa Rosavive Ring,Default Title,R12342,6300.0,Sold Out,1,1,0,https://www.rasasilver.com/products/moissa-rosavive-ring?variant=gid://shopify/ProductVariant/50839815356713
2026-07-22 14:47:46,Saanjh Stone Earring,Ruby Pink,R11780,3500.0,Sale,1,15,14,https://www.rasasilver.com/products/saanjh-earring?variant=gid://shopify/ProductVariant/50869131313449
2026-07-22 14:47:46,Kundan Kalakriti Jhumki,GREEN,R10170,17900.0,Restock,1,0,1,https://www.rasasilver.com/products/by?variant=gid://shopify/ProductVariant/50869312520489
2026-07-22 14:47:46,Kundan Kalakriti Jhumki,Ruby Pink,R11838,17900.0,Sale,1,4,3,https://www.rasasilver.com/products/by?variant=gid://shopify/ProductVariant/50869312553257
2026-07-22 14:47:46,Ovalor Stone Ring,Ruby Pink,R17311,3450.0,Sale,2,9,7,https://www.rasasilver.com/products/ovalor-ring?variant=gid://shopify/ProductVariant/51472177692969
2026-07-22 14:47:46,Ovalor Stone Ring,GREEN,R17361,3450.0,Sale,1,9,8,https://www.rasasilver.com/products/ovalor-ring?variant=gid://shopify/ProductVariant/51472177725737
2026-07-22 14:47:46,Gulabika Stone Ring,Ruby Pink,R10153,3000.0,Sale,1,13,12,https://www.rasasilver.com/products/gulabika-ring?variant=gid://shopify/ProductVariant/50635362205993
2026-07-22 14:47:46,Phool Patra Ring,GREEN,R17375,3000.0,Sale,3,7,4,https://www.rasasilver.com/products/phool-patra-ring?variant=gid://shopify/ProductVariant/50635383046441
2026-07-22 14:47:46,Ruby Rohini Studs,Default Title,R10528,3600.0,Sale,1,3,2,https://www.rasasilver.com/products/ruby-rohini-studs?variant=gid://shopify/ProductVariant/50711198564649
2026-07-22 14:47:46,Amulya Bindhu Stud Earrings,Default Title,R10582,3600.0,Sale,1,7,6,https://www.rasasilver.com/products/studs-1?variant=gid://shopify/ProductVariant/50777406243113
2026-07-22 14:47:46,Ovalika Stone Danglers,Default Title,R11743,3300.0,Sale,2,11,9,https://www.rasasilver.com/products/ovalika-danglers?variant=gid://shopify/ProductVariant/50808249778473
2026-07-22 14:47:46,Rudravya Stone Studs,Default Title,R20408,2400.0,Sale,1,10,9,https://www.rasasilver.com/products/rudravya-studs?variant=gid://shopify/ProductVariant/50808567595305
2026-07-22 14:47:46,Kesarvi Stud Earrings,Ruby Pink,R11816,2790.0,Sale,1,5,4,https://www.rasasilver.com/products/kesarvi-studs?variant=gid://shopify/ProductVariant/50809295503657
2026-07-22 14:47:46,Rosvara Pendant Set,Default Title,R11770,4600.0,Sale,1,4,3,https://www.rasasilver.com/products/rosvara-pendant-set?variant=gid://shopify/ProductVariant/50809158959401
2026-07-22 14:47:46,Rubora Stud Earrings,Default Title,R20381,2100.0,Sale,1,10,9,https://www.rasasilver.com/products/rubora-oval-studs?variant=gid://shopify/ProductVariant/50809700581673
2026-07-22 14:47:46,Yashika Ratnavali Studs,Green,R20481,4800.0,Sale,1,3,2,https://www.rasasilver.com/products/yashika-ratnavali-studs?variant=gid://shopify/ProductVariant/52279122362665
2026-07-22 14:47:46,Prakriti Garuda Pendant,Default Title,R14636,34700.0,Restock,1,0,1,https://www.rasasilver.com/products/pendant-11?variant=gid://shopify/ProductVariant/51317619261737
2026-07-22 14:47:46,Ruvanya Stone Ring,Ruby Pink / 12,R16060,3100.0,Restock,1,0,1,https://www.rasasilver.com/products/ring-22?variant=gid://shopify/ProductVariant/51350170468649
2026-07-22 14:47:46,Kanchan Spark Stud Earrings,Default Title,R17422,3100.0,Sale,2,18,16,https://www.rasasilver.com/products/kanchan-spark-studs?variant=gid://shopify/ProductVariant/51488632471849
2026-07-22 14:47:46,Mayura Lekha Pendant,Default Title,R15092,20900.0,Restock,1,0,1,https://www.rasasilver.com/products/mayura-lekha-pendant?variant=gid://shopify/ProductVariant/51489255686441
2026-07-22 14:47:46,Rosinea Stone Ring,Ruby Pink / 5.4,R16678,3600.0,Sale,1,4,3,https://www.rasasilver.com/products/rosinea-ring?variant=gid://shopify/ProductVariant/52166954811689
2026-07-22 14:47:46,Rosalya Stone Ring,Ruby Pink / 5.4,R16685,3400.0,Sale,1,5,4,https://www.rasasilver.com/products/rosalya-ring?variant=gid://shopify/ProductVariant/52166987907369
2026-07-22 14:47:46,Mani Kaasu Temple Bangles,Default Title,R22874,40700.0,Restock,1,2,3,https://www.rasasilver.com/products/mani-kaasu-temple-bangles?variant=gid://shopify/ProductVariant/52338209947945
2026-07-22 14:47:46,Peacock Nakshi Necklace,Default Title,R22272,36360.0,Restock,1,0,1,https://www.rasasilver.com/products/peacock-nakshi-necklace?variant=gid://shopify/ProductVariant/52420011852073
2026-07-22 14:47:46,Tara Stone Bangles,2.4,R24394,26600.0,Restock,1,1,2,https://www.rasasilver.com/products/tara-stone-bangles?variant=gid://shopify/ProductVariant/52553600893225
2026-07-22 14:47:46,Gulnaar Antique Danglers,Default Title,R23324,12000.0,Sale,1,3,2,https://www.rasasilver.com/products/gulnaar-antique-danglers-1?variant=gid://shopify/ProductVariant/52623007056169
2026-07-22 14:47:46,Parrot Kundan Mangalsutra,Swarovski,R25262,7150.0,Restock,1,0,1,https://www.rasasilver.com/products/parrot-kundan-mangalsutra?variant=gid://shopify/ProductVariant/52678728155433
2026-07-22 14:47:46,Manimala Kasu Temple Necklace,Default Title,R25191,36200.0,Sale,1,2,1,https://www.rasasilver.com/products/manimala-kasu-short-necklace?variant=gid://shopify/ProductVariant/52682145431849
2026-07-22 14:47:46,Dakshina Kundan Pendant,Default Title,R24956,22600.0,Restock,1,4,5,https://www.rasasilver.com/products/dakshina-kundan-pendant?variant=gid://shopify/ProductVariant/52748266471721
2026-07-22 14:47:46,Manglika Kundan Necklace,Default Title,R25829,77150.0,Restock,1,0,1,https://www.rasasilver.com/products/manglika-kundan-necklace?variant=gid://shopify/ProductVariant/52758191866153
2026-07-22 14:47:46,Shri-Nava Temple Bangles,2.6,R22958,18800.0,Restock,1,2,3,https://www.rasasilver.com/products/shri-nava-temple-bangles?variant=gid://shopify/ProductVariant/52798111777065
2026-07-22 14:47:46,Shri-Nava Temple Bangles,2.8,R22958,18800.0,Restock,1,2,3,https://www.rasasilver.com/products/shri-nava-temple-bangles?variant=gid://shopify/ProductVariant/52798111809833
2026-07-22 14:47:46,Kundankari Kundan Bangles,Default Title,R23851,63750.0,Restock,1,0,1,https://www.rasasilver.com/products/kundankari-kundan-bangles?variant=gid://shopify/ProductVariant/52831610274089
2026-07-22 14:47:46,Althira Kundan Matil,GREEN,R25275,18850.0,Restock,1,0,1,https://www.rasasilver.com/products/althira-matil?variant=gid://shopify/ProductVariant/52897925660969
2026-07-22 14:47:46,Zirconika Stone Ring,Ruby Pink,R25336,2600.0,Sale,1,3,2,https://www.rasasilver.com/products/zirconika-stone-ring-copy?variant=gid://shopify/ProductVariant/53064066040105
2026-07-22 14:47:46,Parijata Stone Jhumki,Default Title,R26378,4500.0,Sale,1,2,1,https://www.rasasilver.com/products/parijata-stone-jhumki?variant=gid://shopify/ProductVariant/53149867016489
2026-07-22 14:47:46,Aarvika Stone Jhumkis,Default Title,R28551,4000.0,Restock,1,0,1,https://www.rasasilver.com/products/aarvika-stone-jhumkis?variant=gid://shopify/ProductVariant/53266578833705
2026-07-22 14:47:46,Pear-Panna Stone Matil,Default Title,R28511,14000.0,Restock,1,0,1,https://www.rasasilver.com/products/pear-panna-stone-matil?variant=gid://shopify/ProductVariant/53267719192873
2026-07-22 14:47:46,Stone Phoolwari Danglers,Default Title,R30416,11500.0,Restock,1,0,1,https://www.rasasilver.com/products/stone-phoolwari-danglers?variant=gid://shopify/ProductVariant/53302554460457
2026-07-22 14:47:46,Vana Glow Stone Bangles,2.4,R31250,27700.0,Sale,1,2,1,https://www.rasasilver.com/products/vana-glow-stone-bangles?variant=gid://shopify/ProductVariant/53324642615593
2026-07-22 14:47:46,Pear-Phool Antique Bangles,2.6,R31281,29800.0,Sale,1,2,1,https://www.rasasilver.com/products/pear-phool-antique-bangles?variant=gid://shopify/ProductVariant/53324729483561
2026-07-22 14:47:46,Navagraha Stone Jhumki,Default Title,R15437,12200.0,Sold Out,1,1,0,https://www.rasasilver.com/products/navagraha-jhumkis?variant=gid://shopify/ProductVariant/51468876251433
2026-07-22 14:47:46,Ivypear Victorian Ring,Default Title,R22044,4000.0,Sold Out,1,1,0,https://www.rasasilver.com/products/ivypear-victorian-ring?variant=gid://shopify/ProductVariant/52333700153641
2026-07-22 14:47:46,Moss & Light Moissanite Studs,Default Title,R22733,16650.0,Sold Out,1,1,0,https://www.rasasilver.com/products/moss-light-moissanite-studs?variant=gid://shopify/ProductVariant/52535056302377
2026-07-22 14:47:46,Rosaline Victorian Ring,8,R22104,6000.0,Sold Out,1,1,0,https://www.rasasilver.com/products/victorian-ring?variant=gid://shopify/ProductVariant/52667252146473
2026-07-22 14:47:46,Padmashila Temple Bangles,2.4,R25771,24100.0,Sold Out,1,1,0,https://www.rasasilver.com/products/suvritti-antique-bangles-copy?variant=gid://shopify/ProductVariant/52881426972969
2026-07-22 14:47:46,Padmashila Temple Bangles,2.6,R25771,24100.0,Sold Out,1,1,0,https://www.rasasilver.com/products/suvritti-antique-bangles-copy?variant=gid://shopify/ProductVariant/52881427005737
2026-07-22 14:47:46,Mahashri Temple Danglers,Default Title,R28626,3900.0,Sold Out,1,1,0,https://www.rasasilver.com/products/mahashri-temple-danglers?variant=gid://shopify/ProductVariant/53266346901801
2026-07-22 14:47:46,Stone Florelle Bangles,2.9,R29453,25500.0,Sold Out,1,1,0,https://www.rasasilver.com/products/stone-florelle-bangles?variant=gid://shopify/ProductVariant/53283971465513
2026-07-22 15:03:14,Manikya Mandap Necklace Set,Default Title,R12514,80900.0,Restock,1,0,1,https://www.rasasilver.com/products/manikya-mandap-necklace-set?variant=gid://shopify/ProductVariant/50835858227497
2026-07-22 15:03:14,Raj-Kusum Kundan Jhumki,Default Title,R13494,22700.0,Restock,1,2,3,https://www.rasasilver.com/products/raj-kusum-jhumkis?variant=gid://shopify/ProductVariant/51205608177961
2026-07-22 15:03:14,Pearlesque Polki Choker Set,Default Title,R20268,44500.0,Restock,1,0,1,https://www.rasasilver.com/products/pearlesque-bloom-choker-set?variant=gid://shopify/ProductVariant/52279246848297
2026-07-22 15:03:14,Amrakshi Kundan Necklace,Default Title,R25854,113850.0,Restock,1,0,1,https://www.rasasilver.com/products/kundan-necklace-1?variant=gid://shopify/ProductVariant/52741761401129
2026-07-22 15:03:14,Padmiva Kundan Necklace,Default Title,R25053,26300.0,Restock,1,0,1,https://www.rasasilver.com/products/padmiva-kundan-necklace?variant=gid://shopify/ProductVariant/52751723528489
2026-07-22 15:03:14,Chakra-Mango Nakshi Studs,Default Title,R31893,3200.0,Sold Out,1,1,0,https://www.rasasilver.com/products/chakra-mango-nakshi-studs?variant=gid://shopify/ProductVariant/53290795663657
2026-07-22 15:03:14,Petal Harmony Nakshi Studs,Default Title,R31897,3300.0,Sold Out,1,1,0,https://www.rasasilver.com/products/petal-harmony-nakshi-studs?variant=gid://shopify/ProductVariant/53290806477097
2026-07-22 15:17:54,Rose Prestige Ring,Default Title,R31599,1400.0,Sale,1,2,1,https://www.rasasilver.com/products/rose-prestige-ring?variant=gid://shopify/ProductVariant/53288195916073
2026-07-22 15:32:56,Kiranaratna Stud Earrings,Default Title,R17286,4400.0,Sale,1,11,10,https://www.rasasilver.com/products/kiranaratna-studs?variant=gid://shopify/ProductVariant/50152979005737
2026-07-22 15:32:56,Panna Kanti Stone Studs,Default Title,R31433,4200.0,Sold Out,1,1,0,https://www.rasasilver.com/products/panna-kanti-stone-studs?variant=gid://shopify/ProductVariant/53292125552937
2026-07-22 15:47:38,Czpearra Cz Diamond Necklace,Default Title,R17683,12500.0,Sale,1,2,1,https://www.rasasilver.com/products/czpearra-necklace?variant=gid://shopify/ProductVariant/51509447295273
2026-07-22 15:47:38,Aabira Bracelet,Default Title,R28380,4200.0,Sale,1,2,1,https://www.rasasilver.com/products/aabira-bracelet?variant=gid://shopify/ProductVariant/53126007259433
2026-07-23 05:47:54,Temple Kripa Studs,Default Title,R25153,3000.0,Sale,1,2,1,https://www.rasasilver.com/products/temple-studs?variant=gid://shopify/ProductVariant/52677489787177
2026-07-23 06:32:52,Temple Kripa Studs,Default Title,R25153,3000.0,Sold Out,1,1,0,https://www.rasasilver.com/products/temple-studs?variant=gid://shopify/ProductVariant/52677489787177
2026-07-23 07:03:10,Pushpmani Dangle Earrings,GREEN,R20369,6100.0,Sale,1,3,2,https://www.rasasilver.com/products/pushpmani-danglers?variant=gid://shopify/ProductVariant/52279154049321
2026-07-23 07:03:10,Victorian Crownline Bangles,2.6,R20203,84600.0,Sale,1,2,1,https://www.rasasilver.com/products/victorian-crownline-bangles?variant=gid://shopify/ProductVariant/52209662230825
2026-07-23 07:03:10,Chandrika Devi Danglers,Default Title,R7562,10800.0,Sold Out,1,1,0,https://www.rasasilver.com/products/chandrika-devi-danglers?variant=gid://shopify/ProductVariant/50712099488041
2026-07-23 07:03:10,Essenza Emerald Danglers,Default Title,R4223,26900.0,Sold Out,1,1,0,https://www.rasasilver.com/products/essenza-emerald-danglers?variant=gid://shopify/ProductVariant/51062652567849
2026-07-23 07:03:10,Ruby Plumage Earrings,Default Title,R13501,15700.0,Sold Out,1,1,0,https://www.rasasilver.com/products/ruby-plumage-danglers?variant=gid://shopify/ProductVariant/51217412751657
2026-07-23 07:03:10,Floréya Stone Bangles,2.6,R25471,21450.0,Sold Out,1,1,0,https://www.rasasilver.com/products/floreya-stone-bangles?variant=gid://shopify/ProductVariant/52798061674793
2026-07-23 07:03:10,Kusintha Antique Choker,Default Title,R24592,47600.0,Sold Out,1,1,0,https://www.rasasilver.com/products/rosavira-antique-choker-copy?variant=gid://shopify/ProductVariant/52866174681385
2026-07-23 07:03:10,Reversible Kundan Necklace,Default Title,R28440,27900.0,Sold Out,1,1,0,https://www.rasasilver.com/products/reversible-kundan-necklace?variant=gid://shopify/ProductVariant/53266597937449
2026-07-23 07:03:10,Kusum Gutta Pasalu Danglers,Default Title,R30423,13000.0,Sold Out,1,1,0,https://www.rasasilver.com/products/kusum-gutta-pasalu-danglers?variant=gid://shopify/ProductVariant/53302646997289
2026-07-23 07:17:49,Kamala Ranjani Pendant,Default Title,R17414,13000.0,Sale,1,8,7,https://www.rasasilver.com/products/kamala-ranjani-pendant?variant=gid://shopify/ProductVariant/50649020530985
2026-07-23 07:17:49,Rudravya Stone Studs,Default Title,R20408,2400.0,Sale,1,9,8,https://www.rasasilver.com/products/rudravya-studs?variant=gid://shopify/ProductVariant/50808567595305
2026-07-23 07:33:03,AuraRiva Stone Bangles,2.6,R25468,19000.0,Sold Out,1,1,0,https://www.rasasilver.com/products/stone-bangles-1?variant=gid://shopify/ProductVariant/52798044832041
2026-07-23 08:03:28,Aaryushi Silver Payal,GREEN,R16459,20100.0,Sale,1,3,2,https://www.rasasilver.com/products/aaryushi-payal?variant=gid://shopify/ProductVariant/51495379304745
2026-07-23 08:03:28,Loop-Love Ring,Default Title,R31585,1600.0,Sale,1,5,4,https://www.rasasilver.com/products/loop-love-ring?variant=gid://shopify/ProductVariant/53288183136553
2026-07-23 08:17:37,Crystina Stone Bangles,2.6,R14990,22200.0,Sale,1,4,3,https://www.rasasilver.com/products/crystina-bangles?variant=gid://shopify/ProductVariant/52263713636649
2026-07-23 08:17:37,Circle of Light Bangles,2.6,R17395,18400.0,Sale,1,3,2,https://www.rasasilver.com/products/circle-of-light-bangles?variant=gid://shopify/ProductVariant/52263523156265
2026-07-23 08:17:37,Circle of Light Bangles,2.5,R17395,18400.0,Sale,1,3,2,https://www.rasasilver.com/products/circle-of-light-bangles?variant=gid://shopify/ProductVariant/52266648305961
2026-07-23 08:17:37,Narayani Temple Pendant,Default Title,R13952,31100.0,Sale,1,2,1,https://www.rasasilver.com/products/narayani-temple-pendant?variant=gid://shopify/ProductVariant/52397758349609
2026-07-23 08:17:37,Vaibhavmala Temple Kasu Necklace,Default Title,R26075,46750.0,Sale,1,3,2,https://www.rasasilver.com/products/vaibhavmala-temple-kasu-necklace?variant=gid://shopify/ProductVariant/52871775256873
2026-07-23 08:17:37,Chanchala Temple Bangles,2.5,R26070,49350.0,Sale,1,2,1,https://www.rasasilver.com/products/chanchala-temple-bangles?variant=gid://shopify/ProductVariant/52915521519913
2026-07-23 08:17:37,Chanchala Temple Bangles,2.6,R26070,49350.0,Sale,1,2,1,https://www.rasasilver.com/products/chanchala-temple-bangles?variant=gid://shopify/ProductVariant/52915521552681
2026-07-23 08:17:37,Square-Greena Stone Bangles,2.7,R30326,20600.0,Sale,1,2,1,https://www.rasasilver.com/products/square-greena-stone-bangles?variant=gid://shopify/ProductVariant/53315097428265
2026-07-23 08:17:37,Oval-Pushp Stone Bangles,2.4,R31252,19400.0,Sale,1,3,2,https://www.rasasilver.com/products/oval-pushp-stone-bangles?variant=gid://shopify/ProductVariant/53324650414377
2026-07-23 08:17:37,Pearl Poise Polki Choker,Default Title,R2998,73900.0,Sold Out,1,1,0,https://www.rasasilver.com/products/pearl-poise-choker?variant=gid://shopify/ProductVariant/50180655612201
2026-07-23 08:17:37,Pankhuri Kundan Nath,Default Title,R2566,15100.0,Sold Out,1,1,0,https://www.rasasilver.com/products/pankhuri-nath?variant=gid://shopify/ProductVariant/50198018130217
2026-07-23 08:17:37,Swanika Short Necklace,Default Title,R15074,72200.0,Sold Out,1,1,0,https://www.rasasilver.com/products/nirva-mor-short-necklace?variant=gid://shopify/ProductVariant/51418403701033
2026-07-23 08:17:37,Mahaviraa Indo- Western Necklace,Default Title,R18046,67300.0,Sold Out,1,1,0,https://www.rasasilver.com/products/mahaviraa-necklace?variant=gid://shopify/ProductVariant/51495578698025
2026-07-23 08:17:37,Sanskaar Kundan Necklace,GREEN,R26653,73500.0,Sold Out,1,1,0,https://www.rasasilver.com/products/sanskaar-kundan-necklace?variant=gid://shopify/ProductVariant/52885729444137
2026-07-23 08:17:37,Blossira Antique Bangles,Default Title,R28293,50500.0,Sold Out,1,1,0,https://www.rasasilver.com/products/blossira-antique-bangles?variant=gid://shopify/ProductVariant/53173673656617
2026-07-23 08:33:08,Meher Kundan Septum Ring,Default Title,R25280,900.0,New Arrival,1,0,1,https://www.rasasilver.com/products/meher-kundan-septum-ring?variant=gid://shopify/ProductVariant/52680471871785
2026-07-23 08:33:08,Rosebud Ring,Default Title,R27065,2400.0,Sale,1,2,1,https://www.rasasilver.com/products/rosebud-cz-ring?variant=gid://shopify/ProductVariant/53163269423401
2026-07-23 08:47:52,Rosebud Ring,Default Title,R27065,2400.0,Restock,1,1,2,https://www.rasasilver.com/products/rosebud-cz-ring?variant=gid://shopify/ProductVariant/53163269423401
2026-07-23 09:17:12,Ruby Fiora Necklace Set,GREEN,R18466,36000.0,Sale,1,2,1,https://www.rasasilver.com/products/rubessa-flora-necklace-set-copy?variant=gid://shopify/ProductVariant/51871914754345
2026-07-23 09:17:12,Vibrant Knots Bracelet,Default Title,R4481,16800.0,Sold Out,1,1,0,https://www.rasasilver.com/products/vibrant-knots-bracelet?variant=gid://shopify/ProductVariant/50273656930601
2026-07-23 09:17:12,Mor Leher Kundan Jhumka,Default Title,R7154,20500.0,Sold Out,1,1,0,https://www.rasasilver.com/products/mayurpasalu-jhumka?variant=gid://shopify/ProductVariant/50300146516265
2026-07-23 09:17:12,Rangmayura Kundan Pendant,Default Title,R9632,51500.0,Sold Out,1,1,0,https://www.rasasilver.com/products/rangmayura-pendant?variant=gid://shopify/ProductVariant/50615516791081
2026-07-23 09:17:12,Orb of Charm Danglers,Swarovski,R14580,8500.0,Sold Out,1,1,0,https://www.rasasilver.com/products/danglers-15?variant=gid://shopify/ProductVariant/51274753868073
2026-07-23 09:17:12,Vintage Antique Danglers,Default Title,R16825,14760.0,Sold Out,1,1,0,https://www.rasasilver.com/products/vintage-antique-danglers?variant=gid://shopify/ProductVariant/52527443181865
2026-07-23 09:17:12,Shrinika Gutta Pasalu Danglers,Default Title,R12474,13800.0,Sold Out,1,1,0,https://www.rasasilver.com/products/shrinika-kundan-danglers?variant=gid://shopify/ProductVariant/53101297205545
2026-07-23 09:17:12,Mayuriya Nakshi Jhumka,Default Title,R10214,23800.0,Sold Out,1,1,0,https://www.rasasilver.com/products/morvanya-nakshi-jhumka-copy?variant=gid://shopify/ProductVariant/53103314469161
2026-07-23 09:17:12,Morpriya Nakshi Jhumka,Default Title,R9053,20300.0,Sold Out,1,1,0,https://www.rasasilver.com/products/mayuranshi-nakshi-jhumka-copy?variant=gid://shopify/ProductVariant/53103823487273
2026-07-23 10:03:01,Saanjh Stone Earring,Ruby Pink,R11780,3500.0,Restock,1,14,15,https://www.rasasilver.com/products/saanjh-earring?variant=gid://shopify/ProductVariant/50869131313449
2026-07-23 10:03:01,Kundan Kalakriti Jhumki,Ruby Pink,R11838,17900.0,Restock,1,3,4,https://www.rasasilver.com/products/by?variant=gid://shopify/ProductVariant/50869312553257
2026-07-23 10:03:01,Ovalor Stone Ring,Ruby Pink,R17311,3450.0,Restock,2,7,9,https://www.rasasilver.com/products/ovalor-ring?variant=gid://shopify/ProductVariant/51472177692969
2026-07-23 10:03:01,Ovalor Stone Ring,GREEN,R17361,3450.0,Restock,1,8,9,https://www.rasasilver.com/products/ovalor-ring?variant=gid://shopify/ProductVariant/51472177725737
2026-07-23 10:03:01,Gulabika Stone Ring,Ruby Pink,R10153,3000.0,Restock,1,12,13,https://www.rasasilver.com/products/gulabika-ring?variant=gid://shopify/ProductVariant/50635362205993
2026-07-23 10:03:01,Phool Patra Ring,GREEN,R17375,3000.0,Restock,4,4,8,https://www.rasasilver.com/products/phool-patra-ring?variant=gid://shopify/ProductVariant/50635383046441
2026-07-23 10:03:01,Zirconika Stone Ring,Green,R16032,2250.0,Restock,1,1,2,https://www.rasasilver.com/products/zirconika-ring?variant=gid://shopify/ProductVariant/51412229292329
2026-07-23 10:03:01,Ruby Rohini Studs,Default Title,R10528,3600.0,Restock,1,2,3,https://www.rasasilver.com/products/ruby-rohini-studs?variant=gid://shopify/ProductVariant/50711198564649
2026-07-23 10:03:01,Amulya Bindhu Stud Earrings,Default Title,R10582,3600.0,Restock,1,6,7,https://www.rasasilver.com/products/studs-1?variant=gid://shopify/ProductVariant/50777406243113
2026-07-23 10:03:01,Ovalika Stone Danglers,Default Title,R11743,3300.0,Restock,2,9,11,https://www.rasasilver.com/products/ovalika-danglers?variant=gid://shopify/ProductVariant/50808249778473
2026-07-23 10:03:01,Rudravya Stone Studs,Default Title,R20408,2400.0,Restock,1,8,9,https://www.rasasilver.com/products/rudravya-studs?variant=gid://shopify/ProductVariant/50808567595305
2026-07-23 10:03:01,Kesarvi Stud Earrings,Ruby Pink,R11816,2790.0,Restock,1,4,5,https://www.rasasilver.com/products/kesarvi-studs?variant=gid://shopify/ProductVariant/50809295503657
2026-07-23 10:03:01,Rosvara Pendant Set,Default Title,R11770,4600.0,Restock,1,3,4,https://www.rasasilver.com/products/rosvara-pendant-set?variant=gid://shopify/ProductVariant/50809158959401
2026-07-23 10:03:01,Rubora Stud Earrings,Default Title,R20381,2100.0,Restock,1,9,10,https://www.rasasilver.com/products/rubora-oval-studs?variant=gid://shopify/ProductVariant/50809700581673
2026-07-23 10:03:01,Yashika Ratnavali Studs,Green,R20481,4800.0,Restock,1,2,3,https://www.rasasilver.com/products/yashika-ratnavali-studs?variant=gid://shopify/ProductVariant/52279122362665
2026-07-23 10:03:01,Navagraha Stone Jhumki,Default Title,R15437,12200.0,Restock,1,0,1,https://www.rasasilver.com/products/navagraha-jhumkis?variant=gid://shopify/ProductVariant/51468876251433
2026-07-23 10:03:01,Kanchan Spark Stud Earrings,Default Title,R17422,3100.0,Restock,2,16,18,https://www.rasasilver.com/products/kanchan-spark-studs?variant=gid://shopify/ProductVariant/51488632471849
2026-07-23 10:03:01,Rosinea Stone Ring,Ruby Pink / 5.4,R16678,3600.0,Restock,1,3,4,https://www.rasasilver.com/products/rosinea-ring?variant=gid://shopify/ProductVariant/52166954811689
2026-07-23 10:03:01,Rosalya Stone Ring,Ruby Pink / 5.4,R16685,3400.0,Restock,1,4,5,https://www.rasasilver.com/products/rosalya-ring?variant=gid://shopify/ProductVariant/52166987907369
2026-07-23 10:03:01,Ivypear Victorian Ring,Default Title,R22044,4000.0,Restock,1,0,1,https://www.rasasilver.com/products/ivypear-victorian-ring?variant=gid://shopify/ProductVariant/52333700153641
2026-07-23 10:03:01,Moss & Light Moissanite Studs,Default Title,R22733,16650.0,Restock,1,0,1,https://www.rasasilver.com/products/moss-light-moissanite-studs?variant=gid://shopify/ProductVariant/52535056302377
2026-07-23 10:03:01,Gulnaar Antique Danglers,Default Title,R23324,12000.0,Restock,1,2,3,https://www.rasasilver.com/products/gulnaar-antique-danglers-1?variant=gid://shopify/ProductVariant/52623007056169
2026-07-23 10:03:01,Rosaline Victorian Ring,8,R22104,6000.0,Restock,1,0,1,https://www.rasasilver.com/products/victorian-ring?variant=gid://shopify/ProductVariant/52667252146473
2026-07-23 10:03:01,Manimala Kasu Temple Necklace,Default Title,R25191,36200.0,Restock,1,1,2,https://www.rasasilver.com/products/manimala-kasu-short-necklace?variant=gid://shopify/ProductVariant/52682145431849
2026-07-23 10:03:01,Padmashila Temple Bangles,2.4,R25771,24100.0,Restock,1,0,1,https://www.rasasilver.com/products/suvritti-antique-bangles-copy?variant=gid://shopify/ProductVariant/52881426972969
2026-07-23 10:03:01,Padmashila Temple Bangles,2.6,R25771,24100.0,Restock,1,0,1,https://www.rasasilver.com/products/suvritti-antique-bangles-copy?variant=gid://shopify/ProductVariant/52881427005737
2026-07-23 10:03:01,Zirconika Stone Ring,Ruby Pink,R25336,2600.0,Restock,1,2,3,https://www.rasasilver.com/products/zirconika-stone-ring-copy?variant=gid://shopify/ProductVariant/53064066040105
2026-07-23 10:03:01,Parijata Stone Jhumki,Default Title,R26378,4500.0,Restock,1,1,2,https://www.rasasilver.com/products/parijata-stone-jhumki?variant=gid://shopify/ProductVariant/53149867016489
2026-07-23 10:03:01,Mahashri Temple Danglers,Default Title,R28626,3900.0,Restock,1,0,1,https://www.rasasilver.com/products/mahashri-temple-danglers?variant=gid://shopify/ProductVariant/53266346901801
2026-07-23 10:03:01,Stone Florelle Bangles,2.9,R29453,25500.0,Restock,1,0,1,https://www.rasasilver.com/products/stone-florelle-bangles?variant=gid://shopify/ProductVariant/53283971465513
2026-07-23 10:03:01,Vana Glow Stone Bangles,2.4,R31250,27700.0,Restock,1,1,2,https://www.rasasilver.com/products/vana-glow-stone-bangles?variant=gid://shopify/ProductVariant/53324642615593
2026-07-23 10:03:01,Pear-Phool Antique Bangles,2.6,R31281,29800.0,Restock,1,1,2,https://www.rasasilver.com/products/pear-phool-antique-bangles?variant=gid://shopify/ProductVariant/53324729483561
2026-07-23 10:47:51,Celest Pear Victorian Ring,Default Title,R22051,6000.0,Sale,1,2,1,https://www.rasasilver.com/products/celest-pear-victorian-ring?variant=gid://shopify/ProductVariant/52333734199593
2026-07-23 10:47:51,Shrinika-Mor Temple Jhumkis,Default Title,R28476,11300.0,Sold Out,1,1,0,https://www.rasasilver.com/products/shrinika-mor-temple-jhumkis?variant=gid://shopify/ProductVariant/53266392777001
2026-07-23 11:33:09,Hamsa Kundan Choker,Ruby Pink,R21521,95850.0,Restock,1,0,1,https://www.rasasilver.com/products/hamsa-morika-choker?variant=gid://shopify/ProductVariant/52795442102569
2026-07-23 11:33:09,White Floral CZ Necklace Set,Default Title,R22879,26500.0,Sale,1,4,3,https://www.rasasilver.com/products/white-floral-cz-necklace-set?variant=gid://shopify/ProductVariant/52451312894249
2026-07-23 12:17:51,Empressa Luxe Pendant,Default Title,R16587,15000.0,Sale,1,2,1,https://www.rasasilver.com/products/empressa-emerluxe-pendant?variant=gid://shopify/ProductVariant/52146394956073
2026-07-23 12:17:51,Visheshika Temple Chudi,Default Title,R22955,16600.0,Sale,1,4,3,https://www.rasasilver.com/products/visheshika-temple-chudi?variant=gid://shopify/ProductVariant/52668215394601
2026-07-23 12:17:51,Green Loop CZ Pendant,Default Title,R1515,14000.0,Sold Out,1,1,0,https://www.rasasilver.com/products/green-loop-pendant?variant=gid://shopify/ProductVariant/49879920410921
2026-07-23 12:17:51,RupKamala Jadau Pendant,Default Title,R3057,16000.0,Sold Out,1,1,0,https://www.rasasilver.com/products/rupkamala-pendant?variant=gid://shopify/ProductVariant/50225953734953
2026-07-23 13:03:13,Anzuri Rose Payal,GREEN,R16472,19800.0,Sale,1,4,3,https://www.rasasilver.com/products/anzuri-rose-payal?variant=gid://shopify/ProductVariant/51495597441321
2026-07-23 13:03:13,Czpearra Cz Diamond Necklace,Default Title,R17683,12500.0,Restock,1,1,2,https://www.rasasilver.com/products/czpearra-necklace?variant=gid://shopify/ProductVariant/51509447295273
2026-07-23 13:03:13,Rustic Flora Payal,Default Title,R16511,20700.0,Sale,1,2,1,https://www.rasasilver.com/products/rustic-flora-payal?variant=gid://shopify/ProductVariant/51955096092969
2026-07-23 13:03:13,Adiva Oxidised Jhumki,Default Title,R27981,7800.0,Sale,1,4,3,https://www.rasasilver.com/products/adiva-oxidised-jhumki?variant=gid://shopify/ProductVariant/53150291099945
2026-07-23 13:03:13,Beaded Charm Ear Cuff,Default Title,R31572,1300.0,Restock,1,2,3,https://www.rasasilver.com/products/beaded-charm-ear-cuff?variant=gid://shopify/ProductVariant/53286096306473
2026-07-23 13:03:13,Balaji-Luxe Temple Jhumki,Default Title,R32105,19900.0,Sold Out,1,1,0,https://www.rasasilver.com/products/balaji-luxe-temple-jhumki?variant=gid://shopify/ProductVariant/53333175664937
2026-07-23 13:17:47,Ovalor Stone Ring,Ruby Pink,R17311,3450.0,Restock,1,9,10,https://www.rasasilver.com/products/ovalor-ring?variant=gid://shopify/ProductVariant/51472177692969
2026-07-23 13:17:47,Suvrinda Temple Necklace,Default Title,R25848,8800.0,Restock,5,0,5,https://www.rasasilver.com/products/shriprada-short-temple-necklace-copy?variant=gid://shopify/ProductVariant/52828252963113
2026-07-23 13:17:47,Ratnangi Temple Necklace,Default Title,R25851,8100.0,Restock,5,0,5,https://www.rasasilver.com/products/vrittangi-short-temple-necklace-copy?variant=gid://shopify/ProductVariant/52828296741161
2026-07-23 13:17:47,Indira Temple Necklace,Default Title,R26317,8700.0,Restock,5,0,5,https://www.rasasilver.com/products/indira-temple-necklace?variant=gid://shopify/ProductVariant/52889885016361
2026-07-23 13:17:47,Shreeka Temple Necklace,Default Title,R26320,9900.0,Restock,5,0,5,https://www.rasasilver.com/products/indira-temple-necklace-copy-1?variant=gid://shopify/ProductVariant/52889966149929
2026-07-23 13:17:47,Anvitha Stone Jhumkis,Default Title,R28547,3700.0,Restock,1,0,1,https://www.rasasilver.com/products/anvitha-stone-jhumkis?variant=gid://shopify/ProductVariant/53266472141097
2026-07-23 13:17:47,Kalasha-Lakshmi Temple Necklace,Default Title,R28590,9000.0,Restock,5,0,5,https://www.rasasilver.com/products/kalasha-lakshmi-temple-necklace?variant=gid://shopify/ProductVariant/53266747162921
2026-07-23 13:17:47,Floria Stone Studs,Default Title,R29606,3300.0,Restock,1,0,1,https://www.rasasilver.com/products/astera-stone-studs?variant=gid://shopify/ProductVariant/53282491662633
2026-07-23 13:17:47,Fiora Stone Studs,Default Title,R29495,2300.0,Restock,1,0,1,https://www.rasasilver.com/products/fiora-stone-studs?variant=gid://shopify/ProductVariant/53282509226281
2026-07-23 13:17:47,Petal Swirl Stone Studs,Default Title,R29502,2900.0,Restock,2,1,3,https://www.rasasilver.com/products/petal-swirl-stone-studs?variant=gid://shopify/ProductVariant/53282511913257
2026-07-23 13:17:47,CZ Rosetta Danglers,GREEN,R29561,3400.0,Restock,1,0,1,https://www.rasasilver.com/products/cz-rosetta-danglers?variant=gid://shopify/ProductVariant/53282952741161
2026-07-23 13:17:47,Pear-Line CZ Danglers,Default Title,R29569,3000.0,Restock,1,0,1,https://www.rasasilver.com/products/pear-line-cz-danglers?variant=gid://shopify/ProductVariant/53283014672681
2026-07-23 13:32:59,Kamalika Antique Bangles,Default Title,R27858,30200.0,New Arrival,3,0,3,https://www.rasasilver.com/products/antique-bangles?variant=gid://shopify/ProductVariant/53173801976105
2026-07-23 13:47:58,Ruby Stone Studs,Default Title,R22470,3700.0,Restock,1,4,5,https://www.rasasilver.com/products/pure-essence-studs?variant=gid://shopify/ProductVariant/50158302298409
2026-07-23 13:47:58,Gulabkunj Kada Kada,Default Title,R12908,6800.0,Restock,1,1,2,https://www.rasasilver.com/products/kada-1?variant=gid://shopify/ProductVariant/51239358726441
2026-07-23 13:47:58,Sparkle Wing Victorian Pendant,Default Title,R24046,7380.0,Restock,1,0,1,https://www.rasasilver.com/products/sparkle-wing-victorian-pendant?variant=gid://shopify/ProductVariant/52560114188585
2026-07-23 13:47:58,Oval-Violet CZ Pendant Set,Default Title,R22280,9270.0,Restock,2,0,2,https://www.rasasilver.com/products/moonlit-violet-cz-pendant-set?variant=gid://shopify/ProductVariant/52565089780009
2026-07-23 13:47:58,Pushmira Oxidized Payal,Default Title,R16475,17000.0,Restock,1,3,4,https://www.rasasilver.com/products/pushmira-oxidized-payal?variant=gid://shopify/ProductVariant/53149816979753
2026-07-23 13:47:58,Aarunya Shine CZ Pendant,GREEN,R25523,5800.0,Restock,1,0,1,https://www.rasasilver.com/products/aarunya-shine-cz-pendant?variant=gid://shopify/ProductVariant/53158304448809
2026-07-23 13:47:58,Sparkling Stone Studs,Default Title,R29584,2400.0,Restock,1,0,1,https://www.rasasilver.com/products/sparkling-stone-studs?variant=gid://shopify/ProductVariant/53279946998057
2026-07-23 13:47:58,CZ Rosetta Danglers,GREEN,R29561,3400.0,Restock,2,1,3,https://www.rasasilver.com/products/cz-rosetta-danglers?variant=gid://shopify/ProductVariant/53282952741161
2026-07-23 14:03:31,Gajamayuri Lakshmi Jadau,Ruby Pink,R3026,90000.0,Sold Out,1,1,0,https://www.rasasilver.com/products/gajamayuri-lakshmi?variant=gid://shopify/ProductVariant/50279537279273
2026-07-23 14:03:31,Vaibhav Trinetra Necklace,Default Title,R17839,119300.0,Sold Out,1,1,0,https://www.rasasilver.com/products/vaibhav-trinetra-necklace?variant=gid://shopify/ProductVariant/51517261480233
2026-07-23 14:17:54,Vaibhav Trinetra Necklace,Default Title,R17839,119300.0,Restock,1,0,1,https://www.rasasilver.com/products/vaibhav-trinetra-necklace?variant=gid://shopify/ProductVariant/51517261480233
2026-07-23 14:17:54,Temple Bottu Necklace,Default Title,R26114,86000.0,Sold Out,1,1,0,https://www.rasasilver.com/products/temple-bottu-necklace?variant=gid://shopify/ProductVariant/52818873680169
2026-07-23 14:32:55,Morni Magic Studs,Default Title,R20383,7000.0,Sale,1,9,8,https://www.rasasilver.com/products/morni-magic-studs?variant=gid://shopify/ProductVariant/50869115650345
2026-07-23 14:32:55,Ratna Alankaram Short Necklace,Default Title,R11721,32100.0,Sale,1,2,1,https://www.rasasilver.com/products/ratna-alankaram-short-necklace?variant=gid://shopify/ProductVariant/50809013010729
2026-07-23 14:32:55,Mani Sita Navaratna Necklace,Ruby Pink,R22866,33000.0,Sale,1,5,4,https://www.rasasilver.com/products/mani-sita-necklace?variant=gid://shopify/ProductVariant/52398120665385
2026-07-23 14:32:55,Frosted Victorian Studs,Default Title,R20924,13680.0,Sale,1,2,1,https://www.rasasilver.com/products/frosted-victorian-studs?variant=gid://shopify/ProductVariant/52469951693097
2026-07-23 14:32:55,Blueberry Necklace Set,Default Title,R18334,89300.0,Sold Out,1,1,0,https://www.rasasilver.com/products/blueberry-floramyst-necklace-set?variant=gid://shopify/ProductVariant/50757548802345
2026-07-23 14:32:55,Royal Violette Choker Set,Default Title,R11533,106000.0,Sold Out,1,1,0,https://www.rasasilver.com/products/royal-violette-choker-set?variant=gid://shopify/ProductVariant/50758075220265
2026-07-23 14:32:55,Vaidura Triloka Necklace Set,Default Title,R18021,54100.0,Sold Out,1,1,0,https://www.rasasilver.com/products/vaidura-triloka-necklace-set?variant=gid://shopify/ProductVariant/51513434341673
2026-07-23 14:32:55,Vaibhav Trinetra Necklace,Default Title,R17839,119300.0,Sold Out,1,1,0,https://www.rasasilver.com/products/vaibhav-trinetra-necklace?variant=gid://shopify/ProductVariant/51517261480233
2026-07-23 14:32:55,Navaratna-Bliss Stone Bangles,2.4,R25318,23130.0,Sold Out,1,1,0,https://www.rasasilver.com/products/navaratna-bliss-stone-bangles?variant=gid://shopify/ProductVariant/52797835837737
2026-07-23 14:32:55,Navaratna-Bliss Stone Bangles,2.7,R25318,23130.0,Sold Out,1,1,0,https://www.rasasilver.com/products/navaratna-bliss-stone-bangles?variant=gid://shopify/ProductVariant/52797835870505
2026-07-23 14:32:55,Navaratna-Bliss Stone Bangles,2.8,R25318,23130.0,Sold Out,1,1,0,https://www.rasasilver.com/products/navaratna-bliss-stone-bangles?variant=gid://shopify/ProductVariant/52797835903273
2026-07-23 14:32:55,Saurabhi Temple Necklace,Default Title,R26134,38900.0,Sold Out,1,1,0,https://www.rasasilver.com/products/indira?variant=gid://shopify/ProductVariant/52824177017129
2026-07-23 15:03:12,Dewdrop Dia Ring,Default Title,R1634,2600.0,Sale,1,2,1,https://www.rasasilver.com/products/dewdrop-ring?variant=gid://shopify/ProductVariant/49968363274537
2026-07-23 15:03:12,Opulent Heart Ring,Default Title,R31558,1400.0,Sale,1,2,1,https://www.rasasilver.com/products/opulent-heart-cz-ring?variant=gid://shopify/ProductVariant/53288160952617
2026-07-24 01:33:01,Daisy Dream Chain Pendant,Default Title,R31636,2600.0,Sale,1,2,1,https://www.rasasilver.com/products/daisy-dream-chain-pendant?variant=gid://shopify/ProductVariant/53286089687337
2026-07-24 06:32:56,Celestial Guardian Pendant,Default Title,R1912,17800.0,Sold Out,1,1,0,https://www.rasasilver.com/products/celestial-guardian-pendant?variant=gid://shopify/ProductVariant/50073403556137
2026-07-24 07:03:11,Up-Side Down Danglers,Default Title,R31635,6400.0,Sale,1,3,2,https://www.rasasilver.com/products/up-side-down-danglers?variant=gid://shopify/ProductVariant/53286091129129
2026-07-24 07:17:44,Til-Phool Ruby Pendant Set,Ruby Pink,R17524,7800.0,Restock,1,1,2,https://www.rasasilver.com/products/27?variant=gid://shopify/ProductVariant/51472862249257
2026-07-24 07:17:44,Amoria Short Necklace Set,Purple,R21160,34000.0,Sale,1,2,1,https://www.rasasilver.com/products/amoria-short-necklace?variant=gid://shopify/ProductVariant/52258554315049
2026-07-24 07:17:44,Rosivra Chain Pendant,Default Title,R13243,2200.0,Sale,1,2,1,https://www.rasasilver.com/products/chain-pendant-5?variant=gid://shopify/ProductVariant/51317458600233
2026-07-24 07:17:44,Miraflor Chain Pendant,Default Title,R13251,2400.0,Sale,1,2,1,https://www.rasasilver.com/products/miraflor-chain-pendant?variant=gid://shopify/ProductVariant/51345546936617
2026-07-24 07:17:44,Mani Sita Navaratna Necklace,GREEN,R22868,33000.0,Restock,1,3,4,https://www.rasasilver.com/products/mani-sita-necklace?variant=gid://shopify/ProductVariant/52398120698153
2026-07-24 07:17:44,Elvaira Verdant Necklace Set,Default Title,R17921,36100.0,Sale,1,2,1,https://www.rasasilver.com/products/elvaira-verdant-necklace-set?variant=gid://shopify/ProductVariant/51513417695529
2026-07-24 07:17:44,Gajora CZ Pendant Set,Default Title,R20950,34100.0,Restock,1,4,5,https://www.rasasilver.com/products/gajora-noor-cz-pendant-set?variant=gid://shopify/ProductVariant/52330997776681
2026-07-24 07:17:44,Lady Briar Victorian Necklace,Default Title,R22213,20350.0,Restock,1,1,2,https://www.rasasilver.com/products/victorian-necklace?variant=gid://shopify/ProductVariant/52664570839337
2026-07-24 07:17:44,Carat Culture CZ Necklace Set,Default Title,R25054,22500.0,Sale,1,2,1,https://www.rasasilver.com/products/carat-culture-cz-necklace-set?variant=gid://shopify/ProductVariant/52682087727401
2026-07-24 07:17:44,Divya Lakshmi Bottu Necklace,Ruby Pink,R26115,102780.0,Sale,1,2,1,https://www.rasasilver.com/products/divya-lakshmi-bottu-necklace?variant=gid://shopify/ProductVariant/52818916049193
2026-07-24 07:17:44,Nritya Oxidised Jhumki,Default Title,R27970,7100.0,Sale,1,2,1,https://www.rasasilver.com/products/pankhudi-oxidised-jhumki?variant=gid://shopify/ProductVariant/53150242472233
2026-07-24 07:17:44,Adiva Oxidised Jhumki,Default Title,R27981,7800.0,Sale,2,3,1,https://www.rasasilver.com/products/adiva-oxidised-jhumki?variant=gid://shopify/ProductVariant/53150291099945
2026-07-24 07:17:44,Vruksha Oxidised Jhumki,Default Title,R27999,8200.0,Sale,1,2,1,https://www.rasasilver.com/products/gulnaar-oxidised-jhumki-copy-2?variant=gid://shopify/ProductVariant/53158225707305
2026-07-24 07:17:44,Kankana Oxidised Jhumki,Default Title,R28002,5100.0,Sale,1,4,3,https://www.rasasilver.com/products/vruksha-oxidised-jhumki-copy?variant=gid://shopify/ProductVariant/53160158036265
2026-07-24 07:17:44,Shringar Manglsutra Set,Default Title,R7368,10300.0,Sold Out,1,1,0,https://www.rasasilver.com/products/shringar-manglsutra-set?variant=gid://shopify/ProductVariant/50313582281001
2026-07-24 07:17:44,Chand Phool Baalis,Turquoise,R3464,10800.0,Sold Out,1,1,0,https://www.rasasilver.com/products/chand-phool-baalis?variant=gid://shopify/ProductVariant/50400115228969
2026-07-24 07:17:44,Floramira Polki Necklace Set,Default Title,R9267,75600.0,Sold Out,1,1,0,https://www.rasasilver.com/products/floramira-necklace-set?variant=gid://shopify/ProductVariant/50797974815017
2026-07-24 07:17:44,Zircon Flora Necklace Set,Default Title,R17593,34500.0,Sold Out,1,1,0,https://www.rasasilver.com/products/zircon-flora-necklace-set?variant=gid://shopify/ProductVariant/51509134557481
2026-07-24 07:17:44,Amethflora Cz Necklace,Default Title,R17663,76100.0,Sold Out,1,1,0,https://www.rasasilver.com/products/amethflora-necklace?variant=gid://shopify/ProductVariant/51509649965353
2026-07-24 07:17:44,Blue Viora Necklace Set,Default Title,R18594,30900.0,Sold Out,1,1,0,https://www.rasasilver.com/products/ovaliquea-spark-necklace-set-copy?variant=gid://shopify/ProductVariant/51868762079529
2026-07-24 07:17:44,Frost CZ Chain Pendant Set,Default Title,R19453,4800.0,Sold Out,1,1,0,https://www.rasasilver.com/products/frost-cz-chain-pendant-set?variant=gid://shopify/ProductVariant/52446793990441
2026-07-24 07:17:44,Avira Spark Chain Pendant,Default Title,R4016,3600.0,Sold Out,1,1,0,https://www.rasasilver.com/products/avira-spark-chain-pendant?variant=gid://shopify/ProductVariant/52512749715753
2026-07-24 07:17:44,Gulnaar Oxidised Jhumki,Default Title,R12991,5700.0,Sold Out,1,1,0,https://www.rasasilver.com/products/rajputi-oxidised-danglers-copy?variant=gid://shopify/ProductVariant/53150141710633
2026-07-24 07:33:06,Pearlesque Bloom Choker,Default Title,R12411,35500.0,Sale,1,2,1,https://www.rasasilver.com/products/pearlesque-bloom-choker?variant=gid://shopify/ProductVariant/50835737510185
2026-07-24 07:33:06,Shineflora Ace Cz Necklace,Default Title,R17681,15800.0,Sale,1,3,2,https://www.rasasilver.com/products/shineflora-ace-necklace?variant=gid://shopify/ProductVariant/51509716386089
2026-07-24 07:33:06,Circle of Grace Bangles,Default Title,R17360,27400.0,Sale,1,2,1,https://www.rasasilver.com/products/circle-of-grace-bangles?variant=gid://shopify/ProductVariant/51527393181993
2026-07-24 07:33:06,Pearika CZ Necklace Set,Default Title,R26865,20500.0,Sale,1,3,2,https://www.rasasilver.com/products/ovara-flora-cz-necklace-set-copy?variant=gid://shopify/ProductVariant/52885392458025
2026-07-24 07:33:06,Kankana Oxidised Jhumki,Default Title,R28002,5100.0,Sale,1,3,2,https://www.rasasilver.com/products/vruksha-oxidised-jhumki-copy?variant=gid://shopify/ProductVariant/53160158036265
2026-07-24 07:33:06,Vilasini Temple Bottu Necklace,Default Title,R27909,62900.0,Sale,1,2,1,https://www.rasasilver.com/products/temple-bottu-necklace-copy?variant=gid://shopify/ProductVariant/53163287773481
2026-07-24 07:33:06,Katela Victorian Necklace,Default Title,R1447,58950.0,Sold Out,1,1,0,https://www.rasasilver.com/products/katela-victorian-necklace?variant=gid://shopify/ProductVariant/49851582054697
2026-07-24 07:33:06,Lushline Necklace Set,Default Title,R4469,35600.0,Sold Out,1,1,0,https://www.rasasilver.com/products/lushline-necklace-set?variant=gid://shopify/ProductVariant/50273491714345
2026-07-24 07:33:06,Rosalyn’s Radiance Short Necklace Set,Default Title,R6509,40500.0,Sold Out,1,1,0,https://www.rasasilver.com/products/rosalyn-s-radiance-short-necklace-set?variant=gid://shopify/ProductVariant/50307599958313
2026-07-24 07:33:06,Dewy Petal Necklace,Default Title,R2541,22400.0,Sold Out,1,1,0,https://www.rasasilver.com/products/dewy-petal-necklace?variant=gid://shopify/ProductVariant/51205567545641
2026-07-24 07:33:06,Squivira Necklace Set,Default Title,R13920,47700.0,Sold Out,1,1,0,https://www.rasasilver.com/products/16-2?variant=gid://shopify/ProductVariant/51226631668009
2026-07-24 07:33:06,Ovalmera Stone Bangles,2.4,R2874,23400.0,Sold Out,1,1,0,https://www.rasasilver.com/products/ovalmera-bangles?variant=gid://shopify/ProductVariant/52263740440873
2026-07-24 07:33:06,Svarnika Antique Necklace Set,Default Title,R21114,103100.0,Sold Out,1,1,0,https://www.rasasilver.com/products/svarnika-rajwadi-necklace-set?variant=gid://shopify/ProductVariant/52279707926825
2026-07-24 07:33:06,Oval-Shine CZ Necklace,Default Title,R25512,11550.0,Sold Out,1,1,0,https://www.rasasilver.com/products/cz-necklace-1?variant=gid://shopify/ProductVariant/52712634122537
2026-07-24 07:33:06,Aurelina Moissanite Bangles,Default Title,R9316,44100.0,Sold Out,1,1,0,https://www.rasasilver.com/products/aurelina-moissanite-bangles?variant=gid://shopify/ProductVariant/52832229556521
2026-07-24 07:33:06,Morlira Spark Nakshi Ring,Default Title,R23869,8300.0,Sold Out,1,1,0,https://www.rasasilver.com/products/morlira-spark-nakshi-ring?variant=gid://shopify/ProductVariant/52838636650793
2026-07-24 08:03:35,Meadow Muse Pendant,Green,R17124,20600.0,Sale,1,16,15,https://www.rasasilver.com/products/meadow-muse-pendant?variant=gid://shopify/ProductVariant/52485476843817
2026-07-24 08:03:35,Ovalor Stone Ring,Ruby Pink,R17311,3450.0,Sale,1,10,9,https://www.rasasilver.com/products/ovalor-ring?variant=gid://shopify/ProductVariant/51472177692969
2026-07-24 08:03:35,Emermango Necklace Set,Default Title,R22635,76300.0,Sale,1,4,3,https://www.rasasilver.com/products/emermango-necklace-set?variant=gid://shopify/ProductVariant/51526869713193
2026-07-24 08:03:35,CZ Gajora Pendant,Default Title,R20932,13300.0,Sale,1,3,2,https://www.rasasilver.com/products/gajora-pendant?variant=gid://shopify/ProductVariant/52330947215657
2026-07-24 08:03:35,Shremira Temple Vanki,Default Title,R18710,34900.0,Sale,1,2,1,https://www.rasasilver.com/products/shremira-temple-vanki?variant=gid://shopify/ProductVariant/52898574991657
2026-07-24 08:03:35,Petal Swirl Stone Studs,Default Title,R29502,2900.0,Sale,1,3,2,https://www.rasasilver.com/products/petal-swirl-stone-studs?variant=gid://shopify/ProductVariant/53282511913257
2026-07-24 08:03:35,CZ Rosetta Danglers,GREEN,R29561,3400.0,Sale,1,3,2,https://www.rasasilver.com/products/cz-rosetta-danglers?variant=gid://shopify/ProductVariant/53282952741161
2026-07-24 08:03:35,Beaded Charm Ear Cuff,Default Title,R31572,1300.0,Sale,1,3,2,https://www.rasasilver.com/products/beaded-charm-ear-cuff?variant=gid://shopify/ProductVariant/53286096306473
2026-07-24 08:03:35,Dev Vivah Heavy Long Necklace,Default Title,R1630,257900.0,Sold Out,1,1,0,https://www.rasasilver.com/products/dev-vivah-heavy-long-necklace?variant=gid://shopify/ProductVariant/49903050981673
2026-07-24 08:03:35,Lustrelane Cz Haaram,Default Title,R8240,67800.0,Sold Out,1,1,0,https://www.rasasilver.com/products/lustrelane-haaram?variant=gid://shopify/ProductVariant/50749594698025
2026-07-24 08:03:35,Mayura Mosaic Bangles,2.6,R11307,48600.0,Sold Out,1,1,0,https://www.rasasilver.com/products/mayura-mosaic-bangles?variant=gid://shopify/ProductVariant/50816097714473
2026-07-24 08:03:35,Mayura Mosaic Bangles,2.4,R11307,48600.0,Sold Out,1,1,0,https://www.rasasilver.com/products/mayura-mosaic-bangles?variant=gid://shopify/ProductVariant/52273452810537
2026-07-24 08:03:35,Glitter Flora Pendant,Default Title,R11316,14310.0,Sold Out,1,1,0,https://www.rasasilver.com/products/glitter-flora-pendant?variant=gid://shopify/ProductVariant/50757187404073
2026-07-24 08:03:35,Shashi Raga Maang Tikka,Default Title,R15292,13300.0,Sold Out,1,1,0,https://www.rasasilver.com/products/shashi-raga-maang-tikka?variant=gid://shopify/ProductVariant/51488406798633
2026-07-24 08:03:35,Dhana Kavya Bangles,Default Title,R18005,71000.0,Sold Out,1,1,0,https://www.rasasilver.com/products/dhana-kavya-bangles?variant=gid://shopify/ProductVariant/51513578127657
2026-07-24 08:03:35,Jodi Morni Necklace Set,Default Title,R18253,110100.0,Sold Out,1,1,0,https://www.rasasilver.com/products/jodi-morni-necklace-set?variant=gid://shopify/ProductVariant/52013663453481
2026-07-24 08:03:35,Cubelle Victorian Necklace Set,Default Title,R23227,70700.0,Sold Out,1,1,0,https://www.rasasilver.com/products/cubelle-victorian-necklace-set?variant=gid://shopify/ProductVariant/52915332514089
2026-07-24 08:03:35,Anvitha Stone Jhumkis,Default Title,R28547,3700.0,Sold Out,1,1,0,https://www.rasasilver.com/products/anvitha-stone-jhumkis?variant=gid://shopify/ProductVariant/53266472141097
2026-07-24 08:03:35,Floria Stone Studs,Default Title,R29606,3300.0,Sold Out,1,1,0,https://www.rasasilver.com/products/astera-stone-studs?variant=gid://shopify/ProductVariant/53282491662633
2026-07-24 08:03:35,Fiora Stone Studs,Default Title,R29495,2300.0,Sold Out,1,1,0,https://www.rasasilver.com/products/fiora-stone-studs?variant=gid://shopify/ProductVariant/53282509226281
2026-07-24 08:03:35,Pear-Sparkle CZ Pendant,Default Title,R29589,5200.0,Sold Out,1,1,0,https://www.rasasilver.com/products/pear-sparkle-cz-pendant?variant=gid://shopify/ProductVariant/53282830287145
2026-07-24 08:03:35,Pear-Line CZ Danglers,Default Title,R29569,3000.0,Sold Out,1,1,0,https://www.rasasilver.com/products/pear-line-cz-danglers?variant=gid://shopify/ProductVariant/53283014672681
2026-07-24 08:17:34,Back Chain,Default Title,R25383,3800.0,Sale,1,9,8,https://www.rasasilver.com/products/back-chain-copy?variant=gid://shopify/ProductVariant/52737922302249
2026-07-24 08:47:42,Morni Jhilmil Bells,Default Title,R8241,12150.0,Restock,1,0,1,https://www.rasasilver.com/products/morni-jhilmil-bells?variant=gid://shopify/ProductVariant/50968228888873
2026-07-24 08:47:42,Svara Hoops,Default Title,R28366,2700.0,Restock,1,0,1,https://www.rasasilver.com/products/svara-hoops?variant=gid://shopify/ProductVariant/53129558327593
2026-07-24 08:47:42,Chandelier Gemstone Earrings,Default Title,R1494,55170.0,Sold Out,1,1,0,https://www.rasasilver.com/products/chandelier-gemstone-earrings?variant=gid://shopify/ProductVariant/49789747855657
2026-07-24 08:47:42,Kamalika Polki Dangle Earrings,Default Title,R8893,40200.0,Sold Out,1,1,0,https://www.rasasilver.com/products/kamalika-heera-danglers?variant=gid://shopify/ProductVariant/50559935414569
2026-07-24 08:47:42,Morni Stone Necklace,Default Title,R22276,28400.0,Sold Out,1,1,0,https://www.rasasilver.com/products/morni-stone-necklace?variant=gid://shopify/ProductVariant/52393126592809
2026-07-24 09:03:12,Amera Danglers Earrings,Default Title,R1421,24200.0,Sold Out,1,1,0,https://www.rasasilver.com/products/amera-victorian-danglers-earring?variant=gid://shopify/ProductVariant/49850773078313
2026-07-24 09:47:45,Silver Chain,Default Title,R31528,2600.0,Restock,1,6,7,https://www.rasasilver.com/products/silver-chain?variant=gid://shopify/ProductVariant/53286012879145
2026-07-24 10:03:12,Indulekha Matil,Default Title,R25135,10550.0,Sale,1,2,1,https://www.rasasilver.com/products/indulekha-matil?variant=gid://shopify/ProductVariant/52898274640169
2026-07-24 10:03:12,Blue-Floriya CZ Necklace,GREEN,R29480,10300.0,Restock,1,2,3,https://www.rasasilver.com/products/blue-floriya-cz-necklace?variant=gid://shopify/ProductVariant/53282524692777
2026-07-24 10:17:28,Back Chain,Default Title,R25383,3800.0,Restock,1,8,9,https://www.rasasilver.com/products/back-chain-copy?variant=gid://shopify/ProductVariant/52737922302249
2026-07-24 11:47:44,Navarise Stud Earrings,Default Title,R20492,4200.0,Sale,1,4,3,https://www.rasasilver.com/products/navarise-studs?variant=gid://shopify/ProductVariant/50153089728809
2026-07-24 11:47:44,Indira Temple Necklace,Default Title,R26131,35200.0,Sold Out,1,1,0,https://www.rasasilver.com/products/indira-long-temple-necklace?variant=gid://shopify/ProductVariant/52824151392553
2026-07-24 12:03:25,Maathang Kundan Matil,Swarovski,R23825,10350.0,Sold Out,1,1,0,https://www.rasasilver.com/products/maathang-matil?variant=gid://shopify/ProductVariant/52897910685993
2026-07-24 12:03:25,Suvarna Temple Necklace,Default Title,R28170,30800.0,Sold Out,1,1,0,https://www.rasasilver.com/products/ratnika-short-temple-necklace-copy?variant=gid://shopify/ProductVariant/53071057649961
2026-07-24 12:47:46,Ancient Shine Studs,Default Title,R2176,5900.0,Sale,1,2,1,https://www.rasasilver.com/products/ancient-shine-studs?variant=gid://shopify/ProductVariant/50159118516521
2026-07-24 12:47:46,Navaratna Petal Ring,5,R17388,3000.0,Sale,1,9,8,https://www.rasasilver.com/products/navaratna-petal-ring?variant=gid://shopify/ProductVariant/52291033399593
2026-07-24 12:47:46,Rosalya Stone Ring,GREEN / 5.4,R16711,3400.0,Sale,1,4,3,https://www.rasasilver.com/products/rosalya-ring?variant=gid://shopify/ProductVariant/52166987940137
2026-07-24 14:48:06,Botanique Stud Earrings,Default Title,R15982,2300.0,Sale,1,6,5,https://www.rasasilver.com/products/botanique-studs?variant=gid://shopify/ProductVariant/50158205501737
2026-07-24 16:03:21,Verdant-Layers CZ Necklace Set,Default Title,R24990,34110.0,Sold Out,1,1,0,https://www.rasasilver.com/products/verdant-layers-cz-necklace-set?variant=gid://shopify/ProductVariant/52712267940137
2026-07-24 17:17:50,Bhavani Kurgi Pendant,Default Title,R10078,9000.0,Sale,1,2,1,https://www.rasasilver.com/products/bhavani-kurgi-pendant?variant=gid://shopify/ProductVariant/50108540780841
2026-07-24 17:33:01,Ratna Dot Nakshi Studs,Default Title,R31887,2500.0,Sold Out,1,1,0,https://www.rasasilver.com/products/ratna-dot-nakshi-studs?variant=gid://shopify/ProductVariant/53297411391785
2026-07-24 20:17:54,Flora Amulet Antique Pendant,Default Title,R23547,18800.0,Sold Out,1,1,0,https://www.rasasilver.com/products/raj-amulet-antique-pendant?variant=gid://shopify/ProductVariant/52623212544297
2026-07-25 06:38:06,Back Chain,Default Title,R25383,3800.0,Restock,1,9,10,https://www.rasasilver.com/products/back-chain-copy?variant=gid://shopify/ProductVariant/52737922302249
2026-07-25 06:38:06,Temple Mop Chain,Default Title,R29917,15500.0,Sale,1,3,2,https://www.rasasilver.com/products/temple-mop-chain?variant=gid://shopify/ProductVariant/53302493905193
2026-07-25 07:17:41,Hariyali Stone Bangles,2.4,R25310,18550.0,Sold Out,1,1,0,https://www.rasasilver.com/products/hariyali-stone-bangles?variant=gid://shopify/ProductVariant/52707622256937
2026-07-25 07:17:41,Hariyali Stone Bangles,2.7,R25310,18550.0,Sold Out,1,1,0,https://www.rasasilver.com/products/hariyali-stone-bangles?variant=gid://shopify/ProductVariant/52707622289705
2026-07-25 07:17:41,Hariyali Stone Bangles,2.9,R25310,18550.0,Sold Out,1,1,0,https://www.rasasilver.com/products/hariyali-stone-bangles?variant=gid://shopify/ProductVariant/52707622322473
2026-07-25 07:46:42,Pervida Stud Earrings,Default Title,R20350,2400.0,Sale,1,5,4,https://www.rasasilver.com/products/pervida-studs?variant=gid://shopify/ProductVariant/50828932940073
2026-07-25 08:04:01,Crystina Stone Bangles,2.6,R14990,22200.0,Restock,1,3,4,https://www.rasasilver.com/products/crystina-bangles?variant=gid://shopify/ProductVariant/52263713636649
2026-07-25 08:04:01,Circle of Light Bangles,2.6,R17395,18400.0,Restock,1,2,3,https://www.rasasilver.com/products/circle-of-light-bangles?variant=gid://shopify/ProductVariant/52263523156265
2026-07-25 08:04:01,Circle of Light Bangles,2.5,R17395,18400.0,Restock,1,2,3,https://www.rasasilver.com/products/circle-of-light-bangles?variant=gid://shopify/ProductVariant/52266648305961
2026-07-25 08:04:01,Chanchala Temple Bangles,2.5,R26070,49350.0,Restock,1,1,2,https://www.rasasilver.com/products/chanchala-temple-bangles?variant=gid://shopify/ProductVariant/52915521519913
2026-07-25 08:04:01,Chanchala Temple Bangles,2.6,R26070,49350.0,Restock,1,1,2,https://www.rasasilver.com/products/chanchala-temple-bangles?variant=gid://shopify/ProductVariant/52915521552681
2026-07-25 08:04:01,Blossira Antique Bangles,Default Title,R28293,50500.0,Restock,1,0,1,https://www.rasasilver.com/products/blossira-antique-bangles?variant=gid://shopify/ProductVariant/53173673656617
2026-07-25 08:04:01,Square-Greena Stone Bangles,2.7,R30326,20600.0,Restock,1,1,2,https://www.rasasilver.com/products/square-greena-stone-bangles?variant=gid://shopify/ProductVariant/53315097428265
2026-07-25 08:04:01,Oval-Pushp Stone Bangles,2.4,R31252,19400.0,Restock,1,2,3,https://www.rasasilver.com/products/oval-pushp-stone-bangles?variant=gid://shopify/ProductVariant/53324650414377
2026-07-25 08:34:13,Nayra Mango Short Necklace,Default Title,R14810,37700.0,Sale,1,2,1,https://www.rasasilver.com/products/nayra-mango-short-necklace?variant=gid://shopify/ProductVariant/51396111958313
2026-07-25 08:47:29,Bloom Spark Stone Studs,Default Title,R29486,2300.0,Restock,1,0,1,https://www.rasasilver.com/products/bloom-spark-stone-studs?variant=gid://shopify/ProductVariant/53282509619497
2026-07-25 09:06:12,Shree Amodini Oddiyanam,Default Title,R14903,72500.0,Sold Out,1,1,0,https://www.rasasilver.com/products/shree-amodini-oddiyanam?variant=gid://shopify/ProductVariant/51428954112297
2026-07-25 09:48:47,Pear Elegance Bracelet,Default Title,R31561,3200.0,Sale,1,4,3,https://www.rasasilver.com/products/teardrop-elegance-bracelet?variant=gid://shopify/ProductVariant/53284791386409
2026-07-25 09:48:47,Panna-Manik Stone Studs,Default Title,R31489,2700.0,Sale,1,2,1,https://www.rasasilver.com/products/panna-manik-stone-studs?variant=gid://shopify/ProductVariant/53296613753129
2026-07-25 09:48:47,Navilu Charm Stone Pendant Set,GREEN,R31507,3600.0,Sold Out,1,1,0,https://www.rasasilver.com/products/navilu-charm-stone-pendant-set?variant=gid://shopify/ProductVariant/53290677731625
2026-07-25 09:48:47,Florisa Stone Pendant Set,Default Title,R31513,3500.0,Sold Out,1,1,0,https://www.rasasilver.com/products/florisa-stone-pendant-set?variant=gid://shopify/ProductVariant/53290551574825
2026-07-25 10:04:47,Endless Shine Chain Pendant,Default Title,R20702,4500.0,Sale,1,2,1,https://www.rasasilver.com/products/chain-pendant-15?variant=gid://shopify/ProductVariant/52520470085929
2026-07-25 10:04:47,Ratnangi Temple Necklace,Default Title,R25851,8100.0,Sale,1,5,4,https://www.rasasilver.com/products/vrittangi-short-temple-necklace-copy?variant=gid://shopify/ProductVariant/52828296741161
2026-07-25 10:33:00,Nayra Mango Short Necklace,Default Title,R14810,37700.0,Restock,1,1,2,https://www.rasasilver.com/products/nayra-mango-short-necklace?variant=gid://shopify/ProductVariant/51396111958313
2026-07-25 10:48:39,Nayra Mango Short Necklace,Default Title,R14810,37700.0,Sale,1,2,1,https://www.rasasilver.com/products/nayra-mango-short-necklace?variant=gid://shopify/ProductVariant/51396111958313
2026-07-25 10:48:39,Gulnar Kundan Choker,Default Title,R22553,36180.0,Restock,1,0,1,https://www.rasasilver.com/products/gulnar-kundan-choker?variant=gid://shopify/ProductVariant/52418908389673
2026-07-25 10:48:39,Back Chain,Default Title,R25383,3800.0,Sale,2,10,8,https://www.rasasilver.com/products/back-chain-copy?variant=gid://shopify/ProductVariant/52737922302249
2026-07-25 10:48:39,Kusumpriya Kundan Choker,Default Title,R20201,32760.0,Restock,1,0,1,https://www.rasasilver.com/products/kusumpriya-kundan-choker?variant=gid://shopify/ProductVariant/52742096781609
2026-07-25 10:48:39,Swaralika Kundan Necklace,Beige,R25842,58600.0,Restock,1,0,1,https://www.rasasilver.com/products/swaralika-kundan-necklace?variant=gid://shopify/ProductVariant/52758511845673
2026-07-25 10:48:39,Pearika Kundan Necklace,Default Title,R25072,28550.0,Restock,1,0,1,https://www.rasasilver.com/products/pearika-kundan-necklace?variant=gid://shopify/ProductVariant/52752695197993
2026-07-25 10:48:39,Mayurajit Kundan Necklace,Default Title,R26447,33900.0,Restock,1,0,1,https://www.rasasilver.com/products/mayurajit-kundan-short-necklace?variant=gid://shopify/ProductVariant/52809372893481
2026-07-25 10:48:39,Mayur Kalika Kundan Hair Brooch,Default Title,R14898,27400.0,Restock,1,0,1,https://www.rasasilver.com/products/mayur-kalika-kundan-hair-brooch?variant=gid://shopify/ProductVariant/52819680756009
2026-07-25 10:48:39,Multi-Radiance Necklace,Default Title,R20673,10200.0,Sold Out,1,1,0,https://www.rasasilver.com/products/multi-radiance-necklace?variant=gid://shopify/ProductVariant/53302489383209
2026-07-25 11:04:42,Navrisa Navaratna Pendant,Default Title,R22079,8900.0,Restock,1,1,2,https://www.rasasilver.com/products/navrisa-navaratna-pendant?variant=gid://shopify/ProductVariant/52331044700457
2026-07-25 11:04:42,Sanskaar Kundan Necklace,GREEN,R26653,73500.0,Restock,1,0,1,https://www.rasasilver.com/products/sanskaar-kundan-necklace?variant=gid://shopify/ProductVariant/52885729444137
2026-07-25 11:17:39,Celest Pear Victorian Ring,Default Title,R22051,6000.0,Restock,1,1,2,https://www.rasasilver.com/products/celest-pear-victorian-ring?variant=gid://shopify/ProductVariant/52333734199593
2026-07-25 11:17:39,Shrinika-Mor Temple Jhumkis,Default Title,R28476,11300.0,Restock,1,0,1,https://www.rasasilver.com/products/shrinika-mor-temple-jhumkis?variant=gid://shopify/ProductVariant/53266392777001
2026-07-25 11:17:39,Loop-Love Ring,Default Title,R31585,1600.0,Restock,1,4,5,https://www.rasasilver.com/products/loop-love-ring?variant=gid://shopify/ProductVariant/53288183136553
2026-07-25 11:33:42,Rasi Kala Studs,Default Title,R11797,3600.0,Restock,1,2,3,https://www.rasasilver.com/products/rasi-kala-studs?variant=gid://shopify/ProductVariant/50140403073321
2026-07-25 11:33:42,Pushpmani Dangle Earrings,GREEN,R20369,6100.0,Restock,1,2,3,https://www.rasasilver.com/products/pushpmani-danglers?variant=gid://shopify/ProductVariant/52279154049321
2026-07-25 11:33:42,Pearl Butterflies Ring,Default Title,R8634,1260.0,Restock,1,0,1,https://www.rasasilver.com/products/pearl-butterflies-ring?variant=gid://shopify/ProductVariant/52511333613865
2026-07-25 11:33:42,Kundan Kiara Matil,Default Title,R23925,30450.0,Restock,1,0,1,https://www.rasasilver.com/products/kundan-kiara-matil?variant=gid://shopify/ProductVariant/52825209176361
2026-07-25 11:33:42,Mayurakshi Kundan Vanki,Default Title,R28470,39600.0,Restock,2,0,2,https://www.rasasilver.com/products/mayurakshi-kundan-vanki?variant=gid://shopify/ProductVariant/53149212148009
2026-07-25 11:33:42,Brillora Chain Pendant,Default Title,R31547,1800.0,Sale,1,2,1,https://www.rasasilver.com/products/brillora-chain-pendant?variant=gid://shopify/ProductVariant/53285978702121
2026-07-25 12:04:17,Kanvitha Victorian Necklace Set,Default Title,R21381,34700.0,Sold Out,1,1,0,https://www.rasasilver.com/products/archira-victorian-necklace-set-copy?variant=gid://shopify/ProductVariant/52463944696105
2026-07-25 12:17:32,Shree Amodini Oddiyanam,Default Title,R14903,72500.0,Restock,1,0,1,https://www.rasasilver.com/products/shree-amodini-oddiyanam?variant=gid://shopify/ProductVariant/51428954112297
2026-07-25 12:32:52,Ovalor Stone Ring,Ruby Pink,R17311,3450.0,Restock,1,9,10,https://www.rasasilver.com/products/ovalor-ring?variant=gid://shopify/ProductVariant/51472177692969
2026-07-25 12:32:52,Anvitha Stone Jhumkis,Default Title,R28547,3700.0,Restock,1,0,1,https://www.rasasilver.com/products/anvitha-stone-jhumkis?variant=gid://shopify/ProductVariant/53266472141097
2026-07-25 12:32:52,Floria Stone Studs,Default Title,R29606,3300.0,Restock,1,0,1,https://www.rasasilver.com/products/astera-stone-studs?variant=gid://shopify/ProductVariant/53282491662633
2026-07-25 12:32:52,Fiora Stone Studs,Default Title,R29495,2300.0,Restock,1,0,1,https://www.rasasilver.com/products/fiora-stone-studs?variant=gid://shopify/ProductVariant/53282509226281
2026-07-25 12:32:52,CZ Rosetta Danglers,GREEN,R29561,3400.0,Restock,1,2,3,https://www.rasasilver.com/products/cz-rosetta-danglers?variant=gid://shopify/ProductVariant/53282952741161
2026-07-25 12:32:52,Pear-Line CZ Danglers,Default Title,R29569,3000.0,Restock,1,0,1,https://www.rasasilver.com/products/pear-line-cz-danglers?variant=gid://shopify/ProductVariant/53283014672681
2026-07-25 12:32:52,Beaded Charm Ear Cuff,Default Title,R31572,1300.0,Restock,1,2,3,https://www.rasasilver.com/products/beaded-charm-ear-cuff?variant=gid://shopify/ProductVariant/53286096306473
2026-07-25 12:47:31,Zariya Stone Danglers,GREEN,R31508,5300.0,Sale,1,2,1,https://www.rasasilver.com/products/zariya-green-stone-danglers?variant=gid://shopify/ProductVariant/53290441408809
2026-07-25 12:47:31,Pushpa Chakra Stone Danglers,Default Title,R31402,6300.0,Sale,2,3,1,https://www.rasasilver.com/products/pushpa-chakra-stone-danglers?variant=gid://shopify/ProductVariant/53304544526633
2026-07-25 12:47:31,Vasantha Glow Kundan Jhumki,Default Title,R32124,15000.0,Sale,1,2,1,https://www.rasasilver.com/products/vasantha-glow-kundan-jhumki?variant=gid://shopify/ProductVariant/53329684988201
2026-07-25 12:47:31,Amraprava Necklace Set,Default Title,R13474,76200.0,Sold Out,1,1,0,https://www.rasasilver.com/products/necklace-set-8?variant=gid://shopify/ProductVariant/51222088122665
2026-07-25 12:47:31,Shreevalli Danglers,GREEN,R31965,5000.0,Sold Out,1,1,0,https://www.rasasilver.com/products/danglers-24?variant=gid://shopify/ProductVariant/53342707777833
2026-07-25 12:47:31,Reyvani Kundan Buggadi,Default Title,R24287,5500.0,Sold Out,1,1,0,https://www.rasasilver.com/products/reyvani-round-kundan-cuff?variant=gid://shopify/ProductVariant/52623012036905
2026-07-25 12:47:31,Sumanangi Kundan Jhumki,Default Title,R25861,20600.0,Sold Out,1,1,0,https://www.rasasilver.com/products/sugandha-kundan-jhumki-copy?variant=gid://shopify/ProductVariant/52916060029225
2026-07-25 12:47:31,Ambara Kundan Jhumki,Default Title,R25877,15700.0,Sold Out,1,1,0,https://www.rasasilver.com/products/sugandha-kundan-jhumki-copy-4?variant=gid://shopify/ProductVariant/52916228227369
2026-07-25 12:47:31,Pavo Kundan KaanKarela,Default Title,R25204,25300.0,Sold Out,1,1,0,https://www.rasasilver.com/products/majesty-kundan-kaan-karela-copy?variant=gid://shopify/ProductVariant/52920174706985
2026-07-25 12:47:31,Mugilu Mist Stone Danglers,Default Title,R31493,4200.0,Sold Out,1,1,0,https://www.rasasilver.com/products/mugilu-mist-danglers?variant=gid://shopify/ProductVariant/53290333864233
2026-07-25 12:47:31,Aakruthi Drops Stone Danglers,Default Title,R31494,4300.0,Sold Out,1,1,0,https://www.rasasilver.com/products/aakruthi-drops-stone-danglers?variant=gid://shopify/ProductVariant/53290354442537
2026-07-25 12:47:31,Mayura Manjari Stone Danglers,Default Title,R31496,4900.0,Sold Out,1,1,0,https://www.rasasilver.com/products/mayura-manjari-stone-danglers?variant=gid://shopify/ProductVariant/53290361094441
2026-07-25 12:47:31,Mrudu Shine Stone Danglers,Default Title,R31500,5100.0,Sold Out,1,1,0,https://www.rasasilver.com/products/mrudu-shine-stone-danglers?variant=gid://shopify/ProductVariant/53290379772201
2026-07-25 12:47:31,Vana Mallika Stone Danglers,Default Title,R31502,3300.0,Sold Out,1,1,0,https://www.rasasilver.com/products/vana-mallika-stone-danglers?variant=gid://shopify/ProductVariant/53290385572137
2026-07-25 12:47:31,Zariya Stone Danglers,Pink,R31890,5100.0,Sold Out,1,1,0,https://www.rasasilver.com/products/zariya-green-stone-danglers?variant=gid://shopify/ProductVariant/53290441441577
2026-07-25 12:47:31,Belli Spark Stone Danglers,Default Title,R31812,3100.0,Sold Out,1,1,0,https://www.rasasilver.com/products/belli-spark-stone-danglers?variant=gid://shopify/ProductVariant/53290401956137
2026-07-25 12:47:31,Manikya Pear Stone Danglers,Default Title,R31873,3700.0,Sold Out,1,1,0,https://www.rasasilver.com/products/manikya-pear-stone-danglers?variant=gid://shopify/ProductVariant/53290402021673
2026-07-25 12:47:31,Blossom-Peacock Nakshi Danglers,Default Title,R31888,7000.0,Sold Out,1,1,0,https://www.rasasilver.com/products/blossom-peacock-nakshi-danglers?variant=gid://shopify/ProductVariant/53290441769257
2026-07-25 12:47:31,Padmajyoti Temple Danglers,Default Title,R31963,4700.0,Sold Out,1,1,0,https://www.rasasilver.com/products/padmajyoti-temple-danglers?variant=gid://shopify/ProductVariant/53290448814377
2026-07-25 12:47:31,Shri-Vara Drops Temple Danglers,Default Title,R31966,3600.0,Sold Out,1,1,0,https://www.rasasilver.com/products/shri-vara-drops-temple-danglers?variant=gid://shopify/ProductVariant/53290476634409
2026-07-25 12:47:31,Verdant Stone Studs,Default Title,R31459,4900.0,Sold Out,1,1,0,https://www.rasasilver.com/products/verdant-stone-studs?variant=gid://shopify/ProductVariant/53292183814441
2026-07-25 12:47:31,Verde Luxe Stone Studs,Default Title,R31463,3800.0,Sold Out,1,1,0,https://www.rasasilver.com/products/verde-luxe-stone-studs?variant=gid://shopify/ProductVariant/53292197839145
2026-07-25 12:47:31,Lotus Luxe Stone Studs,Default Title,R31482,5100.0,Sold Out,1,1,0,https://www.rasasilver.com/products/lotus-luxe-studs?variant=gid://shopify/ProductVariant/53292360827177
2026-07-25 12:47:31,Ganesh-Glow Temple Studs,Default Title,R31952,3600.0,Sold Out,1,1,0,https://www.rasasilver.com/products/riddhi-glow-temple-studs?variant=gid://shopify/ProductVariant/53296571449641
2026-07-25 12:47:31,Shreya Temple Studs,Default Title,R31953,5300.0,Sold Out,1,1,0,https://www.rasasilver.com/products/shreya-temple-studs?variant=gid://shopify/ProductVariant/53296582656297
2026-07-25 12:47:31,Shriya Temple Studs,Default Title,R31955,4400.0,Sold Out,1,1,0,https://www.rasasilver.com/products/shriya-temple-studs?variant=gid://shopify/ProductVariant/53296583180585
2026-07-25 12:47:31,Shree Siri Temple Studs,GREEN,R31956,5600.0,Sold Out,1,1,0,https://www.rasasilver.com/products/shree-siri-temple-studs?variant=gid://shopify/ProductVariant/53296590061865
2026-07-25 12:47:31,Shree Siri Temple Studs,Gold,R31958,5600.0,Sold Out,1,1,0,https://www.rasasilver.com/products/shree-siri-temple-studs?variant=gid://shopify/ProductVariant/53296590094633
2026-07-25 12:47:31,Shree Siri Temple Studs,Beige,R31959,5600.0,Sold Out,1,1,0,https://www.rasasilver.com/products/shree-siri-temple-studs?variant=gid://shopify/ProductVariant/53296590127401
2026-07-25 12:47:31,Panna-Moti Stone Danglers,Default Title,R31497,4500.0,Sold Out,1,1,0,https://www.rasasilver.com/products/panna-moti-stone-danglers?variant=gid://shopify/ProductVariant/53296661889321
2026-07-25 12:47:31,Petal Glow Stone Studs,Default Title,R31808,3000.0,Sold Out,1,1,0,https://www.rasasilver.com/products/petal-glow-stone-studs?variant=gid://shopify/ProductVariant/53296682467625
2026-07-25 12:47:31,Mango-Sparkle Stone Studs,Default Title,R31809,4000.0,Sold Out,1,1,0,https://www.rasasilver.com/products/stone-studs?variant=gid://shopify/ProductVariant/53296686858537
2026-07-25 12:47:31,Mandara Pearl Stone Studs,Default Title,R31822,5800.0,Sold Out,1,1,0,https://www.rasasilver.com/products/mandara-pearl-stone-studs?variant=gid://shopify/ProductVariant/53296690069801
2026-07-25 12:47:31,Manik-Recta Stone Studs,Default Title,R31827,5000.0,Sold Out,1,1,0,https://www.rasasilver.com/products/manik-recta-stone-studs?variant=gid://shopify/ProductVariant/53296690528553
2026-07-25 12:47:31,Opal Dot Stone Studs,Default Title,R31865,2900.0,Sold Out,1,1,0,https://www.rasasilver.com/products/opal-dot-stone-studs?variant=gid://shopify/ProductVariant/53297204887849
2026-07-25 12:47:31,Aamra Ratna Stone Studs,Default Title,R31867,3000.0,Sold Out,1,1,0,https://www.rasasilver.com/products/aamra-ratna-stone-studs?variant=gid://shopify/ProductVariant/53297287364905
2026-07-25 12:47:31,Floral of Stone Studs,Default Title,R31917,6300.0,Sold Out,1,1,0,https://www.rasasilver.com/products/floral-of-stone-studs?variant=gid://shopify/ProductVariant/53298181243177
2026-07-25 12:47:31,Stone Aarunya Danglers,Default Title,R30432,16900.0,Sold Out,1,1,0,https://www.rasasilver.com/products/stone-aarunya-danglers?variant=gid://shopify/ProductVariant/53302501671209
2026-07-25 12:47:31,Bloom Pear Stone Danglers,Default Title,R30425,13200.0,Sold Out,1,1,0,https://www.rasasilver.com/products/stone-danglers-no-image?variant=gid://shopify/ProductVariant/53302649618729
2026-07-25 12:47:31,Temple Rajarajeshwari Danglers,Default Title,R30443,11000.0,Sold Out,1,1,0,https://www.rasasilver.com/products/temple-rajarajeshwari-danglers?variant=gid://shopify/ProductVariant/53304566382889
2026-07-25 12:47:31,Navaratna-Flora Stone Jhumki,Default Title,R30384,11800.0,Sold Out,1,1,0,https://www.rasasilver.com/products/navaratna-flora-stone-jhumki?variant=gid://shopify/ProductVariant/53304593940777
2026-07-25 12:47:31,Pink Regalia Kundan Danglers,Default Title,R32182,10700.0,Sold Out,1,1,0,https://www.rasasilver.com/products/pink-regalia-kundan-danglers?variant=gid://shopify/ProductVariant/53329631346985
2026-07-25 12:47:31,Rose Imperial Kundan Danglers,Default Title,R32185,13500.0,Sold Out,1,1,0,https://www.rasasilver.com/products/rose-imperial-kundan-danglers?variant=gid://shopify/ProductVariant/53329635508521
2026-07-25 12:47:31,Rosé Spark Kundan Danglers,Default Title,R32186,6300.0,Sold Out,1,1,0,https://www.rasasilver.com/products/rose-spark-kundan-danglers?variant=gid://shopify/ProductVariant/53329638555945
2026-07-25 12:47:31,Gulbahar Kundan Danglers,GREEN,R32187,6400.0,Sold Out,1,1,0,https://www.rasasilver.com/products/gulbahar-kundan-danglers?variant=gid://shopify/ProductVariant/53329638949161
2026-07-25 12:47:31,Peacock Drops Kundan Danglers,Default Title,R32192,10200.0,Sold Out,1,1,0,https://www.rasasilver.com/products/peacock-drops-kundan-danglers?variant=gid://shopify/ProductVariant/53329641341225
2026-07-25 12:47:31,Aruna Bloom Kundan Danglers,Default Title,R32190,11400.0,Sold Out,1,1,0,https://www.rasasilver.com/products/aruna-bloom-kundan-danglers?variant=gid://shopify/ProductVariant/53329641373993
2026-07-25 12:47:31,Tirupati-Lakshmi Temple Danglers,Default Title,R32098,10700.0,Sold Out,1,1,0,https://www.rasasilver.com/products/tirupati-lakshmi-temple-danglers?variant=gid://shopify/ProductVariant/53329643307305
2026-07-25 12:47:31,Sriya Grace Temple Danglers,Default Title,R32108,8500.0,Sold Out,1,1,0,https://www.rasasilver.com/products/sriya-grace-temple-danglers?variant=gid://shopify/ProductVariant/53329644323113
2026-07-25 12:47:31,Navilu Pearl Kundan Jhumki,Default Title,R32120,18700.0,Sold Out,1,1,0,https://www.rasasilver.com/products/navilu-pearl-kundan-jhumki?variant=gid://shopify/ProductVariant/53329680826665
2026-07-25 12:47:31,Pushpa-Pearl Kundan Jhumki,Default Title,R32126,25500.0,Sold Out,1,1,0,https://www.rasasilver.com/products/pushpa-pearl-kundan-jhumki?variant=gid://shopify/ProductVariant/53329690394921
2026-07-25 12:47:31,Siri Bloom Kundan Jhumki,Default Title,R32129,21300.0,Sold Out,1,1,0,https://www.rasasilver.com/products/siri-bloom-kundan-jhumki?variant=gid://shopify/ProductVariant/53329692983593
2026-07-25 12:47:31,Sampada Kundan Jhumki,Default Title,R32134,25800.0,Sold Out,1,1,0,https://www.rasasilver.com/products/sampada-kundan-jhumki?variant=gid://shopify/ProductVariant/53329695080745
2026-07-25 12:47:31,Mangala Kundan Jhumki,Default Title,R32135,21600.0,Sold Out,1,1,0,https://www.rasasilver.com/products/mangala-kundan-jhumki?variant=gid://shopify/ProductVariant/53329696915753
2026-07-25 12:47:31,Amara Bloom Kundan Jhumki,Default Title,R32138,25500.0,Sold Out,1,1,0,https://www.rasasilver.com/products/amara-bloom-kundan-jhumki?variant=gid://shopify/ProductVariant/53329700782377
2026-07-25 12:47:31,Shobha Blossom Kundan Jhumki,Default Title,R32142,14500.0,Sold Out,1,1,0,https://www.rasasilver.com/products/shobha-blossom-kundan-jhumki?variant=gid://shopify/ProductVariant/53329702158633
2026-07-25 12:47:31,Temple Rasleela Jhumki,Default Title,R32104,15400.0,Sold Out,1,1,0,https://www.rasasilver.com/products/temple-jhumki?variant=gid://shopify/ProductVariant/53329738891561
2026-07-25 13:03:16,Shreevalli Danglers,GREEN,R31965,5000.0,Restock,1,0,1,https://www.rasasilver.com/products/danglers-24?variant=gid://shopify/ProductVariant/53342707777833
2026-07-25 13:03:16,Reyvani Kundan Buggadi,Default Title,R24287,5500.0,Restock,1,0,1,https://www.rasasilver.com/products/reyvani-round-kundan-cuff?variant=gid://shopify/ProductVariant/52623012036905
2026-07-25 13:03:16,Sumanangi Kundan Jhumki,Default Title,R25861,20600.0,Restock,1,0,1,https://www.rasasilver.com/products/sugandha-kundan-jhumki-copy?variant=gid://shopify/ProductVariant/52916060029225
2026-07-25 13:03:16,Ambara Kundan Jhumki,Default Title,R25877,15700.0,Restock,1,0,1,https://www.rasasilver.com/products/sugandha-kundan-jhumki-copy-4?variant=gid://shopify/ProductVariant/52916228227369
2026-07-25 13:03:16,Pavo Kundan KaanKarela,Default Title,R25204,25300.0,Restock,1,0,1,https://www.rasasilver.com/products/majesty-kundan-kaan-karela-copy?variant=gid://shopify/ProductVariant/52920174706985
2026-07-25 13:03:16,Mugilu Mist Stone Danglers,Default Title,R31493,4200.0,Restock,1,0,1,https://www.rasasilver.com/products/mugilu-mist-danglers?variant=gid://shopify/ProductVariant/53290333864233
2026-07-25 13:03:16,Aakruthi Drops Stone Danglers,Default Title,R31494,4300.0,Restock,1,0,1,https://www.rasasilver.com/products/aakruthi-drops-stone-danglers?variant=gid://shopify/ProductVariant/53290354442537
2026-07-25 13:03:16,Mayura Manjari Stone Danglers,Default Title,R31496,4900.0,Restock,1,0,1,https://www.rasasilver.com/products/mayura-manjari-stone-danglers?variant=gid://shopify/ProductVariant/53290361094441
2026-07-25 13:03:16,Mrudu Shine Stone Danglers,Default Title,R31500,5100.0,Restock,1,0,1,https://www.rasasilver.com/products/mrudu-shine-stone-danglers?variant=gid://shopify/ProductVariant/53290379772201
2026-07-25 13:03:16,Vana Mallika Stone Danglers,Default Title,R31502,3300.0,Restock,1,0,1,https://www.rasasilver.com/products/vana-mallika-stone-danglers?variant=gid://shopify/ProductVariant/53290385572137
2026-07-25 13:03:16,Zariya Stone Danglers,GREEN,R31508,5300.0,Restock,1,1,2,https://www.rasasilver.com/products/zariya-green-stone-danglers?variant=gid://shopify/ProductVariant/53290441408809
2026-07-25 13:03:16,Zariya Stone Danglers,Pink,R31890,5100.0,Restock,1,0,1,https://www.rasasilver.com/products/zariya-green-stone-danglers?variant=gid://shopify/ProductVariant/53290441441577
2026-07-25 13:03:16,Belli Spark Stone Danglers,Default Title,R31812,3100.0,Restock,1,0,1,https://www.rasasilver.com/products/belli-spark-stone-danglers?variant=gid://shopify/ProductVariant/53290401956137
2026-07-25 13:03:16,Manikya Pear Stone Danglers,Default Title,R31873,3700.0,Restock,1,0,1,https://www.rasasilver.com/products/manikya-pear-stone-danglers?variant=gid://shopify/ProductVariant/53290402021673
2026-07-25 13:03:16,Blossom-Peacock Nakshi Danglers,Default Title,R31888,7000.0,Restock,1,0,1,https://www.rasasilver.com/products/blossom-peacock-nakshi-danglers?variant=gid://shopify/ProductVariant/53290441769257
2026-07-25 13:03:16,Padmajyoti Temple Danglers,Default Title,R31963,4700.0,Restock,1,0,1,https://www.rasasilver.com/products/padmajyoti-temple-danglers?variant=gid://shopify/ProductVariant/53290448814377
2026-07-25 13:03:16,Shri-Vara Drops Temple Danglers,Default Title,R31966,3600.0,Restock,1,0,1,https://www.rasasilver.com/products/shri-vara-drops-temple-danglers?variant=gid://shopify/ProductVariant/53290476634409
2026-07-25 13:03:16,Verdant Stone Studs,Default Title,R31459,4900.0,Restock,1,0,1,https://www.rasasilver.com/products/verdant-stone-studs?variant=gid://shopify/ProductVariant/53292183814441
2026-07-25 13:03:16,Verde Luxe Stone Studs,Default Title,R31463,3800.0,Restock,1,0,1,https://www.rasasilver.com/products/verde-luxe-stone-studs?variant=gid://shopify/ProductVariant/53292197839145
2026-07-25 13:03:16,Lotus Luxe Stone Studs,Default Title,R31482,5100.0,Restock,1,0,1,https://www.rasasilver.com/products/lotus-luxe-studs?variant=gid://shopify/ProductVariant/53292360827177
2026-07-25 13:03:16,Ganesh-Glow Temple Studs,Default Title,R31952,3600.0,Restock,1,0,1,https://www.rasasilver.com/products/riddhi-glow-temple-studs?variant=gid://shopify/ProductVariant/53296571449641
2026-07-25 13:03:16,Shreya Temple Studs,Default Title,R31953,5300.0,Restock,1,0,1,https://www.rasasilver.com/products/shreya-temple-studs?variant=gid://shopify/ProductVariant/53296582656297
2026-07-25 13:03:16,Shriya Temple Studs,Default Title,R31955,4400.0,Restock,1,0,1,https://www.rasasilver.com/products/shriya-temple-studs?variant=gid://shopify/ProductVariant/53296583180585
2026-07-25 13:03:16,Shree Siri Temple Studs,GREEN,R31956,5600.0,Restock,1,0,1,https://www.rasasilver.com/products/shree-siri-temple-studs?variant=gid://shopify/ProductVariant/53296590061865
2026-07-25 13:03:16,Shree Siri Temple Studs,Gold,R31958,5600.0,Restock,1,0,1,https://www.rasasilver.com/products/shree-siri-temple-studs?variant=gid://shopify/ProductVariant/53296590094633
2026-07-25 13:03:16,Shree Siri Temple Studs,Beige,R31959,5600.0,Restock,1,0,1,https://www.rasasilver.com/products/shree-siri-temple-studs?variant=gid://shopify/ProductVariant/53296590127401
2026-07-25 13:03:16,Panna-Moti Stone Danglers,Default Title,R31497,4500.0,Restock,1,0,1,https://www.rasasilver.com/products/panna-moti-stone-danglers?variant=gid://shopify/ProductVariant/53296661889321
2026-07-25 13:03:16,Petal Glow Stone Studs,Default Title,R31808,3000.0,Restock,1,0,1,https://www.rasasilver.com/products/petal-glow-stone-studs?variant=gid://shopify/ProductVariant/53296682467625
2026-07-25 13:03:16,Mango-Sparkle Stone Studs,Default Title,R31809,4000.0,Restock,1,0,1,https://www.rasasilver.com/products/stone-studs?variant=gid://shopify/ProductVariant/53296686858537
2026-07-25 13:03:16,Mandara Pearl Stone Studs,Default Title,R31822,5800.0,Restock,1,0,1,https://www.rasasilver.com/products/mandara-pearl-stone-studs?variant=gid://shopify/ProductVariant/53296690069801
2026-07-25 13:03:16,Manik-Recta Stone Studs,Default Title,R31827,5000.0,Restock,1,0,1,https://www.rasasilver.com/products/manik-recta-stone-studs?variant=gid://shopify/ProductVariant/53296690528553
2026-07-25 13:03:16,Opal Dot Stone Studs,Default Title,R31865,2900.0,Restock,1,0,1,https://www.rasasilver.com/products/opal-dot-stone-studs?variant=gid://shopify/ProductVariant/53297204887849
2026-07-25 13:03:16,Aamra Ratna Stone Studs,Default Title,R31867,3000.0,Restock,1,0,1,https://www.rasasilver.com/products/aamra-ratna-stone-studs?variant=gid://shopify/ProductVariant/53297287364905
2026-07-25 13:03:16,Floral of Stone Studs,Default Title,R31917,6300.0,Restock,1,0,1,https://www.rasasilver.com/products/floral-of-stone-studs?variant=gid://shopify/ProductVariant/53298181243177
2026-07-25 13:03:16,Stone Aarunya Danglers,Default Title,R30432,16900.0,Restock,1,0,1,https://www.rasasilver.com/products/stone-aarunya-danglers?variant=gid://shopify/ProductVariant/53302501671209
2026-07-25 13:03:16,Bloom Pear Stone Danglers,Default Title,R30425,13200.0,Restock,1,0,1,https://www.rasasilver.com/products/stone-danglers-no-image?variant=gid://shopify/ProductVariant/53302649618729
2026-07-25 13:03:16,Pushpa Chakra Stone Danglers,Default Title,R31402,6300.0,Restock,2,1,3,https://www.rasasilver.com/products/pushpa-chakra-stone-danglers?variant=gid://shopify/ProductVariant/53304544526633
2026-07-25 13:03:16,Temple Rajarajeshwari Danglers,Default Title,R30443,11000.0,Restock,1,0,1,https://www.rasasilver.com/products/temple-rajarajeshwari-danglers?variant=gid://shopify/ProductVariant/53304566382889
2026-07-25 13:03:16,Navaratna-Flora Stone Jhumki,Default Title,R30384,11800.0,Restock,1,0,1,https://www.rasasilver.com/products/navaratna-flora-stone-jhumki?variant=gid://shopify/ProductVariant/53304593940777
2026-07-25 13:03:16,Pink Regalia Kundan Danglers,Default Title,R32182,10700.0,Restock,1,0,1,https://www.rasasilver.com/products/pink-regalia-kundan-danglers?variant=gid://shopify/ProductVariant/53329631346985
2026-07-25 13:03:16,Rose Imperial Kundan Danglers,Default Title,R32185,13500.0,Restock,1,0,1,https://www.rasasilver.com/products/rose-imperial-kundan-danglers?variant=gid://shopify/ProductVariant/53329635508521
2026-07-25 13:03:16,Rosé Spark Kundan Danglers,Default Title,R32186,6300.0,Restock,1,0,1,https://www.rasasilver.com/products/rose-spark-kundan-danglers?variant=gid://shopify/ProductVariant/53329638555945
2026-07-25 13:03:16,Gulbahar Kundan Danglers,GREEN,R32187,6400.0,Restock,1,0,1,https://www.rasasilver.com/products/gulbahar-kundan-danglers?variant=gid://shopify/ProductVariant/53329638949161
2026-07-25 13:03:16,Peacock Drops Kundan Danglers,Default Title,R32192,10200.0,Restock,1,0,1,https://www.rasasilver.com/products/peacock-drops-kundan-danglers?variant=gid://shopify/ProductVariant/53329641341225
2026-07-25 13:03:16,Aruna Bloom Kundan Danglers,Default Title,R32190,11400.0,Restock,1,0,1,https://www.rasasilver.com/products/aruna-bloom-kundan-danglers?variant=gid://shopify/ProductVariant/53329641373993
2026-07-25 13:03:16,Tirupati-Lakshmi Temple Danglers,Default Title,R32098,10700.0,Restock,1,0,1,https://www.rasasilver.com/products/tirupati-lakshmi-temple-danglers?variant=gid://shopify/ProductVariant/53329643307305
2026-07-25 13:03:16,Sriya Grace Temple Danglers,Default Title,R32108,8500.0,Restock,1,0,1,https://www.rasasilver.com/products/sriya-grace-temple-danglers?variant=gid://shopify/ProductVariant/53329644323113
2026-07-25 13:03:16,Navilu Pearl Kundan Jhumki,Default Title,R32120,18700.0,Restock,1,0,1,https://www.rasasilver.com/products/navilu-pearl-kundan-jhumki?variant=gid://shopify/ProductVariant/53329680826665
2026-07-25 13:03:16,Vasantha Glow Kundan Jhumki,Default Title,R32124,15000.0,Restock,1,1,2,https://www.rasasilver.com/products/vasantha-glow-kundan-jhumki?variant=gid://shopify/ProductVariant/53329684988201
2026-07-25 13:03:16,Pushpa-Pearl Kundan Jhumki,Default Title,R32126,25500.0,Restock,1,0,1,https://www.rasasilver.com/products/pushpa-pearl-kundan-jhumki?variant=gid://shopify/ProductVariant/53329690394921
2026-07-25 13:03:16,Siri Bloom Kundan Jhumki,Default Title,R32129,21300.0,Restock,1,0,1,https://www.rasasilver.com/products/siri-bloom-kundan-jhumki?variant=gid://shopify/ProductVariant/53329692983593
2026-07-25 13:03:16,Sampada Kundan Jhumki,Default Title,R32134,25800.0,Restock,1,0,1,https://www.rasasilver.com/products/sampada-kundan-jhumki?variant=gid://shopify/ProductVariant/53329695080745
2026-07-25 13:03:16,Mangala Kundan Jhumki,Default Title,R32135,21600.0,Restock,1,0,1,https://www.rasasilver.com/products/mangala-kundan-jhumki?variant=gid://shopify/ProductVariant/53329696915753
2026-07-25 13:03:16,Amara Bloom Kundan Jhumki,Default Title,R32138,25500.0,Restock,1,0,1,https://www.rasasilver.com/products/amara-bloom-kundan-jhumki?variant=gid://shopify/ProductVariant/53329700782377
2026-07-25 13:03:16,Shobha Blossom Kundan Jhumki,Default Title,R32142,14500.0,Restock,1,0,1,https://www.rasasilver.com/products/shobha-blossom-kundan-jhumki?variant=gid://shopify/ProductVariant/53329702158633
2026-07-25 13:03:16,Temple Rasleela Jhumki,Default Title,R32104,15400.0,Restock,1,0,1,https://www.rasasilver.com/products/temple-jhumki?variant=gid://shopify/ProductVariant/53329738891561
2026-07-25 13:33:12,Blooming Victorian Pendant Set,Default Title,R24521,28260.0,Sale,1,2,1,https://www.rasasilver.com/products/victorian-pendant-set?variant=gid://shopify/ProductVariant/52535671324969
2026-07-25 13:33:12,Orlina Studs,Default Title,R31555,1000.0,Sale,1,5,4,https://www.rasasilver.com/products/orlina-studs?variant=gid://shopify/ProductVariant/53288902000937
2026-07-25 14:48:28,Devanshi Emerald Ring,GREEN / 6,R17332,3500.0,Sale,1,5,4,https://www.rasasilver.com/products/devanshi-ring?variant=gid://shopify/ProductVariant/51472139616553
2026-07-25 14:48:28,Maharitna Stone Pendant,Default Title,R26173,11250.0,Sold Out,1,1,0,https://www.rasasilver.com/products/maharitna-stone-pendant?variant=gid://shopify/ProductVariant/52880870539561
2026-07-25 15:03:27,Gulab Stone Sheeshphool,Default Title,R4899,32760.0,Sold Out,1,1,0,https://www.rasasilver.com/products/gulab-stone-sheeshphool?variant=gid://shopify/ProductVariant/52469445886249
2026-07-25 15:17:41,Drovella CZ Necklace,Default Title,R26754,18300.0,Sale,1,3,2,https://www.rasasilver.com/products/drovella-cz-necklace?variant=gid://shopify/ProductVariant/52881079697705
2026-07-25 15:34:23,Twilight Shine CZ Necklace,Default Title,R29526,17000.0,Sale,1,3,2,https://www.rasasilver.com/products/twilight-shine-cz-necklace?variant=gid://shopify/ProductVariant/53282559787305
2026-07-25 15:34:23,Celestial Orbit CZ Danglers,Default Title,R29565,4300.0,Sale,1,3,2,https://www.rasasilver.com/products/celestial-orbit-cz-danglers?variant=gid://shopify/ProductVariant/53283009921321
2026-07-25 15:34:23,Jagaddhatri Short Necklace,Default Title,R1993,23580.0,Sold Out,1,1,0,https://www.rasasilver.com/products/jagaddhatri-short-necklace?variant=gid://shopify/ProductVariant/50123855757609
2026-07-25 15:47:31,Pear-Navaratna Pendant Set,Default Title,R31487,4800.0,Sold Out,1,1,0,https://www.rasasilver.com/products/pear-navaratna-pendant-set?variant=gid://shopify/ProductVariant/53290470867241
2026-07-25 15:47:31,Ojas Spark Stone Pendant Set,Default Title,R31938,2700.0,Sold Out,1,1,0,https://www.rasasilver.com/products/ojas-spark-stone-pendant-set?variant=gid://shopify/ProductVariant/53290710466857
2026-07-25 15:47:31,Kusuma Luxe Stone Pendant Set,Default Title,R31945,3600.0,Sold Out,1,1,0,https://www.rasasilver.com/products/kusuma-luxe-stone-pendant-set?variant=gid://shopify/ProductVariant/53290727440681
2026-07-25 16:04:15,Glitter Line Bracelet,Default Title,R12894,5000.0,Sale,1,2,1,https://www.rasasilver.com/products/glitter-line-bracelet?variant=gid://shopify/ProductVariant/51197532832041
2026-07-25 16:04:15,Drovella CZ Necklace,Default Title,R26754,18300.0,Restock,1,2,3,https://www.rasasilver.com/products/drovella-cz-necklace?variant=gid://shopify/ProductVariant/52881079697705
2026-07-25 16:04:15,Maathang Kundan Matil,Swarovski,R23825,10350.0,Restock,1,0,1,https://www.rasasilver.com/products/maathang-matil?variant=gid://shopify/ProductVariant/52897910685993
2026-07-25 16:04:15,Suvarna Temple Necklace,Default Title,R28170,30800.0,Restock,1,0,1,https://www.rasasilver.com/products/ratnika-short-temple-necklace-copy?variant=gid://shopify/ProductVariant/53071057649961
2026-07-25 16:04:15,Kiran CZ Tikka,RED,R21208,8400.0,Sold Out,1,1,0,https://www.rasasilver.com/products/kiran-cz-tikka?variant=gid://shopify/ProductVariant/52469436121385
2026-07-25 18:33:53,Emerovia Stone Pendant,Green,R11762,1700.0,Sale,1,12,11,https://www.rasasilver.com/products/emerovia-pendant?variant=gid://shopify/ProductVariant/50809107087657
2026-07-26 01:04:22,Siri Vaibhava Temple Studs,Default Title,R31962,2900.0,Sold Out,1,1,0,https://www.rasasilver.com/products/siri-vaibhava-temple-studs?variant=gid://shopify/ProductVariant/53296605593897
2026-07-26 01:17:52,Glimvya Stone Ring,6,R17385,1700.0,Sold Out,1,1,0,https://www.rasasilver.com/products/ring-20?variant=gid://shopify/ProductVariant/52291047686441
2026-07-26 03:03:03,Kiranaratna Stud Earrings,Default Title,R17286,4400.0,Sale,1,10,9,https://www.rasasilver.com/products/kiranaratna-studs?variant=gid://shopify/ProductVariant/50152979005737
2026-07-26 06:04:01,Ancient Shine Studs,Default Title,R2176,5900.0,Sold Out,1,1,0,https://www.rasasilver.com/products/ancient-shine-studs?variant=gid://shopify/ProductVariant/50159118516521
2026-07-26 06:33:43,Meher Kundan Septum Ring,Default Title,R25280,900.0,Sold Out,1,1,0,https://www.rasasilver.com/products/meher-kundan-septum-ring?variant=gid://shopify/ProductVariant/52680471871785
2026-07-26 07:17:47,Orlina Studs,Default Title,R31555,1000.0,Sale,1,4,3,https://www.rasasilver.com/products/orlina-studs?variant=gid://shopify/ProductVariant/53288902000937
2026-07-26 09:03:33,Ruvanya Stone Ring,Green / 14,R17379,3000.0,Sale,1,2,1,https://www.rasasilver.com/products/ring-22?variant=gid://shopify/ProductVariant/51350170435881
2026-07-26 09:03:33,Floral Twinkle Toe Ring,Default Title,R31642,2000.0,Sale,1,4,3,https://www.rasasilver.com/products/floral-twinkle-toe-ring?variant=gid://shopify/ProductVariant/53289132228905
2026-07-26 09:49:08,Devi Mayura Short Necklace,Default Title,R12017,46300.0,Sold Out,1,1,0,https://www.rasasilver.com/products/devi-mayura-short-necklace?variant=gid://shopify/ProductVariant/50835346555177
2026-07-26 09:49:08,Padmavarnika Kasu Mala,Default Title,R14037,64500.0,Sold Out,1,1,0,https://www.rasasilver.com/products/necklace-48?variant=gid://shopify/ProductVariant/51256937709865
2026-07-26 10:05:49,Mahalaksha Temple Pendant,Default Title,R20929,5300.0,Sale,1,2,1,https://www.rasasilver.com/products/mahalaksha-temple-pendant?variant=gid://shopify/ProductVariant/52331036836137
2026-07-26 11:48:35,Panna-Pear CZ Pendant,Default Title,R29592,3900.0,Sold Out,1,1,0,https://www.rasasilver.com/products/panna-pear-cz-pendant?variant=gid://shopify/ProductVariant/53282871935273
2026-07-26 12:18:28,Shri Kamala Bindu Studs,Default Title,R7707,3600.0,Sale,1,3,2,https://www.rasasilver.com/products/shri-kamala-bindu-studs?variant=gid://shopify/ProductVariant/50612635369769
2026-07-26 12:18:28,Phool Patra Ring,GREEN,R17375,3000.0,Sale,1,8,7,https://www.rasasilver.com/products/phool-patra-ring?variant=gid://shopify/ProductVariant/50635383046441
2026-07-26 12:18:28,Shahi-Manik Kundan Necklace,Default Title,R25158,46000.0,Sold Out,1,1,0,https://www.rasasilver.com/products/shahi-manik-kundan-necklace?variant=gid://shopify/ProductVariant/52723527385385
2026-07-26 12:18:28,Moriya Kundan Jhumka,Default Title,R25164,30600.0,Sold Out,1,1,0,https://www.rasasilver.com/products/pushpanshi-kundan-jhumka-copy?variant=gid://shopify/ProductVariant/53102240661801
2026-07-26 12:34:03,Queen'CZ Pendant Set,Ruby Pink,R29553,3900.0,Sale,1,3,2,https://www.rasasilver.com/products/queencz-pendant-set?variant=gid://shopify/ProductVariant/53282896937257
2026-07-26 12:46:37,Pear-Phool Antique Bangles,2.6,R31281,29800.0,Sale,1,2,1,https://www.rasasilver.com/products/pear-phool-antique-bangles?variant=gid://shopify/ProductVariant/53324729483561
2026-07-26 13:33:03,Ivory Drop Stone Necklace,Default Title,R23367,22230.0,Sold Out,1,1,0,https://www.rasasilver.com/products/ivory-drop-stone-necklace?variant=gid://shopify/ProductVariant/52451399663913
2026-07-26 14:04:25,Eloria Shine Kada,Default Title,R28384,9400.0,Sold Out,1,1,0,https://www.rasasilver.com/products/multimuse-stone-bracelet-copy?variant=gid://shopify/ProductVariant/53138016043305
2026-07-26 14:18:08,Minimal Plain Chain,Default Title,R31985,1600.0,Sale,1,12,11,https://www.rasasilver.com/products/minimal-plain-chain?variant=gid://shopify/ProductVariant/53329485431081
2026-07-26 14:18:08,Ruby Orbitz Bangles,2.6,R7857,14800.0,Sold Out,1,1,0,https://www.rasasilver.com/products/ruby-orbitz-bangles?variant=gid://shopify/ProductVariant/50711435280681
2026-07-26 14:18:08,Scarlet Shine Stone Bangles,2.5,R24391,40770.0,Sold Out,1,1,0,https://www.rasasilver.com/products/scarlet-shine-stone-bangles?variant=gid://shopify/ProductVariant/52553582575913
2026-07-26 14:33:42,Eshna Twin Necklace,Ruby Pink,R15197,27700.0,Sale,1,2,1,https://www.rasasilver.com/products/twin-trails-necklace-copy?variant=gid://shopify/ProductVariant/51396723245353
2026-07-26 15:03:59,Elara Square Hoops,Default Title,R28374,5300.0,Sale,1,3,2,https://www.rasasilver.com/products/elara-square-hoops?variant=gid://shopify/ProductVariant/53129601515817
2026-07-26 15:34:43,Ratnangi Temple Necklace,Default Title,R25851,8100.0,Sale,1,4,3,https://www.rasasilver.com/products/vrittangi-short-temple-necklace-copy?variant=gid://shopify/ProductVariant/52828296741161
2026-07-26 16:32:45,Florisse Studs,Default Title,R31542,1700.0,Sold Out,1,1,0,https://www.rasasilver.com/products/florisse-studs?variant=gid://shopify/ProductVariant/53288661156137
2026-07-27 04:47:44,Eternal Luxe Bracelet,Default Title,R31536,1800.0,Sale,1,2,1,https://www.rasasilver.com/products/eternal-luxe-bracelet?variant=gid://shopify/ProductVariant/53284736205097
2026-07-27 05:48:31,Navilu Charm Stone Pendant Set,GREEN,R31507,3600.0,Restock,1,0,1,https://www.rasasilver.com/products/navilu-charm-stone-pendant-set?variant=gid://shopify/ProductVariant/53290677731625
2026-07-27 05:48:31,Florisa Stone Pendant Set,Default Title,R31513,3500.0,Restock,1,0,1,https://www.rasasilver.com/products/florisa-stone-pendant-set?variant=gid://shopify/ProductVariant/53290551574825
2026-07-27 06:18:55,Ovalé Emerald Pendant Set,Default Title,R6433,15200.0,Restock,1,0,1,https://www.rasasilver.com/products/ovale-emerald-pendant-set?variant=gid://shopify/ProductVariant/50376383824169
2026-07-27 06:18:55,Back Chain,Default Title,R25375,4000.0,Sale,1,3,2,https://www.rasasilver.com/products/back-chain-1?variant=gid://shopify/ProductVariant/50823753695529
2026-07-27 06:18:55,Ojas Spark Stone Pendant Set,Default Title,R31938,2700.0,Restock,1,0,1,https://www.rasasilver.com/products/ojas-spark-stone-pendant-set?variant=gid://shopify/ProductVariant/53290710466857
2026-07-27 06:18:55,Lakshmi Temple Mangalsutra,Swarovski,R31248,9300.0,Sale,1,2,1,https://www.rasasilver.com/products/lakshmi-temple-mangalsutra?variant=gid://shopify/ProductVariant/53307255390505
2026-07-27 06:18:55,Pear-Floral Moissanite Haath Phool,Default Title,R30581,22800.0,Sale,1,2,1,https://www.rasasilver.com/products/pear-floral-moissanite-haath-phool?variant=gid://shopify/ProductVariant/53329660674345
2026-07-27 06:18:55,Pear-Line Stone Bangles,2.9,R29459,26800.0,Sold Out,1,1,0,https://www.rasasilver.com/products/pear-line-stone-bangles?variant=gid://shopify/ProductVariant/53284283547945
2026-07-27 06:18:55,Mor-Vilasa Pendant Set,Default Title,R31505,9700.0,Sold Out,1,1,0,https://www.rasasilver.com/products/mor-vilasa-pendant-set?variant=gid://shopify/ProductVariant/53290501013801
2026-07-27 06:18:55,Rosy Bloom Stone Pendant Set,Default Title,R31518,7200.0,Sold Out,1,1,0,https://www.rasasilver.com/products/stone-pendant-set?variant=gid://shopify/ProductVariant/53290566582569
2026-07-27 06:18:55,Chakra-Beads Stone Studs,Default Title,R31465,2600.0,Sold Out,1,1,0,https://www.rasasilver.com/products/chakra-beads-stone-studs?variant=gid://shopify/ProductVariant/53292205048105
2026-07-27 06:18:55,Verde-Pear Stone Kada,Default Title,R30437,8400.0,Sold Out,1,1,0,https://www.rasasilver.com/products/verde-pear-stone-kada?variant=gid://shopify/ProductVariant/53304599445801
2026-07-27 06:18:55,Temple Kamalika Necklace,Default Title,R31294,11300.0,Sold Out,1,1,0,https://www.rasasilver.com/products/temple-kamalika-necklace?variant=gid://shopify/ProductVariant/53305055871273
2026-07-27 06:18:55,Panna-Sitara Stone Matil,Default Title,R30420,12300.0,Sold Out,1,1,0,https://www.rasasilver.com/products/panna-sitara-stone-matil?variant=gid://shopify/ProductVariant/53307088470313
2026-07-27 06:18:55,Kasu Temple Mangalsutra,Orange,R31241,9700.0,Sold Out,1,1,0,https://www.rasasilver.com/products/kasu-temple-mangalsutra?variant=gid://shopify/ProductVariant/53307246117161
2026-07-27 06:18:55,Lakshmi-Mandir Temple Pendant,Default Title,R30570,15400.0,Sold Out,1,1,0,https://www.rasasilver.com/products/lakshmi-mandir-temple-pendant?variant=gid://shopify/ProductVariant/53308709962025
2026-07-27 06:18:55,Sri Lakshmi Mayuram Temple Set,Default Title,R32330,67200.0,Sold Out,1,1,0,https://www.rasasilver.com/products/sri-lakshmi-mayuram-temple-set?variant=gid://shopify/ProductVariant/53315420520745
2026-07-27 06:18:55,Temple Padmavathi Mayura Set,Default Title,R32341,78200.0,Sold Out,1,1,0,https://www.rasasilver.com/products/temple-padmavathi-mayura-set?variant=gid://shopify/ProductVariant/53315522036009
2026-07-27 06:18:55,Blooming Mayuri Nakshi Set,Default Title,R32305,42400.0,Sold Out,1,1,0,https://www.rasasilver.com/products/temple-necklace-set-3?variant=gid://shopify/ProductVariant/53315526426921
2026-07-27 06:18:55,Mayil Ratna Nakshi Necklace Set,Default Title,R32308,43800.0,Sold Out,1,1,0,https://www.rasasilver.com/products/mayil-ratna-nakshi-necklace-set?variant=gid://shopify/ProductVariant/53318285787433
2026-07-27 06:18:55,Lakshmi Rajyam Temple Set,Default Title,R32289,50000.0,Sold Out,1,1,0,https://www.rasasilver.com/products/lakshmi-rajyam-temple-set?variant=gid://shopify/ProductVariant/53318417547561
2026-07-27 06:18:55,Nitya Lakshmi Temple Necklace Set,Default Title,R32293,41000.0,Sold Out,1,1,0,https://www.rasasilver.com/products/nitya-lakshmi-temple-necklace-set?variant=gid://shopify/ProductVariant/53318581879081
2026-07-27 06:18:55,Lakshmi Kirana Temple Necklace Set,Default Title,R32300,52700.0,Sold Out,1,1,0,https://www.rasasilver.com/products/lakshmi-kirana-temple-necklace-set?variant=gid://shopify/ProductVariant/53318604947753
2026-07-27 06:18:55,Parrot-Phool Kundan Choker Set,Default Title,R32203,21300.0,Sold Out,1,1,0,https://www.rasasilver.com/products/parrot-phool-kundan-choker-set?variant=gid://shopify/ProductVariant/53329512595753
2026-07-27 06:18:55,Rose Empress Victorian Choker Set,Default Title,R30807,57600.0,Sold Out,1,1,0,https://www.rasasilver.com/products/rose-empress-victorian-choker-set?variant=gid://shopify/ProductVariant/53329541792041
2026-07-27 06:18:55,Emerald Regalia Victorian Tikka,Default Title,R30745,9000.0,Sold Out,1,1,0,https://www.rasasilver.com/products/emerald-regalia-victorian-tikka?variant=gid://shopify/ProductVariant/53333243724073
2026-07-27 06:18:55,Rosette Elegance Victorian Maang Tikka,Default Title,R30748,12600.0,Sold Out,1,1,0,https://www.rasasilver.com/products/rosette-elegance-victorian-maang-tikka?variant=gid://shopify/ProductVariant/53333255520553
2026-07-27 06:18:55,Pearl Prerana Kundan Matil,Default Title,R32228,26900.0,Sold Out,1,1,0,https://www.rasasilver.com/products/pearl-prerana-kundan-matil?variant=gid://shopify/ProductVariant/53333322563881
2026-07-27 06:18:55,Celestia Blush Moissanite Maang Tikka,Default Title,R30754,16800.0,Sold Out,1,1,0,https://www.rasasilver.com/products/celestia-blush-moissanite-maang-tikka?variant=gid://shopify/ProductVariant/53333360574761
2026-07-27 06:18:55,Maharani Pearl Kundan Matil,Default Title,R32231,24300.0,Sold Out,1,1,0,https://www.rasasilver.com/products/maharani-pearl-kundan-matil?variant=gid://shopify/ProductVariant/53333435449641
2026-07-27 06:18:55,Rani Royale Kundan Bangles,2.5,R32229,55300.0,Sold Out,1,1,0,https://www.rasasilver.com/products/rani-royale-kundan-bangles?variant=gid://shopify/ProductVariant/53334430122281
2026-07-27 06:18:55,Navaratna Kundan Pendant Set,Default Title,R32208,31500.0,Sold Out,1,1,0,https://www.rasasilver.com/products/navaratna-kundan-pendant-set?variant=gid://shopify/ProductVariant/53336871534889
2026-07-27 06:18:55,Lakshmi Kripa Temple Necklace,Default Title,R32107,23300.0,Sold Out,1,1,0,https://www.rasasilver.com/products/lakshmi-kripa-temple-necklace?variant=gid://shopify/ProductVariant/53336898371881
2026-07-27 06:18:55,Pearl Garden Kundan Stud Matil,GREEN,R32196,23000.0,Sold Out,1,1,0,https://www.rasasilver.com/products/pearl-garden-stone-matil?variant=gid://shopify/ProductVariant/53336939430185
2026-07-27 06:33:42,Back Chain,Default Title,R25375,4000.0,Restock,1,2,3,https://www.rasasilver.com/products/back-chain-1?variant=gid://shopify/ProductVariant/50823753695529
2026-07-27 06:33:42,Pear-Line Stone Bangles,2.9,R29459,26800.0,Restock,1,0,1,https://www.rasasilver.com/products/pear-line-stone-bangles?variant=gid://shopify/ProductVariant/53284283547945
2026-07-27 06:33:42,The One Halo Bracelet,Default Title,R31522,1700.0,Sale,1,2,1,https://www.rasasilver.com/products/the-one-halo-bracelet?variant=gid://shopify/ProductVariant/53284734665001
2026-07-27 06:33:42,Lustre Line Bracelet,Silver,R31544,4500.0,Sale,2,3,1,https://www.rasasilver.com/products/lustre-line-bracelet?variant=gid://shopify/ProductVariant/53284737941801
2026-07-27 06:33:42,Infinity Shine Bracelet,Default Title,R31548,1900.0,Sale,1,2,1,https://www.rasasilver.com/products/infinity-shine-bracelet?variant=gid://shopify/ProductVariant/53284782047529
2026-07-27 06:33:42,Pear Elegance Bracelet,Default Title,R31561,3200.0,Sale,1,3,2,https://www.rasasilver.com/products/teardrop-elegance-bracelet?variant=gid://shopify/ProductVariant/53284791386409
2026-07-27 06:33:42,Shine Rose Bracelet,Default Title,R31564,2600.0,Sale,1,3,2,https://www.rasasilver.com/products/shine-rose-bracelet?variant=gid://shopify/ProductVariant/53284825694505
2026-07-27 06:33:42,Halo Charm Bracelet,Default Title,R31583,1800.0,Sale,1,2,1,https://www.rasasilver.com/products/bracelet-10?variant=gid://shopify/ProductVariant/53284829692201
2026-07-27 06:33:42,Verdelle Bracelet,Default Title,R31597,1300.0,Sale,1,2,1,https://www.rasasilver.com/products/bracelet-11?variant=gid://shopify/ProductVariant/53284831822121
2026-07-27 06:33:42,Nova Oval Bracelet,Default Title,R31625,2500.0,Sale,2,4,2,https://www.rasasilver.com/products/nova-oval-bracelet?variant=gid://shopify/ProductVariant/53285939872041
2026-07-27 06:33:42,Green Haven Bracelet,Default Title,R31640,2900.0,Sale,1,3,2,https://www.rasasilver.com/products/green-haven-bracelet?variant=gid://shopify/ProductVariant/53285940986153
2026-07-27 06:33:42,Sparkelle Chain Pendant,Default Title,R31560,3500.0,Sale,1,2,1,https://www.rasasilver.com/products/dazzle-bracelet?variant=gid://shopify/ProductVariant/53286015238441
2026-07-27 06:33:42,Green-Glow Chain Pendant,Default Title,R31575,2500.0,Sale,1,2,1,https://www.rasasilver.com/products/green-glow-chain-pendant?variant=gid://shopify/ProductVariant/53286016647465
2026-07-27 06:33:42,Beaded Charm Ear Cuff,Default Title,R31572,1300.0,Sale,1,3,2,https://www.rasasilver.com/products/beaded-charm-ear-cuff?variant=gid://shopify/ProductVariant/53286096306473
2026-07-27 06:33:42,Orbit Edge Hoops,Default Title,R31562,2700.0,Sale,1,4,3,https://www.rasasilver.com/products/orbit-edge-hoop?variant=gid://shopify/ProductVariant/53286101778729
2026-07-27 06:33:42,HexaGlow CZ Ring,Default Title,R31552,1400.0,Sale,1,4,3,https://www.rasasilver.com/products/hexaglow-cz-ring?variant=gid://shopify/ProductVariant/53288158462249
2026-07-27 06:33:42,Leaflet Ring,Default Title,R31615,1700.0,Sale,1,4,3,https://www.rasasilver.com/products/leaflet-ring?variant=gid://shopify/ProductVariant/53288198373673
2026-07-27 06:33:42,Heart-Glow Studs,Default Title,R31533,1000.0,Sale,1,3,2,https://www.rasasilver.com/products/heart-glow-studs?variant=gid://shopify/ProductVariant/53288372076841
2026-07-27 06:33:42,Twin Radiance Studs,Default Title,R31537,2200.0,Sale,1,4,3,https://www.rasasilver.com/products/twin-radiance-studs?variant=gid://shopify/ProductVariant/53288426537257
2026-07-27 06:33:42,Lucky Noir Studs,Default Title,R31549,900.0,Sale,1,3,2,https://www.rasasilver.com/products/studs-11?variant=gid://shopify/ProductVariant/53288735637801
2026-07-27 06:33:42,Pear-Pinkish Toe Ring,Default Title,R31638,1900.0,Sale,2,6,4,https://www.rasasilver.com/products/pear-pinkish-toe-ring?variant=gid://shopify/ProductVariant/53289094775081
2026-07-27 06:33:42,Whisper Loop Toe Ring,Default Title,R31641,2900.0,Sale,2,3,1,https://www.rasasilver.com/products/whisper-loop-toe-ring?variant=gid://shopify/ProductVariant/53289130295593
2026-07-27 06:33:42,Floral Twinkle Toe Ring,Default Title,R31642,2000.0,Sale,2,3,1,https://www.rasasilver.com/products/floral-twinkle-toe-ring?variant=gid://shopify/ProductVariant/53289132228905
2026-07-27 06:33:42,Leaf-Grace Toe Ring,Default Title,R31644,2300.0,Sale,1,2,1,https://www.rasasilver.com/products/leaf-grace-toe-ring?variant=gid://shopify/ProductVariant/53289147859241
2026-07-27 06:33:42,Vivid Band Toe Ring,Default Title,R31649,2000.0,Sale,1,2,1,https://www.rasasilver.com/products/vivid-band-toe-ring?variant=gid://shopify/ProductVariant/53289183543593
2026-07-27 06:33:42,Flutter Grace Toe Ring,Rose gold,R31651,2600.0,Sale,2,3,1,https://www.rasasilver.com/products/flutter-grace-toe-ring?variant=gid://shopify/ProductVariant/53289183936809
2026-07-27 06:33:42,Pear-Navaratna Pendant Set,Default Title,R31487,4800.0,Restock,1,0,1,https://www.rasasilver.com/products/pear-navaratna-pendant-set?variant=gid://shopify/ProductVariant/53290470867241
2026-07-27 06:33:42,Mor-Vilasa Pendant Set,Default Title,R31505,9700.0,Restock,1,0,1,https://www.rasasilver.com/products/mor-vilasa-pendant-set?variant=gid://shopify/ProductVariant/53290501013801
2026-07-27 06:33:42,Rosy Bloom Stone Pendant Set,Default Title,R31518,7200.0,Restock,1,0,1,https://www.rasasilver.com/products/stone-pendant-set?variant=gid://shopify/ProductVariant/53290566582569
2026-07-27 06:33:42,Chakra-Beads Stone Studs,Default Title,R31465,2600.0,Restock,1,0,1,https://www.rasasilver.com/products/chakra-beads-stone-studs?variant=gid://shopify/ProductVariant/53292205048105
2026-07-27 06:33:42,Laksh Temple Kada,Default Title,R31303,9500.0,Sale,1,2,1,https://www.rasasilver.com/products/ruby-laksh-temple-kada?variant=gid://shopify/ProductVariant/53299616579881
2026-07-27 06:33:42,Verde-Pear Stone Kada,Default Title,R30437,8400.0,Restock,1,0,1,https://www.rasasilver.com/products/verde-pear-stone-kada?variant=gid://shopify/ProductVariant/53304599445801
2026-07-27 06:33:42,Temple Kamalika Necklace,Default Title,R31294,11300.0,Restock,1,0,1,https://www.rasasilver.com/products/temple-kamalika-necklace?variant=gid://shopify/ProductVariant/53305055871273
2026-07-27 06:33:42,Panna-Sitara Stone Matil,Default Title,R30420,12300.0,Restock,1,0,1,https://www.rasasilver.com/products/panna-sitara-stone-matil?variant=gid://shopify/ProductVariant/53307088470313
2026-07-27 06:33:42,Blooming Stone Mangalsutra,Default Title,R31230,8600.0,Sale,1,2,1,https://www.rasasilver.com/products/blooming-stone-mangalsutra?variant=gid://shopify/ProductVariant/53307229339945
2026-07-27 06:33:42,Kasu Temple Mangalsutra,Orange,R31241,9700.0,Restock,1,0,1,https://www.rasasilver.com/products/kasu-temple-mangalsutra?variant=gid://shopify/ProductVariant/53307246117161
2026-07-27 06:33:42,Lakshmi Temple Mangalsutra,Swarovski,R31248,9300.0,Restock,1,1,2,https://www.rasasilver.com/products/lakshmi-temple-mangalsutra?variant=gid://shopify/ProductVariant/53307255390505
2026-07-27 06:33:42,Lakshmi-Mandir Temple Pendant,Default Title,R30570,15400.0,Restock,1,0,1,https://www.rasasilver.com/products/lakshmi-mandir-temple-pendant?variant=gid://shopify/ProductVariant/53308709962025
2026-07-27 06:33:42,Temple Devalaya Necklace Set,Default Title,R29949,14500.0,Sale,1,2,1,https://www.rasasilver.com/products/temple-devalaya-necklace-set?variant=gid://shopify/ProductVariant/53311568838953
2026-07-27 06:33:42,Mayura Queen Nakshi Necklace Set,Ruby Pink,R29981,16900.0,Sale,1,2,1,https://www.rasasilver.com/products/mayura-queen-nakshi-necklace-set?variant=gid://shopify/ProductVariant/53312595624233
2026-07-27 06:33:42,Sri Lakshmi Mayuram Temple Set,Default Title,R32330,67200.0,Restock,1,0,1,https://www.rasasilver.com/products/sri-lakshmi-mayuram-temple-set?variant=gid://shopify/ProductVariant/53315420520745
2026-07-27 06:33:42,Temple Padmavathi Mayura Set,Default Title,R32341,78200.0,Restock,1,0,1,https://www.rasasilver.com/products/temple-padmavathi-mayura-set?variant=gid://shopify/ProductVariant/53315522036009
2026-07-27 06:33:42,Blooming Mayuri Nakshi Set,Default Title,R32305,42400.0,Restock,1,0,1,https://www.rasasilver.com/products/temple-necklace-set-3?variant=gid://shopify/ProductVariant/53315526426921
2026-07-27 06:33:42,Mayil Ratna Nakshi Necklace Set,Default Title,R32308,43800.0,Restock,1,0,1,https://www.rasasilver.com/products/mayil-ratna-nakshi-necklace-set?variant=gid://shopify/ProductVariant/53318285787433
2026-07-27 06:33:42,Lakshmi Rajyam Temple Set,Default Title,R32289,50000.0,Restock,1,0,1,https://www.rasasilver.com/products/lakshmi-rajyam-temple-set?variant=gid://shopify/ProductVariant/53318417547561
2026-07-27 06:33:42,Nitya Lakshmi Temple Necklace Set,Default Title,R32293,41000.0,Restock,1,0,1,https://www.rasasilver.com/products/nitya-lakshmi-temple-necklace-set?variant=gid://shopify/ProductVariant/53318581879081
2026-07-27 06:33:42,Lakshmi Kirana Temple Necklace Set,Default Title,R32300,52700.0,Restock,1,0,1,https://www.rasasilver.com/products/lakshmi-kirana-temple-necklace-set?variant=gid://shopify/ProductVariant/53318604947753
2026-07-27 06:33:42,Minimal Plain Chain,Default Title,R31985,1600.0,Sale,1,11,10,https://www.rasasilver.com/products/minimal-plain-chain?variant=gid://shopify/ProductVariant/53329485431081
2026-07-27 06:33:42,Parrot-Phool Kundan Choker Set,Default Title,R32203,21300.0,Restock,1,0,1,https://www.rasasilver.com/products/parrot-phool-kundan-choker-set?variant=gid://shopify/ProductVariant/53329512595753
2026-07-27 06:33:42,Rose Empress Victorian Choker Set,Default Title,R30807,57600.0,Restock,1,0,1,https://www.rasasilver.com/products/rose-empress-victorian-choker-set?variant=gid://shopify/ProductVariant/53329541792041
2026-07-27 06:33:42,Pear-Floral Moissanite Haath Phool,Default Title,R30581,22800.0,Restock,1,1,2,https://www.rasasilver.com/products/pear-floral-moissanite-haath-phool?variant=gid://shopify/ProductVariant/53329660674345
2026-07-27 06:33:42,Emerald Regalia Victorian Tikka,Default Title,R30745,9000.0,Restock,1,0,1,https://www.rasasilver.com/products/emerald-regalia-victorian-tikka?variant=gid://shopify/ProductVariant/53333243724073
2026-07-27 06:33:42,Rosette Elegance Victorian Maang Tikka,Default Title,R30748,12600.0,Restock,1,0,1,https://www.rasasilver.com/products/rosette-elegance-victorian-maang-tikka?variant=gid://shopify/ProductVariant/53333255520553
2026-07-27 06:33:42,Pearl Prerana Kundan Matil,Default Title,R32228,26900.0,Restock,1,0,1,https://www.rasasilver.com/products/pearl-prerana-kundan-matil?variant=gid://shopify/ProductVariant/53333322563881
2026-07-27 06:33:42,Celestia Blush Moissanite Maang Tikka,Default Title,R30754,16800.0,Restock,1,0,1,https://www.rasasilver.com/products/celestia-blush-moissanite-maang-tikka?variant=gid://shopify/ProductVariant/53333360574761
2026-07-27 06:33:42,Maharani Pearl Kundan Matil,Default Title,R32231,24300.0,Restock,1,0,1,https://www.rasasilver.com/products/maharani-pearl-kundan-matil?variant=gid://shopify/ProductVariant/53333435449641
2026-07-27 06:33:42,Rani Royale Kundan Bangles,2.5,R32229,55300.0,Restock,1,0,1,https://www.rasasilver.com/products/rani-royale-kundan-bangles?variant=gid://shopify/ProductVariant/53334430122281
2026-07-27 06:33:42,Navaratna Kundan Pendant Set,Default Title,R32208,31500.0,Restock,1,0,1,https://www.rasasilver.com/products/navaratna-kundan-pendant-set?variant=gid://shopify/ProductVariant/53336871534889
2026-07-27 06:33:42,Lakshmi Kripa Temple Necklace,Default Title,R32107,23300.0,Restock,1,0,1,https://www.rasasilver.com/products/lakshmi-kripa-temple-necklace?variant=gid://shopify/ProductVariant/53336898371881
2026-07-27 06:33:42,Pearl Garden Kundan Stud Matil,GREEN,R32196,23000.0,Restock,1,0,1,https://www.rasasilver.com/products/pearl-garden-stone-matil?variant=gid://shopify/ProductVariant/53336939430185
2026-07-27 06:33:42,Duo-Pear CZ Studs,Default Title,R19423,2800.0,Sold Out,1,1,0,https://www.rasasilver.com/products/duo-pear-cz-studs?variant=gid://shopify/ProductVariant/52447561220393
2026-07-27 06:33:42,Avyara Bracelet,Default Title,R28378,3800.0,Sold Out,1,1,0,https://www.rasasilver.com/products/avyara-bracelet?variant=gid://shopify/ProductVariant/53125608669481
2026-07-27 06:33:42,Vine Elegance CZ Pendant Set,GREEN,R25552,4500.0,Sold Out,1,1,0,https://www.rasasilver.com/products/vine-elegance-cz-pendant-set?variant=gid://shopify/ProductVariant/53308708061481
2026-07-27 06:33:42,Pear-Blush CZ Pendant Set,Blue,R29532,7300.0,Sold Out,1,1,0,https://www.rasasilver.com/products/pear-blush-cz-pendant-set?variant=gid://shopify/ProductVariant/53282874327337
2026-07-27 06:33:42,Angular Grace Hoops,Default Title,R31568,3000.0,Sold Out,2,2,0,https://www.rasasilver.com/products/angular-grace-hoops?variant=gid://shopify/ProductVariant/53286100631849
2026-07-27 06:33:42,Heart Whisper Studs,Default Title,R31726,4900.0,Sold Out,1,1,0,https://www.rasasilver.com/products/heart-whisper-studs?variant=gid://shopify/ProductVariant/53288964686121
2026-07-27 06:33:42,Silver Sky Studs,Default Title,R31741,6100.0,Sold Out,1,1,0,https://www.rasasilver.com/products/silver-sky-studs?variant=gid://shopify/ProductVariant/53289018425641
2026-07-27 06:33:42,Flutter Grace Toe Ring,Silver,R31654,2500.0,Sold Out,1,1,0,https://www.rasasilver.com/products/flutter-grace-toe-ring?variant=gid://shopify/ProductVariant/53289183969577
2026-07-27 06:33:42,Arali Sparkle Stone Kada,Default Title,R30441,10400.0,Sold Out,1,1,0,https://www.rasasilver.com/products/arali-sparkle-stone-kada?variant=gid://shopify/ProductVariant/53299596689705
2026-07-27 06:33:42,Shri Temple Mop Chain,Default Title,R29922,17900.0,Sold Out,1,1,0,https://www.rasasilver.com/products/shri-temple-mop-chain?variant=gid://shopify/ProductVariant/53302498230569
2026-07-27 06:33:42,Lakshmi Temple Mangalsutra,Orange,R31324,8000.0,Sold Out,1,1,0,https://www.rasasilver.com/products/lakshmi-temple-mangalsutra?variant=gid://shopify/ProductVariant/53307255423273
2026-07-27 06:33:42,Fusion Wear Necklace Set,Default Title,R13092,14000.0,Sold Out,1,1,0,https://www.rasasilver.com/products/fusion-wear-necklace-set?variant=gid://shopify/ProductVariant/53308738306345
2026-07-27 06:33:42,Pear Pushpa Kundan Bracelet,Default Title,R32149,10200.0,Sold Out,1,1,0,https://www.rasasilver.com/products/pear-pushpa-kundan-bracelet?variant=gid://shopify/ProductVariant/53329420812585
2026-07-27 06:33:42,Fleur Kundan Bracelet,Default Title,R32153,9500.0,Sold Out,1,1,0,https://www.rasasilver.com/products/fleur-kundan-bracelet?variant=gid://shopify/ProductVariant/53329440932137
2026-07-27 06:33:42,Blush-Floral Victorian Haath Phool,Default Title,R30749,34300.0,Sold Out,1,1,0,https://www.rasasilver.com/products/blush-floral-victorian-haath-phool?variant=gid://shopify/ProductVariant/53329676828969
2026-07-27 06:33:42,Princess Pink Victorian Kada,Default Title,R30753,23200.0,Sold Out,1,1,0,https://www.rasasilver.com/products/princess-pink-victorian-kada?variant=gid://shopify/ProductVariant/53333209612585
2026-07-27 06:33:42,Rani-Pearl Kundan Matil,Default Title,R32233,24300.0,Sold Out,1,1,0,https://www.rasasilver.com/products/rani-pearl-kundan-matil?variant=gid://shopify/ProductVariant/53334207004969
2026-07-27 06:49:26,Duo-Pear CZ Studs,Default Title,R19423,2800.0,New Arrival,1,0,1,https://www.rasasilver.com/products/duo-pear-cz-studs?variant=gid://shopify/ProductVariant/52447561220393
2026-07-27 06:49:26,Avyara Bracelet,Default Title,R28378,3800.0,New Arrival,1,0,1,https://www.rasasilver.com/products/avyara-bracelet?variant=gid://shopify/ProductVariant/53125608669481
2026-07-27 06:49:26,Vine Elegance CZ Pendant Set,GREEN,R25552,4500.0,New Arrival,1,0,1,https://www.rasasilver.com/products/vine-elegance-cz-pendant-set?variant=gid://shopify/ProductVariant/53308708061481
2026-07-27 06:49:26,Pear-Blush CZ Pendant Set,Blue,R29532,7300.0,New Arrival,1,0,1,https://www.rasasilver.com/products/pear-blush-cz-pendant-set?variant=gid://shopify/ProductVariant/53282874327337
2026-07-27 06:49:26,The One Halo Bracelet,Default Title,R31522,1700.0,Restock,1,1,2,https://www.rasasilver.com/products/the-one-halo-bracelet?variant=gid://shopify/ProductVariant/53284734665001
2026-07-27 06:49:26,Lustre Line Bracelet,Silver,R31544,4500.0,Restock,2,1,3,https://www.rasasilver.com/products/lustre-line-bracelet?variant=gid://shopify/ProductVariant/53284737941801
2026-07-27 06:49:26,Infinity Shine Bracelet,Default Title,R31548,1900.0,Restock,1,1,2,https://www.rasasilver.com/products/infinity-shine-bracelet?variant=gid://shopify/ProductVariant/53284782047529
2026-07-27 06:49:26,Pear Elegance Bracelet,Default Title,R31561,3200.0,Restock,2,2,4,https://www.rasasilver.com/products/teardrop-elegance-bracelet?variant=gid://shopify/ProductVariant/53284791386409
2026-07-27 06:49:26,Shine Rose Bracelet,Default Title,R31564,2600.0,Restock,1,2,3,https://www.rasasilver.com/products/shine-rose-bracelet?variant=gid://shopify/ProductVariant/53284825694505
2026-07-27 06:49:26,Halo Charm Bracelet,Default Title,R31583,1800.0,Restock,1,1,2,https://www.rasasilver.com/products/bracelet-10?variant=gid://shopify/ProductVariant/53284829692201
2026-07-27 06:49:26,Verdelle Bracelet,Default Title,R31597,1300.0,Restock,1,1,2,https://www.rasasilver.com/products/bracelet-11?variant=gid://shopify/ProductVariant/53284831822121
2026-07-27 06:49:26,Nova Oval Bracelet,Default Title,R31625,2500.0,Restock,2,2,4,https://www.rasasilver.com/products/nova-oval-bracelet?variant=gid://shopify/ProductVariant/53285939872041
2026-07-27 06:49:26,Green Haven Bracelet,Default Title,R31640,2900.0,Restock,1,2,3,https://www.rasasilver.com/products/green-haven-bracelet?variant=gid://shopify/ProductVariant/53285940986153
2026-07-27 06:49:26,Sparkelle Chain Pendant,Default Title,R31560,3500.0,Restock,1,1,2,https://www.rasasilver.com/products/dazzle-bracelet?variant=gid://shopify/ProductVariant/53286015238441
2026-07-27 06:49:26,Green-Glow Chain Pendant,Default Title,R31575,2500.0,Restock,1,1,2,https://www.rasasilver.com/products/green-glow-chain-pendant?variant=gid://shopify/ProductVariant/53286016647465
2026-07-27 06:49:26,Beaded Charm Ear Cuff,Default Title,R31572,1300.0,Restock,1,2,3,https://www.rasasilver.com/products/beaded-charm-ear-cuff?variant=gid://shopify/ProductVariant/53286096306473
2026-07-27 06:49:26,Angular Grace Hoops,Default Title,R31568,3000.0,New Arrival,2,0,2,https://www.rasasilver.com/products/angular-grace-hoops?variant=gid://shopify/ProductVariant/53286100631849
2026-07-27 06:49:26,Orbit Edge Hoops,Default Title,R31562,2700.0,Restock,1,3,4,https://www.rasasilver.com/products/orbit-edge-hoop?variant=gid://shopify/ProductVariant/53286101778729
2026-07-27 06:49:26,HexaGlow CZ Ring,Default Title,R31552,1400.0,Restock,1,3,4,https://www.rasasilver.com/products/hexaglow-cz-ring?variant=gid://shopify/ProductVariant/53288158462249
2026-07-27 06:49:26,Leaflet Ring,Default Title,R31615,1700.0,Restock,1,3,4,https://www.rasasilver.com/products/leaflet-ring?variant=gid://shopify/ProductVariant/53288198373673
2026-07-27 06:49:26,Heart-Glow Studs,Default Title,R31533,1000.0,Restock,1,2,3,https://www.rasasilver.com/products/heart-glow-studs?variant=gid://shopify/ProductVariant/53288372076841
2026-07-27 06:49:26,Twin Radiance Studs,Default Title,R31537,2200.0,Restock,1,3,4,https://www.rasasilver.com/products/twin-radiance-studs?variant=gid://shopify/ProductVariant/53288426537257
2026-07-27 06:49:26,Lucky Noir Studs,Default Title,R31549,900.0,Restock,1,2,3,https://www.rasasilver.com/products/studs-11?variant=gid://shopify/ProductVariant/53288735637801
2026-07-27 06:49:26,Heart Whisper Studs,Default Title,R31726,4900.0,New Arrival,1,0,1,https://www.rasasilver.com/products/heart-whisper-studs?variant=gid://shopify/ProductVariant/53288964686121
2026-07-27 06:49:26,Silver Sky Studs,Default Title,R31741,6100.0,New Arrival,1,0,1,https://www.rasasilver.com/products/silver-sky-studs?variant=gid://shopify/ProductVariant/53289018425641
2026-07-27 06:49:26,Pear-Pinkish Toe Ring,Default Title,R31638,1900.0,Restock,2,4,6,https://www.rasasilver.com/products/pear-pinkish-toe-ring?variant=gid://shopify/ProductVariant/53289094775081
2026-07-27 06:49:26,Whisper Loop Toe Ring,Default Title,R31641,2900.0,Restock,2,1,3,https://www.rasasilver.com/products/whisper-loop-toe-ring?variant=gid://shopify/ProductVariant/53289130295593
2026-07-27 06:49:26,Floral Twinkle Toe Ring,Default Title,R31642,2000.0,Restock,2,1,3,https://www.rasasilver.com/products/floral-twinkle-toe-ring?variant=gid://shopify/ProductVariant/53289132228905
2026-07-27 06:49:26,Leaf-Grace Toe Ring,Default Title,R31644,2300.0,Restock,1,1,2,https://www.rasasilver.com/products/leaf-grace-toe-ring?variant=gid://shopify/ProductVariant/53289147859241
2026-07-27 06:49:26,Vivid Band Toe Ring,Default Title,R31649,2000.0,Restock,1,1,2,https://www.rasasilver.com/products/vivid-band-toe-ring?variant=gid://shopify/ProductVariant/53289183543593
2026-07-27 06:49:26,Flutter Grace Toe Ring,Rose gold,R31651,2600.0,Restock,2,1,3,https://www.rasasilver.com/products/flutter-grace-toe-ring?variant=gid://shopify/ProductVariant/53289183936809
2026-07-27 06:49:26,Flutter Grace Toe Ring,Silver,R31654,2500.0,New Arrival,1,0,1,https://www.rasasilver.com/products/flutter-grace-toe-ring?variant=gid://shopify/ProductVariant/53289183969577
2026-07-27 06:49:26,Arali Sparkle Stone Kada,Default Title,R30441,10400.0,New Arrival,1,0,1,https://www.rasasilver.com/products/arali-sparkle-stone-kada?variant=gid://shopify/ProductVariant/53299596689705
2026-07-27 06:49:26,Laksh Temple Kada,Default Title,R31303,9500.0,Restock,1,1,2,https://www.rasasilver.com/products/ruby-laksh-temple-kada?variant=gid://shopify/ProductVariant/53299616579881
2026-07-27 06:49:26,Shri Temple Mop Chain,Default Title,R29922,17900.0,New Arrival,1,0,1,https://www.rasasilver.com/products/shri-temple-mop-chain?variant=gid://shopify/ProductVariant/53302498230569
2026-07-27 06:49:26,Blooming Stone Mangalsutra,Default Title,R31230,8600.0,Restock,1,1,2,https://www.rasasilver.com/products/blooming-stone-mangalsutra?variant=gid://shopify/ProductVariant/53307229339945
2026-07-27 06:49:26,Lakshmi Temple Mangalsutra,Orange,R31324,8000.0,New Arrival,1,0,1,https://www.rasasilver.com/products/lakshmi-temple-mangalsutra?variant=gid://shopify/ProductVariant/53307255423273
2026-07-27 06:49:26,Fusion Wear Necklace Set,Default Title,R13092,14000.0,New Arrival,1,0,1,https://www.rasasilver.com/products/fusion-wear-necklace-set?variant=gid://shopify/ProductVariant/53308738306345
2026-07-27 06:49:26,Temple Devalaya Necklace Set,Default Title,R29949,14500.0,Restock,1,1,2,https://www.rasasilver.com/products/temple-devalaya-necklace-set?variant=gid://shopify/ProductVariant/53311568838953
2026-07-27 06:49:26,Mayura Queen Nakshi Necklace Set,Ruby Pink,R29981,16900.0,Restock,1,1,2,https://www.rasasilver.com/products/mayura-queen-nakshi-necklace-set?variant=gid://shopify/ProductVariant/53312595624233
2026-07-27 06:49:26,Pear Pushpa Kundan Bracelet,Default Title,R32149,10200.0,New Arrival,1,0,1,https://www.rasasilver.com/products/pear-pushpa-kundan-bracelet?variant=gid://shopify/ProductVariant/53329420812585
2026-07-27 06:49:26,Fleur Kundan Bracelet,Default Title,R32153,9500.0,New Arrival,1,0,1,https://www.rasasilver.com/products/fleur-kundan-bracelet?variant=gid://shopify/ProductVariant/53329440932137
2026-07-27 06:49:26,Minimal Plain Chain,Default Title,R31985,1600.0,Restock,1,10,11,https://www.rasasilver.com/products/minimal-plain-chain?variant=gid://shopify/ProductVariant/53329485431081
2026-07-27 06:49:26,Blush-Floral Victorian Haath Phool,Default Title,R30749,34300.0,New Arrival,1,0,1,https://www.rasasilver.com/products/blush-floral-victorian-haath-phool?variant=gid://shopify/ProductVariant/53329676828969
2026-07-27 06:49:26,Princess Pink Victorian Kada,Default Title,R30753,23200.0,New Arrival,1,0,1,https://www.rasasilver.com/products/princess-pink-victorian-kada?variant=gid://shopify/ProductVariant/53333209612585
2026-07-27 06:49:26,Rani-Pearl Kundan Matil,Default Title,R32233,24300.0,New Arrival,1,0,1,https://www.rasasilver.com/products/rani-pearl-kundan-matil?variant=gid://shopify/ProductVariant/53334207004969
2026-07-27 07:03:45,Mayura Mosaic Bangles,2.6,R11307,48600.0,Restock,1,0,1,https://www.rasasilver.com/products/mayura-mosaic-bangles?variant=gid://shopify/ProductVariant/50816097714473
2026-07-27 07:03:45,Mayura Mosaic Bangles,2.4,R11307,48600.0,Restock,1,0,1,https://www.rasasilver.com/products/mayura-mosaic-bangles?variant=gid://shopify/ProductVariant/52273452810537
2026-07-27 07:17:36,Amrapali Stone Earrings,GREEN,R31833,4100.0,Sale,1,2,1,https://www.rasasilver.com/products/amrapali-earrings?variant=gid://shopify/ProductVariant/53302306275625
2026-07-27 07:17:36,Kiranaratna Stud Earrings,Default Title,R17286,4400.0,Sale,1,9,8,https://www.rasasilver.com/products/kiranaratna-studs?variant=gid://shopify/ProductVariant/50152979005737
2026-07-27 07:17:36,Gulnari Stud Earrings,Default Title,R16201,3200.0,Sale,1,11,10,https://www.rasasilver.com/products/sakshi-2?variant=gid://shopify/ProductVariant/50444092637481
2026-07-27 07:17:36,Evoque Green Studs,Default Title,R20374,1900.0,Sale,1,20,19,https://www.rasasilver.com/products/35?variant=gid://shopify/ProductVariant/50712002330921
2026-07-27 07:17:36,Empriva Stud Earrings,Default Title,R17406,3800.0,Sale,1,16,15,https://www.rasasilver.com/products/empriva-studs?variant=gid://shopify/ProductVariant/50829261046057
2026-07-27 07:17:36,Rubeara Stud Earrings,Default Title,R15988,2600.0,Sale,1,2,1,https://www.rasasilver.com/products/studs-24?variant=gid://shopify/ProductVariant/51350134784297
2026-07-27 07:17:36,Squivva Gems Bangles,Ruby Pink / 2.4,R14966,26400.0,Sale,1,6,5,https://www.rasasilver.com/products/squivva-bangles?variant=gid://shopify/ProductVariant/52273391436073
2026-07-27 07:17:36,Crystina Stone Bangles,2.6,R14990,22200.0,Sale,1,4,3,https://www.rasasilver.com/products/crystina-bangles?variant=gid://shopify/ProductVariant/52263713636649
2026-07-27 07:17:36,Duchess Oval Victorian Bangles,2.6,R24459,44300.0,Sale,1,3,2,https://www.rasasilver.com/products/duchess-oval-victorian-bangles?variant=gid://shopify/ProductVariant/52535462461737
2026-07-27 07:17:36,Gulika Antique Jhumki,Ruby Pink,R23370,9650.0,Restock,1,0,1,https://www.rasasilver.com/products/gulika-antique-jhumki?variant=gid://shopify/ProductVariant/52623181906217
2026-07-27 07:17:36,Visheshika Temple Chudi,Default Title,R22955,16600.0,Sale,1,3,2,https://www.rasasilver.com/products/visheshika-temple-chudi?variant=gid://shopify/ProductVariant/52668215394601
2026-07-27 07:17:36,Oval-Rosy Stone Bangles,Ruby Pink / 2.8,R25306,21600.0,Sale,1,3,2,https://www.rasasilver.com/products/oval-rosy-stone-bangles?variant=gid://shopify/ProductVariant/52707604660521
2026-07-27 07:17:36,Oval-Rosy Stone Bangles,Ruby Pink / 2.9,R25306,21600.0,Sale,1,3,2,https://www.rasasilver.com/products/oval-rosy-stone-bangles?variant=gid://shopify/ProductVariant/52707604693289
2026-07-27 07:17:36,Oval-Rosy Stone Bangles,GREEN / 2.5,R25325,21700.0,Sale,1,3,2,https://www.rasasilver.com/products/oval-rosy-stone-bangles?variant=gid://shopify/ProductVariant/52707604726057
2026-07-27 07:17:36,Oval-Rosy Stone Bangles,GREEN / 2.6,R25325,21700.0,Sale,1,3,2,https://www.rasasilver.com/products/oval-rosy-stone-bangles?variant=gid://shopify/ProductVariant/52707604758825
2026-07-27 07:17:36,Oval-Rosy Stone Bangles,GREEN / 2.8,R25325,21700.0,Sale,1,3,2,https://www.rasasilver.com/products/oval-rosy-stone-bangles?variant=gid://shopify/ProductVariant/52707604791593
2026-07-27 07:17:36,Curve Kada,Default Title,R25535,4300.0,Sale,1,2,1,https://www.rasasilver.com/products/kada-6?variant=gid://shopify/ProductVariant/52759259644201
2026-07-27 07:17:36,Silver Chain,Default Title,R31528,2600.0,Sale,4,7,3,https://www.rasasilver.com/products/silver-chain?variant=gid://shopify/ProductVariant/53286012879145
2026-07-27 07:17:36,Opulent Ring,Default Title,R31527,1300.0,Sale,1,2,1,https://www.rasasilver.com/products/opulent-cz-ring?variant=gid://shopify/ProductVariant/53286192906537
2026-07-27 07:17:36,Couple Ring,Women,R31534,1300.0,Sale,1,3,2,https://www.rasasilver.com/products/tiny-shine-ring?variant=gid://shopify/ProductVariant/53286206996777
2026-07-27 07:17:36,Ivory Pear Ring,9,R31538,2600.0,Sale,1,3,2,https://www.rasasilver.com/products/ivory-pear-cz-ring?variant=gid://shopify/ProductVariant/53286227444009
2026-07-27 07:17:36,Elegant Frame Ring,Default Title,R31543,1600.0,Sale,1,3,2,https://www.rasasilver.com/products/elegant-frame-cz-ring?variant=gid://shopify/ProductVariant/53286235636009
2026-07-27 07:17:36,Pearl Essence Ring,Default Title,R31563,1800.0,Sale,2,4,2,https://www.rasasilver.com/products/pearl-essence-cz-ring?variant=gid://shopify/ProductVariant/53288169046313
2026-07-27 07:17:36,Floral-Glow Ring,Default Title,R31580,1600.0,Sale,3,4,1,https://www.rasasilver.com/products/floral-glow-ring?variant=gid://shopify/ProductVariant/53288179695913
2026-07-27 07:17:36,Loop-Love Ring,Default Title,R31585,1600.0,Sale,1,5,4,https://www.rasasilver.com/products/loop-love-ring?variant=gid://shopify/ProductVariant/53288183136553
2026-07-27 07:17:36,Serpent Twist Ring,Default Title,R31604,1600.0,Sale,1,2,1,https://www.rasasilver.com/products/serpent-twist-ring?variant=gid://shopify/ProductVariant/53288189690153
2026-07-27 07:17:36,Leaflet Ring,Default Title,R31615,1700.0,Sale,1,4,3,https://www.rasasilver.com/products/leaflet-ring?variant=gid://shopify/ProductVariant/53288198373673
2026-07-27 07:17:36,Panna-Manik Stone Studs,Default Title,R31489,2700.0,Restock,1,1,2,https://www.rasasilver.com/products/panna-manik-stone-studs?variant=gid://shopify/ProductVariant/53296613753129
2026-07-27 07:17:36,Minimal Plain Chain,Default Title,R31985,1600.0,Sale,1,11,10,https://www.rasasilver.com/products/minimal-plain-chain?variant=gid://shopify/ProductVariant/53329485431081
2026-07-27 07:17:36,Ruby Mehka Stud Earrings,Default Title,R16371,2550.0,Sold Out,1,1,0,https://www.rasasilver.com/products/rubymehka-studs?variant=gid://shopify/ProductVariant/51363105571113
2026-07-27 07:17:36,Roshni CZ Tikka,Default Title,R21129,13400.0,Sold Out,1,1,0,https://www.rasasilver.com/products/roshni-cz-tikka?variant=gid://shopify/ProductVariant/52469382873385
2026-07-27 07:17:36,Kundan Grace Ear Cuff,Default Title,R25234,4700.0,Sold Out,1,1,0,https://www.rasasilver.com/products/kundan-grace-ear-cuff?variant=gid://shopify/ProductVariant/52678251184425
2026-07-27 07:17:36,Pakshika Kundan Choker,Default Title,R25838,46450.0,Sold Out,1,1,0,https://www.rasasilver.com/products/pakshika-kundan-choker?variant=gid://shopify/ProductVariant/52742225199401
2026-07-27 07:17:36,Shaarika Temple Maang Tikka,Default Title,R26444,7400.0,Sold Out,1,1,0,https://www.rasasilver.com/products/shaarika-temple-maang-tikka?variant=gid://shopify/ProductVariant/52876672794921
2026-07-27 07:17:36,Keshava Temple Pendant,Beige,R30342,15900.0,Sold Out,1,1,0,https://www.rasasilver.com/products/keshava-temple-pendant?variant=gid://shopify/ProductVariant/53323559600425
2026-07-27 07:17:36,Stellar Bloom Stone Studs,Default Title,R29506,4000.0,Sold Out,1,1,0,https://www.rasasilver.com/products/stellar-bloom-stone-studs?variant=gid://shopify/ProductVariant/53282516238633
2026-07-27 07:17:36,Greenika-Pear CZ Necklace,Ruby Pink,R29503,13900.0,Sold Out,1,1,0,https://www.rasasilver.com/products/greenika-pear-cz-necklace?variant=gid://shopify/ProductVariant/53282539602217
2026-07-27 07:17:36,Tarini Drop CZ Pendant,Default Title,R29574,5600.0,Sold Out,1,1,0,https://www.rasasilver.com/products/tarini-drop-cz-pendant?variant=gid://shopify/ProductVariant/53284572070185
2026-07-27 07:17:36,Prerana Pendant Set,Default Title,R31503,4500.0,Sold Out,1,1,0,https://www.rasasilver.com/products/prerana-bloom-pendant-set?variant=gid://shopify/ProductVariant/53290479452457
2026-07-27 07:17:36,Blossom Stone Pendant Set,Swarovski,R31509,4000.0,Sold Out,1,1,0,https://www.rasasilver.com/products/blossom-stone-pendant-set?variant=gid://shopify/ProductVariant/53321405989161
2026-07-27 07:17:36,Blossom Stone Pendant Set,GREEN,R31936,4200.0,Sold Out,1,1,0,https://www.rasasilver.com/products/blossom-stone-pendant-set?variant=gid://shopify/ProductVariant/53321406021929
2026-07-27 07:17:36,Kusumika Kundan Kada,GREEN / 2.5,R32179,28900.0,Sold Out,1,1,0,https://www.rasasilver.com/products/kusumika-kundan-kada?variant=gid://shopify/ProductVariant/53336905744681
2026-07-27 07:17:36,Mang-Floral Nakshi Studs,Default Title,R31892,2700.0,Sold Out,1,1,0,https://www.rasasilver.com/products/mang-floral-nakshi-studs?variant=gid://shopify/ProductVariant/53290789110057
2026-07-27 07:17:36,Padma-Mango Nakshi Studs,Default Title,R31894,3200.0,Sold Out,1,1,0,https://www.rasasilver.com/products/padma-mango-nakshi-studs?variant=gid://shopify/ProductVariant/53290809655593
2026-07-27 07:17:36,Pushparaga Nakshi Studs,Default Title,R31898,2300.0,Sold Out,1,1,0,https://www.rasasilver.com/products/pushparaga-nakshi-studs?variant=gid://shopify/ProductVariant/53292114772265
2026-07-27 07:17:36,Stonique Stone Studs,Default Title,R31429,5400.0,Sold Out,1,1,0,https://www.rasasilver.com/products/stonique-stone-studs?variant=gid://shopify/ProductVariant/53292133089577
2026-07-27 07:17:36,Green-Flora Stone Studs,Default Title,R31448,3400.0,Sold Out,1,1,0,https://www.rasasilver.com/products/green-flora-stone-studs?variant=gid://shopify/ProductVariant/53292141805865
2026-07-27 07:17:36,Avira Stone Studs,Default Title,R31453,2300.0,Sold Out,1,1,0,https://www.rasasilver.com/products/avira-stone-studs?variant=gid://shopify/ProductVariant/53292155797801
2026-07-27 07:17:36,Pachai-Phool Stone Studs,Default Title,R31451,2700.0,Sold Out,1,1,0,https://www.rasasilver.com/products/pachai-phool-stone-studs?variant=gid://shopify/ProductVariant/53292161990953
2026-07-27 07:17:36,Rect-Spark Stone Studs,Default Title,R31457,3600.0,Sold Out,1,1,0,https://www.rasasilver.com/products/rect-spark-stone-studs?variant=gid://shopify/ProductVariant/53292177686825
2026-07-27 07:17:36,Pear-Glow Stone Studs,Default Title,R31461,2700.0,Sold Out,1,1,0,https://www.rasasilver.com/products/pear-glow-stone-studs?variant=gid://shopify/ProductVariant/53292193153321
2026-07-27 07:17:36,Nava Elite Stone Studs,Default Title,R31478,4100.0,Sold Out,1,1,0,https://www.rasasilver.com/products/nava-elite-stone-studs?variant=gid://shopify/ProductVariant/53292340707625
2026-07-27 07:17:36,Ratna Harmony Studs,Default Title,R31479,4100.0,Sold Out,1,1,0,https://www.rasasilver.com/products/ratna-harmony-studs?variant=gid://shopify/ProductVariant/53292346999081
2026-07-27 07:17:36,Oval-Leaves Stone Studs,Default Title,R31481,3100.0,Sold Out,1,1,0,https://www.rasasilver.com/products/oval-leaves-stone-studs?variant=gid://shopify/ProductVariant/53292358566185
2026-07-27 07:17:36,Ratna Pushpam Stone Studs,Default Title,R31923,5200.0,Sold Out,1,1,0,https://www.rasasilver.com/products/ratna-pushpam-stone-studs?variant=gid://shopify/ProductVariant/53292365021481
2026-07-27 07:17:36,Petal Sparkle Stone Studs,Default Title,R31924,2200.0,Sold Out,1,1,0,https://www.rasasilver.com/products/petal-sparkle-stone-studs?variant=gid://shopify/ProductVariant/53296567877929
2026-07-27 07:17:36,Parijata Luxe Stone Studs,Default Title,R31926,3000.0,Sold Out,1,1,0,https://www.rasasilver.com/products/parijata-luxe-stone-studs?variant=gid://shopify/ProductVariant/53296568140073
2026-07-27 07:17:36,Kasu Sundari Temple Studs,Default Title,R31948,2700.0,Sold Out,1,1,0,https://www.rasasilver.com/products/kasu-sundari-temple-studs?variant=gid://shopify/ProductVariant/53296571384105
2026-07-27 07:17:36,Mango-Flora Stone Studs,Default Title,R31485,4400.0,Sold Out,1,1,0,https://www.rasasilver.com/products/mango-flora-stone-studs?variant=gid://shopify/ProductVariant/53296605528361
2026-07-27 07:17:36,Mallika Glow Stone Studs,Default Title,R31491,2700.0,Sold Out,1,1,0,https://www.rasasilver.com/products/mallika-glow-stone-studs?variant=gid://shopify/ProductVariant/53296644522281
2026-07-27 07:17:36,Svarna Pushpa Stone Studs,Default Title,R31804,3500.0,Sold Out,1,1,0,https://www.rasasilver.com/products/svarna-pushpa-stone-studs?variant=gid://shopify/ProductVariant/53296667197737
2026-07-27 07:17:36,Mayura Sampada Stone Studs,Default Title,R31831,7200.0,Sold Out,1,1,0,https://www.rasasilver.com/products/mayura-sampada-stone-studs?variant=gid://shopify/ProductVariant/53296692691241
2026-07-27 07:17:36,Crimson Stone Studs,Default Title,R31866,4400.0,Sold Out,1,1,0,https://www.rasasilver.com/products/crimson-stone-studs?variant=gid://shopify/ProductVariant/53297237754153
2026-07-27 07:17:36,Chakri Stone Studs,Default Title,R31913,4200.0,Sold Out,1,1,0,https://www.rasasilver.com/products/chakri-stone-studs?variant=gid://shopify/ProductVariant/53297763549481
2026-07-27 07:17:36,Stone Rosara Studs,Ruby Pink,R31908,4600.0,Sold Out,1,1,0,https://www.rasasilver.com/products/stone-rosara-studs?variant=gid://shopify/ProductVariant/53300426670377
2026-07-27 07:17:36,Stone Rosara Studs,GREEN,R31467,4900.0,Sold Out,1,1,0,https://www.rasasilver.com/products/stone-rosara-studs?variant=gid://shopify/ProductVariant/53300426703145
2026-07-27 07:17:36,Crimson Petal Stone Studs,Default Title,R31912,2800.0,Sold Out,1,1,0,https://www.rasasilver.com/products/crimson-petal-stone-studs?variant=gid://shopify/ProductVariant/53298050335017
2026-07-27 07:17:36,Lalima Blossom Stone Studs,Default Title,R31920,4800.0,Sold Out,1,1,0,https://www.rasasilver.com/products/stone-studs-1?variant=gid://shopify/ProductVariant/53298197168425
2026-07-27 07:17:36,Gutta Pasalu Stone Danglers,Default Title,R30418,8000.0,Sold Out,1,1,0,https://www.rasasilver.com/products/gutta-pasalu-stone-danglers?variant=gid://shopify/ProductVariant/53302629138729
2026-07-27 07:17:36,Blossom Grace Stone Bangles,2.8,R30367,20800.0,Sold Out,1,1,0,https://www.rasasilver.com/products/blossom-grace-stone-bangles?variant=gid://shopify/ProductVariant/53315401220393
2026-07-27 07:17:36,Lakshmi Kripa Temple Set,Default Title,R32284,52300.0,Sold Out,1,1,0,https://www.rasasilver.com/products/lakshmi-kripa-temple-set?variant=gid://shopify/ProductVariant/53318413779241
2026-07-27 07:17:36,Mandara Spark Stone Bangles,Size,R30372,37800.0,Sold Out,1,1,0,https://www.rasasilver.com/products/mandara-spark-stone-bangles?variant=gid://shopify/ProductVariant/53324579012905
2026-07-27 07:17:36,Recta-Orange Stone Bangles,Navaratna Colour / 2.6,R31246,11800.0,Sold Out,1,1,0,https://www.rasasilver.com/products/recta-orange-stone-bangles?variant=gid://shopify/ProductVariant/53324630065449
2026-07-27 07:17:36,Pear-Phool Antique Bangles,2.6,R31281,29800.0,Sold Out,1,1,0,https://www.rasasilver.com/products/pear-phool-antique-bangles?variant=gid://shopify/ProductVariant/53324729483561
2026-07-27 07:17:36,Gandaberunda Kundan Hair Brooch,Default Title,R32157,16000.0,Sold Out,1,1,0,https://www.rasasilver.com/products/gandaberunda-kundan-hair-brooch?variant=gid://shopify/ProductVariant/53329485398313
2026-07-27 07:17:36,Gulbahar Kundan Danglers,Ruby Pink,R32189,6500.0,Sold Out,1,1,0,https://www.rasasilver.com/products/gulbahar-kundan-danglers?variant=gid://shopify/ProductVariant/53329638981929
2026-07-27 07:17:36,Pearls Moissanite Haath Phool,Default Title,R30580,31400.0,Sold Out,1,1,0,https://www.rasasilver.com/products/pearls-moissanite-haath-phool?variant=gid://shopify/ProductVariant/53329649860905
2026-07-27 07:17:36,Sitare Kundan Jhumki,Default Title,R32146,16600.0,Sold Out,1,1,0,https://www.rasasilver.com/products/sitare-kundan-jhumki?variant=gid://shopify/ProductVariant/53329722966313
2026-07-27 07:17:36,Kamala Siri Kundan Bangles,2.5,R32230,55300.0,Sold Out,1,1,0,https://www.rasasilver.com/products/kamala-siri-kundan-bangles?variant=gid://shopify/ProductVariant/53334399746345
2026-07-27 07:17:36,Oval-Neel Victorian Bangles,2.4,R30766,19900.0,Sold Out,1,1,0,https://www.rasasilver.com/products/oval-neel-victorian-bangles?variant=gid://shopify/ProductVariant/53336872091945
2026-07-27 07:17:36,Pearl Garden Kundan Stud Matil,Ruby Pink,R32215,23000.0,Sold Out,1,1,0,https://www.rasasilver.com/products/pearl-garden-stone-matil?variant=gid://shopify/ProductVariant/53336939462953
2026-07-27 07:17:36,Verde Shine Victorian Kanti Set,Default Title,R24293,26370.0,Sold Out,1,1,0,https://www.rasasilver.com/products/verde-shine-victorian-kanti-set?variant=gid://shopify/ProductVariant/52554111877417
2026-07-27 07:17:36,Elantra Bracelet,Default Title,R28371,5300.0,Sold Out,1,1,0,https://www.rasasilver.com/products/elantra-bracelet?variant=gid://shopify/ProductVariant/53125104959785
2026-07-27 07:17:36,Rose Prestige Ring,Default Title,R31599,1400.0,Sold Out,1,1,0,https://www.rasasilver.com/products/rose-prestige-ring?variant=gid://shopify/ProductVariant/53288195916073
2026-07-27 07:32:56,Amrapali Stone Earrings,GREEN,R31833,4100.0,Restock,1,1,2,https://www.rasasilver.com/products/amrapali-earrings?variant=gid://shopify/ProductVariant/53302306275625
2026-07-27 07:32:56,Kiranaratna Stud Earrings,Default Title,R17286,4400.0,Restock,1,8,9,https://www.rasasilver.com/products/kiranaratna-studs?variant=gid://shopify/ProductVariant/50152979005737
2026-07-27 07:32:56,Gulnari Stud Earrings,Default Title,R16201,3200.0,Restock,1,10,11,https://www.rasasilver.com/products/sakshi-2?variant=gid://shopify/ProductVariant/50444092637481
2026-07-27 07:32:56,Evoque Green Studs,Default Title,R20374,1900.0,Restock,1,19,20,https://www.rasasilver.com/products/35?variant=gid://shopify/ProductVariant/50712002330921
2026-07-27 07:32:56,Empriva Stud Earrings,Default Title,R17406,3800.0,Restock,1,15,16,https://www.rasasilver.com/products/empriva-studs?variant=gid://shopify/ProductVariant/50829261046057
2026-07-27 07:32:56,Rubeara Stud Earrings,Default Title,R15988,2600.0,Restock,1,1,2,https://www.rasasilver.com/products/studs-24?variant=gid://shopify/ProductVariant/51350134784297
2026-07-27 07:32:56,Ruby Mehka Stud Earrings,Default Title,R16371,2550.0,Restock,1,0,1,https://www.rasasilver.com/products/rubymehka-studs?variant=gid://shopify/ProductVariant/51363105571113
2026-07-27 07:32:56,Squivva Gems Bangles,Ruby Pink / 2.4,R14966,26400.0,Restock,1,5,6,https://www.rasasilver.com/products/squivva-bangles?variant=gid://shopify/ProductVariant/52273391436073
2026-07-27 07:32:56,Crystina Stone Bangles,2.6,R14990,22200.0,Restock,1,3,4,https://www.rasasilver.com/products/crystina-bangles?variant=gid://shopify/ProductVariant/52263713636649
2026-07-27 07:32:56,Celest Pear Victorian Ring,Default Title,R22051,6000.0,Sale,1,2,1,https://www.rasasilver.com/products/celest-pear-victorian-ring?variant=gid://shopify/ProductVariant/52333734199593
2026-07-27 07:32:56,Roshni CZ Tikka,Default Title,R21129,13400.0,Restock,1,0,1,https://www.rasasilver.com/products/roshni-cz-tikka?variant=gid://shopify/ProductVariant/52469382873385
2026-07-27 07:32:56,Kiran CZ Tikka,RED,R21208,8400.0,Restock,1,0,1,https://www.rasasilver.com/products/kiran-cz-tikka?variant=gid://shopify/ProductVariant/52469436121385
2026-07-27 07:32:56,Duchess Oval Victorian Bangles,2.6,R24459,44300.0,Restock,1,2,3,https://www.rasasilver.com/products/duchess-oval-victorian-bangles?variant=gid://shopify/ProductVariant/52535462461737
2026-07-27 07:32:56,Visheshika Temple Chudi,Default Title,R22955,16600.0,Restock,1,2,3,https://www.rasasilver.com/products/visheshika-temple-chudi?variant=gid://shopify/ProductVariant/52668215394601
2026-07-27 07:32:56,Oval-Rosy Stone Bangles,Ruby Pink / 2.8,R25306,21600.0,Restock,1,2,3,https://www.rasasilver.com/products/oval-rosy-stone-bangles?variant=gid://shopify/ProductVariant/52707604660521
2026-07-27 07:32:56,Oval-Rosy Stone Bangles,Ruby Pink / 2.9,R25306,21600.0,Restock,1,2,3,https://www.rasasilver.com/products/oval-rosy-stone-bangles?variant=gid://shopify/ProductVariant/52707604693289
2026-07-27 07:32:56,Oval-Rosy Stone Bangles,GREEN / 2.5,R25325,21700.0,Restock,1,2,3,https://www.rasasilver.com/products/oval-rosy-stone-bangles?variant=gid://shopify/ProductVariant/52707604726057
2026-07-27 07:32:56,Oval-Rosy Stone Bangles,GREEN / 2.6,R25325,21700.0,Restock,1,2,3,https://www.rasasilver.com/products/oval-rosy-stone-bangles?variant=gid://shopify/ProductVariant/52707604758825
2026-07-27 07:32:56,Oval-Rosy Stone Bangles,GREEN / 2.8,R25325,21700.0,Restock,1,2,3,https://www.rasasilver.com/products/oval-rosy-stone-bangles?variant=gid://shopify/ProductVariant/52707604791593
2026-07-27 07:32:56,Kundan Grace Ear Cuff,Default Title,R25234,4700.0,Restock,1,0,1,https://www.rasasilver.com/products/kundan-grace-ear-cuff?variant=gid://shopify/ProductVariant/52678251184425
2026-07-27 07:32:56,Pakshika Kundan Choker,Default Title,R25838,46450.0,Restock,1,0,1,https://www.rasasilver.com/products/pakshika-kundan-choker?variant=gid://shopify/ProductVariant/52742225199401
2026-07-27 07:32:56,Shaarika Temple Maang Tikka,Default Title,R26444,7400.0,Restock,1,0,1,https://www.rasasilver.com/products/shaarika-temple-maang-tikka?variant=gid://shopify/ProductVariant/52876672794921
2026-07-27 07:32:56,Keshava Temple Pendant,Beige,R30342,15900.0,Restock,1,0,1,https://www.rasasilver.com/products/keshava-temple-pendant?variant=gid://shopify/ProductVariant/53323559600425
2026-07-27 07:32:56,Stellar Bloom Stone Studs,Default Title,R29506,4000.0,Restock,1,0,1,https://www.rasasilver.com/products/stellar-bloom-stone-studs?variant=gid://shopify/ProductVariant/53282516238633
2026-07-27 07:32:56,Greenika-Pear CZ Necklace,Ruby Pink,R29503,13900.0,Restock,1,0,1,https://www.rasasilver.com/products/greenika-pear-cz-necklace?variant=gid://shopify/ProductVariant/53282539602217
2026-07-27 07:32:56,Tarini Drop CZ Pendant,Default Title,R29574,5600.0,Restock,1,0,1,https://www.rasasilver.com/products/tarini-drop-cz-pendant?variant=gid://shopify/ProductVariant/53284572070185
2026-07-27 07:32:56,Prerana Pendant Set,Default Title,R31503,4500.0,Restock,1,0,1,https://www.rasasilver.com/products/prerana-bloom-pendant-set?variant=gid://shopify/ProductVariant/53290479452457
2026-07-27 07:32:56,Blossom Stone Pendant Set,Swarovski,R31509,4000.0,Restock,1,0,1,https://www.rasasilver.com/products/blossom-stone-pendant-set?variant=gid://shopify/ProductVariant/53321405989161
2026-07-27 07:32:56,Blossom Stone Pendant Set,GREEN,R31936,4200.0,Restock,1,0,1,https://www.rasasilver.com/products/blossom-stone-pendant-set?variant=gid://shopify/ProductVariant/53321406021929
2026-07-27 07:32:56,Kusumika Kundan Kada,GREEN / 2.5,R32179,28900.0,Restock,1,0,1,https://www.rasasilver.com/products/kusumika-kundan-kada?variant=gid://shopify/ProductVariant/53336905744681
2026-07-27 07:32:56,Mang-Floral Nakshi Studs,Default Title,R31892,2700.0,Restock,1,0,1,https://www.rasasilver.com/products/mang-floral-nakshi-studs?variant=gid://shopify/ProductVariant/53290789110057
2026-07-27 07:32:56,Padma-Mango Nakshi Studs,Default Title,R31894,3200.0,Restock,1,0,1,https://www.rasasilver.com/products/padma-mango-nakshi-studs?variant=gid://shopify/ProductVariant/53290809655593
2026-07-27 07:32:56,Pushparaga Nakshi Studs,Default Title,R31898,2300.0,Restock,1,0,1,https://www.rasasilver.com/products/pushparaga-nakshi-studs?variant=gid://shopify/ProductVariant/53292114772265
2026-07-27 07:32:56,Stonique Stone Studs,Default Title,R31429,5400.0,Restock,1,0,1,https://www.rasasilver.com/products/stonique-stone-studs?variant=gid://shopify/ProductVariant/53292133089577
2026-07-27 07:32:56,Green-Flora Stone Studs,Default Title,R31448,3400.0,Restock,1,0,1,https://www.rasasilver.com/products/green-flora-stone-studs?variant=gid://shopify/ProductVariant/53292141805865
2026-07-27 07:32:56,Avira Stone Studs,Default Title,R31453,2300.0,Restock,1,0,1,https://www.rasasilver.com/products/avira-stone-studs?variant=gid://shopify/ProductVariant/53292155797801
2026-07-27 07:32:56,Pachai-Phool Stone Studs,Default Title,R31451,2700.0,Restock,1,0,1,https://www.rasasilver.com/products/pachai-phool-stone-studs?variant=gid://shopify/ProductVariant/53292161990953
2026-07-27 07:32:56,Rect-Spark Stone Studs,Default Title,R31457,3600.0,Restock,1,0,1,https://www.rasasilver.com/products/rect-spark-stone-studs?variant=gid://shopify/ProductVariant/53292177686825
2026-07-27 07:32:56,Pear-Glow Stone Studs,Default Title,R31461,2700.0,Restock,1,0,1,https://www.rasasilver.com/products/pear-glow-stone-studs?variant=gid://shopify/ProductVariant/53292193153321
2026-07-27 07:32:56,Nava Elite Stone Studs,Default Title,R31478,4100.0,Restock,1,0,1,https://www.rasasilver.com/products/nava-elite-stone-studs?variant=gid://shopify/ProductVariant/53292340707625
2026-07-27 07:32:56,Ratna Harmony Studs,Default Title,R31479,4100.0,Restock,1,0,1,https://www.rasasilver.com/products/ratna-harmony-studs?variant=gid://shopify/ProductVariant/53292346999081
2026-07-27 07:32:56,Oval-Leaves Stone Studs,Default Title,R31481,3100.0,Restock,1,0,1,https://www.rasasilver.com/products/oval-leaves-stone-studs?variant=gid://shopify/ProductVariant/53292358566185
2026-07-27 07:32:56,Ratna Pushpam Stone Studs,Default Title,R31923,5200.0,Restock,1,0,1,https://www.rasasilver.com/products/ratna-pushpam-stone-studs?variant=gid://shopify/ProductVariant/53292365021481
2026-07-27 07:32:56,Petal Sparkle Stone Studs,Default Title,R31924,2200.0,Restock,1,0,1,https://www.rasasilver.com/products/petal-sparkle-stone-studs?variant=gid://shopify/ProductVariant/53296567877929
2026-07-27 07:32:56,Parijata Luxe Stone Studs,Default Title,R31926,3000.0,Restock,1,0,1,https://www.rasasilver.com/products/parijata-luxe-stone-studs?variant=gid://shopify/ProductVariant/53296568140073
2026-07-27 07:32:56,Kasu Sundari Temple Studs,Default Title,R31948,2700.0,Restock,1,0,1,https://www.rasasilver.com/products/kasu-sundari-temple-studs?variant=gid://shopify/ProductVariant/53296571384105
2026-07-27 07:32:56,Mango-Flora Stone Studs,Default Title,R31485,4400.0,Restock,1,0,1,https://www.rasasilver.com/products/mango-flora-stone-studs?variant=gid://shopify/ProductVariant/53296605528361
2026-07-27 07:32:56,Siri Vaibhava Temple Studs,Default Title,R31962,2900.0,Restock,1,0,1,https://www.rasasilver.com/products/siri-vaibhava-temple-studs?variant=gid://shopify/ProductVariant/53296605593897
2026-07-27 07:32:56,Mallika Glow Stone Studs,Default Title,R31491,2700.0,Restock,1,0,1,https://www.rasasilver.com/products/mallika-glow-stone-studs?variant=gid://shopify/ProductVariant/53296644522281
2026-07-27 07:32:56,Svarna Pushpa Stone Studs,Default Title,R31804,3500.0,Restock,1,0,1,https://www.rasasilver.com/products/svarna-pushpa-stone-studs?variant=gid://shopify/ProductVariant/53296667197737
2026-07-27 07:32:56,Mayura Sampada Stone Studs,Default Title,R31831,7200.0,Restock,1,0,1,https://www.rasasilver.com/products/mayura-sampada-stone-studs?variant=gid://shopify/ProductVariant/53296692691241
2026-07-27 07:32:56,Crimson Stone Studs,Default Title,R31866,4400.0,Restock,1,0,1,https://www.rasasilver.com/products/crimson-stone-studs?variant=gid://shopify/ProductVariant/53297237754153
2026-07-27 07:32:56,Ratna Dot Nakshi Studs,Default Title,R31887,2500.0,Restock,1,0,1,https://www.rasasilver.com/products/ratna-dot-nakshi-studs?variant=gid://shopify/ProductVariant/53297411391785
2026-07-27 07:32:56,Chakri Stone Studs,Default Title,R31913,4200.0,Restock,1,0,1,https://www.rasasilver.com/products/chakri-stone-studs?variant=gid://shopify/ProductVariant/53297763549481
2026-07-27 07:32:56,Stone Rosara Studs,Ruby Pink,R31908,4600.0,Restock,1,0,1,https://www.rasasilver.com/products/stone-rosara-studs?variant=gid://shopify/ProductVariant/53300426670377
2026-07-27 07:32:56,Stone Rosara Studs,GREEN,R31467,4900.0,Restock,1,0,1,https://www.rasasilver.com/products/stone-rosara-studs?variant=gid://shopify/ProductVariant/53300426703145
2026-07-27 07:32:56,Crimson Petal Stone Studs,Default Title,R31912,2800.0,Restock,1,0,1,https://www.rasasilver.com/products/crimson-petal-stone-studs?variant=gid://shopify/ProductVariant/53298050335017
2026-07-27 07:32:56,Lalima Blossom Stone Studs,Default Title,R31920,4800.0,Restock,1,0,1,https://www.rasasilver.com/products/stone-studs-1?variant=gid://shopify/ProductVariant/53298197168425
2026-07-27 07:32:56,Gutta Pasalu Stone Danglers,Default Title,R30418,8000.0,Restock,1,0,1,https://www.rasasilver.com/products/gutta-pasalu-stone-danglers?variant=gid://shopify/ProductVariant/53302629138729
2026-07-27 07:32:56,Blossom Grace Stone Bangles,2.8,R30367,20800.0,Restock,1,0,1,https://www.rasasilver.com/products/blossom-grace-stone-bangles?variant=gid://shopify/ProductVariant/53315401220393
2026-07-27 07:32:56,Lakshmi Kripa Temple Set,Default Title,R32284,52300.0,Restock,1,0,1,https://www.rasasilver.com/products/lakshmi-kripa-temple-set?variant=gid://shopify/ProductVariant/53318413779241
2026-07-27 07:32:56,Mandara Spark Stone Bangles,Size,R30372,37800.0,Restock,1,0,1,https://www.rasasilver.com/products/mandara-spark-stone-bangles?variant=gid://shopify/ProductVariant/53324579012905
2026-07-27 07:32:56,Recta-Orange Stone Bangles,Navaratna Colour / 2.6,R31246,11800.0,Restock,1,0,1,https://www.rasasilver.com/products/recta-orange-stone-bangles?variant=gid://shopify/ProductVariant/53324630065449
2026-07-27 07:32:56,Pear-Phool Antique Bangles,2.6,R31281,29800.0,Restock,1,0,1,https://www.rasasilver.com/products/pear-phool-antique-bangles?variant=gid://shopify/ProductVariant/53324729483561
2026-07-27 07:32:56,Gandaberunda Kundan Hair Brooch,Default Title,R32157,16000.0,Restock,1,0,1,https://www.rasasilver.com/products/gandaberunda-kundan-hair-brooch?variant=gid://shopify/ProductVariant/53329485398313
2026-07-27 07:32:56,Minimal Plain Chain,Default Title,R31985,1600.0,Restock,2,10,12,https://www.rasasilver.com/products/minimal-plain-chain?variant=gid://shopify/ProductVariant/53329485431081
2026-07-27 07:32:56,Gulbahar Kundan Danglers,Ruby Pink,R32189,6500.0,Restock,1,0,1,https://www.rasasilver.com/products/gulbahar-kundan-danglers?variant=gid://shopify/ProductVariant/53329638981929
2026-07-27 07:32:56,Pearls Moissanite Haath Phool,Default Title,R30580,31400.0,Restock,1,0,1,https://www.rasasilver.com/products/pearls-moissanite-haath-phool?variant=gid://shopify/ProductVariant/53329649860905
2026-07-27 07:32:56,Sitare Kundan Jhumki,Default Title,R32146,16600.0,Restock,1,0,1,https://www.rasasilver.com/products/sitare-kundan-jhumki?variant=gid://shopify/ProductVariant/53329722966313
2026-07-27 07:32:56,Kamala Siri Kundan Bangles,2.5,R32230,55300.0,Restock,1,0,1,https://www.rasasilver.com/products/kamala-siri-kundan-bangles?variant=gid://shopify/ProductVariant/53334399746345
2026-07-27 07:32:56,Oval-Neel Victorian Bangles,2.4,R30766,19900.0,Restock,1,0,1,https://www.rasasilver.com/products/oval-neel-victorian-bangles?variant=gid://shopify/ProductVariant/53336872091945
2026-07-27 07:32:56,Pearl Garden Kundan Stud Matil,Ruby Pink,R32215,23000.0,Restock,1,0,1,https://www.rasasilver.com/products/pearl-garden-stone-matil?variant=gid://shopify/ProductVariant/53336939462953
2026-07-27 07:32:56,Pholia Chain Pendant,Default Title,R13272,2200.0,Sold Out,1,1,0,https://www.rasasilver.com/products/chain-pendant-7?variant=gid://shopify/ProductVariant/51317492482345
2026-07-27 07:47:41,Swril Stone Bangles,2.6,R29435,21500.0,Sale,1,3,2,https://www.rasasilver.com/products/swril-stone-bangles?variant=gid://shopify/ProductVariant/53283871883561
2026-07-27 07:47:41,Designer Oval CZ Necklace Set,Default Title,R31227,31000.0,Sale,1,4,3,https://www.rasasilver.com/products/designer-oval-cz-necklace-set?variant=gid://shopify/ProductVariant/53308731425065
2026-07-27 07:47:41,Antique Rajratna Bangles,2.7,R31234,13400.0,Sale,1,2,1,https://www.rasasilver.com/products/antique-rajratna-bangles?variant=gid://shopify/ProductVariant/53315061317929
2026-07-27 07:47:41,Gulabi Grace Stone Bangles,Size,R31243,22300.0,Sale,1,4,3,https://www.rasasilver.com/products/harini-grace-stone-bangles?variant=gid://shopify/ProductVariant/53324605587753
2026-07-27 07:47:41,Ratna Utsava Stone Bangles,GREEN / 2.9,R31274,19800.0,Sale,1,4,3,https://www.rasasilver.com/products/h-1?variant=gid://shopify/ProductVariant/53324724568361
2026-07-27 07:47:41,Pear-Blossom Stone Ring,Swarovski / 13,R31659,3700.0,Sale,1,3,2,https://www.rasasilver.com/products/pear-blossom-antique-ring?variant=gid://shopify/ProductVariant/53329380966697
2026-07-27 07:47:41,Ratnarekha Stone Necklace,Default Title,R26197,39600.0,Sold Out,1,1,0,https://www.rasasilver.com/products/ratnarekha-stone-necklace?variant=gid://shopify/ProductVariant/52831853969705
2026-07-27 07:47:41,Indulekha Matil,Default Title,R25135,10550.0,Sold Out,1,1,0,https://www.rasasilver.com/products/indulekha-matil?variant=gid://shopify/ProductVariant/52898274640169
2026-07-27 07:47:41,Flora-Pink Oxidized Payal,Default Title,R21880,4600.0,Sold Out,1,1,0,https://www.rasasilver.com/products/flora-pink-oxidized-payal?variant=gid://shopify/ProductVariant/53149276733737
2026-07-27 07:47:41,Pear-Drops CZ Pendant Set,Default Title,R29529,8000.0,Sold Out,1,1,0,https://www.rasasilver.com/products/pear-drops-cz-necklace?variant=gid://shopify/ProductVariant/53282874523945
2026-07-27 07:47:41,Green-Flora Stone Kada,Default Title,R30438,9500.0,Sold Out,1,1,0,https://www.rasasilver.com/products/green-flora-stone-kada?variant=gid://shopify/ProductVariant/53299596034345
2026-07-27 07:47:41,Crystal Line Stone Bangles,2.4,R30363,25400.0,Sold Out,1,1,0,https://www.rasasilver.com/products/crystal-line-stone-bangles?variant=gid://shopify/ProductVariant/53315202253097
2026-07-27 07:47:41,Gilded Ivy Victorian Necklace,Default Title,R31059,37400.0,Sold Out,1,1,0,https://www.rasasilver.com/products/gilded-ivy-victorian-necklace?variant=gid://shopify/ProductVariant/53315295740201
2026-07-27 07:47:41,Pear-Blossom Stone Ring,GREEN / 13,R31661,3600.0,Sold Out,1,1,0,https://www.rasasilver.com/products/pear-blossom-antique-ring?variant=gid://shopify/ProductVariant/53329380999465
2026-07-27 07:47:41,Sunlit Empress Victorian Choker Set,Default Title,R30837,32600.0,Sold Out,1,1,0,https://www.rasasilver.com/products/sunlit-empress-victorian-choker-set?variant=gid://shopify/ProductVariant/53329555063081
2026-07-27 07:47:41,Srinivasa Temple Necklace,Default Title,R32093,56900.0,Sold Out,1,1,0,https://www.rasasilver.com/products/srinivasa-temple-necklace-1?variant=gid://shopify/ProductVariant/53333231501609
2026-07-27 07:47:41,Duo Hexa-Pear Moissanite Ring,Default Title,R32238,8200.0,Sold Out,1,1,0,https://www.rasasilver.com/products/duo-hexa-pear-moissanite-ring?variant=gid://shopify/ProductVariant/53336883200297
2026-07-27 08:03:02,Royal Pasalu Necklace,Default Title,R12642,48000.0,Sale,1,3,2,https://www.rasasilver.com/products/royal-pasalu-necklace?variant=gid://shopify/ProductVariant/50069048852777
2026-07-27 08:03:02,Meadow Muse Pendant,Green,R17124,20600.0,Sale,1,15,14,https://www.rasasilver.com/products/meadow-muse-pendant?variant=gid://shopify/ProductVariant/52485476843817
2026-07-27 08:03:02,Gajessa Pallais Necklace Set,Default Title,R20945,111000.0,Sale,1,6,5,https://www.rasasilver.com/products/gajessa-pallais-necklace-set?variant=gid://shopify/ProductVariant/52279411081513
2026-07-27 08:03:02,Victorian Grace Necklace,Default Title,R22242,53460.0,Sale,1,3,2,https://www.rasasilver.com/products/victorian-grace-necklace?variant=gid://shopify/ProductVariant/52420044357929
2026-07-27 08:03:02,Dakshin Stone Matil,Default Title,R25139,21500.0,Sale,1,2,1,https://www.rasasilver.com/products/dakshin-stone-matil?variant=gid://shopify/ProductVariant/52667728232745
2026-07-27 08:03:02,Square-Rosy Stone Bangles,Ruby Pink / 2.4,R25305,19500.0,Sale,1,4,3,https://www.rasasilver.com/products/square-rosy-stone-bangles?variant=gid://shopify/ProductVariant/52668463382825
2026-07-27 08:03:02,Square-Rosy Stone Bangles,Ruby Pink / 2.5,R25305,19500.0,Sale,1,4,3,https://www.rasasilver.com/products/square-rosy-stone-bangles?variant=gid://shopify/ProductVariant/52704115949865
2026-07-27 08:03:02,Square-Rosy Stone Bangles,Ruby Pink / 2.6,R25305,19500.0,Sale,1,4,3,https://www.rasasilver.com/products/square-rosy-stone-bangles?variant=gid://shopify/ProductVariant/52704115982633
2026-07-27 08:03:02,Gandarika Kundan Pendant,Default Title,R24975,19350.0,Sale,1,2,1,https://www.rasasilver.com/products/gandarika-kundan-pendant?variant=gid://shopify/ProductVariant/52748851806505
2026-07-27 08:03:02,Trishaani Necklace Set,Default Title,R4943,59000.0,Sold Out,1,1,0,https://www.rasasilver.com/products/trishaani-necklace-set?variant=gid://shopify/ProductVariant/50545494458665
2026-07-27 08:03:02,Mohana Murali Haaram,Green,R11715,62100.0,Sold Out,1,1,0,https://www.rasasilver.com/products/mohana-murali-haaram?variant=gid://shopify/ProductVariant/50808103043369
2026-07-27 08:03:02,Ruvanya Stone Ring,Green / 14,R17379,3000.0,Sold Out,1,1,0,https://www.rasasilver.com/products/ring-22?variant=gid://shopify/ProductVariant/51350170435881
2026-07-27 08:03:02,Devaani Three Layer Necklace,Default Title,R15279,71600.0,Sold Out,1,1,0,https://www.rasasilver.com/products/devaani-three-layer-necklace?variant=gid://shopify/ProductVariant/51418997883177
2026-07-27 08:03:02,Rubyleaf Ovelle Necklace Set,Default Title,R16717,38610.0,Sold Out,1,1,0,https://www.rasasilver.com/products/rubyleaf-ovelle-necklace-set?variant=gid://shopify/ProductVariant/52170082713897
2026-07-27 08:03:02,Victoraine Noire Necklace Set,Default Title,R20571,42500.0,Sold Out,1,1,0,https://www.rasasilver.com/products/victoraine-noire-necklace-set?variant=gid://shopify/ProductVariant/52267257594153
2026-07-27 08:03:02,Ovaflora Victorian Necklace Set,Default Title,R21346,90450.0,Sold Out,1,1,0,https://www.rasasilver.com/products/ovaflora-victorian-necklace-set?variant=gid://shopify/ProductVariant/52337579065641
2026-07-27 08:03:02,Emeravalli Victorian Necklace,Default Title,R21567,39700.0,Sold Out,1,1,0,https://www.rasasilver.com/products/emeravalli-victorian-necklace?variant=gid://shopify/ProductVariant/52344621728041
2026-07-27 08:03:02,Esha Victorian Necklace Set,Default Title,R22215,49500.0,Sold Out,1,1,0,https://www.rasasilver.com/products/esha-victorian-necklace-set?variant=gid://shopify/ProductVariant/52362152837417
2026-07-27 08:03:02,Victorian Navakriti Necklace Set,Default Title,R22231,37400.0,Sold Out,1,1,0,https://www.rasasilver.com/products/victorian-navakriti-necklace-set?variant=gid://shopify/ProductVariant/52362235576617
2026-07-27 08:03:02,Orbit Victorian Necklace,Default Title,R22157,42300.0,Sold Out,1,1,0,https://www.rasasilver.com/products/orbit-victorian-necklace-set?variant=gid://shopify/ProductVariant/52377995542825
2026-07-27 08:17:28,Mani Bandha Bangles,2.4,R14974,19300.0,Restock,1,7,8,https://www.rasasilver.com/products/mani-bandha-bangles?variant=gid://shopify/ProductVariant/52263721697577
2026-07-27 08:17:28,Glitter Flora Pendant,Default Title,R11316,14310.0,Restock,1,0,1,https://www.rasasilver.com/products/glitter-flora-pendant?variant=gid://shopify/ProductVariant/50757187404073
2026-07-27 08:17:28,Paro Veda Necklace,Default Title,R18578,36600.0,Restock,1,0,1,https://www.rasasilver.com/products/paro-veda-necklace-set?variant=gid://shopify/ProductVariant/51526627098921
2026-07-27 08:17:28,Emermango Necklace Set,Default Title,R22635,76300.0,Restock,1,3,4,https://www.rasasilver.com/products/emermango-necklace-set?variant=gid://shopify/ProductVariant/51526869713193
2026-07-27 08:17:28,Jodi Morni Necklace Set,Default Title,R18253,110100.0,Restock,1,0,1,https://www.rasasilver.com/products/jodi-morni-necklace-set?variant=gid://shopify/ProductVariant/52013663453481
2026-07-27 08:17:28,Gajessa Pallais Necklace Set,Default Title,R20945,111000.0,Restock,1,5,6,https://www.rasasilver.com/products/gajessa-pallais-necklace-set?variant=gid://shopify/ProductVariant/52279411081513
2026-07-27 08:17:28,CZ Gajora Pendant,Default Title,R20932,13300.0,Restock,1,2,3,https://www.rasasilver.com/products/gajora-pendant?variant=gid://shopify/ProductVariant/52330947215657
2026-07-27 08:17:28,Garden Pear Victorian Bangles,2.4,R24455,47970.0,Restock,1,2,3,https://www.rasasilver.com/products/garden-pear-victorian-bangles?variant=gid://shopify/ProductVariant/52535424123177
2026-07-27 08:17:28,Garden Pear Victorian Bangles,2.6,R24455,47970.0,Restock,1,2,3,https://www.rasasilver.com/products/garden-pear-victorian-bangles?variant=gid://shopify/ProductVariant/52535424155945
2026-07-27 08:17:28,Rosmira Victorian Matil,Default Title,R7221,48100.0,Restock,1,0,1,https://www.rasasilver.com/products/rosmira-pear-matil?variant=gid://shopify/ProductVariant/52871830831401
2026-07-27 08:17:28,Shremira Temple Vanki,Default Title,R18710,34900.0,Restock,1,1,2,https://www.rasasilver.com/products/shremira-temple-vanki?variant=gid://shopify/ProductVariant/52898574991657
2026-07-27 08:32:50,Navarise Stud Earrings,Default Title,R20492,4200.0,Sale,1,3,2,https://www.rasasilver.com/products/navarise-studs?variant=gid://shopify/ProductVariant/50153089728809
2026-07-27 08:32:50,Mor Kalika Jhumki,Default Title,R15561,20500.0,Sold Out,1,1,0,https://www.rasasilver.com/products/mor-kalika-jhumki?variant=gid://shopify/ProductVariant/51509588525353
2026-07-27 08:32:50,Mayuranshi Nakshi Jhumka,Default Title,R8475,21800.0,Sold Out,1,1,0,https://www.rasasilver.com/products/maylora-nakshi-jhumka-copy-1?variant=gid://shopify/ProductVariant/53103774990633
2026-07-27 09:03:13,Drovella CZ Necklace,Default Title,R26754,18300.0,Sale,1,3,2,https://www.rasasilver.com/products/drovella-cz-necklace?variant=gid://shopify/ProductVariant/52881079697705
2026-07-27 09:03:13,Kundan Reversable Choker,Default Title,R24249,28530.0,Sold Out,1,1,0,https://www.rasasilver.com/products/kundan-reversable-choker?variant=gid://shopify/ProductVariant/52553453338921
2026-07-27 09:17:45,Swarnika Temple Necklace,Default Title,R20254,69900.0,Sale,1,2,1,https://www.rasasilver.com/products/swarnika-temple-necklace?variant=gid://shopify/ProductVariant/52338540740905
2026-07-27 09:17:45,Savitri Temple Kaankarela,Default Title,R23846,48000.0,Sold Out,1,1,0,https://www.rasasilver.com/products/temple-kaankarela?variant=gid://shopify/ProductVariant/52824205918505
2026-07-27 09:32:54,Stellar Nine Short Necklace,Default Title,R18885,17200.0,Sale,1,10,9,https://www.rasasilver.com/products/stellar-nine-short-necklace?variant=gid://shopify/ProductVariant/50083435872553
2026-07-27 09:32:54,Back Chain,Default Title,R25375,4000.0,Sale,1,3,2,https://www.rasasilver.com/products/back-chain-1?variant=gid://shopify/ProductVariant/50823753695529
2026-07-27 09:32:54,White Floral CZ Necklace Set,Default Title,R22879,26500.0,Sale,1,3,2,https://www.rasasilver.com/products/white-floral-cz-necklace-set?variant=gid://shopify/ProductVariant/52451312894249
2026-07-27 09:32:54,Back Chain,Default Title,R25383,3800.0,Sale,2,8,6,https://www.rasasilver.com/products/back-chain-copy?variant=gid://shopify/ProductVariant/52737922302249
2026-07-27 09:32:54,Floral Carmine Bangles,Navaratna Colour / 2.4,R20110,29600.0,Sold Out,1,1,0,https://www.rasasilver.com/products/floral-carmine-bangles?variant=gid://shopify/ProductVariant/52209301684521
2026-07-27 09:32:54,Padmakshi Temple Necklace,Default Title,R31325,10600.0,Sold Out,1,1,0,https://www.rasasilver.com/products/padmakshi-temple-necklace?variant=gid://shopify/ProductVariant/53305182028073
2026-07-27 09:47:49,Pear-Line Stone Bangles,2.9,R29459,26800.0,Sold Out,1,1,0,https://www.rasasilver.com/products/pear-line-stone-bangles?variant=gid://shopify/ProductVariant/53284283547945
2026-07-27 09:47:49,Temple Hemambari Necklace,Default Title,R31293,11400.0,Sold Out,1,1,0,https://www.rasasilver.com/products/temple-hemambari-necklace?variant=gid://shopify/ProductVariant/53305036276009
2026-07-27 10:03:02,Kiranaratna Stud Earrings,Default Title,R17286,4400.0,Sale,1,9,8,https://www.rasasilver.com/products/kiranaratna-studs?variant=gid://shopify/ProductVariant/50152979005737
2026-07-27 10:03:02,Navarise Stud Earrings,Default Title,R20492,4200.0,Sale,1,2,1,https://www.rasasilver.com/products/navarise-studs?variant=gid://shopify/ProductVariant/50153089728809
2026-07-27 10:03:02,Aaryushi Silver Payal,GREEN,R16459,20100.0,Restock,1,2,3,https://www.rasasilver.com/products/aaryushi-payal?variant=gid://shopify/ProductVariant/51495379304745
2026-07-27 10:17:39,Ovalor Stone Ring,Ruby Pink,R17311,3450.0,Sale,1,10,9,https://www.rasasilver.com/products/ovalor-ring?variant=gid://shopify/ProductVariant/51472177692969
2026-07-27 10:17:39,Chandrika Devi Danglers,Default Title,R7562,10800.0,Restock,1,0,1,https://www.rasasilver.com/products/chandrika-devi-danglers?variant=gid://shopify/ProductVariant/50712099488041
2026-07-27 10:17:39,Navarya Stone Ring,Default Title,R20505,3800.0,Sale,1,9,8,https://www.rasasilver.com/products/navarya-ring?variant=gid://shopify/ProductVariant/50809191727401
2026-07-27 10:17:39,Petalova Necklace Cz Set,Default Title,R17575,175000.0,Sale,1,2,1,https://www.rasasilver.com/products/petalova-necklace-set?variant=gid://shopify/ProductVariant/51509464170793
2026-07-27 10:17:39,Grevix CZ Necklace Set,Default Title,R22250,59900.0,Sale,1,5,4,https://www.rasasilver.com/products/cz-necklace-set-3?variant=gid://shopify/ProductVariant/52390351110441
2026-07-27 10:17:39,Navarika CZ Necklace Set,Default Title,R22641,34100.0,Sale,1,2,1,https://www.rasasilver.com/products/navarika-cz-necklace-set?variant=gid://shopify/ProductVariant/52390554894633
2026-07-27 10:17:39,Morvya Kasu Necklace,Default Title,R22672,101200.0,Sale,1,3,2,https://www.rasasilver.com/products/morvya-kasu-necklace?variant=gid://shopify/ProductVariant/52393214705961
2026-07-27 10:17:39,Regal Trinket Necklace Set,Default Title,R25011,25500.0,Sale,1,8,7,https://www.rasasilver.com/products/regal-trinket-necklace-set?variant=gid://shopify/ProductVariant/52682036707625
2026-07-27 10:17:39,Vasanthika CZ Necklace,Default Title,R26748,29300.0,Sale,1,2,1,https://www.rasasilver.com/products/peravia-cz-necklace-set-copy?variant=gid://shopify/ProductVariant/52880284614953
2026-07-27 10:17:39,Drovella CZ Necklace,Default Title,R26754,18300.0,Sale,1,2,1,https://www.rasasilver.com/products/drovella-cz-necklace?variant=gid://shopify/ProductVariant/52881079697705
2026-07-27 10:17:39,Lakshmi Smarakha Haaram,Default Title,R11156,53900.0,Sold Out,1,1,0,https://www.rasasilver.com/products/lakshmi-smarakha-haaram?variant=gid://shopify/ProductVariant/50740831977769
2026-07-27 10:17:39,Glitter Line Bracelet,Default Title,R12894,5000.0,Sold Out,1,1,0,https://www.rasasilver.com/products/glitter-line-bracelet?variant=gid://shopify/ProductVariant/51197532832041
2026-07-27 10:17:39,Starry Blue Cz Necklace Set,Default Title,R17724,22000.0,Sold Out,1,1,0,https://www.rasasilver.com/products/starry-blue-necklace-set?variant=gid://shopify/ProductVariant/51509444575529
2026-07-27 10:17:39,Oceanique Curve Bracelet,Default Title,R18622,7900.0,Sold Out,1,1,0,https://www.rasasilver.com/products/diara-dual-line-bracelet-copy?variant=gid://shopify/ProductVariant/51863037051177
2026-07-27 10:17:39,Prism CZ Necklace Set,Blue,R31367,28700.0,Sold Out,1,1,0,https://www.rasasilver.com/products/prism-cz-necklace-set?variant=gid://shopify/ProductVariant/53323393368361
2026-07-27 10:17:39,Kiran CZ Tikka,RED,R21208,8400.0,Sold Out,1,1,0,https://www.rasasilver.com/products/kiran-cz-tikka?variant=gid://shopify/ProductVariant/52469436121385
2026-07-27 10:17:39,Petalyra Victorian Danglers,Default Title,R22142,7290.0,Sold Out,1,1,0,https://www.rasasilver.com/products/petalyra-victorian-danglers?variant=gid://shopify/ProductVariant/52526726512937
2026-07-27 10:17:39,Queen’s Pearl Victorian Jada,Default Title,R24537,97110.0,Sold Out,1,1,0,https://www.rasasilver.com/products/queen-s-pearl-victorian-jada?variant=gid://shopify/ProductVariant/52797615931689
2026-07-27 10:17:39,Amaya Pear CZ Necklace Set,Default Title,R26783,31000.0,Sold Out,1,1,0,https://www.rasasilver.com/products/amaya-tear-cz-necklace-set?variant=gid://shopify/ProductVariant/52881956602153
2026-07-27 10:17:39,Ira Prism CZ Necklace Set,Default Title,R28136,23400.0,Sold Out,1,1,0,https://www.rasasilver.com/products/linea-luxe-cz-necklace-set-copy?variant=gid://shopify/ProductVariant/53161286467881
2026-07-27 10:17:39,Brilliant Bloom CZ Necklace,Default Title,R29497,10300.0,Sold Out,1,1,0,https://www.rasasilver.com/products/brilliant-bloom-cz-necklace?variant=gid://shopify/ProductVariant/53282531442985
2026-07-27 10:17:39,Gaja Lakshmi Temple Necklace,Default Title,R31305,14300.0,Sold Out,1,1,0,https://www.rasasilver.com/products/gaja-lakshmi-temple-necklace?variant=gid://shopify/ProductVariant/53305091752233
2026-07-27 10:17:39,Temple Divyashree Necklace,Default Title,R31308,14000.0,Sold Out,1,1,0,https://www.rasasilver.com/products/temple-divyashree-necklace?variant=gid://shopify/ProductVariant/53305105187113
2026-07-27 10:17:39,Krupa Kasu Temple Necklace,Default Title,R32170,51600.0,Sold Out,1,1,0,https://www.rasasilver.com/products/navil-krupa-jadau-necklace?variant=gid://shopify/ProductVariant/53333186314537
2026-07-27 10:17:39,Twin-Soul Moissanite Ring,Default Title,R32236,5800.0,Sold Out,1,1,0,https://www.rasasilver.com/products/twin-soul-moissanite-ring?variant=gid://shopify/ProductVariant/53336879726889
2026-07-27 10:33:04,Pearl-Tailed CZ Pendant,Default Title,R20935,11200.0,Restock,1,4,5,https://www.rasasilver.com/products/pearl-tailed-cz-pendant?variant=gid://shopify/ProductVariant/52331004657961
2026-07-27 10:33:04,Soleira Toe Ring,Default Title,R27898,4500.0,Restock,1,0,1,https://www.rasasilver.com/products/soleira-toe-ring?variant=gid://shopify/ProductVariant/53139044106537
2026-07-27 10:33:04,Pear-Spark CZ Necklace,Default Title,R29537,9600.0,Restock,1,0,1,https://www.rasasilver.com/products/pear-spark-cz-necklace?variant=gid://shopify/ProductVariant/53282593341737
2026-07-27 10:33:04,Beaded Charm Ear Cuff,Default Title,R31572,1300.0,Restock,1,3,4,https://www.rasasilver.com/products/beaded-charm-ear-cuff?variant=gid://shopify/ProductVariant/53286096306473
2026-07-27 10:47:33,Phool Layyara Oxidised Payal,Ruby Pink,R16558,58000.0,Restock,1,0,1,https://www.rasasilver.com/products/phool-layyara-payal?variant=gid://shopify/ProductVariant/51500289261865
2026-07-27 10:47:33,Vivid Band Toe Ring,Default Title,R31649,2000.0,Restock,1,2,3,https://www.rasasilver.com/products/vivid-band-toe-ring?variant=gid://shopify/ProductVariant/53289183543593
2026-07-27 11:03:16,Mani Sita Navaratna Necklace,GREEN,R22868,33000.0,Restock,1,4,5,https://www.rasasilver.com/products/mani-sita-necklace?variant=gid://shopify/ProductVariant/52398120698153
2026-07-27 11:17:34,Moissanite Nath,Default Title,R1526,3100.0,Sale,2,11,9,https://www.rasasilver.com/products/kundan-nath?variant=gid://shopify/ProductVariant/49855900451113
2026-07-27 11:17:34,Stellar Nine Short Necklace,Default Title,R18885,17200.0,Sale,1,9,8,https://www.rasasilver.com/products/stellar-nine-short-necklace?variant=gid://shopify/ProductVariant/50083435872553
2026-07-27 11:17:34,Twinkle Bindu Nath,Default Title,R16995,2700.0,Sale,1,7,6,https://www.rasasilver.com/products/twinkle-bindu-nath?variant=gid://shopify/ProductVariant/50203857420585
2026-07-27 11:17:34,Leaforia Bloom Necklace Set,Default Title,R11554,39500.0,Sale,1,2,1,https://www.rasasilver.com/products/leaforia-bloom-necklace-set?variant=gid://shopify/ProductVariant/50773763293481
2026-07-27 11:17:34,Moonbeam Allure Short Necklace Set,Default Title,R12412,56000.0,Sale,1,4,3,https://www.rasasilver.com/products/moonbeam-allure-short-necklace-copy?variant=gid://shopify/ProductVariant/50907092615465
2026-07-27 11:17:34,Rubalyn Bloom Necklace Set,Swarovski,R18538,34700.0,Sale,1,2,1,https://www.rasasilver.com/products/ruby-fiora-necklace-set-copy?variant=gid://shopify/ProductVariant/51870106812713
2026-07-27 11:17:34,Zyrissa Florentia Necklace Set,Default Title,R18532,25000.0,Sale,1,9,8,https://www.rasasilver.com/products/zirnova-pear-necklace-set-copy?variant=gid://shopify/ProductVariant/51872732905769
2026-07-27 11:17:34,Gutta Pasalu Necklace Set,Default Title,R19923,22700.0,Sale,1,6,5,https://www.rasasilver.com/products/gutta-pasalu-necklace-set?variant=gid://shopify/ProductVariant/52399453438249
2026-07-27 11:17:34,Moonlight CZ Necklace Set,Default Title,R22912,17600.0,Sale,1,4,3,https://www.rasasilver.com/products/moonlight-cz-necklace-set?variant=gid://shopify/ProductVariant/52419983573289
2026-07-27 11:17:34,Two-Layers Antique Mala,Default Title,R24793,23100.0,Sale,2,3,1,https://www.rasasilver.com/products/two-layers-antique-mala?variant=gid://shopify/ProductVariant/52668091892009
2026-07-27 11:17:34,Manimala Kasu Temple Necklace,Default Title,R25191,36200.0,Sale,1,2,1,https://www.rasasilver.com/products/manimala-kasu-short-necklace?variant=gid://shopify/ProductVariant/52682145431849
2026-07-27 11:17:34,Amara Shine Necklace Set,Default Title,R28388,15800.0,Sale,1,2,1,https://www.rasasilver.com/products/amara-shine-necklace-set?variant=gid://shopify/ProductVariant/53138163368233
2026-07-27 11:17:34,Linea Luxe CZ Necklace Set,Default Title,R28068,26300.0,Sale,1,3,2,https://www.rasasilver.com/products/rectoriae-cz-necklace-set-copy?variant=gid://shopify/ProductVariant/53161109422377
2026-07-27 11:17:34,Greenika-Pear CZ Necklace,GREEN,R29501,13900.0,Sale,1,2,1,https://www.rasasilver.com/products/greenika-pear-cz-necklace?variant=gid://shopify/ProductVariant/53282539569449
2026-07-27 11:17:34,Floral Spark CZ Necklace,Default Title,R29528,16300.0,Sale,1,2,1,https://www.rasasilver.com/products/floral-spark-cz-necklace?variant=gid://shopify/ProductVariant/53282569290025
2026-07-27 11:17:34,Zariya Stone Danglers,GREEN,R31508,5300.0,Sale,1,2,1,https://www.rasasilver.com/products/zariya-green-stone-danglers?variant=gid://shopify/ProductVariant/53290441408809
2026-07-27 11:17:34,Crystal Drop Stone Necklace,Default Title,R31426,10700.0,Sale,1,2,1,https://www.rasasilver.com/products/crystal-drop-stone-necklace?variant=gid://shopify/ProductVariant/53290769842473
2026-07-27 11:17:34,Queen's Lakshmi Temple Necklace Set,Default Title,R29944,15300.0,Sale,1,3,2,https://www.rasasilver.com/products/queens-lakshmi-temple-necklace-set?variant=gid://shopify/ProductVariant/53310655463721
2026-07-27 11:17:34,Mayura Queen Nakshi Necklace Set,Ruby Pink,R29981,16900.0,Sale,1,2,1,https://www.rasasilver.com/products/mayura-queen-nakshi-necklace-set?variant=gid://shopify/ProductVariant/53312595624233
2026-07-27 11:17:34,Dewdrop Stone Necklace,GREEN,R29988,13500.0,Sale,1,3,2,https://www.rasasilver.com/products/dewdrop-stone-necklace-set?variant=gid://shopify/ProductVariant/53312650772777
2026-07-27 11:17:34,Suvarna Stone Necklace,Default Title,R30298,33800.0,Sale,1,2,1,https://www.rasasilver.com/products/suvarna-stone-necklace?variant=gid://shopify/ProductVariant/53312674595113
2026-07-27 11:17:34,Kite Stone Necklace Set,Default Title,R30467,13200.0,Sale,1,3,2,https://www.rasasilver.com/products/kite-stone-necklace-set?variant=gid://shopify/ProductVariant/53312818905385
2026-07-27 11:17:34,Pearl Botanica Victorian Haath Phool,Default Title,R30747,34900.0,Sale,1,2,1,https://www.rasasilver.com/products/vaibhava-victorian-haath-phool?variant=gid://shopify/ProductVariant/53329663787305
2026-07-27 11:17:34,Navakamal CZ Glow Necklace,Default Title,R4631,23580.0,Sold Out,1,1,0,https://www.rasasilver.com/products/navakamal-cz-glow-necklace?variant=gid://shopify/ProductVariant/50577170202921
2026-07-27 11:17:34,Peacock Duet Choker Set,Default Title,R11507,66900.0,Sold Out,1,1,0,https://www.rasasilver.com/products/peacock-duet-choker-set?variant=gid://shopify/ProductVariant/50756969070889
2026-07-27 11:17:34,Olivienne Short Necklace,Default Title,R11714,24390.0,Sold Out,1,1,0,https://www.rasasilver.com/products/olivienne-short-necklace?variant=gid://shopify/ProductVariant/50808782520617
2026-07-27 11:17:34,Ratna Alankaram Short Necklace,Default Title,R11721,32100.0,Sold Out,1,1,0,https://www.rasasilver.com/products/ratna-alankaram-short-necklace?variant=gid://shopify/ProductVariant/50809013010729
2026-07-27 11:17:34,Prithvi Nakshi Necklace,Default Title,R15073,45500.0,Sold Out,1,1,0,https://www.rasasilver.com/products/prithvi-necklace?variant=gid://shopify/ProductVariant/51368296284457
2026-07-27 11:17:34,Anira Stone Short Necklace,Default Title,R15803,25000.0,Sold Out,1,1,0,https://www.rasasilver.com/products/rosavine-cz-necklace-copy?variant=gid://shopify/ProductVariant/51408239100201
2026-07-27 11:17:34,Navarang Oval Bangles,Navaratna Colour / 2.5,R19949,21000.0,Sold Out,1,1,0,https://www.rasasilver.com/products/navarang-oval-bangles?variant=gid://shopify/ProductVariant/52209180573993
2026-07-27 11:17:34,Grevia CZ Necklace Set,Default Title,R22177,35400.0,Sold Out,1,1,0,https://www.rasasilver.com/products/cz-necklace-set-1?variant=gid://shopify/ProductVariant/52390300877097
2026-07-27 11:17:34,Bagh-Manik Stone Necklace,Default Title,R25124,37800.0,Sold Out,1,1,0,https://www.rasasilver.com/products/bagh-manik-stone-necklace?variant=gid://shopify/ProductVariant/52723633652009
2026-07-27 11:17:34,Suvalaya Temple Necklace,Ruby Pink,R25872,31200.0,Sold Out,1,1,0,https://www.rasasilver.com/products/ratnashri-short-temple-necklace-copy?variant=gid://shopify/ProductVariant/52828521857321
2026-07-27 11:17:34,Ratanprabha Stone Necklace,Default Title,R27931,30900.0,Sold Out,1,1,0,https://www.rasasilver.com/products/vilasini-temple-bottu-necklace-copy?variant=gid://shopify/ProductVariant/53163330306345
2026-07-27 11:17:34,Panna-Droplet CZ Necklace,Default Title,R29507,8600.0,Sold Out,1,1,0,https://www.rasasilver.com/products/panna-droplet-cz-necklace?variant=gid://shopify/ProductVariant/53282541371689
2026-07-27 11:17:34,Blossom-Green CZ Necklace,Default Title,R29543,23300.0,Sold Out,1,1,0,https://www.rasasilver.com/products/blossom-green-cz-necklace?variant=gid://shopify/ProductVariant/53282606514473
2026-07-27 11:17:34,Beaded Heart Oxidized Payal,Default Title,R31647,3600.0,Sold Out,1,1,0,https://www.rasasilver.com/products/beaded-heart-oxidized-payal?variant=gid://shopify/ProductVariant/53286160138537
2026-07-27 11:17:34,Pear of Green Stone Necklace,Default Title,R31428,9900.0,Sold Out,1,1,0,https://www.rasasilver.com/products/pear-of-green-stone-necklace?variant=gid://shopify/ProductVariant/53290771415337
2026-07-27 11:17:34,Floral Glow Stone Necklace,Default Title,R31432,17200.0,Sold Out,1,1,0,https://www.rasasilver.com/products/floral-glow-stone-necklace?variant=gid://shopify/ProductVariant/53290773381417
2026-07-27 11:17:34,Circle-Panna Stone Necklace,Default Title,R31437,18300.0,Sold Out,1,1,0,https://www.rasasilver.com/products/circle-panna-stone-necklace?variant=gid://shopify/ProductVariant/53290774888745
2026-07-27 11:17:34,Temple Devalika Necklace,Default Title,R31269,15200.0,Sold Out,1,1,0,https://www.rasasilver.com/products/temple-devalika-necklace?variant=gid://shopify/ProductVariant/53304635064617
2026-07-27 11:17:34,Mango-Pear Stone Matil,Default Title,R30417,14500.0,Sold Out,1,1,0,https://www.rasasilver.com/products/matil-2?variant=gid://shopify/ProductVariant/53306897269033
2026-07-27 11:17:34,Lakshmi-Moti Temple Necklace Set,Default Title,R29962,23200.0,Sold Out,1,1,0,https://www.rasasilver.com/products/lakshmi-moti-temple-necklace-set?variant=gid://shopify/ProductVariant/53312179896617
2026-07-27 11:17:34,Queen’s Moissanite Tikka,Default Title,R21125,18000.0,Sold Out,1,1,0,https://www.rasasilver.com/products/queen-s-moissanite-tikka-1?variant=gid://shopify/ProductVariant/53333233434921
2026-07-27 11:17:34,Violet Glow Victorian Tikka,Default Title,R30751,22200.0,Sold Out,1,1,0,https://www.rasasilver.com/products/violet-glow-victorian-tikka?variant=gid://shopify/ProductVariant/53333256044841
2026-07-27 11:17:34,Pearl Sampada Moissanite Matil,Default Title,R30584,45500.0,Sold Out,1,1,0,https://www.rasasilver.com/products/pearl-sampada-moissanite-matil?variant=gid://shopify/ProductVariant/53334206251305
2026-07-27 11:17:34,Moissanite Mathapatti,Default Title,R30586,27000.0,Sold Out,1,1,0,https://www.rasasilver.com/products/moissanite-mathapatti?variant=gid://shopify/ProductVariant/53334249341225
2026-07-27 11:17:34,Dulhan Floral Kundan Nath,GREEN,R32181,4500.0,Sold Out,1,1,0,https://www.rasasilver.com/products/dulhan-floral-kundan-nath?variant=gid://shopify/ProductVariant/53334260547881
2026-07-27 11:17:34,Dulhan Floral Kundan Nath,Swarovski,R32183,4700.0,Sold Out,1,1,0,https://www.rasasilver.com/products/dulhan-floral-kundan-nath?variant=gid://shopify/ProductVariant/53334260580649
2026-07-27 11:17:34,Dulhan Floral Kundan Nath,Ruby Pink,R32184,4600.0,Sold Out,1,1,0,https://www.rasasilver.com/products/dulhan-floral-kundan-nath?variant=gid://shopify/ProductVariant/53334260613417
2026-07-27 12:03:31,Mani Bandha Bangles,2.4,R14974,19300.0,Sale,1,8,7,https://www.rasasilver.com/products/mani-bandha-bangles?variant=gid://shopify/ProductVariant/52263721697577
2026-07-27 12:03:31,Ovalor Stone Ring,GREEN,R17361,3450.0,Sale,1,9,8,https://www.rasasilver.com/products/ovalor-ring?variant=gid://shopify/ProductVariant/51472177725737
2026-07-27 12:03:31,Phool Patra Ring,GREEN,R17375,3000.0,Sale,3,7,4,https://www.rasasilver.com/products/phool-patra-ring?variant=gid://shopify/ProductVariant/50635383046441
2026-07-27 12:03:31,Floravia Pendant,Green,R15287,11600.0,Sale,1,5,4,https://www.rasasilver.com/products/floravia-pendant?variant=gid://shopify/ProductVariant/51441178083625
2026-07-27 12:03:31,Gulbahaar Ring,Ruby Pink / 6,R17324,3700.0,Sale,1,3,2,https://www.rasasilver.com/products/gulbahaar-ring?variant=gid://shopify/ProductVariant/51514711933225
2026-07-27 12:03:31,Frost Polki Ring,7.25,R16496,6400.0,Sale,1,2,1,https://www.rasasilver.com/products/frost-bloom-ring?variant=gid://shopify/ProductVariant/52290959966505
2026-07-27 12:03:31,Tara Stone Bangles,2.4,R24394,26600.0,Sale,1,2,1,https://www.rasasilver.com/products/tara-stone-bangles?variant=gid://shopify/ProductVariant/52553600893225
2026-07-27 12:03:31,Murya Kundan Hair Brooch,Default Title,R23484,9810.0,Sale,1,3,2,https://www.rasasilver.com/products/swan-kundan-hair-brooch?variant=gid://shopify/ProductVariant/52559924625705
2026-07-27 12:03:31,Aarvi Stone Bangles,2.4,R26676,28400.0,Sale,1,5,4,https://www.rasasilver.com/products/aarvi-cz-bangles?variant=gid://shopify/ProductVariant/52915463782697
2026-07-27 12:03:31,Arka Chandra Kundan Set,Ruby Pink,R28612,8000.0,Sale,1,2,1,https://www.rasasilver.com/products/arka-chandra-kundan-set?variant=gid://shopify/ProductVariant/53266936070441
2026-07-27 12:03:31,Swril Stone Bangles,2.6,R29435,21500.0,Sale,1,2,1,https://www.rasasilver.com/products/swril-stone-bangles?variant=gid://shopify/ProductVariant/53283871883561
2026-07-27 12:03:31,Pearl-Glow Chain Pendant,Default Title,R31554,2000.0,Sale,1,2,1,https://www.rasasilver.com/products/pearl-glow-chain-pendant?variant=gid://shopify/ProductVariant/53285986992425
2026-07-27 12:03:31,Glowy Chain Pendant,Default Title,R31591,3000.0,Sale,1,2,1,https://www.rasasilver.com/products/glowy-chain-pendant?variant=gid://shopify/ProductVariant/53286022414633
2026-07-27 12:03:31,Rose Mist Stone Ring,Default Title,R31977,2600.0,Sale,1,2,1,https://www.rasasilver.com/products/rose-mist-ring?variant=gid://shopify/ProductVariant/53290731012393
2026-07-27 12:03:31,Queen's Green CZ Necklace Set,Default Title,R31223,32300.0,Sale,1,2,1,https://www.rasasilver.com/products/queens-green-cz-necklace-set?variant=gid://shopify/ProductVariant/53308726083881
2026-07-27 12:03:31,Ratna Utsava Stone Bangles,Ruby Pink / 2.8,R31277,20250.0,Sale,1,3,2,https://www.rasasilver.com/products/h-1?variant=gid://shopify/ProductVariant/53324727058729
2026-07-27 12:03:31,Circle-Greena Antique Ring,15,R31404,3500.0,Sale,1,2,1,https://www.rasasilver.com/products/circle-greena-antique-ring?variant=gid://shopify/ProductVariant/53324737511721
2026-07-27 12:03:31,Garden-Shine Antique Ring,15,R31405,3500.0,Sale,1,4,3,https://www.rasasilver.com/products/garden-shine-antique-ring?variant=gid://shopify/ProductVariant/53329301012777
2026-07-27 12:03:31,Pear-Blossom Stone Ring,Ruby Pink / 13,R31660,3600.0,Sale,1,2,1,https://www.rasasilver.com/products/pear-blossom-antique-ring?variant=gid://shopify/ProductVariant/53329381032233
2026-07-27 12:03:31,Kundan Flora-Duo Ring,Default Title,R25172,4000.0,Sold Out,1,1,0,https://www.rasasilver.com/products/kundan-ring-2?variant=gid://shopify/ProductVariant/52704079708457
2026-07-27 12:03:31,Haritha Stone Matil,Swarovski,R30424,9800.0,Sold Out,1,1,0,https://www.rasasilver.com/products/haritha-stone-matil?variant=gid://shopify/ProductVariant/53323494326569
2026-07-27 12:03:31,Haritha Stone Matil,Gold,R30427,11000.0,Sold Out,1,1,0,https://www.rasasilver.com/products/haritha-stone-matil?variant=gid://shopify/ProductVariant/53323494359337
2026-07-27 12:03:31,Stellar Line Stone Bangles,2.9,R29455,23400.0,Sold Out,1,1,0,https://www.rasasilver.com/products/stone-bangles-7?variant=gid://shopify/ProductVariant/53284233249065
2026-07-27 12:03:31,Teddy-Bear Chain Pendant,Default Title,R31592,3800.0,Sold Out,1,1,0,https://www.rasasilver.com/products/teddy-bear-chain-pendant-1?variant=gid://shopify/ProductVariant/53286040535337
2026-07-27 12:03:31,Recta-Green Pendant Set,Default Title,R31499,5000.0,Sold Out,1,1,0,https://www.rasasilver.com/products/recta-green-pendant-set?variant=gid://shopify/ProductVariant/53290477912361
2026-07-27 12:03:31,Navilu Charm Stone Pendant Set,Ruby Pink,R31934,3900.0,Sold Out,1,1,0,https://www.rasasilver.com/products/navilu-charm-stone-pendant-set?variant=gid://shopify/ProductVariant/53290677764393
2026-07-27 12:03:31,Stone Gleam Ring,Default Title,R31968,2800.0,Sold Out,1,1,0,https://www.rasasilver.com/products/stone-gleam-ring?variant=gid://shopify/ProductVariant/53290729341225
2026-07-27 12:03:31,Manika Stone Ring,Default Title,R31973,3400.0,Sold Out,1,1,0,https://www.rasasilver.com/products/manika-stone-ring?variant=gid://shopify/ProductVariant/53290730422569
2026-07-27 12:03:31,Charulata-Mor Temple Necklace,Default Title,R31334,16500.0,Sold Out,1,1,0,https://www.rasasilver.com/products/charulata-mor-temple-necklace?variant=gid://shopify/ProductVariant/53305189826857
2026-07-27 12:03:31,Mayura Lakshmi Temple Necklace,Default Title,R31387,47000.0,Sold Out,1,1,0,https://www.rasasilver.com/products/mayura-lakshmi-temple-necklace?variant=gid://shopify/ProductVariant/53306663993641
2026-07-27 12:03:31,Manikya-Harita Stone Matil,Default Title,R30428,23900.0,Sold Out,1,1,0,https://www.rasasilver.com/products/manikya-harita-stone-matil?variant=gid://shopify/ProductVariant/53307160953129
2026-07-27 12:03:31,Ganesh Temple Ring,15,R31399,3900.0,Sold Out,1,1,0,https://www.rasasilver.com/products/ganesh-temple-ring?variant=gid://shopify/ProductVariant/53324731121961
2026-07-27 12:03:31,Oval-Flora Antique Ring,15,R31407,4100.0,Sold Out,1,1,0,https://www.rasasilver.com/products/oval-flora-antique-ring?variant=gid://shopify/ProductVariant/53329302683945
2026-07-27 12:03:31,Pink Dynasty Victorian Bracelet,Default Title,R30759,27900.0,Sold Out,1,1,0,https://www.rasasilver.com/products/pink-dynasty-bracelet?variant=gid://shopify/ProductVariant/53329474847017
2026-07-27 12:03:31,Dwi-Pear Polki Kada,Default Title,R30690,17300.0,Sold Out,1,1,0,https://www.rasasilver.com/products/dwi-pear-polki-kada?variant=gid://shopify/ProductVariant/53333198635305
2026-07-27 12:03:31,Crystal-Luxe Victorian Kada,Default Title,R30746,39700.0,Sold Out,1,1,0,https://www.rasasilver.com/products/crystal-luxe-victorian-kada?variant=gid://shopify/ProductVariant/53333209514281
2026-07-27 12:03:31,Imperial Mint Victorian Kada,Default Title,R30755,20600.0,Sold Out,1,1,0,https://www.rasasilver.com/products/imperial-mint-victorian-kada?variant=gid://shopify/ProductVariant/53333219705129
2026-07-27 12:03:31,Haritha-Peacock Kundan Pendant,Default Title,R32160,31300.0,Sold Out,1,1,0,https://www.rasasilver.com/products/haritha-peacock-kundan-pendant?variant=gid://shopify/ProductVariant/53336848957737
2026-07-27 12:03:31,Infinity Loop Moissanite Bangles,2.4,R30696,41500.0,Sold Out,1,1,0,https://www.rasasilver.com/products/infinity-loop-moissanite-bangles?variant=gid://shopify/ProductVariant/53336853709097
2026-07-27 12:03:31,Ayodhya Royal Temple Pendant,Default Title,R32116,28500.0,Sold Out,1,1,0,https://www.rasasilver.com/products/ayodhya-royal-temple-pendant?variant=gid://shopify/ProductVariant/53336869732649
2026-07-27 12:03:31,Pushpa Kirana Kundan Studs,Default Title,R32216,9900.0,Sold Out,1,1,0,https://www.rasasilver.com/products/pushpa-kirana-kundan-studs?variant=gid://shopify/ProductVariant/53336930582825
2026-07-27 12:03:31,Bhavani Kurgi Pendant,Default Title,R10078,9000.0,Sold Out,1,1,0,https://www.rasasilver.com/products/bhavani-kurgi-pendant?variant=gid://shopify/ProductVariant/50108540780841
2026-07-27 12:03:31,Dvidhara Stone Pendant,Default Title,R15390,14600.0,Sold Out,1,1,0,https://www.rasasilver.com/products/dvidhara-pendant?variant=gid://shopify/ProductVariant/51442236424489
2026-07-27 12:03:31,Devika Temple Kaasu Necklace,Default Title,R22303,52560.0,Sold Out,1,1,0,https://www.rasasilver.com/products/devika-temple-kaasu-necklace?variant=gid://shopify/ProductVariant/52450616213801
2026-07-27 12:03:31,Two-Layers Antique Mala,Default Title,R24793,23100.0,Sold Out,1,1,0,https://www.rasasilver.com/products/two-layers-antique-mala?variant=gid://shopify/ProductVariant/52668091892009
2026-07-27 12:03:31,Pink Beaded Antique Mala,Default Title,R24813,18000.0,Sold Out,1,1,0,https://www.rasasilver.com/products/pink-beaded-antique-mala?variant=gid://shopify/ProductVariant/52668113486121
2026-07-27 12:03:31,Chakra-Padma Kundan Pendant,Default Title,R21962,25300.0,Sold Out,1,1,0,https://www.rasasilver.com/products/chakra-kundan-pendant?variant=gid://shopify/ProductVariant/52748086739241
2026-07-27 12:03:31,Spark-Loom Stone Bangles,2.6,R25473,22250.0,Sold Out,1,1,0,https://www.rasasilver.com/products/stone-bangles-3?variant=gid://shopify/ProductVariant/52798064525609
2026-07-27 12:03:31,Ganesha Peacock Temple Necklace,Default Title,R19911,56430.0,Sold Out,1,1,0,https://www.rasasilver.com/products/royal-peacock-nakshi-necklace?variant=gid://shopify/ProductVariant/52797908517161
2026-07-27 12:03:31,Shubhalakshmi Temple Necklace,Default Title,R26458,60660.0,Sold Out,1,1,0,https://www.rasasilver.com/products/shubhalakshmi-temple-necklace?variant=gid://shopify/ProductVariant/52808022884649
2026-07-27 12:03:31,Shreevitha Kasu Temple Necklace,Default Title,R26183,81500.0,Sold Out,1,1,0,https://www.rasasilver.com/products/mahalakshya-gandavira-kasu-necklace-copy?variant=gid://shopify/ProductVariant/52866563539241
2026-07-27 12:03:31,Mayurika Temple Matil,Default Title,R24360,15200.0,Sold Out,1,1,0,https://www.rasasilver.com/products/mahika-temple-matil-copy?variant=gid://shopify/ProductVariant/52898722349353
2026-07-27 12:32:55,Navora Stud Earrings,Default Title,R17411,4000.0,Restock,1,1,2,https://www.rasasilver.com/products/navora-studs?variant=gid://shopify/ProductVariant/50643117310249
2026-07-27 12:32:55,Mayukhi Nakshi Danglers,Default Title,R26326,6500.0,Restock,1,0,1,https://www.rasasilver.com/products/mayukhi-nakshi-danglers?variant=gid://shopify/ProductVariant/53126407356713
2026-07-27 12:32:55,Kankana Oxidised Jhumki,Default Title,R28002,5100.0,Sale,1,2,1,https://www.rasasilver.com/products/vruksha-oxidised-jhumki-copy?variant=gid://shopify/ProductVariant/53160158036265
2026-07-27 13:17:42,Pearika CZ Necklace Set,Default Title,R26865,20500.0,Sale,1,2,1,https://www.rasasilver.com/products/ovara-flora-cz-necklace-set-copy?variant=gid://shopify/ProductVariant/52885392458025
2026-07-27 13:17:42,Verdaflora Victorian Danglers,Default Title,R22143,8190.0,Sold Out,1,1,0,https://www.rasasilver.com/products/verdaflora-victorian-danglers?variant=gid://shopify/ProductVariant/52534786031913
2026-07-27 15:18:16,Moonbeam Allure Short Necklace Set,Default Title,R12412,56000.0,Sale,1,3,2,https://www.rasasilver.com/products/moonbeam-allure-short-necklace-copy?variant=gid://shopify/ProductVariant/50907092615465
2026-07-27 15:47:38,Gulaabi Roop Ring,Ruby Pink / 5.5,R17295,3450.0,Sale,1,5,4,https://www.rasasilver.com/products/gulaabi-roop-ring?variant=gid://shopify/ProductVariant/51514751222057
2026-07-27 15:47:38,Rosanika Ring,GREEN,R17328,4320.0,Sale,1,3,2,https://www.rasasilver.com/products/rosanika-ring?variant=gid://shopify/ProductVariant/52871618363689
2026-07-27 18:03:15,Pink-Heart Chain,Rose gold,R31616,2700.0,Sale,1,3,2,https://www.rasasilver.com/products/pink-heart-chain?variant=gid://shopify/ProductVariant/53286052004137
2026-07-27 19:32:58,Morpankh Nakshi Necklace,Default Title,R28605,8400.0,Sold Out,1,1,0,https://www.rasasilver.com/products/morpankh-nakshi-necklace?variant=gid://shopify/ProductVariant/53266623201577
2026-07-28 02:03:00,Yuvira Rose Payal,GREEN,R16480,17000.0,Sale,1,2,1,https://www.rasasilver.com/products/yuvira-rose-payal?variant=gid://shopify/ProductVariant/51495823245609
2026-07-28 04:47:44,Crystal Blaze Moissanite Studs,Default Title,R28095,5500.0,Sale,1,2,1,https://www.rasasilver.com/products/zafira-shine-moissanite-studs-copy?variant=gid://shopify/ProductVariant/53163458822441
2026-07-28 05:47:36,Pear Elegance Bracelet,Default Title,R31561,3200.0,Sale,1,4,3,https://www.rasasilver.com/products/teardrop-elegance-bracelet?variant=gid://shopify/ProductVariant/53284791386409
2026-07-28 05:47:36,Panna-Manik Stone Studs,Default Title,R31489,2700.0,Sale,1,2,1,https://www.rasasilver.com/products/panna-manik-stone-studs?variant=gid://shopify/ProductVariant/53296613753129
2026-07-28 05:47:36,Navilu Charm Stone Pendant Set,GREEN,R31507,3600.0,Sold Out,1,1,0,https://www.rasasilver.com/products/navilu-charm-stone-pendant-set?variant=gid://shopify/ProductVariant/53290677731625
2026-07-28 05:47:36,Florisa Stone Pendant Set,Default Title,R31513,3500.0,Sold Out,1,1,0,https://www.rasasilver.com/products/florisa-stone-pendant-set?variant=gid://shopify/ProductVariant/53290551574825
2026-07-28 05:47:36,Kasu Sundari Temple Studs,Default Title,R31948,2700.0,Sold Out,1,1,0,https://www.rasasilver.com/products/kasu-sundari-temple-studs?variant=gid://shopify/ProductVariant/53296571384105
2026-07-28 05:47:36,Ratna Dot Nakshi Studs,Default Title,R31887,2500.0,Sold Out,1,1,0,https://www.rasasilver.com/products/ratna-dot-nakshi-studs?variant=gid://shopify/ProductVariant/53297411391785
2026-07-28 06:33:04,Suvrinda Temple Necklace,Default Title,R25848,7900.0,Sale,1,5,4,https://www.rasasilver.com/products/shriprada-short-temple-necklace-copy?variant=gid://shopify/ProductVariant/52828252963113
2026-07-28 06:33:04,Pushpari Mor Nakshi Necklace Set,Default Title,R32313,41200.0,Sold Out,1,1,0,https://www.rasasilver.com/products/pushpari-mor-nakshi-necklace-set?variant=gid://shopify/ProductVariant/53318343164201
2026-07-28 06:47:40,Blossomia Stone Studs,Default Title,R29485,3400.0,Sold Out,1,1,0,https://www.rasasilver.com/products/blossomia-stone-studs?variant=gid://shopify/ProductVariant/53282505687337
2026-07-28 07:03:05,Czpearra Cz Diamond Necklace,Default Title,R17683,12500.0,Sale,1,2,1,https://www.rasasilver.com/products/czpearra-necklace?variant=gid://shopify/ProductVariant/51509447295273
2026-07-28 07:03:05,Kusuma Luxe Stone Pendant Set,Default Title,R31945,3600.0,Restock,1,0,1,https://www.rasasilver.com/products/kusuma-luxe-stone-pendant-set?variant=gid://shopify/ProductVariant/53290727440681
2026-07-28 07:03:05,Pushpari Mor Nakshi Necklace Set,Default Title,R32313,41200.0,Restock,1,0,1,https://www.rasasilver.com/products/pushpari-mor-nakshi-necklace-set?variant=gid://shopify/ProductVariant/53318343164201
2026-07-28 07:47:43,Navarise Stud Earrings,Default Title,R20492,4200.0,Restock,1,1,2,https://www.rasasilver.com/products/navarise-studs?variant=gid://shopify/ProductVariant/50153089728809
2026-07-28 07:47:43,Glitter Line Bracelet,Default Title,R12894,5000.0,Restock,1,0,1,https://www.rasasilver.com/products/glitter-line-bracelet?variant=gid://shopify/ProductVariant/51197532832041
2026-07-28 07:47:43,Mor Kalika Jhumki,Default Title,R15561,20500.0,Restock,1,0,1,https://www.rasasilver.com/products/mor-kalika-jhumki?variant=gid://shopify/ProductVariant/51509588525353
2026-07-28 07:47:43,Oceanique Curve Bracelet,Default Title,R18622,7900.0,Restock,1,0,1,https://www.rasasilver.com/products/diara-dual-line-bracelet-copy?variant=gid://shopify/ProductVariant/51863037051177
2026-07-28 07:47:43,Kiran CZ Tikka,RED,R21208,8400.0,Restock,1,0,1,https://www.rasasilver.com/products/kiran-cz-tikka?variant=gid://shopify/ProductVariant/52469436121385
2026-07-28 07:47:43,Suvrinda Temple Necklace,Default Title,R25848,7900.0,Sale,1,4,3,https://www.rasasilver.com/products/shriprada-short-temple-necklace-copy?variant=gid://shopify/ProductVariant/52828252963113
2026-07-28 07:47:43,Ratnangi Temple Necklace,Default Title,R25851,8100.0,Sale,1,3,2,https://www.rasasilver.com/products/vrittangi-short-temple-necklace-copy?variant=gid://shopify/ProductVariant/52828296741161
2026-07-28 07:47:43,Indira Temple Necklace,Default Title,R26317,8700.0,Sale,1,5,4,https://www.rasasilver.com/products/indira-temple-necklace?variant=gid://shopify/ProductVariant/52889885016361
2026-07-28 07:47:43,Shreeka Temple Necklace,Default Title,R26320,9900.0,Sale,1,5,4,https://www.rasasilver.com/products/indira-temple-necklace-copy-1?variant=gid://shopify/ProductVariant/52889966149929
2026-07-28 07:47:43,Mayuranshi Nakshi Jhumka,Default Title,R8475,21800.0,Restock,1,0,1,https://www.rasasilver.com/products/maylora-nakshi-jhumka-copy-1?variant=gid://shopify/ProductVariant/53103774990633
2026-07-28 07:47:43,Kalasha-Lakshmi Temple Necklace,Default Title,R28590,8000.0,Sale,1,5,4,https://www.rasasilver.com/products/kalasha-lakshmi-temple-necklace?variant=gid://shopify/ProductVariant/53266747162921
2026-07-28 07:47:43,Gaja Lakshmi Temple Necklace,Default Title,R31305,14300.0,Restock,1,0,1,https://www.rasasilver.com/products/gaja-lakshmi-temple-necklace?variant=gid://shopify/ProductVariant/53305091752233
2026-07-28 07:47:43,Temple Divyashree Necklace,Default Title,R31308,14000.0,Restock,1,0,1,https://www.rasasilver.com/products/temple-divyashree-necklace?variant=gid://shopify/ProductVariant/53305105187113
2026-07-28 07:47:43,Minimal Plain Chain,Default Title,R31985,1600.0,Restock,1,12,13,https://www.rasasilver.com/products/minimal-plain-chain?variant=gid://shopify/ProductVariant/53329485431081
2026-07-28 07:47:43,Saanjh Khushboo Payal,Default Title,R9677,23600.0,Sold Out,1,1,0,https://www.rasasilver.com/products/saanjh-ki-khushboo-payal?variant=gid://shopify/ProductVariant/50616064573737
2026-07-28 07:47:43,Bloomia Moissanite Danglers,Default Title,R22059,15800.0,Sold Out,1,1,0,https://www.rasasilver.com/products/bloomia-moissanite-danglers?variant=gid://shopify/ProductVariant/52330576773417
2026-07-28 07:47:43,Pear-Line CZ Danglers,Default Title,R29569,3000.0,Sold Out,1,1,0,https://www.rasasilver.com/products/pear-line-cz-danglers?variant=gid://shopify/ProductVariant/53283014672681
2026-07-28 08:17:36,Silver Chain,Default Title,R31528,2600.0,Sale,1,3,2,https://www.rasasilver.com/products/silver-chain?variant=gid://shopify/ProductVariant/53286012879145
2026-07-28 09:03:10,Trikaara Pearl Matil,Default Title,R16130,13100.0,Sold Out,1,1,0,https://www.rasasilver.com/products/trikaara-pearl-matil?variant=gid://shopify/ProductVariant/52871592116521
2026-07-28 09:17:45,Temple Mop Chain,Default Title,R29917,15500.0,Sale,1,2,1,https://www.rasasilver.com/products/temple-mop-chain?variant=gid://shopify/ProductVariant/53302493905193
2026-07-28 09:17:45,Arka Chandra Kundan Set,Ruby Pink,R28612,8000.0,Sold Out,1,1,0,https://www.rasasilver.com/products/arka-chandra-kundan-set?variant=gid://shopify/ProductVariant/53266936070441
2026-07-28 09:32:42,Plumage-Phool Kundan Necklace,Default Title,R26066,90360.0,Sale,1,3,2,https://www.rasasilver.com/products/plumage-phool-kundan-necklace?variant=gid://shopify/ProductVariant/52780724388137
2026-07-28 09:32:42,Pear-Navaratna Pendant Set,Default Title,R31487,4800.0,Sold Out,1,1,0,https://www.rasasilver.com/products/pear-navaratna-pendant-set?variant=gid://shopify/ProductVariant/53290470867241
2026-07-28 09:32:42,Ojas Spark Stone Pendant Set,Default Title,R31938,2700.0,Sold Out,1,1,0,https://www.rasasilver.com/products/ojas-spark-stone-pendant-set?variant=gid://shopify/ProductVariant/53290710466857
2026-07-28 09:32:42,Kusuma Luxe Stone Pendant Set,Default Title,R31945,3600.0,Sold Out,1,1,0,https://www.rasasilver.com/products/kusuma-luxe-stone-pendant-set?variant=gid://shopify/ProductVariant/53290727440681
2026-07-28 09:47:29,Vishwa Ratna Earrings,Default Title,R22412,7200.0,Sale,1,2,1,https://www.rasasilver.com/products/vishwa-ratna-earrings?variant=gid://shopify/ProductVariant/50133672263977
2026-07-28 10:03:13,Ziva Spark Ring,6,R28359,1800.0,Sale,1,2,1,https://www.rasasilver.com/products/glowra-cz-ring-copy?variant=gid://shopify/ProductVariant/53247473844521
2026-07-28 10:03:13,Ziva Spark Ring,7,R28359,1800.0,Sale,1,2,1,https://www.rasasilver.com/products/glowra-cz-ring-copy?variant=gid://shopify/ProductVariant/53247473877289
2026-07-28 10:32:53,Butterfly Glow Studs,Default Title,R31714,4400.0,Sold Out,1,1,0,https://www.rasasilver.com/products/butterfly-glow-studs?variant=gid://shopify/ProductVariant/53288962851113
2026-07-28 10:47:45,Padmrekha Temple Danglers,Default Title,R24220,13000.0,Sold Out,1,1,0,https://www.rasasilver.com/products/chandrakriti-lakshmi-danglers-copy-1?variant=gid://shopify/ProductVariant/52603209842985
2026-07-28 10:47:45,Myrani Stone Navaratna Bangles,2.6,R25321,12555.0,Sold Out,1,1,0,https://www.rasasilver.com/products/myrani-stone-navaratna-bangles?variant=gid://shopify/ProductVariant/52680291320105
2026-07-28 10:47:45,Myrani Stone Navaratna Bangles,2.7,R25321,12555.0,Sold Out,1,1,0,https://www.rasasilver.com/products/myrani-stone-navaratna-bangles?variant=gid://shopify/ProductVariant/52707652829481
2026-07-28 10:47:45,Myrani Stone Navaratna Bangles,2.8,R25321,12555.0,Sold Out,1,1,0,https://www.rasasilver.com/products/myrani-stone-navaratna-bangles?variant=gid://shopify/ProductVariant/52707652862249
2026-07-28 11:17:22,Temple Mop Chain,Default Title,R29917,15500.0,Restock,1,1,2,https://www.rasasilver.com/products/temple-mop-chain?variant=gid://shopify/ProductVariant/53302493905193
2026-07-28 12:17:52,Back Chain,Default Title,R25383,3800.0,Sale,1,6,5,https://www.rasasilver.com/products/back-chain-copy?variant=gid://shopify/ProductVariant/52737922302249
2026-07-28 12:17:52,Blue-Floriya CZ Necklace,GREEN,R29480,10300.0,Sale,1,3,2,https://www.rasasilver.com/products/blue-floriya-cz-necklace?variant=gid://shopify/ProductVariant/53282524692777
2026-07-28 12:32:58,Panna-Manik Stone Studs,Default Title,R31489,2700.0,Sold Out,1,1,0,https://www.rasasilver.com/products/panna-manik-stone-studs?variant=gid://shopify/ProductVariant/53296613753129
2026-07-28 12:47:43,Lustre Line Bracelet,Silver,R31544,4500.0,Sale,1,3,2,https://www.rasasilver.com/products/lustre-line-bracelet?variant=gid://shopify/ProductVariant/53284737941801
2026-07-28 12:47:43,Aabira Bracelet,Default Title,R28380,4200.0,Sold Out,1,1,0,https://www.rasasilver.com/products/aabira-bracelet?variant=gid://shopify/ProductVariant/53126007259433
2026-07-28 13:47:52,Petalix CZ Necklace,Default Title,R25494,12780.0,Sale,1,5,4,https://www.rasasilver.com/products/petalix-cz-necklace?variant=gid://shopify/ProductVariant/52712526741801
2026-07-28 14:17:53,Safety Pin Chain Pendant,Default Title,R14150,1800.0,Restock,1,2,3,https://www.rasasilver.com/products/chain-pendant-10?variant=gid://shopify/ProductVariant/51345625153833
2026-07-28 14:17:53,Pink-Heart Chain,Rose gold,R31616,2700.0,Sale,1,2,1,https://www.rasasilver.com/products/pink-heart-chain?variant=gid://shopify/ProductVariant/53286052004137
2026-07-28 14:33:02,Suvrinda Temple Necklace,Default Title,R25848,7900.0,Sale,1,3,2,https://www.rasasilver.com/products/shriprada-short-temple-necklace-copy?variant=gid://shopify/ProductVariant/52828252963113
2026-07-28 14:47:48,Florivya Studs,Default Title,R11726,2500.0,Restock,1,1,2,https://www.rasasilver.com/products/florivya-studs?variant=gid://shopify/ProductVariant/50809271615785
2026-07-28 14:47:48,Petal of Navaratna Studs,Default Title,R17282,4200.0,Restock,2,0,2,https://www.rasasilver.com/products/petal-of-navaratna-studs?variant=gid://shopify/ProductVariant/51517545578793
2026-07-28 18:17:40,Sparkle Wing Victorian Pendant,Default Title,R24046,7380.0,Sold Out,1,1,0,https://www.rasasilver.com/products/sparkle-wing-victorian-pendant?variant=gid://shopify/ProductVariant/52560114188585
2026-07-28 20:17:57,Rosebud Ring,Default Title,R27065,2400.0,Sale,1,2,1,https://www.rasasilver.com/products/rosebud-cz-ring?variant=gid://shopify/ProductVariant/53163269423401
2026-07-28 20:39:37,Czpearra Cz Diamond Necklace,Default Title,R17683,12500.0,Sold Out,1,1,0,https://www.rasasilver.com/products/czpearra-necklace?variant=gid://shopify/ProductVariant/51509447295273
2026-07-29 02:47:58,Gaja Nidhi Chain,Default Title,R7807,13500.0,Sold Out,1,1,0,https://www.rasasilver.com/products/gaja-nidhi-chain-copy?variant=gid://shopify/ProductVariant/52480283869481
2026-07-29 05:47:51,Pink-Heart Chain,Rose gold,R31616,2700.0,Sold Out,1,1,0,https://www.rasasilver.com/products/pink-heart-chain?variant=gid://shopify/ProductVariant/53286052004137
2026-07-29 06:33:15,Suvrinda Temple Necklace,Default Title,R25848,7900.0,Sale,1,2,1,https://www.rasasilver.com/products/shriprada-short-temple-necklace-copy?variant=gid://shopify/ProductVariant/52828252963113
2026-07-29 07:03:10,The Arc Necklace,Default Title,R20674,5500.0,Sale,2,4,2,https://www.rasasilver.com/products/the-arc-chain?variant=gid://shopify/ProductVariant/52450533376297
2026-07-29 07:03:10,Lokasundari Long Necklace,Default Title,R1297,117360.0,Sold Out,1,1,0,https://www.rasasilver.com/products/lokasundari-long-haram?variant=gid://shopify/ProductVariant/49901845053737
2026-07-29 07:03:10,Sri Hari Priya Oddiyanam/Hip Belts,Default Title,R1458,133830.0,Sold Out,1,1,0,https://www.rasasilver.com/products/sri-hari-priya-daab?variant=gid://shopify/ProductVariant/49901861110057
2026-07-29 07:03:10,Peethambara Lakshmi Necklace,Ruby Pink,R3039,85100.0,Sold Out,1,1,0,https://www.rasasilver.com/products/peethambara-lakshmi?variant=gid://shopify/ProductVariant/50279279526185
2026-07-29 07:03:10,Manoharini Haar Necklace,Default Title,R12027,53800.0,Sold Out,1,1,0,https://www.rasasilver.com/products/manoharini-haaram?variant=gid://shopify/ProductVariant/50834386878761
2026-07-29 07:03:10,Naksha Pushpini Short Necklace,Default Title,R12008,41000.0,Sold Out,1,1,0,https://www.rasasilver.com/products/naksha-pushpini-short-necklace?variant=gid://shopify/ProductVariant/50835273417001
2026-07-29 07:03:10,Aishrithya Necklace,Default Title,R17930,55100.0,Sold Out,1,1,0,https://www.rasasilver.com/products/aishrithya-necklace?variant=gid://shopify/ProductVariant/51514272874793
2026-07-29 07:18:26,Glitter Line Bracelet,Default Title,R12894,5000.0,Sold Out,1,1,0,https://www.rasasilver.com/products/glitter-line-bracelet?variant=gid://shopify/ProductVariant/51197532832041
2026-07-29 07:18:26,Oceanique Curve Bracelet,Default Title,R18622,7900.0,Sold Out,1,1,0,https://www.rasasilver.com/products/diara-dual-line-bracelet-copy?variant=gid://shopify/ProductVariant/51863037051177
2026-07-29 07:18:26,Kiran CZ Tikka,RED,R21208,8400.0,Sold Out,1,1,0,https://www.rasasilver.com/products/kiran-cz-tikka?variant=gid://shopify/ProductVariant/52469436121385
2026-07-29 08:03:11,Flowery Ruby Stud Earrings,Default Title,R20419,3300.0,Sale,2,20,18,https://www.rasasilver.com/products/flowery-ruby-studs?variant=gid://shopify/ProductVariant/50082055651625
2026-07-29 08:03:11,Kiranaratna Stud Earrings,Default Title,R17286,4400.0,Sale,2,8,6,https://www.rasasilver.com/products/kiranaratna-studs?variant=gid://shopify/ProductVariant/50152979005737
2026-07-29 08:03:11,Green Whisper Studs,Default Title,R11729,3700.0,Sale,1,23,22,https://www.rasasilver.com/products/green-whisper-studs-1?variant=gid://shopify/ProductVariant/50478674411817
2026-07-29 08:03:11,Shri Kamala Bindu Studs,Default Title,R7707,3600.0,Sale,1,2,1,https://www.rasasilver.com/products/shri-kamala-bindu-studs?variant=gid://shopify/ProductVariant/50612635369769
2026-07-29 08:03:11,Smaragda Spark Ring,GREEN,R17369,3200.0,Sale,1,10,9,https://www.rasasilver.com/products/smaragda-spark-ring?variant=gid://shopify/ProductVariant/51471916794153
2026-07-29 08:03:11,Malvika Blooms Studs,Swarovski,R20395,2600.0,Sale,1,12,11,https://www.rasasilver.com/products/18-1?variant=gid://shopify/ProductVariant/50712467964201
2026-07-29 08:03:11,Mogralika Stud Earrings,Ruby Pink,R20436,4900.0,Sale,1,11,10,https://www.rasasilver.com/products/21-1?variant=gid://shopify/ProductVariant/52279182262569
2026-07-29 08:03:11,Amulya Bindhu Stud Earrings,Default Title,R10582,3600.0,Sale,1,7,6,https://www.rasasilver.com/products/studs-1?variant=gid://shopify/ProductVariant/50777406243113
2026-07-29 08:03:11,Emerovia Stone Pendant,Green,R11762,1700.0,Sale,1,11,10,https://www.rasasilver.com/products/emerovia-pendant?variant=gid://shopify/ProductVariant/50809107087657
2026-07-29 08:03:11,Empriva Stud Earrings,Default Title,R17406,3800.0,Sale,3,16,13,https://www.rasasilver.com/products/empriva-studs?variant=gid://shopify/ProductVariant/50829261046057
2026-07-29 08:03:11,Kanchan Spark Stud Earrings,Default Title,R17422,3100.0,Sale,1,18,17,https://www.rasasilver.com/products/kanchan-spark-studs?variant=gid://shopify/ProductVariant/51488632471849
2026-07-29 08:03:11,Crystisq Cz Necklace,Default Title,R17633,18200.0,Sale,1,2,1,https://www.rasasilver.com/products/crystisq-necklace?variant=gid://shopify/ProductVariant/51509624766761
2026-07-29 08:03:11,Rossi Stone Ring,GREEN / 15,R16706,3900.0,Sale,1,2,1,https://www.rasasilver.com/products/rossi-ring?variant=gid://shopify/ProductVariant/52166981615913
2026-07-29 08:03:11,Tri-Pear CZ Ring,12,R19652,3200.0,Sale,1,2,1,https://www.rasasilver.com/products/tri-pear-cz-ring-copy?variant=gid://shopify/ProductVariant/52447502106921
2026-07-29 08:03:11,Dvi Mukha Pakshi Pendant,Default Title,R25042,19200.0,Sale,1,5,4,https://www.rasasilver.com/products/dvi-mukha-pakshi-pendant-copy?variant=gid://shopify/ProductVariant/52565266432297
2026-07-29 08:03:11,Mangala Temple Studs,Default Title,R18912,7000.0,Sale,1,3,2,https://www.rasasilver.com/products/lakshika-temple-studs-copy?variant=gid://shopify/ProductVariant/53108417724713
2026-07-29 08:03:11,Vine Swirl Toe Ring,Default Title,R16665,2900.0,Sale,1,2,1,https://www.rasasilver.com/products/vine-swirl-toe-ring?variant=gid://shopify/ProductVariant/53138883772713
2026-07-29 08:03:11,Parijata Stone Jhumki,Default Title,R26378,4500.0,Sale,1,2,1,https://www.rasasilver.com/products/parijata-stone-jhumki?variant=gid://shopify/ProductVariant/53149867016489
2026-07-29 08:03:11,Bloomora Stone Necklace,Default Title,R29472,17500.0,Sale,1,2,1,https://www.rasasilver.com/products/bloomora-stone-necklace?variant=gid://shopify/ProductVariant/53279652512041
2026-07-29 08:03:11,Intertwine Bracelet,Default Title,R31553,2200.0,Sale,1,2,1,https://www.rasasilver.com/products/intertwine-bracelet?variant=gid://shopify/ProductVariant/53284751507753
2026-07-29 08:03:11,Halo Grace Ring,Default Title,R31551,1300.0,Sale,1,3,2,https://www.rasasilver.com/products/imperial-stone-cz-ring?variant=gid://shopify/ProductVariant/53286257230121
2026-07-29 08:03:11,Loop-Love Ring,Default Title,R31585,1600.0,Sale,1,4,3,https://www.rasasilver.com/products/loop-love-ring?variant=gid://shopify/ProductVariant/53288183136553
2026-07-29 08:03:11,Floral-Set Ring,Default Title,R31617,1700.0,Sale,1,3,2,https://www.rasasilver.com/products/floral-set-ring?variant=gid://shopify/ProductVariant/53288201224489
2026-07-29 08:03:11,Pear-Glow Studs,Default Title,R31545,900.0,Sale,1,3,2,https://www.rasasilver.com/products/pear-glow-studs?variant=gid://shopify/ProductVariant/53288666431785
2026-07-29 08:03:11,Orlina Studs,Default Title,R31555,1000.0,Sale,1,3,2,https://www.rasasilver.com/products/orlina-studs?variant=gid://shopify/ProductVariant/53288902000937
2026-07-29 08:03:11,Pear Blossom Studs,Default Title,R31766,3500.0,Sale,1,2,1,https://www.rasasilver.com/products/pear-blossom-studs?variant=gid://shopify/ProductVariant/53289042739497
2026-07-29 08:03:11,Floral Twinkle Toe Ring,Default Title,R31642,2000.0,Sale,1,3,2,https://www.rasasilver.com/products/floral-twinkle-toe-ring?variant=gid://shopify/ProductVariant/53289132228905
2026-07-29 08:03:11,Mayura Queen Nakshi Necklace Set,GREEN,R29976,17500.0,Sale,1,2,1,https://www.rasasilver.com/products/mayura-queen-nakshi-necklace-set?variant=gid://shopify/ProductVariant/53312595591465
2026-07-29 08:03:11,Dewdrop Stone Necklace,Orange,R29994,13400.0,Sale,1,3,2,https://www.rasasilver.com/products/dewdrop-stone-necklace-set?variant=gid://shopify/ProductVariant/53312650805545
2026-07-29 08:03:11,Minimal Plain Chain,Default Title,R31985,1600.0,Sale,1,13,12,https://www.rasasilver.com/products/minimal-plain-chain?variant=gid://shopify/ProductVariant/53329485431081
2026-07-29 08:03:11,Pear-Floral Moissanite Haath Phool,Default Title,R30581,22800.0,Sale,1,2,1,https://www.rasasilver.com/products/pear-floral-moissanite-haath-phool?variant=gid://shopify/ProductVariant/53329660674345
2026-07-29 08:03:11,Kundan Kalakriti Jhumki,GREEN,R10170,17900.0,Sold Out,1,1,0,https://www.rasasilver.com/products/by?variant=gid://shopify/ProductVariant/50869312520489
2026-07-29 08:03:11,Gul Roha Necklace Set,Default Title,R5010,40500.0,Sold Out,1,1,0,https://www.rasasilver.com/products/gul-roha-necklace-set?variant=gid://shopify/ProductVariant/50443665899817
2026-07-29 08:03:11,Victorian Featherlace Pendant,Default Title,R19187,40100.0,Sold Out,1,1,0,https://www.rasasilver.com/products/victorian-featherlace-pendant?variant=gid://shopify/ProductVariant/52208673227049
2026-07-29 08:03:11,Mahalaksha Temple Pendant,Default Title,R20929,5300.0,Sold Out,1,1,0,https://www.rasasilver.com/products/mahalaksha-temple-pendant?variant=gid://shopify/ProductVariant/52331036836137
2026-07-29 08:03:11,Narashima Temple Pendant,Default Title,R22554,21600.0,Sold Out,1,1,0,https://www.rasasilver.com/products/narashima-temple-pendant?variant=gid://shopify/ProductVariant/52469599174953
2026-07-29 08:03:11,Gul-Rani CZ Necklace,Default Title,R23080,48870.0,Sold Out,1,1,0,https://www.rasasilver.com/products/gul-rani-cz-necklace?variant=gid://shopify/ProductVariant/52544279904553
2026-07-29 08:03:11,Aabharika Victorian Danglers,Default Title,R24355,9000.0,Sold Out,1,1,0,https://www.rasasilver.com/products/aabharika-victorian-danglers?variant=gid://shopify/ProductVariant/52606201594153
2026-07-29 08:03:11,Dakshin Stone Matil,Default Title,R25139,21500.0,Sold Out,1,1,0,https://www.rasasilver.com/products/dakshin-stone-matil?variant=gid://shopify/ProductVariant/52667728232745
2026-07-29 08:03:11,Gajavarna Kundan Oddiyanam,Default Title,R25956,89460.0,Sold Out,1,1,0,https://www.rasasilver.com/products/gajavarna-kundan-oddiyanam?variant=gid://shopify/ProductVariant/52803611525417
2026-07-29 08:03:11,Pearika Drop CZ Necklace Set,Default Title,R25215,20700.0,Sold Out,1,1,0,https://www.rasasilver.com/products/floral-bliss-tear-necklace-set-copy?variant=gid://shopify/ProductVariant/52876057706793
2026-07-29 08:03:11,Perelle Stone Jhumki,Default Title,R26406,6000.0,Sold Out,1,1,0,https://www.rasasilver.com/products/peariva-stone-jhumki-copy?variant=gid://shopify/ProductVariant/52916318241065
2026-07-29 08:03:11,Mayukhi Nakshi Danglers,Default Title,R26326,6500.0,Sold Out,1,1,0,https://www.rasasilver.com/products/mayukhi-nakshi-danglers?variant=gid://shopify/ProductVariant/53126407356713
2026-07-29 08:03:11,Svara Toe Rings,Default Title,R31637,2000.0,Sold Out,1,1,0,https://www.rasasilver.com/products/svara-toe-rings?variant=gid://shopify/ProductVariant/53133827703081
2026-07-29 08:03:11,Florika Toe Ring,Default Title,R16440,3400.0,Sold Out,1,1,0,https://www.rasasilver.com/products/elite-toe-ring?variant=gid://shopify/ProductVariant/53138461032745
2026-07-29 08:03:11,Aaina Oxidised Payal,Default Title,R23712,12500.0,Sold Out,1,1,0,https://www.rasasilver.com/products/aaina-oxidized-payal?variant=gid://shopify/ProductVariant/53149902930217
2026-07-29 08:03:11,Anvika Oxidized Payal,Default Title,R27860,64600.0,Sold Out,1,1,0,https://www.rasasilver.com/products/anvika-oxidized-payal?variant=gid://shopify/ProductVariant/53150002676009
2026-07-29 08:03:11,Phoolika Oxidized Payal,Default Title,R27873,56400.0,Sold Out,1,1,0,https://www.rasasilver.com/products/phoolika-oxidized-payal?variant=gid://shopify/ProductVariant/53150239129897
2026-07-29 08:03:11,Oxidised Morni Jhumki,Default Title,R27974,7200.0,Sold Out,1,1,0,https://www.rasasilver.com/products/gulnaar-oxidised-jhumki-copy-1?variant=gid://shopify/ProductVariant/53150245552425
2026-07-29 08:03:11,Vruksha Oxidised Jhumki,Default Title,R27999,8200.0,Sold Out,1,1,0,https://www.rasasilver.com/products/gulnaar-oxidised-jhumki-copy-2?variant=gid://shopify/ProductVariant/53158225707305
2026-07-29 08:03:11,Bloomara Stone Maang Tikka,Default Title,R28593,6200.0,Sold Out,1,1,0,https://www.rasasilver.com/products/stone-maang-tikka?variant=gid://shopify/ProductVariant/53269763129641
2026-07-29 08:03:11,Surabhika Stone Maang Tikka,Default Title,R28599,7800.0,Sold Out,1,1,0,https://www.rasasilver.com/products/surabhika-stone-maang-tikka?variant=gid://shopify/ProductVariant/53271409295657
2026-07-29 08:03:11,Floria Stone Studs,Default Title,R29606,3300.0,Sold Out,1,1,0,https://www.rasasilver.com/products/astera-stone-studs?variant=gid://shopify/ProductVariant/53282491662633
2026-07-29 08:03:11,Crystal Veil Stone Bangles,2.9,R29454,19700.0,Sold Out,1,1,0,https://www.rasasilver.com/products/crystal-veil-stone-bangles?variant=gid://shopify/ProductVariant/53284226892073
2026-07-29 08:03:11,Pear Sparkle Toe Ring,Default Title,R31628,1600.0,Sold Out,1,1,0,https://www.rasasilver.com/products/pear-sparkle-toe-ring?variant=gid://shopify/ProductVariant/53289095135529
2026-07-29 08:03:11,Heart Halo Toe Ring,Default Title,R31648,1900.0,Sold Out,1,1,0,https://www.rasasilver.com/products/heart-halo-toe-ring?variant=gid://shopify/ProductVariant/53289149301033
2026-07-29 08:03:11,Stone Phoolwari Danglers,Default Title,R30416,11500.0,Sold Out,1,1,0,https://www.rasasilver.com/products/stone-phoolwari-danglers?variant=gid://shopify/ProductVariant/53302554460457
2026-07-29 08:17:39,Olivora Glow Stud Earrings,Default Title,R11731,2500.0,Sale,1,3,2,https://www.rasasilver.com/products/olivora-glow-studs?variant=gid://shopify/ProductVariant/50809320636713
2026-07-29 08:17:39,Dvi Mukha Pakshi Pendant,Default Title,R25042,19200.0,Sale,1,4,3,https://www.rasasilver.com/products/dvi-mukha-pakshi-pendant-copy?variant=gid://shopify/ProductVariant/52565266432297
2026-07-29 08:17:39,Gulnar Kundan Choker,Default Title,R22553,36180.0,Sold Out,1,1,0,https://www.rasasilver.com/products/gulnar-kundan-choker?variant=gid://shopify/ProductVariant/52418908389673
2026-07-29 08:17:39,Amrakshi Kundan Necklace,Default Title,R25854,113850.0,Sold Out,1,1,0,https://www.rasasilver.com/products/kundan-necklace-1?variant=gid://shopify/ProductVariant/52741761401129
2026-07-29 08:32:55,Green Whisper Studs,Default Title,R11729,3700.0,Sale,1,22,21,https://www.rasasilver.com/products/green-whisper-studs-1?variant=gid://shopify/ProductVariant/50478674411817
2026-07-29 08:32:55,Ovalor Stone Ring,GREEN,R17361,3450.0,Sale,1,8,7,https://www.rasasilver.com/products/ovalor-ring?variant=gid://shopify/ProductVariant/51472177725737
2026-07-29 08:32:55,Gulabika Stone Ring,Ruby Pink,R10153,3000.0,Sale,1,13,12,https://www.rasasilver.com/products/gulabika-ring?variant=gid://shopify/ProductVariant/50635362205993
2026-07-29 08:32:55,Navarya Stone Ring,Default Title,R20505,3800.0,Sale,2,8,6,https://www.rasasilver.com/products/navarya-ring?variant=gid://shopify/ProductVariant/50809191727401
2026-07-29 08:32:55,Emerael Halo Stud Earrings,Default Title,R11732,3900.0,Sale,1,6,5,https://www.rasasilver.com/products/emerael-halo-studs?variant=gid://shopify/ProductVariant/50809355796777
2026-07-29 08:32:55,Eterni Link Bracelet,Default Title,R12905,1800.0,Sale,1,2,1,https://www.rasasilver.com/products/eterni-link-bracelet?variant=gid://shopify/ProductVariant/51345272832297
2026-07-29 08:32:55,Mayurakshi Kundan Vanki,Default Title,R28470,39600.0,Sale,1,2,1,https://www.rasasilver.com/products/mayurakshi-kundan-vanki?variant=gid://shopify/ProductVariant/53149212148009
2026-07-29 08:32:55,Kamalika Antique Bangles,Default Title,R27858,30200.0,Sale,1,3,2,https://www.rasasilver.com/products/antique-bangles?variant=gid://shopify/ProductVariant/53173801976105
2026-07-29 08:32:55,Ratna Utsava Stone Bangles,GREEN / 2.9,R31274,19800.0,Sale,1,3,2,https://www.rasasilver.com/products/h-1?variant=gid://shopify/ProductVariant/53324724568361
2026-07-29 08:32:55,Mayura Mosaic Bangles,2.6,R11307,48600.0,Sold Out,1,1,0,https://www.rasasilver.com/products/mayura-mosaic-bangles?variant=gid://shopify/ProductVariant/50816097714473
2026-07-29 08:32:55,Mayura Mosaic Bangles,2.4,R11307,48600.0,Sold Out,1,1,0,https://www.rasasilver.com/products/mayura-mosaic-bangles?variant=gid://shopify/ProductVariant/52273452810537
2026-07-29 08:32:55,Lavira Polki Necklace,Default Title,R12263,46400.0,Sold Out,1,1,0,https://www.rasasilver.com/products/no-image-12?variant=gid://shopify/ProductVariant/50835683115305
2026-07-29 08:32:55,Valoria Bloom Mini Choker Set,Default Title,R18261,31500.0,Sold Out,1,1,0,https://www.rasasilver.com/products/valoria-bloom-mini-choker-set?variant=gid://shopify/ProductVariant/52137021866281
2026-07-29 08:32:55,Feather Kundan Hip Belt,Default Title,R22089,78800.0,Sold Out,1,1,0,https://www.rasasilver.com/products/feather-kundan-hip-belt?variant=gid://shopify/ProductVariant/52334483079465
2026-07-29 08:32:55,Peacock Nakshi Necklace,Default Title,R22272,36360.0,Sold Out,1,1,0,https://www.rasasilver.com/products/peacock-nakshi-necklace?variant=gid://shopify/ProductVariant/52420011852073
2026-07-29 08:32:55,Kusumpriya Kundan Choker,Default Title,R20201,32760.0,Sold Out,1,1,0,https://www.rasasilver.com/products/kusumpriya-kundan-choker?variant=gid://shopify/ProductVariant/52742096781609
2026-07-29 08:32:55,Althira Kundan Matil,GREEN,R25275,18850.0,Sold Out,1,1,0,https://www.rasasilver.com/products/althira-matil?variant=gid://shopify/ProductVariant/52897925660969
2026-07-29 08:32:55,Pear-Spark CZ Necklace,Default Title,R29537,9600.0,Sold Out,1,1,0,https://www.rasasilver.com/products/pear-spark-cz-necklace?variant=gid://shopify/ProductVariant/53282593341737
2026-07-29 08:47:39,DhanyaLakshmi Short Necklace,Default Title,R2023,19500.0,Sale,1,6,5,https://www.rasasilver.com/products/emerald-dhanyalakshmi-short-necklace?variant=gid://shopify/ProductVariant/50063302721833
2026-07-29 08:47:39,Ratnangi Temple Necklace,Default Title,R25851,8100.0,Sale,1,2,1,https://www.rasasilver.com/products/vrittangi-short-temple-necklace-copy?variant=gid://shopify/ProductVariant/52828296741161
2026-07-29 08:47:39,Indira Temple Necklace,Default Title,R26317,8700.0,Sale,1,4,3,https://www.rasasilver.com/products/indira-temple-necklace?variant=gid://shopify/ProductVariant/52889885016361
2026-07-29 08:47:39,Shreeka Temple Necklace,Default Title,R26320,9900.0,Sale,1,4,3,https://www.rasasilver.com/products/indira-temple-necklace-copy-1?variant=gid://shopify/ProductVariant/52889966149929
2026-07-29 08:47:39,Sharmila Temple Oddiyanam,Default Title,R28127,77800.0,Sale,1,2,1,https://www.rasasilver.com/products/sharmila-temple-oddiyanam?variant=gid://shopify/ProductVariant/53149975740713
2026-07-29 08:47:39,Kalasha-Lakshmi Temple Necklace,Default Title,R28590,8000.0,Sale,1,4,3,https://www.rasasilver.com/products/kalasha-lakshmi-temple-necklace?variant=gid://shopify/ProductVariant/53266747162921
2026-07-29 08:47:39,Garden of Stone Necklace Set,Default Title,R30162,19200.0,Sale,1,2,1,https://www.rasasilver.com/products/garden-of-stone-necklace-set?variant=gid://shopify/ProductVariant/53312658276649
2026-07-29 08:47:39,Eshna Twin Necklace,Ruby Pink,R15197,27700.0,Sold Out,1,1,0,https://www.rasasilver.com/products/twin-trails-necklace-copy?variant=gid://shopify/ProductVariant/51396723245353
2026-07-29 08:47:39,Vamshika Temple Necklace,Default Title,R26296,14800.0,Sold Out,1,1,0,https://www.rasasilver.com/products/vamshika-short-temple-necklace?variant=gid://shopify/ProductVariant/52831748981033
2026-07-29 08:47:39,Crystal Drop Stone Necklace,Default Title,R31426,10700.0,Sold Out,1,1,0,https://www.rasasilver.com/products/crystal-drop-stone-necklace?variant=gid://shopify/ProductVariant/53290769842473
2026-07-29 08:47:39,Temple Shriprada Necklace,Default Title,R31310,17500.0,Sold Out,1,1,0,https://www.rasasilver.com/products/temple-shriprada-necklace?variant=gid://shopify/ProductVariant/53305127043369
2026-07-29 09:17:39,Moissanite Nath,Default Title,R1526,3100.0,Sale,1,9,8,https://www.rasasilver.com/products/kundan-nath?variant=gid://shopify/ProductVariant/49855900451113
2026-07-29 09:17:39,Malvika Blooms Studs,GREEN,R20330,2600.0,Sale,1,4,3,https://www.rasasilver.com/products/18-1?variant=gid://shopify/ProductVariant/50712467996969
2026-07-29 09:17:39,Back Chain,Default Title,R25375,4000.0,Sale,1,2,1,https://www.rasasilver.com/products/back-chain-1?variant=gid://shopify/ProductVariant/50823753695529
2026-07-29 09:17:39,Pushpmani Dangle Earrings,GREEN,R20369,6100.0,Sale,1,3,2,https://www.rasasilver.com/products/pushpmani-danglers?variant=gid://shopify/ProductVariant/52279154049321
2026-07-29 09:17:39,Crystina Stone Bangles,2.6,R14990,22200.0,Sale,1,4,3,https://www.rasasilver.com/products/crystina-bangles?variant=gid://shopify/ProductVariant/52263713636649
2026-07-29 09:17:39,Circle of Light Bangles,2.6,R17395,18400.0,Sale,1,3,2,https://www.rasasilver.com/products/circle-of-light-bangles?variant=gid://shopify/ProductVariant/52263523156265
2026-07-29 09:17:39,Circle of Light Bangles,2.5,R17395,18400.0,Sale,1,3,2,https://www.rasasilver.com/products/circle-of-light-bangles?variant=gid://shopify/ProductVariant/52266648305961
2026-07-29 09:17:39,Pearl-Tailed CZ Pendant,Default Title,R20935,11200.0,Sale,1,5,4,https://www.rasasilver.com/products/pearl-tailed-cz-pendant?variant=gid://shopify/ProductVariant/52331004657961
2026-07-29 09:17:39,Mani Kaasu Temple Bangles,Default Title,R22874,40700.0,Sale,1,3,2,https://www.rasasilver.com/products/mani-kaasu-temple-bangles?variant=gid://shopify/ProductVariant/52338209947945
2026-07-29 09:17:39,Ganesha Temple Kada,Default Title,R25805,20250.0,Sale,1,2,1,https://www.rasasilver.com/products/temple-kada?variant=gid://shopify/ProductVariant/52759388815657
2026-07-29 09:17:39,Shri-Nava Temple Bangles,2.6,R22958,18800.0,Sale,1,3,2,https://www.rasasilver.com/products/shri-nava-temple-bangles?variant=gid://shopify/ProductVariant/52798111777065
2026-07-29 09:17:39,Shri-Nava Temple Bangles,2.8,R22958,18800.0,Sale,1,3,2,https://www.rasasilver.com/products/shri-nava-temple-bangles?variant=gid://shopify/ProductVariant/52798111809833
2026-07-29 09:17:39,Tira Stone Bangles,2.6,R26683,16600.0,Sale,1,6,5,https://www.rasasilver.com/products/tira-cz-bangles?variant=gid://shopify/ProductVariant/52915504415017
2026-07-29 09:17:39,Tira Stone Bangles,2.7,R26683,16600.0,Sale,1,6,5,https://www.rasasilver.com/products/tira-cz-bangles?variant=gid://shopify/ProductVariant/52915504447785
2026-07-29 09:17:39,Chanchala Temple Bangles,2.5,R26070,49350.0,Sale,1,2,1,https://www.rasasilver.com/products/chanchala-temple-bangles?variant=gid://shopify/ProductVariant/52915521519913
2026-07-29 09:17:39,Chanchala Temple Bangles,2.6,R26070,49350.0,Sale,1,2,1,https://www.rasasilver.com/products/chanchala-temple-bangles?variant=gid://shopify/ProductVariant/52915521552681
2026-07-29 09:17:39,Kamalika Antique Bangles,Default Title,R27858,30200.0,Sale,1,2,1,https://www.rasasilver.com/products/antique-bangles?variant=gid://shopify/ProductVariant/53173801976105
2026-07-29 09:17:39,Lustrelle Stone Bangles,2.5,R29452,22300.0,Sale,1,3,2,https://www.rasasilver.com/products/lustrelle-stone-bangles?variant=gid://shopify/ProductVariant/53283968745769
2026-07-29 09:17:39,Muralidhara Temple Pendant,Default Title,R30365,4300.0,Sale,1,2,1,https://www.rasasilver.com/products/muralidhara-temple-pendant?variant=gid://shopify/ProductVariant/53307676885289
2026-07-29 09:17:39,Oval-Pushp Stone Bangles,2.4,R31252,19400.0,Sale,1,3,2,https://www.rasasilver.com/products/oval-pushp-stone-bangles?variant=gid://shopify/ProductVariant/53324650414377
2026-07-29 09:17:39,Haritha Kanti Stone Bangles,2.5,R31253,22100.0,Sale,1,2,1,https://www.rasasilver.com/products/bdhjbdc?variant=gid://shopify/ProductVariant/53324695732521
2026-07-29 09:17:39,Rudraksha Rakhi,Default Title,R10614,1800.0,Sold Out,1,1,0,https://www.rasasilver.com/products/rudraksha-rakhi?variant=gid://shopify/ProductVariant/50680487412009
2026-07-29 09:17:39,Chandrika Devi Danglers,Default Title,R7562,10800.0,Sold Out,1,1,0,https://www.rasasilver.com/products/chandrika-devi-danglers?variant=gid://shopify/ProductVariant/50712099488041
2026-07-29 09:17:39,Ravira Gem Matil,Default Title,R15408,12100.0,Sold Out,1,1,0,https://www.rasasilver.com/products/ravira-matil?variant=gid://shopify/ProductVariant/51445298299177
2026-07-29 09:17:39,Sparrow Cz Ring,12,R17648,9630.0,Sold Out,1,1,0,https://www.rasasilver.com/products/sparrow-ring?variant=gid://shopify/ProductVariant/52291038937385
2026-07-29 09:17:39,Lakshmi-Peacock Temple Danglers,Default Title,R26387,11200.0,Sold Out,1,1,0,https://www.rasasilver.com/products/ananta-peacock-nakshi-earrings-copy?variant=gid://shopify/ProductVariant/52799831408937
2026-07-29 09:17:39,Mint Empress Victorian Kada,Default Title,R23295,37300.0,Sold Out,1,1,0,https://www.rasasilver.com/products/mint-empress-victorian-kada?variant=gid://shopify/ProductVariant/52824391483689
2026-07-29 09:17:39,Kamakshi Temple Ring,Default Title,R28216,3200.0,Sold Out,1,1,0,https://www.rasasilver.com/products/kamakshi-temple-ring?variant=gid://shopify/ProductVariant/53129747595561
2026-07-29 09:17:39,Nakshi Swarnika Jhumki,Default Title,R27637,12500.0,Sold Out,1,1,0,https://www.rasasilver.com/products/peacock-edge-nakshi-jhumki?variant=gid://shopify/ProductVariant/53131759616297
2026-07-29 09:17:39,Mayurakshi Kundan Vanki,Default Title,R28470,39600.0,Sold Out,1,1,0,https://www.rasasilver.com/products/mayurakshi-kundan-vanki?variant=gid://shopify/ProductVariant/53149212148009
2026-07-29 09:17:39,Stone Ratna Matil,Default Title,R28553,21500.0,Sold Out,1,1,0,https://www.rasasilver.com/products/stone-ratna-matil?variant=gid://shopify/ProductVariant/53269150040361
2026-07-29 10:21:54,Suvrinda Temple Necklace,Default Title,R25848,7900.0,Restock,1,1,2,https://www.rasasilver.com/products/shriprada-short-temple-necklace-copy?variant=gid://shopify/ProductVariant/52828252963113
2026-07-29 10:21:54,Ratnangi Temple Necklace,Default Title,R25851,8100.0,Restock,1,1,2,https://www.rasasilver.com/products/vrittangi-short-temple-necklace-copy?variant=gid://shopify/ProductVariant/52828296741161
2026-07-29 10:21:54,Indira Temple Necklace,Default Title,R26317,8700.0,Restock,1,3,4,https://www.rasasilver.com/products/indira-temple-necklace?variant=gid://shopify/ProductVariant/52889885016361
2026-07-29 10:21:54,Shreeka Temple Necklace,Default Title,R26320,9900.0,Restock,1,3,4,https://www.rasasilver.com/products/indira-temple-necklace-copy-1?variant=gid://shopify/ProductVariant/52889966149929
2026-07-29 10:21:54,Kalasha-Lakshmi Temple Necklace,Default Title,R28590,8000.0,Restock,1,3,4,https://www.rasasilver.com/products/kalasha-lakshmi-temple-necklace?variant=gid://shopify/ProductVariant/53266747162921
2026-07-29 10:21:54,Pear-Line CZ Danglers,Default Title,R29569,3000.0,Restock,1,0,1,https://www.rasasilver.com/products/pear-line-cz-danglers?variant=gid://shopify/ProductVariant/53283014672681
2026-07-29 10:21:54,Minimal Plain Chain,Default Title,R31985,1600.0,Restock,1,12,13,https://www.rasasilver.com/products/minimal-plain-chain?variant=gid://shopify/ProductVariant/53329485431081
2026-07-29 10:32:48,Meadow Muse Pendant,Ruby Pink,R23211,18500.0,Sale,1,2,1,https://www.rasasilver.com/products/meadow-muse-pendant?variant=gid://shopify/ProductVariant/52518560825641
2026-07-29 10:32:48,Era of Victorian Necklace Set,Default Title,R17149,122700.0,Sale,1,3,2,https://www.rasasilver.com/products/era-of-roses-necklace-set?variant=gid://shopify/ProductVariant/51487488344361
2026-07-29 10:32:48,Morina CZ Pendant,Default Title,R20930,9800.0,Sale,1,5,4,https://www.rasasilver.com/products/morina-cz-pendant?variant=gid://shopify/ProductVariant/52330923524393
2026-07-29 10:32:48,Lady Briar Victorian Necklace,Default Title,R22213,20350.0,Sale,1,2,1,https://www.rasasilver.com/products/victorian-necklace?variant=gid://shopify/ProductVariant/52664570839337
2026-07-29 10:32:48,Shremira Temple Vanki,Default Title,R18710,34900.0,Sale,1,2,1,https://www.rasasilver.com/products/shremira-temple-vanki?variant=gid://shopify/ProductVariant/52898574991657
2026-07-29 10:32:48,Sun-Moon Kundan Set,Default Title,R28477,9700.0,Sale,1,2,1,https://www.rasasilver.com/products/sun-moon-kundan-set?variant=gid://shopify/ProductVariant/53266901008681
2026-07-29 10:32:48,MoissN’Ruby Necklace,Default Title,R12287,34000.0,Sold Out,1,1,0,https://www.rasasilver.com/products/moissn-ruby-necklace?variant=gid://shopify/ProductVariant/50835479658793
2026-07-29 10:32:48,Manikya Mandap Necklace Set,Default Title,R12514,80900.0,Sold Out,1,1,0,https://www.rasasilver.com/products/manikya-mandap-necklace-set?variant=gid://shopify/ProductVariant/50835858227497
2026-07-29 10:32:48,Ratna Kusum Necklace,Default Title,R18484,27000.0,Sold Out,1,1,0,https://www.rasasilver.com/products/ratna-kusum-necklace?variant=gid://shopify/ProductVariant/51527376503081
2026-07-29 10:32:48,Frost Polki Ring,7.25,R16496,6400.0,Sold Out,1,1,0,https://www.rasasilver.com/products/frost-bloom-ring?variant=gid://shopify/ProductVariant/52290959966505
2026-07-29 10:32:48,Parrot Kundan Mangalsutra,Swarovski,R25262,7150.0,Sold Out,1,1,0,https://www.rasasilver.com/products/parrot-kundan-mangalsutra?variant=gid://shopify/ProductVariant/52678728155433
2026-07-29 10:32:48,Phoolangi Kundan Jhumki,Default Title,R14669,22150.0,Sold Out,1,1,0,https://www.rasasilver.com/products/phoolangi-kundan-jhumki?variant=gid://shopify/ProductVariant/52741209456937
2026-07-29 10:32:48,Padmiva Kundan Necklace,Default Title,R25053,26300.0,Sold Out,1,1,0,https://www.rasasilver.com/products/padmiva-kundan-necklace?variant=gid://shopify/ProductVariant/52751723528489
2026-07-29 10:32:48,Pearika Kundan Necklace,Default Title,R25072,28550.0,Sold Out,1,1,0,https://www.rasasilver.com/products/pearika-kundan-necklace?variant=gid://shopify/ProductVariant/52752695197993
2026-07-29 10:32:48,Manglika Kundan Necklace,Default Title,R25829,77150.0,Sold Out,1,1,0,https://www.rasasilver.com/products/manglika-kundan-necklace?variant=gid://shopify/ProductVariant/52758191866153
2026-07-29 10:32:48,Mayurajit Kundan Necklace,Default Title,R26447,33900.0,Sold Out,1,1,0,https://www.rasasilver.com/products/mayurajit-kundan-short-necklace?variant=gid://shopify/ProductVariant/52809372893481
2026-07-29 10:32:48,Kundan Kiara Matil,Default Title,R23925,30450.0,Sold Out,1,1,0,https://www.rasasilver.com/products/kundan-kiara-matil?variant=gid://shopify/ProductVariant/52825209176361
2026-07-29 10:32:48,Kundankari Kundan Bangles,Default Title,R23851,63750.0,Sold Out,1,1,0,https://www.rasasilver.com/products/kundankari-kundan-bangles?variant=gid://shopify/ProductVariant/52831610274089
2026-07-29 10:32:48,Althira Kundan Matil,Swarovski,R14902,18550.0,Sold Out,1,1,0,https://www.rasasilver.com/products/althira-matil?variant=gid://shopify/ProductVariant/52897925693737
2026-07-29 10:32:48,Mayurvalli Kundan Jhumki,Default Title,R28561,15600.0,Sold Out,1,1,0,https://www.rasasilver.com/products/mayurvalli-kundan-jhumki?variant=gid://shopify/ProductVariant/53266385010985
2026-07-29 10:32:48,Shrinika-Mor Temple Jhumkis,Default Title,R28476,11300.0,Sold Out,1,1,0,https://www.rasasilver.com/products/shrinika-mor-temple-jhumkis?variant=gid://shopify/ProductVariant/53266392777001
2026-07-29 10:32:48,Morpankhi Kundan Pendant,Default Title,R28432,12000.0,Sold Out,1,1,0,https://www.rasasilver.com/products/morpankhi-kundan-pendant?variant=gid://shopify/ProductVariant/53266941116713
2026-07-29 10:32:48,Victorian Vintage Grace Haath Phool,Default Title,R31031,27000.0,Sold Out,1,1,0,https://www.rasasilver.com/products/victorian-vintage-grace-haath-phool?variant=gid://shopify/ProductVariant/53318215106857
2026-07-29 11:03:01,Myrani Stone Navaratna Bangles,2.6,R25321,12555.0,Restock,1,0,1,https://www.rasasilver.com/products/myrani-stone-navaratna-bangles?variant=gid://shopify/ProductVariant/52680291320105
2026-07-29 11:03:01,Myrani Stone Navaratna Bangles,2.7,R25321,12555.0,Restock,1,0,1,https://www.rasasilver.com/products/myrani-stone-navaratna-bangles?variant=gid://shopify/ProductVariant/52707652829481
2026-07-29 11:03:01,Myrani Stone Navaratna Bangles,2.8,R25321,12555.0,Restock,1,0,1,https://www.rasasilver.com/products/myrani-stone-navaratna-bangles?variant=gid://shopify/ProductVariant/52707652862249
2026-07-29 11:03:01,Mayuraflora Polki Danglers,Default Title,R18475,31000.0,Sold Out,1,1,0,https://www.rasasilver.com/products/mayuraflora-danglers?variant=gid://shopify/ProductVariant/52170005709097
2026-07-29 11:03:01,Majesty Kundan KaanKarela,Default Title,R25173,36800.0,Sold Out,1,1,0,https://www.rasasilver.com/products/majesty-kundan-kaan-karela?variant=gid://shopify/ProductVariant/52920169759017
2026-07-29 11:17:44,Plumage-Phool Kundan Necklace,Default Title,R26066,90360.0,Restock,1,2,3,https://www.rasasilver.com/products/plumage-phool-kundan-necklace?variant=gid://shopify/ProductVariant/52780724388137
2026-07-29 11:17:44,Gajeshwar Temple Jhumki,GREEN,R26460,17000.0,Restock,1,0,1,https://www.rasasilver.com/products/gajraj-mahalakshmi-earring-copy?variant=gid://shopify/ProductVariant/52847371977001
2026-07-29 11:17:44,Meher Kundan Septum Ring,Default Title,R25282,900.0,Restock,1,0,1,https://www.rasasilver.com/products/meher-kundan-septum-ring-1?variant=gid://shopify/ProductVariant/53329663263017
2026-07-29 11:32:53,Plumage-Phool Kundan Necklace,Default Title,R26066,90360.0,Sale,1,3,2,https://www.rasasilver.com/products/plumage-phool-kundan-necklace?variant=gid://shopify/ProductVariant/52780724388137
2026-07-29 11:32:53,Myrani Stone Navaratna Bangles,2.6,R25321,12555.0,Sold Out,1,1,0,https://www.rasasilver.com/products/myrani-stone-navaratna-bangles?variant=gid://shopify/ProductVariant/52680291320105
2026-07-29 11:32:53,Myrani Stone Navaratna Bangles,2.7,R25321,12555.0,Sold Out,1,1,0,https://www.rasasilver.com/products/myrani-stone-navaratna-bangles?variant=gid://shopify/ProductVariant/52707652829481
2026-07-29 11:32:53,Myrani Stone Navaratna Bangles,2.8,R25321,12555.0,Sold Out,1,1,0,https://www.rasasilver.com/products/myrani-stone-navaratna-bangles?variant=gid://shopify/ProductVariant/52707652862249
2026-07-29 11:47:42,Glimvya Stone Ring,6,R17385,1700.0,Restock,1,0,1,https://www.rasasilver.com/products/ring-20?variant=gid://shopify/ProductVariant/52291047686441
2026-07-29 12:17:35,DhanyaLakshmi Short Necklace,Default Title,R2023,19500.0,Sale,1,5,4,https://www.rasasilver.com/products/emerald-dhanyalakshmi-short-necklace?variant=gid://shopify/ProductVariant/50063302721833
2026-07-29 12:17:35,Green Whisper Studs,Default Title,R11729,3700.0,Sale,1,21,20,https://www.rasasilver.com/products/green-whisper-studs-1?variant=gid://shopify/ProductVariant/50478674411817
2026-07-29 12:17:35,Rosy Maanga Studs,Ruby Pink,R2716,2500.0,Sale,1,4,3,https://www.rasasilver.com/products/rosy-maanga-studs?variant=gid://shopify/ProductVariant/51412295713065
2026-07-29 12:17:35,Chamak Phool Studs,Default Title,R15775,4000.0,Sale,1,6,5,https://www.rasasilver.com/products/chamak-phool-studs?variant=gid://shopify/ProductVariant/50624958300457
2026-07-29 12:17:35,Valli Vasundhara Studs,Default Title,R8393,2700.0,Sale,1,4,3,https://www.rasasilver.com/products/valli-vasundhara-studs?variant=gid://shopify/ProductVariant/50635203215657
2026-07-29 12:17:35,Ruby Rohini Studs,Default Title,R10528,3600.0,Sale,1,3,2,https://www.rasasilver.com/products/ruby-rohini-studs?variant=gid://shopify/ProductVariant/50711198564649
2026-07-29 12:17:35,Til-Phool Ruby Pendant Set,Ruby Pink,R17524,7800.0,Sale,1,2,1,https://www.rasasilver.com/products/27?variant=gid://shopify/ProductVariant/51472862249257
2026-07-29 12:17:35,Rubora Stud Earrings,Default Title,R20381,2100.0,Sale,1,10,9,https://www.rasasilver.com/products/rubora-oval-studs?variant=gid://shopify/ProductVariant/50809700581673
2026-07-29 12:17:35,Kanchan Spark Stud Earrings,Default Title,R17422,3100.0,Sale,1,17,16,https://www.rasasilver.com/products/kanchan-spark-studs?variant=gid://shopify/ProductVariant/51488632471849
2026-07-29 12:17:35,CZ Gajora Pendant,Default Title,R20932,13300.0,Sale,1,3,2,https://www.rasasilver.com/products/gajora-pendant?variant=gid://shopify/ProductVariant/52330947215657
2026-07-29 12:17:35,Sunheri Stories CZ Necklace Set,Default Title,R25021,25400.0,Sale,1,5,4,https://www.rasasilver.com/products/sunheri-stories-cz-necklace-set?variant=gid://shopify/ProductVariant/52682043425065
2026-07-29 12:17:35,Suvrinda Temple Necklace,Default Title,R25848,7900.0,Sale,1,2,1,https://www.rasasilver.com/products/shriprada-short-temple-necklace-copy?variant=gid://shopify/ProductVariant/52828252963113
2026-07-29 12:17:35,Indira Temple Necklace,Default Title,R26317,8700.0,Sale,2,4,2,https://www.rasasilver.com/products/indira-temple-necklace?variant=gid://shopify/ProductVariant/52889885016361
2026-07-29 12:17:35,Shreeka Temple Necklace,Default Title,R26320,9900.0,Sale,1,4,3,https://www.rasasilver.com/products/indira-temple-necklace-copy-1?variant=gid://shopify/ProductVariant/52889966149929
2026-07-29 12:17:35,Kalasha-Lakshmi Temple Necklace,Default Title,R28590,8000.0,Sale,1,4,3,https://www.rasasilver.com/products/kalasha-lakshmi-temple-necklace?variant=gid://shopify/ProductVariant/53266747162921
2026-07-29 12:17:35,Amulya Stone Necklace,Default Title,R29471,16000.0,Sale,1,2,1,https://www.rasasilver.com/products/amulya-stone-necklace?variant=gid://shopify/ProductVariant/53279636685097
2026-07-29 12:17:35,Mayuranjali Nakshi Maang Tikka,Default Title,R31351,8000.0,Sale,1,3,2,https://www.rasasilver.com/products/mayuranjali-nakshi-maang-tikka?variant=gid://shopify/ProductVariant/53306733855017
2026-07-29 12:17:35,Divine Temple Pendant,Default Title,R30351,14500.0,Sale,1,2,1,https://www.rasasilver.com/products/divine-temple-pendant?variant=gid://shopify/ProductVariant/53308704063785
2026-07-29 12:17:35,Lakshi-Coral Temple Necklace Set,Default Title,R30011,18800.0,Sale,1,2,1,https://www.rasasilver.com/products/lakshi-coral-temple-necklace-set?variant=gid://shopify/ProductVariant/53312557908265
2026-07-29 12:17:35,Jewel of Mayura Necklace Set,Default Title,R8468,47500.0,Sold Out,1,1,0,https://www.rasasilver.com/products/jewel-of-mayura-necklace-set?variant=gid://shopify/ProductVariant/50977419297065
2026-07-29 12:17:35,Chandralekha Stud Earrings,Default Title,R13512,11600.0,Sold Out,1,1,0,https://www.rasasilver.com/products/studs-3?variant=gid://shopify/ProductVariant/51222115418409
2026-07-29 12:17:35,Emerald Swanora Necklace,Default Title,R14063,35000.0,Sold Out,1,1,0,https://www.rasasilver.com/products/necklace-53?variant=gid://shopify/ProductVariant/51257378308393
2026-07-29 12:17:35,Dvipaksha Necklace Set,Default Title,R14095,126400.0,Sold Out,1,1,0,https://www.rasasilver.com/products/necklace-set-29?variant=gid://shopify/ProductVariant/51257608732969
2026-07-29 12:17:35,Emeresa Reversable Pendant,Default Title,R15406,12200.0,Sold Out,1,1,0,https://www.rasasilver.com/products/emeresa-pendant?variant=gid://shopify/ProductVariant/51445288403241
2026-07-29 12:17:35,Peacora Victorian Studs,Default Title,R22121,7740.0,Sold Out,1,1,0,https://www.rasasilver.com/products/peacora-victorian-studs?variant=gid://shopify/ProductVariant/52527271510313
2026-07-29 12:17:35,Hemangi Kasu Temple Necklace,Default Title,R25097,23900.0,Sold Out,1,1,0,https://www.rasasilver.com/products/hemangi-kasu-short-necklace?variant=gid://shopify/ProductVariant/52682258055465
2026-07-29 12:17:35,Swaralika Kundan Necklace,Beige,R25842,58600.0,Sold Out,1,1,0,https://www.rasasilver.com/products/swaralika-kundan-necklace?variant=gid://shopify/ProductVariant/52758511845673
2026-07-29 12:17:35,Mayur Kalika Kundan Hair Brooch,Default Title,R14898,27400.0,Sold Out,1,1,0,https://www.rasasilver.com/products/mayur-kalika-kundan-hair-brooch?variant=gid://shopify/ProductVariant/52819680756009
2026-07-29 12:17:35,Rosmira Victorian Matil,Default Title,R7221,48100.0,Sold Out,1,1,0,https://www.rasasilver.com/products/rosmira-pear-matil?variant=gid://shopify/ProductVariant/52871830831401
2026-07-29 12:17:35,Sanskaar Kundan Necklace,GREEN,R26653,73500.0,Sold Out,1,1,0,https://www.rasasilver.com/products/sanskaar-kundan-necklace?variant=gid://shopify/ProductVariant/52885729444137
2026-07-29 12:17:35,Vanaja Nakshi Studs,Default Title,R28258,5300.0,Sold Out,1,1,0,https://www.rasasilver.com/products/vanaja-nakshi-studs?variant=gid://shopify/ProductVariant/53133181387049
2026-07-29 12:17:35,Moissanite Adjustable Ring,Default Title,R27493,4400.0,Sold Out,1,1,0,https://www.rasasilver.com/products/veda-spark-stone-ring?variant=gid://shopify/ProductVariant/53138265112873
2026-07-29 12:17:35,Vionna Spark CZ Pendant,Ruby Pink,R25522,6300.0,Sold Out,1,1,0,https://www.rasasilver.com/products/vionna-spark-cz-pendant?variant=gid://shopify/ProductVariant/53158352650537
2026-07-29 12:17:35,Leafy Nakshi Necklace,Default Title,R31409,16000.0,Sold Out,1,1,0,https://www.rasasilver.com/products/leafy-nakshi-necklace?variant=gid://shopify/ProductVariant/53308745220393
2026-07-29 12:17:35,Pearl Botanica Victorian Haath Phool,Default Title,R30747,34900.0,Sold Out,1,1,0,https://www.rasasilver.com/products/vaibhava-victorian-haath-phool?variant=gid://shopify/ProductVariant/53329663787305
2026-07-29 12:32:58,Glitter Line Bracelet,Default Title,R12894,5000.0,Restock,1,0,1,https://www.rasasilver.com/products/glitter-line-bracelet?variant=gid://shopify/ProductVariant/51197532832041
2026-07-29 12:32:58,Pholia Chain Pendant,Default Title,R13272,2200.0,Restock,1,0,1,https://www.rasasilver.com/products/chain-pendant-7?variant=gid://shopify/ProductVariant/51317492482345
2026-07-29 12:32:58,Celest Pear Victorian Ring,Default Title,R22051,6000.0,Restock,1,1,2,https://www.rasasilver.com/products/celest-pear-victorian-ring?variant=gid://shopify/ProductVariant/52333734199593
2026-07-29 12:32:58,Verde Shine Victorian Kanti Set,Default Title,R24293,26370.0,Restock,1,0,1,https://www.rasasilver.com/products/verde-shine-victorian-kanti-set?variant=gid://shopify/ProductVariant/52554111877417
2026-07-29 12:32:58,Twin Spark Kada,Default Title,R25524,3250.0,Restock,1,0,1,https://www.rasasilver.com/products/twin-spark-kada?variant=gid://shopify/ProductVariant/52759227269417
2026-07-29 12:32:58,Curve Kada,Default Title,R25535,4300.0,Restock,1,1,2,https://www.rasasilver.com/products/kada-6?variant=gid://shopify/ProductVariant/52759259644201
2026-07-29 12:32:58,Elantra Bracelet,Default Title,R28371,5300.0,Restock,1,0,1,https://www.rasasilver.com/products/elantra-bracelet?variant=gid://shopify/ProductVariant/53125104959785
2026-07-29 12:32:58,Avyara Bracelet,Default Title,R28378,3800.0,Restock,1,1,2,https://www.rasasilver.com/products/avyara-bracelet?variant=gid://shopify/ProductVariant/53125608669481
2026-07-29 12:32:58,Silver Chain,Default Title,R31528,2600.0,Restock,4,2,6,https://www.rasasilver.com/products/silver-chain?variant=gid://shopify/ProductVariant/53286012879145
2026-07-29 12:32:58,Opulent Ring,Default Title,R31527,1300.0,Restock,1,1,2,https://www.rasasilver.com/products/opulent-cz-ring?variant=gid://shopify/ProductVariant/53286192906537
2026-07-29 12:32:58,Couple Ring,Women,R31534,1300.0,Restock,1,2,3,https://www.rasasilver.com/products/tiny-shine-ring?variant=gid://shopify/ProductVariant/53286206996777
2026-07-29 12:32:58,Ivory Pear Ring,9,R31538,2600.0,Restock,1,2,3,https://www.rasasilver.com/products/ivory-pear-cz-ring?variant=gid://shopify/ProductVariant/53286227444009
2026-07-29 12:32:58,Elegant Frame Ring,Default Title,R31543,1600.0,Restock,1,2,3,https://www.rasasilver.com/products/elegant-frame-cz-ring?variant=gid://shopify/ProductVariant/53286235636009
2026-07-29 12:32:58,Pearl Essence Ring,Default Title,R31563,1800.0,Restock,2,2,4,https://www.rasasilver.com/products/pearl-essence-cz-ring?variant=gid://shopify/ProductVariant/53288169046313
2026-07-29 12:32:58,Floral-Glow Ring,Default Title,R31580,1600.0,Restock,3,1,4,https://www.rasasilver.com/products/floral-glow-ring?variant=gid://shopify/ProductVariant/53288179695913
2026-07-29 12:32:58,Loop-Love Ring,Default Title,R31585,1600.0,Restock,1,3,4,https://www.rasasilver.com/products/loop-love-ring?variant=gid://shopify/ProductVariant/53288183136553
2026-07-29 12:32:58,Serpent Twist Ring,Default Title,R31604,1600.0,Restock,1,1,2,https://www.rasasilver.com/products/serpent-twist-ring?variant=gid://shopify/ProductVariant/53288189690153
2026-07-29 12:32:58,Rose Prestige Ring,Default Title,R31599,1400.0,Restock,1,0,1,https://www.rasasilver.com/products/rose-prestige-ring?variant=gid://shopify/ProductVariant/53288195916073
2026-07-29 12:32:58,Leaflet Ring,Default Title,R31615,1700.0,Restock,1,3,4,https://www.rasasilver.com/products/leaflet-ring?variant=gid://shopify/ProductVariant/53288198373673
2026-07-29 12:32:58,Minimal Plain Chain,Default Title,R31985,1600.0,Restock,1,13,14,https://www.rasasilver.com/products/minimal-plain-chain?variant=gid://shopify/ProductVariant/53329485431081
2026-07-29 12:47:52,Dazzle Hex Kada,Default Title,R12938,7500.0,Restock,1,1,2,https://www.rasasilver.com/products/dazzle-hex-kada?variant=gid://shopify/ProductVariant/51197985718569
2026-07-29 12:47:52,Siddhi Lakshmi Temple Necklace,Default Title,R28195,21400.0,Restock,1,0,1,https://www.rasasilver.com/products/siddhi-lakshmi-temple-necklace?variant=gid://shopify/ProductVariant/53071581937961
2026-07-29 13:03:02,Raghukul Ratnaraj Studs,Ruby Pink,R11846,3800.0,Sale,1,7,6,https://www.rasasilver.com/products/raghukul-ratnaraj-studs?variant=gid://shopify/ProductVariant/50869189050665
2026-07-29 13:03:02,The Rosary Stud Earrings,Ruby Pink,R11812,3900.0,Sale,1,7,6,https://www.rasasilver.com/products/the-rosary-studs?variant=gid://shopify/ProductVariant/50869167980841
2026-07-29 13:03:02,Botanique Stud Earrings,Default Title,R15982,2300.0,Sale,1,5,4,https://www.rasasilver.com/products/botanique-studs?variant=gid://shopify/ProductVariant/50158205501737
2026-07-29 13:03:02,Ruby Rohini Studs,Default Title,R10528,3600.0,Sale,1,2,1,https://www.rasasilver.com/products/ruby-rohini-studs?variant=gid://shopify/ProductVariant/50711198564649
2026-07-29 13:03:02,Evoque Green Studs,Default Title,R20374,1900.0,Sale,1,20,19,https://www.rasasilver.com/products/35?variant=gid://shopify/ProductVariant/50712002330921
2026-07-29 13:03:02,Devi Chakra Stud Earrings,Default Title,R17386,3700.0,Sale,1,9,8,https://www.rasasilver.com/products/devi-chakra-studs?variant=gid://shopify/ProductVariant/50777351586089
2026-07-29 13:03:02,Ovalika Stone Danglers,Default Title,R11743,3300.0,Sale,1,11,10,https://www.rasasilver.com/products/ovalika-danglers?variant=gid://shopify/ProductVariant/50808249778473
2026-07-29 13:03:02,Gaurangi Stud Earrings,GREEN,R17416,3300.0,Sale,2,9,7,https://www.rasasilver.com/products/gaurangi-phool-studs?variant=gid://shopify/ProductVariant/51472911106345
2026-07-29 13:03:02,Empriva Stud Earrings,Default Title,R17406,3800.0,Sale,1,13,12,https://www.rasasilver.com/products/empriva-studs?variant=gid://shopify/ProductVariant/50829261046057
2026-07-29 13:03:02,Emermango Necklace Set,Default Title,R22635,76300.0,Sale,1,4,3,https://www.rasasilver.com/products/emermango-necklace-set?variant=gid://shopify/ProductVariant/51526869713193
2026-07-29 13:03:02,Ratnangi Temple Necklace,Default Title,R25851,8100.0,Sale,1,2,1,https://www.rasasilver.com/products/vrittangi-short-temple-necklace-copy?variant=gid://shopify/ProductVariant/52828296741161
2026-07-29 13:03:02,Shreeka Temple Necklace,Default Title,R26320,9900.0,Sale,1,3,2,https://www.rasasilver.com/products/indira-temple-necklace-copy-1?variant=gid://shopify/ProductVariant/52889966149929
2026-07-29 13:03:02,Kalasha-Lakshmi Temple Necklace,Default Title,R28590,8000.0,Sale,1,3,2,https://www.rasasilver.com/products/kalasha-lakshmi-temple-necklace?variant=gid://shopify/ProductVariant/53266747162921
2026-07-29 13:03:02,Peacock Charm CZ Kada,Default Title,R32819,44100.0,Restock,1,0,1,https://www.rasasilver.com/products/peacock-charm-cz-kada?variant=gid://shopify/ProductVariant/53365619491113
2026-07-29 13:03:02,Petalurea Stone Studs,Default Title,R25569,2700.0,Sold Out,1,1,0,https://www.rasasilver.com/products/blossira-stone-studs-copy-4?variant=gid://shopify/ProductVariant/52921789415721
2026-07-29 13:03:02,Anvitha Stone Jhumkis,Default Title,R28547,3700.0,Sold Out,1,1,0,https://www.rasasilver.com/products/anvitha-stone-jhumkis?variant=gid://shopify/ProductVariant/53266472141097
2026-07-29 13:03:02,Roseate Mayura Necklace Set,Default Title,R13902,39000.0,Sold Out,1,1,0,https://www.rasasilver.com/products/12-2?variant=gid://shopify/ProductVariant/51226621837609
2026-07-29 13:17:31,Moissanite Nath,Default Title,R1526,3100.0,Restock,1,8,9,https://www.rasasilver.com/products/kundan-nath?variant=gid://shopify/ProductVariant/49855900451113
2026-07-29 13:17:31,Flowery Ruby Stud Earrings,Default Title,R20419,3300.0,Restock,1,18,19,https://www.rasasilver.com/products/flowery-ruby-studs?variant=gid://shopify/ProductVariant/50082055651625
2026-07-29 13:17:31,Kiranaratna Stud Earrings,Default Title,R17286,4400.0,Restock,1,6,7,https://www.rasasilver.com/products/kiranaratna-studs?variant=gid://shopify/ProductVariant/50152979005737
2026-07-29 13:17:31,Kundan Kalakriti Jhumki,GREEN,R10170,17900.0,Restock,1,0,1,https://www.rasasilver.com/products/by?variant=gid://shopify/ProductVariant/50869312520489
2026-07-29 13:17:31,Shri Kamala Bindu Studs,Default Title,R7707,3600.0,Restock,1,1,2,https://www.rasasilver.com/products/shri-kamala-bindu-studs?variant=gid://shopify/ProductVariant/50612635369769
2026-07-29 13:17:31,Smaragda Spark Ring,GREEN,R17369,3200.0,Restock,1,9,10,https://www.rasasilver.com/products/smaragda-spark-ring?variant=gid://shopify/ProductVariant/51471916794153
2026-07-29 13:17:31,Rudraksha Rakhi,Default Title,R10614,1800.0,Restock,1,0,1,https://www.rasasilver.com/products/rudraksha-rakhi?variant=gid://shopify/ProductVariant/50680487412009
2026-07-29 13:17:31,Malvika Blooms Studs,Swarovski,R20395,2600.0,Restock,1,11,12,https://www.rasasilver.com/products/18-1?variant=gid://shopify/ProductVariant/50712467964201
2026-07-29 13:17:31,Malvika Blooms Studs,GREEN,R20330,2600.0,Restock,1,3,4,https://www.rasasilver.com/products/18-1?variant=gid://shopify/ProductVariant/50712467996969
2026-07-29 13:17:31,Mogralika Stud Earrings,Ruby Pink,R20436,4900.0,Restock,1,10,11,https://www.rasasilver.com/products/21-1?variant=gid://shopify/ProductVariant/52279182262569
2026-07-29 13:17:31,Chandrika Devi Danglers,Default Title,R7562,10800.0,Restock,1,0,1,https://www.rasasilver.com/products/chandrika-devi-danglers?variant=gid://shopify/ProductVariant/50712099488041
2026-07-29 13:17:31,Emerovia Stone Pendant,Green,R11762,1700.0,Restock,1,10,11,https://www.rasasilver.com/products/emerovia-pendant?variant=gid://shopify/ProductVariant/50809107087657
2026-07-29 13:17:31,Rubora Stud Earrings,Default Title,R20381,2100.0,Sale,1,9,8,https://www.rasasilver.com/products/rubora-oval-studs?variant=gid://shopify/ProductVariant/50809700581673
2026-07-29 13:17:31,Back Chain,Default Title,R25375,4000.0,Restock,1,1,2,https://www.rasasilver.com/products/back-chain-1?variant=gid://shopify/ProductVariant/50823753695529
2026-07-29 13:17:31,Pushpmani Dangle Earrings,GREEN,R20369,6100.0,Restock,1,2,3,https://www.rasasilver.com/products/pushpmani-danglers?variant=gid://shopify/ProductVariant/52279154049321
2026-07-29 13:17:31,Empriva Stud Earrings,Default Title,R17406,3800.0,Restock,1,12,13,https://www.rasasilver.com/products/empriva-studs?variant=gid://shopify/ProductVariant/50829261046057
2026-07-29 13:17:31,Crystina Stone Bangles,2.6,R14990,22200.0,Restock,1,3,4,https://www.rasasilver.com/products/crystina-bangles?variant=gid://shopify/ProductVariant/52263713636649
2026-07-29 13:17:31,Ravira Gem Matil,Default Title,R15408,12100.0,Restock,1,0,1,https://www.rasasilver.com/products/ravira-matil?variant=gid://shopify/ProductVariant/51445298299177
2026-07-29 13:17:31,Sparrow Cz Ring,12,R17648,9630.0,Restock,1,0,1,https://www.rasasilver.com/products/sparrow-ring?variant=gid://shopify/ProductVariant/52291038937385
2026-07-29 13:17:31,Crystisq Cz Necklace,Default Title,R17633,18200.0,Restock,1,1,2,https://www.rasasilver.com/products/crystisq-necklace?variant=gid://shopify/ProductVariant/51509624766761
2026-07-29 13:17:31,Circle of Light Bangles,2.6,R17395,18400.0,Restock,1,2,3,https://www.rasasilver.com/products/circle-of-light-bangles?variant=gid://shopify/ProductVariant/52263523156265
2026-07-29 13:17:31,Circle of Light Bangles,2.5,R17395,18400.0,Restock,1,2,3,https://www.rasasilver.com/products/circle-of-light-bangles?variant=gid://shopify/ProductVariant/52266648305961
2026-07-29 13:17:31,Rossi Stone Ring,GREEN / 15,R16706,3900.0,Restock,1,1,2,https://www.rasasilver.com/products/rossi-ring?variant=gid://shopify/ProductVariant/52166981615913
2026-07-29 13:17:31,Pearl-Tailed CZ Pendant,Default Title,R20935,11200.0,Restock,1,4,5,https://www.rasasilver.com/products/pearl-tailed-cz-pendant?variant=gid://shopify/ProductVariant/52331004657961
2026-07-29 13:17:31,Mani Kaasu Temple Bangles,Default Title,R22874,40700.0,Restock,1,2,3,https://www.rasasilver.com/products/mani-kaasu-temple-bangles?variant=gid://shopify/ProductVariant/52338209947945
2026-07-29 13:17:31,Tri-Pear CZ Ring,12,R19652,3200.0,Restock,1,1,2,https://www.rasasilver.com/products/tri-pear-cz-ring-copy?variant=gid://shopify/ProductVariant/52447502106921
2026-07-29 13:17:31,Narashima Temple Pendant,Default Title,R22554,21600.0,Restock,1,0,1,https://www.rasasilver.com/products/narashima-temple-pendant?variant=gid://shopify/ProductVariant/52469599174953
2026-07-29 13:17:31,Aabharika Victorian Danglers,Default Title,R24355,9000.0,Restock,1,0,1,https://www.rasasilver.com/products/aabharika-victorian-danglers?variant=gid://shopify/ProductVariant/52606201594153
2026-07-29 13:17:31,Dakshin Stone Matil,Default Title,R25139,21500.0,Restock,1,0,1,https://www.rasasilver.com/products/dakshin-stone-matil?variant=gid://shopify/ProductVariant/52667728232745
2026-07-29 13:17:31,Ganesha Temple Kada,Default Title,R25805,20250.0,Restock,1,1,2,https://www.rasasilver.com/products/temple-kada?variant=gid://shopify/ProductVariant/52759388815657
2026-07-29 13:17:31,Shri-Nava Temple Bangles,2.6,R22958,18800.0,Restock,1,2,3,https://www.rasasilver.com/products/shri-nava-temple-bangles?variant=gid://shopify/ProductVariant/52798111777065
2026-07-29 13:17:31,Shri-Nava Temple Bangles,2.8,R22958,18800.0,Restock,1,2,3,https://www.rasasilver.com/products/shri-nava-temple-bangles?variant=gid://shopify/ProductVariant/52798111809833
2026-07-29 13:17:31,Lakshmi-Peacock Temple Danglers,Default Title,R26387,11200.0,Restock,1,0,1,https://www.rasasilver.com/products/ananta-peacock-nakshi-earrings-copy?variant=gid://shopify/ProductVariant/52799831408937
2026-07-29 13:17:31,Mint Empress Victorian Kada,Default Title,R23295,37300.0,Restock,1,0,1,https://www.rasasilver.com/products/mint-empress-victorian-kada?variant=gid://shopify/ProductVariant/52824391483689
2026-07-29 13:17:31,Pearika Drop CZ Necklace Set,Default Title,R25215,20700.0,Restock,1,0,1,https://www.rasasilver.com/products/floral-bliss-tear-necklace-set-copy?variant=gid://shopify/ProductVariant/52876057706793
2026-07-29 13:17:31,Tira Stone Bangles,2.6,R26683,16600.0,Restock,1,5,6,https://www.rasasilver.com/products/tira-cz-bangles?variant=gid://shopify/ProductVariant/52915504415017
2026-07-29 13:17:31,Tira Stone Bangles,2.7,R26683,16600.0,Restock,1,5,6,https://www.rasasilver.com/products/tira-cz-bangles?variant=gid://shopify/ProductVariant/52915504447785
2026-07-29 13:17:31,Chanchala Temple Bangles,2.5,R26070,49350.0,Restock,1,1,2,https://www.rasasilver.com/products/chanchala-temple-bangles?variant=gid://shopify/ProductVariant/52915521519913
2026-07-29 13:17:31,Chanchala Temple Bangles,2.6,R26070,49350.0,Restock,1,1,2,https://www.rasasilver.com/products/chanchala-temple-bangles?variant=gid://shopify/ProductVariant/52915521552681
2026-07-29 13:17:31,Perelle Stone Jhumki,Default Title,R26406,6000.0,Restock,1,0,1,https://www.rasasilver.com/products/peariva-stone-jhumki-copy?variant=gid://shopify/ProductVariant/52916318241065
2026-07-29 13:17:31,Mayukhi Nakshi Danglers,Default Title,R26326,6500.0,Restock,1,0,1,https://www.rasasilver.com/products/mayukhi-nakshi-danglers?variant=gid://shopify/ProductVariant/53126407356713
2026-07-29 13:17:31,Kamakshi Temple Ring,Default Title,R28216,3200.0,Restock,1,0,1,https://www.rasasilver.com/products/kamakshi-temple-ring?variant=gid://shopify/ProductVariant/53129747595561
2026-07-29 13:17:31,Nakshi Swarnika Jhumki,Default Title,R27637,12500.0,Restock,1,0,1,https://www.rasasilver.com/products/peacock-edge-nakshi-jhumki?variant=gid://shopify/ProductVariant/53131759616297
2026-07-29 13:17:31,Vine Swirl Toe Ring,Default Title,R16665,2900.0,Restock,1,1,2,https://www.rasasilver.com/products/vine-swirl-toe-ring?variant=gid://shopify/ProductVariant/53138883772713
2026-07-29 13:17:31,Mayurakshi Kundan Vanki,Default Title,R28470,39600.0,Restock,1,0,1,https://www.rasasilver.com/products/mayurakshi-kundan-vanki?variant=gid://shopify/ProductVariant/53149212148009
2026-07-29 13:17:31,Parijata Stone Jhumki,Default Title,R26378,4500.0,Restock,1,1,2,https://www.rasasilver.com/products/parijata-stone-jhumki?variant=gid://shopify/ProductVariant/53149867016489
2026-07-29 13:17:31,Anvika Oxidized Payal,Default Title,R27860,64600.0,Restock,1,0,1,https://www.rasasilver.com/products/anvika-oxidized-payal?variant=gid://shopify/ProductVariant/53150002676009
2026-07-29 13:17:31,Oxidised Morni Jhumki,Default Title,R27974,7200.0,Restock,1,0,1,https://www.rasasilver.com/products/gulnaar-oxidised-jhumki-copy-1?variant=gid://shopify/ProductVariant/53150245552425
2026-07-29 13:17:31,Vruksha Oxidised Jhumki,Default Title,R27999,8200.0,Restock,1,0,1,https://www.rasasilver.com/products/gulnaar-oxidised-jhumki-copy-2?variant=gid://shopify/ProductVariant/53158225707305
2026-07-29 13:17:31,Kamalika Antique Bangles,Default Title,R27858,30200.0,Restock,1,1,2,https://www.rasasilver.com/products/antique-bangles?variant=gid://shopify/ProductVariant/53173801976105
2026-07-29 13:17:31,Stone Ratna Matil,Default Title,R28553,21500.0,Restock,1,0,1,https://www.rasasilver.com/products/stone-ratna-matil?variant=gid://shopify/ProductVariant/53269150040361
2026-07-29 13:17:31,Bloomara Stone Maang Tikka,Default Title,R28593,6200.0,Restock,1,0,1,https://www.rasasilver.com/products/stone-maang-tikka?variant=gid://shopify/ProductVariant/53269763129641
2026-07-29 13:17:31,Surabhika Stone Maang Tikka,Default Title,R28599,7800.0,Restock,1,0,1,https://www.rasasilver.com/products/surabhika-stone-maang-tikka?variant=gid://shopify/ProductVariant/53271409295657
2026-07-29 13:17:31,Floria Stone Studs,Default Title,R29606,3300.0,Restock,1,0,1,https://www.rasasilver.com/products/astera-stone-studs?variant=gid://shopify/ProductVariant/53282491662633
2026-07-29 13:17:31,Lustrelle Stone Bangles,2.5,R29452,22300.0,Restock,1,2,3,https://www.rasasilver.com/products/lustrelle-stone-bangles?variant=gid://shopify/ProductVariant/53283968745769
2026-07-29 13:17:31,Crystal Veil Stone Bangles,2.9,R29454,19700.0,Restock,1,0,1,https://www.rasasilver.com/products/crystal-veil-stone-bangles?variant=gid://shopify/ProductVariant/53284226892073
2026-07-29 13:17:31,Opulent Ring,Default Title,R31527,1300.0,Restock,1,2,3,https://www.rasasilver.com/products/opulent-cz-ring?variant=gid://shopify/ProductVariant/53286192906537
2026-07-29 13:17:31,Floral-Set Ring,Default Title,R31617,1700.0,Restock,1,2,3,https://www.rasasilver.com/products/floral-set-ring?variant=gid://shopify/ProductVariant/53288201224489
2026-07-29 13:17:31,Pear-Glow Studs,Default Title,R31545,900.0,Restock,1,2,3,https://www.rasasilver.com/products/pear-glow-studs?variant=gid://shopify/ProductVariant/53288666431785
2026-07-29 13:17:31,Orlina Studs,Default Title,R31555,1000.0,Restock,1,2,3,https://www.rasasilver.com/products/orlina-studs?variant=gid://shopify/ProductVariant/53288902000937
2026-07-29 13:17:31,Pear Blossom Studs,Default Title,R31766,3500.0,Restock,1,1,2,https://www.rasasilver.com/products/pear-blossom-studs?variant=gid://shopify/ProductVariant/53289042739497
2026-07-29 13:17:31,Floral Twinkle Toe Ring,Default Title,R31642,2000.0,Restock,1,2,3,https://www.rasasilver.com/products/floral-twinkle-toe-ring?variant=gid://shopify/ProductVariant/53289132228905
2026-07-29 13:17:31,Stone Phoolwari Danglers,Default Title,R30416,11500.0,Restock,1,0,1,https://www.rasasilver.com/products/stone-phoolwari-danglers?variant=gid://shopify/ProductVariant/53302554460457
2026-07-29 13:17:31,Muralidhara Temple Pendant,Default Title,R30365,4300.0,Restock,1,1,2,https://www.rasasilver.com/products/muralidhara-temple-pendant?variant=gid://shopify/ProductVariant/53307676885289
2026-07-29 13:17:31,Dewdrop Stone Necklace,Orange,R29994,13400.0,Restock,1,2,3,https://www.rasasilver.com/products/dewdrop-stone-necklace-set?variant=gid://shopify/ProductVariant/53312650805545
2026-07-29 13:17:31,Oval-Pushp Stone Bangles,2.4,R31252,19400.0,Restock,1,2,3,https://www.rasasilver.com/products/oval-pushp-stone-bangles?variant=gid://shopify/ProductVariant/53324650414377
2026-07-29 13:17:31,Haritha Kanti Stone Bangles,2.5,R31253,22100.0,Restock,1,1,2,https://www.rasasilver.com/products/bdhjbdc?variant=gid://shopify/ProductVariant/53324695732521
2026-07-29 13:17:31,Minimal Plain Chain,Default Title,R31985,1600.0,Restock,1,14,15,https://www.rasasilver.com/products/minimal-plain-chain?variant=gid://shopify/ProductVariant/53329485431081
2026-07-29 13:17:31,Auravelle Moissanite Haath Phool,Default Title,R30830,22400.0,Restock,1,0,1,https://www.rasasilver.com/products/auravelle-moissanite-haath-phool?variant=gid://shopify/ProductVariant/53370251542825
2026-07-29 13:32:56,DhanyaLakshmi Short Necklace,Default Title,R2023,19500.0,Restock,1,4,5,https://www.rasasilver.com/products/emerald-dhanyalakshmi-short-necklace?variant=gid://shopify/ProductVariant/50063302721833
2026-07-29 13:32:56,Meadow Muse Pendant,Ruby Pink,R23211,18500.0,Restock,1,1,2,https://www.rasasilver.com/products/meadow-muse-pendant?variant=gid://shopify/ProductVariant/52518560825641
2026-07-29 13:32:56,Green Whisper Studs,Default Title,R11729,3700.0,Restock,1,20,21,https://www.rasasilver.com/products/green-whisper-studs-1?variant=gid://shopify/ProductVariant/50478674411817
2026-07-29 13:32:56,Rosy Maanga Studs,Ruby Pink,R2716,2500.0,Restock,1,3,4,https://www.rasasilver.com/products/rosy-maanga-studs?variant=gid://shopify/ProductVariant/51412295713065
2026-07-29 13:32:56,Chamak Phool Studs,Default Title,R15775,4000.0,Restock,1,5,6,https://www.rasasilver.com/products/chamak-phool-studs?variant=gid://shopify/ProductVariant/50624958300457
2026-07-29 13:32:56,Valli Vasundhara Studs,Default Title,R8393,2700.0,Restock,1,3,4,https://www.rasasilver.com/products/valli-vasundhara-studs?variant=gid://shopify/ProductVariant/50635203215657
2026-07-29 13:32:56,Ruby Rohini Studs,Default Title,R10528,3600.0,Restock,1,1,2,https://www.rasasilver.com/products/ruby-rohini-studs?variant=gid://shopify/ProductVariant/50711198564649
2026-07-29 13:32:56,Til-Phool Ruby Pendant Set,Ruby Pink,R17524,7800.0,Restock,1,1,2,https://www.rasasilver.com/products/27?variant=gid://shopify/ProductVariant/51472862249257
2026-07-29 13:32:56,Rubora Stud Earrings,Default Title,R20381,2100.0,Restock,1,8,9,https://www.rasasilver.com/products/rubora-oval-studs?variant=gid://shopify/ProductVariant/50809700581673
2026-07-29 13:32:56,MoissN’Ruby Necklace,Default Title,R12287,34000.0,Restock,1,0,1,https://www.rasasilver.com/products/moissn-ruby-necklace?variant=gid://shopify/ProductVariant/50835479658793
2026-07-29 13:32:56,Manikya Mandap Necklace Set,Default Title,R12514,80900.0,Restock,1,0,1,https://www.rasasilver.com/products/manikya-mandap-necklace-set?variant=gid://shopify/ProductVariant/50835858227497
2026-07-29 13:32:56,Jewel of Mayura Necklace Set,Default Title,R8468,47500.0,Restock,1,0,1,https://www.rasasilver.com/products/jewel-of-mayura-necklace-set?variant=gid://shopify/ProductVariant/50977419297065
2026-07-29 13:32:56,Chandralekha Stud Earrings,Default Title,R13512,11600.0,Restock,1,0,1,https://www.rasasilver.com/products/studs-3?variant=gid://shopify/ProductVariant/51222115418409
2026-07-29 13:32:56,Emerald Swanora Necklace,Default Title,R14063,35000.0,Restock,1,0,1,https://www.rasasilver.com/products/necklace-53?variant=gid://shopify/ProductVariant/51257378308393
2026-07-29 13:32:56,Dvipaksha Necklace Set,Default Title,R14095,126400.0,Restock,1,0,1,https://www.rasasilver.com/products/necklace-set-29?variant=gid://shopify/ProductVariant/51257608732969
2026-07-29 13:32:56,Emeresa Reversable Pendant,Default Title,R15406,12200.0,Restock,1,0,1,https://www.rasasilver.com/products/emeresa-pendant?variant=gid://shopify/ProductVariant/51445288403241
2026-07-29 13:32:56,Era of Victorian Necklace Set,Default Title,R17149,122700.0,Restock,1,2,3,https://www.rasasilver.com/products/era-of-roses-necklace-set?variant=gid://shopify/ProductVariant/51487488344361
2026-07-29 13:32:56,Kanchan Spark Stud Earrings,Default Title,R17422,3100.0,Restock,1,16,17,https://www.rasasilver.com/products/kanchan-spark-studs?variant=gid://shopify/ProductVariant/51488632471849
2026-07-29 13:32:56,Ratna Kusum Necklace,Default Title,R18484,27000.0,Restock,1,0,1,https://www.rasasilver.com/products/ratna-kusum-necklace?variant=gid://shopify/ProductVariant/51527376503081
2026-07-29 13:32:56,Frost Polki Ring,7.25,R16496,6400.0,Restock,1,0,1,https://www.rasasilver.com/products/frost-bloom-ring?variant=gid://shopify/ProductVariant/52290959966505
2026-07-29 13:32:56,Morina CZ Pendant,Default Title,R20930,9800.0,Restock,1,4,5,https://www.rasasilver.com/products/morina-cz-pendant?variant=gid://shopify/ProductVariant/52330923524393
2026-07-29 13:32:56,CZ Gajora Pendant,Default Title,R20932,13300.0,Restock,1,2,3,https://www.rasasilver.com/products/gajora-pendant?variant=gid://shopify/ProductVariant/52330947215657
2026-07-29 13:32:56,Peacora Victorian Studs,Default Title,R22121,7740.0,Restock,1,0,1,https://www.rasasilver.com/products/peacora-victorian-studs?variant=gid://shopify/ProductVariant/52527271510313
2026-07-29 13:32:56,Lady Briar Victorian Necklace,Default Title,R22213,20350.0,Restock,1,1,2,https://www.rasasilver.com/products/victorian-necklace?variant=gid://shopify/ProductVariant/52664570839337
2026-07-29 13:32:56,Parrot Kundan Mangalsutra,Swarovski,R25262,7150.0,Restock,1,0,1,https://www.rasasilver.com/products/parrot-kundan-mangalsutra?variant=gid://shopify/ProductVariant/52678728155433
2026-07-29 13:32:56,Sunheri Stories CZ Necklace Set,Default Title,R25021,25400.0,Restock,1,4,5,https://www.rasasilver.com/products/sunheri-stories-cz-necklace-set?variant=gid://shopify/ProductVariant/52682043425065
2026-07-29 13:32:56,Hemangi Kasu Temple Necklace,Default Title,R25097,23900.0,Restock,1,0,1,https://www.rasasilver.com/products/hemangi-kasu-short-necklace?variant=gid://shopify/ProductVariant/52682258055465
2026-07-29 13:32:56,Phoolangi Kundan Jhumki,Default Title,R14669,22150.0,Restock,1,0,1,https://www.rasasilver.com/products/phoolangi-kundan-jhumki?variant=gid://shopify/ProductVariant/52741209456937
2026-07-29 13:32:56,Swaralika Kundan Necklace,Beige,R25842,58600.0,Restock,1,0,1,https://www.rasasilver.com/products/swaralika-kundan-necklace?variant=gid://shopify/ProductVariant/52758511845673
2026-07-29 13:32:56,Padmiva Kundan Necklace,Default Title,R25053,26300.0,Restock,1,0,1,https://www.rasasilver.com/products/padmiva-kundan-necklace?variant=gid://shopify/ProductVariant/52751723528489
2026-07-29 13:32:56,Pearika Kundan Necklace,Default Title,R25072,28550.0,Restock,1,0,1,https://www.rasasilver.com/products/pearika-kundan-necklace?variant=gid://shopify/ProductVariant/52752695197993
2026-07-29 13:32:56,Manglika Kundan Necklace,Default Title,R25829,77150.0,Restock,1,0,1,https://www.rasasilver.com/products/manglika-kundan-necklace?variant=gid://shopify/ProductVariant/52758191866153
2026-07-29 13:32:56,Mayurajit Kundan Necklace,Default Title,R26447,33900.0,Restock,1,0,1,https://www.rasasilver.com/products/mayurajit-kundan-short-necklace?variant=gid://shopify/ProductVariant/52809372893481
2026-07-29 13:32:56,Mayur Kalika Kundan Hair Brooch,Default Title,R14898,27400.0,Restock,1,0,1,https://www.rasasilver.com/products/mayur-kalika-kundan-hair-brooch?variant=gid://shopify/ProductVariant/52819680756009
2026-07-29 13:32:56,Kundan Kiara Matil,Default Title,R23925,30450.0,Restock,1,0,1,https://www.rasasilver.com/products/kundan-kiara-matil?variant=gid://shopify/ProductVariant/52825209176361
2026-07-29 13:32:56,Suvrinda Temple Necklace,Default Title,R25848,7900.0,Restock,1,1,2,https://www.rasasilver.com/products/shriprada-short-temple-necklace-copy?variant=gid://shopify/ProductVariant/52828252963113
2026-07-29 13:32:56,Kundankari Kundan Bangles,Default Title,R23851,63750.0,Restock,1,0,1,https://www.rasasilver.com/products/kundankari-kundan-bangles?variant=gid://shopify/ProductVariant/52831610274089
2026-07-29 13:32:56,Rosmira Victorian Matil,Default Title,R7221,48100.0,Restock,1,0,1,https://www.rasasilver.com/products/rosmira-pear-matil?variant=gid://shopify/ProductVariant/52871830831401
2026-07-29 13:32:56,Sanskaar Kundan Necklace,GREEN,R26653,73500.0,Restock,1,0,1,https://www.rasasilver.com/products/sanskaar-kundan-necklace?variant=gid://shopify/ProductVariant/52885729444137
2026-07-29 13:32:56,Indira Temple Necklace,Default Title,R26317,8700.0,Restock,2,2,4,https://www.rasasilver.com/products/indira-temple-necklace?variant=gid://shopify/ProductVariant/52889885016361
2026-07-29 13:32:56,Shreeka Temple Necklace,Default Title,R26320,9900.0,Restock,1,2,3,https://www.rasasilver.com/products/indira-temple-necklace-copy-1?variant=gid://shopify/ProductVariant/52889966149929
2026-07-29 13:32:56,Althira Kundan Matil,Swarovski,R14902,18550.0,Restock,1,0,1,https://www.rasasilver.com/products/althira-matil?variant=gid://shopify/ProductVariant/52897925693737
2026-07-29 13:32:56,Shremira Temple Vanki,Default Title,R18710,34900.0,Restock,1,1,2,https://www.rasasilver.com/products/shremira-temple-vanki?variant=gid://shopify/ProductVariant/52898574991657
2026-07-29 13:32:56,Vanaja Nakshi Studs,Default Title,R28258,5300.0,Restock,1,0,1,https://www.rasasilver.com/products/vanaja-nakshi-studs?variant=gid://shopify/ProductVariant/53133181387049
2026-07-29 13:32:56,Moissanite Adjustable Ring,Default Title,R27493,4400.0,Restock,1,0,1,https://www.rasasilver.com/products/veda-spark-stone-ring?variant=gid://shopify/ProductVariant/53138265112873
2026-07-29 13:32:56,Vionna Spark CZ Pendant,Ruby Pink,R25522,6300.0,Restock,1,0,1,https://www.rasasilver.com/products/vionna-spark-cz-pendant?variant=gid://shopify/ProductVariant/53158352650537
2026-07-29 13:32:56,Mayurvalli Kundan Jhumki,Default Title,R28561,15600.0,Restock,1,0,1,https://www.rasasilver.com/products/mayurvalli-kundan-jhumki?variant=gid://shopify/ProductVariant/53266385010985
2026-07-29 13:32:56,Shrinika-Mor Temple Jhumkis,Default Title,R28476,11300.0,Restock,1,0,1,https://www.rasasilver.com/products/shrinika-mor-temple-jhumkis?variant=gid://shopify/ProductVariant/53266392777001
2026-07-29 13:32:56,Kalasha-Lakshmi Temple Necklace,Default Title,R28590,8000.0,Restock,1,2,3,https://www.rasasilver.com/products/kalasha-lakshmi-temple-necklace?variant=gid://shopify/ProductVariant/53266747162921
2026-07-29 13:32:56,Sun-Moon Kundan Set,Default Title,R28477,9700.0,Restock,1,1,2,https://www.rasasilver.com/products/sun-moon-kundan-set?variant=gid://shopify/ProductVariant/53266901008681
2026-07-29 13:32:56,Morpankhi Kundan Pendant,Default Title,R28432,12000.0,Restock,1,0,1,https://www.rasasilver.com/products/morpankhi-kundan-pendant?variant=gid://shopify/ProductVariant/53266941116713
2026-07-29 13:32:56,Amulya Stone Necklace,Default Title,R29471,16000.0,Restock,1,1,2,https://www.rasasilver.com/products/amulya-stone-necklace?variant=gid://shopify/ProductVariant/53279636685097
2026-07-29 13:32:56,Mayuranjali Nakshi Maang Tikka,Default Title,R31351,8000.0,Restock,1,2,3,https://www.rasasilver.com/products/mayuranjali-nakshi-maang-tikka?variant=gid://shopify/ProductVariant/53306733855017
2026-07-29 13:32:56,Divine Temple Pendant,Default Title,R30351,14500.0,Restock,1,1,2,https://www.rasasilver.com/products/divine-temple-pendant?variant=gid://shopify/ProductVariant/53308704063785
2026-07-29 13:32:56,Leafy Nakshi Necklace,Default Title,R31409,16000.0,Restock,1,0,1,https://www.rasasilver.com/products/leafy-nakshi-necklace?variant=gid://shopify/ProductVariant/53308745220393
2026-07-29 13:32:56,Lakshi-Coral Temple Necklace Set,Default Title,R30011,18800.0,Restock,1,1,2,https://www.rasasilver.com/products/lakshi-coral-temple-necklace-set?variant=gid://shopify/ProductVariant/53312557908265
2026-07-29 13:32:56,Victorian Vintage Grace Haath Phool,Default Title,R31031,27000.0,Restock,1,0,1,https://www.rasasilver.com/products/victorian-vintage-grace-haath-phool?variant=gid://shopify/ProductVariant/53318215106857
2026-07-29 13:32:56,Pearl Botanica Victorian Haath Phool,Default Title,R30747,34900.0,Restock,1,0,1,https://www.rasasilver.com/products/vaibhava-victorian-haath-phool?variant=gid://shopify/ProductVariant/53329663787305
2026-07-29 13:47:39,Nartaki Bindu Pendant,Default Title,R7068,10500.0,Restock,1,1,2,https://www.rasasilver.com/products/nartaki-bindu-pendant?variant=gid://shopify/ProductVariant/50443912905001
2026-07-29 15:17:55,Mor Phoolika Mini Choker,Default Title,R3078,12800.0,Sold Out,1,1,0,https://www.rasasilver.com/products/mor-phoolika-mini-choker?variant=gid://shopify/ProductVariant/50643516784937
2026-07-29 17:03:03,Kasu Temple Mangalsutra,Ruby Pink,R31240,9800.0,Sold Out,1,1,0,https://www.rasasilver.com/products/kasu-temple-mangalsutra?variant=gid://shopify/ProductVariant/53307246084393
2026-07-30 05:32:44,Rosivra Chain Pendant,Default Title,R13243,2200.0,Restock,1,1,2,https://www.rasasilver.com/products/chain-pendant-5?variant=gid://shopify/ProductVariant/51317458600233
2026-07-30 05:32:44,Miraflor Chain Pendant,Default Title,R13251,2400.0,Restock,1,1,2,https://www.rasasilver.com/products/miraflor-chain-pendant?variant=gid://shopify/ProductVariant/51345546936617
2026-07-30 05:32:44,Ovalmera Stone Bangles,2.4,R2874,23400.0,Restock,1,0,1,https://www.rasasilver.com/products/ovalmera-bangles?variant=gid://shopify/ProductVariant/52263740440873
2026-07-30 05:32:44,Dhanika Bangles,Ruby Pink / 2.7,R17350,18500.0,Restock,1,2,3,https://www.rasasilver.com/products/dhanika-bangles?variant=gid://shopify/ProductVariant/52273420075305
2026-07-30 05:32:44,Dhanika Bangles,Ruby Pink / 2.6,R17350,18500.0,Restock,1,2,3,https://www.rasasilver.com/products/dhanika-bangles?variant=gid://shopify/ProductVariant/52273497309481
2026-07-30 05:32:44,Dhanika Bangles,Ruby Pink / 2.8,R17350,18500.0,Restock,1,2,3,https://www.rasasilver.com/products/dhanika-bangles?variant=gid://shopify/ProductVariant/52274222432553
2026-07-30 05:32:44,Lion Chain Pendant,Default Title,R21997,2100.0,Restock,1,1,2,https://www.rasasilver.com/products/loin-chain-pendant?variant=gid://shopify/ProductVariant/52520495841577
2026-07-30 05:32:44,Gulnaar Oxidised Jhumki,Default Title,R12991,5700.0,Restock,1,0,1,https://www.rasasilver.com/products/rajputi-oxidised-danglers-copy?variant=gid://shopify/ProductVariant/53150141710633
2026-07-30 05:32:44,Nritya Oxidised Jhumki,Default Title,R27970,7100.0,Restock,1,1,2,https://www.rasasilver.com/products/pankhudi-oxidised-jhumki?variant=gid://shopify/ProductVariant/53150242472233
2026-07-30 05:32:44,Adiva Oxidised Jhumki,Default Title,R27981,7800.0,Restock,2,1,3,https://www.rasasilver.com/products/adiva-oxidised-jhumki?variant=gid://shopify/ProductVariant/53150291099945
2026-07-30 05:32:44,Vruksha Oxidised Jhumki,Default Title,R27999,8200.0,Restock,1,1,2,https://www.rasasilver.com/products/gulnaar-oxidised-jhumki-copy-2?variant=gid://shopify/ProductVariant/53158225707305
2026-07-30 05:32:44,Kankana Oxidised Jhumki,Default Title,R28002,5100.0,Restock,2,1,3,https://www.rasasilver.com/products/vruksha-oxidised-jhumki-copy?variant=gid://shopify/ProductVariant/53160158036265
2026-07-30 05:47:39,Rudravya Stone Studs,Default Title,R20408,2400.0,Restock,1,9,10,https://www.rasasilver.com/products/rudravya-studs?variant=gid://shopify/ProductVariant/50808567595305
2026-07-30 05:47:39,Kanakprabha Short Necklace,Default Title,R24646,41500.0,Restock,1,0,1,https://www.rasasilver.com/products/kanakprabha-short-necklace?variant=gid://shopify/ProductVariant/52682136355113
2026-07-30 05:47:39,Glimvya Stone Ring,6,R17385,1700.0,Sold Out,1,1,0,https://www.rasasilver.com/products/ring-20?variant=gid://shopify/ProductVariant/52291047686441
2026-07-30 05:47:39,Siri Vaibhava Temple Studs,Default Title,R31962,2900.0,Sold Out,1,1,0,https://www.rasasilver.com/products/siri-vaibhava-temple-studs?variant=gid://shopify/ProductVariant/53296605593897
2026-07-30 06:03:02,Shashi Raga Maang Tikka,Default Title,R15292,13300.0,Restock,1,0,1,https://www.rasasilver.com/products/shashi-raga-maang-tikka?variant=gid://shopify/ProductVariant/51488406798633
2026-07-30 06:17:33,Royal Pasalu Necklace,Default Title,R12642,48000.0,Restock,1,2,3,https://www.rasasilver.com/products/royal-pasalu-necklace?variant=gid://shopify/ProductVariant/50069048852777
2026-07-30 06:17:33,Meadow Muse Pendant,Green,R17124,20600.0,Restock,1,14,15,https://www.rasasilver.com/products/meadow-muse-pendant?variant=gid://shopify/ProductVariant/52485476843817
2026-07-30 06:17:33,Ovalor Stone Ring,Ruby Pink,R17311,3450.0,Restock,1,9,10,https://www.rasasilver.com/products/ovalor-ring?variant=gid://shopify/ProductVariant/51472177692969
2026-07-30 06:17:33,Mohana Murali Haaram,Green,R11715,62100.0,Restock,1,0,1,https://www.rasasilver.com/products/mohana-murali-haaram?variant=gid://shopify/ProductVariant/50808103043369
2026-07-30 06:17:33,Navarya Stone Ring,Default Title,R20505,3800.0,Restock,1,6,7,https://www.rasasilver.com/products/navarya-ring?variant=gid://shopify/ProductVariant/50809191727401
2026-07-30 06:17:33,Devaani Three Layer Necklace,Default Title,R15279,71600.0,Restock,1,0,1,https://www.rasasilver.com/products/devaani-three-layer-necklace?variant=gid://shopify/ProductVariant/51418997883177
2026-07-30 06:17:33,Starry Blue Cz Necklace Set,Default Title,R17724,22000.0,Restock,1,0,1,https://www.rasasilver.com/products/starry-blue-necklace-set?variant=gid://shopify/ProductVariant/51509444575529
2026-07-30 06:17:33,Petalova Necklace Cz Set,Default Title,R17575,175000.0,Restock,1,1,2,https://www.rasasilver.com/products/petalova-necklace-set?variant=gid://shopify/ProductVariant/51509464170793
2026-07-30 06:17:33,Gajessa Pallais Necklace Set,Default Title,R20945,111000.0,Restock,1,6,7,https://www.rasasilver.com/products/gajessa-pallais-necklace-set?variant=gid://shopify/ProductVariant/52279411081513
2026-07-30 06:17:33,Ovaflora Victorian Necklace Set,Default Title,R21346,90450.0,Restock,1,0,1,https://www.rasasilver.com/products/ovaflora-victorian-necklace-set?variant=gid://shopify/ProductVariant/52337579065641
2026-07-30 06:17:33,Emeravalli Victorian Necklace,Default Title,R21567,39700.0,Restock,1,0,1,https://www.rasasilver.com/products/emeravalli-victorian-necklace?variant=gid://shopify/ProductVariant/52344621728041
2026-07-30 06:17:33,Victorian Navakriti Necklace Set,Default Title,R22231,37400.0,Restock,1,0,1,https://www.rasasilver.com/products/victorian-navakriti-necklace-set?variant=gid://shopify/ProductVariant/52362235576617
2026-07-30 06:17:33,Orbit Victorian Necklace,Default Title,R22157,42300.0,Restock,1,0,1,https://www.rasasilver.com/products/orbit-victorian-necklace-set?variant=gid://shopify/ProductVariant/52377995542825
2026-07-30 06:17:33,Navarika CZ Necklace Set,Default Title,R22641,34100.0,Restock,1,1,2,https://www.rasasilver.com/products/navarika-cz-necklace-set?variant=gid://shopify/ProductVariant/52390554894633
2026-07-30 06:17:33,Morvya Kasu Necklace,Default Title,R22672,101200.0,Restock,1,2,3,https://www.rasasilver.com/products/morvya-kasu-necklace?variant=gid://shopify/ProductVariant/52393214705961
2026-07-30 06:17:33,Prism CZ Necklace Set,Blue,R31367,28700.0,Restock,1,0,1,https://www.rasasilver.com/products/prism-cz-necklace-set?variant=gid://shopify/ProductVariant/53323393368361
2026-07-30 06:17:33,Victorian Grace Necklace,Default Title,R22242,53460.0,Restock,1,2,3,https://www.rasasilver.com/products/victorian-grace-necklace?variant=gid://shopify/ProductVariant/52420044357929
2026-07-30 06:17:33,Dakshin Stone Matil,Default Title,R25139,21500.0,Restock,1,1,2,https://www.rasasilver.com/products/dakshin-stone-matil?variant=gid://shopify/ProductVariant/52667728232745
2026-07-30 06:17:33,Square-Rosy Stone Bangles,Ruby Pink / 2.4,R25305,19500.0,Restock,1,3,4,https://www.rasasilver.com/products/square-rosy-stone-bangles?variant=gid://shopify/ProductVariant/52668463382825
2026-07-30 06:17:33,Square-Rosy Stone Bangles,Ruby Pink / 2.5,R25305,19500.0,Restock,1,3,4,https://www.rasasilver.com/products/square-rosy-stone-bangles?variant=gid://shopify/ProductVariant/52704115949865
2026-07-30 06:17:33,Square-Rosy Stone Bangles,Ruby Pink / 2.6,R25305,19500.0,Restock,1,3,4,https://www.rasasilver.com/products/square-rosy-stone-bangles?variant=gid://shopify/ProductVariant/52704115982633
2026-07-30 06:17:33,Regal Trinket Necklace Set,Default Title,R25011,25500.0,Restock,1,7,8,https://www.rasasilver.com/products/regal-trinket-necklace-set?variant=gid://shopify/ProductVariant/52682036707625
2026-07-30 06:17:33,Ratnarekha Stone Necklace,Default Title,R26197,39600.0,Restock,1,0,1,https://www.rasasilver.com/products/ratnarekha-stone-necklace?variant=gid://shopify/ProductVariant/52831853969705
2026-07-30 06:17:33,Drovella CZ Necklace,Default Title,R26754,18300.0,Restock,1,1,2,https://www.rasasilver.com/products/drovella-cz-necklace?variant=gid://shopify/ProductVariant/52881079697705
2026-07-30 06:17:33,Amaya Pear CZ Necklace Set,Default Title,R26783,31000.0,Restock,1,0,1,https://www.rasasilver.com/products/amaya-tear-cz-necklace-set?variant=gid://shopify/ProductVariant/52881956602153
2026-07-30 06:17:33,Indulekha Matil,Default Title,R25135,10550.0,Restock,1,0,1,https://www.rasasilver.com/products/indulekha-matil?variant=gid://shopify/ProductVariant/52898274640169
2026-07-30 06:17:33,Flora-Pink Oxidized Payal,Default Title,R21880,4600.0,Restock,1,0,1,https://www.rasasilver.com/products/flora-pink-oxidized-payal?variant=gid://shopify/ProductVariant/53149276733737
2026-07-30 06:17:33,Ira Prism CZ Necklace Set,Default Title,R28136,23400.0,Restock,1,0,1,https://www.rasasilver.com/products/linea-luxe-cz-necklace-set-copy?variant=gid://shopify/ProductVariant/53161286467881
2026-07-30 06:17:33,Pear-Drops CZ Pendant Set,Default Title,R29529,8000.0,Restock,1,0,1,https://www.rasasilver.com/products/pear-drops-cz-necklace?variant=gid://shopify/ProductVariant/53282874523945
2026-07-30 06:17:33,Swril Stone Bangles,2.6,R29435,21500.0,Restock,1,1,2,https://www.rasasilver.com/products/swril-stone-bangles?variant=gid://shopify/ProductVariant/53283871883561
2026-07-30 06:17:33,Green-Flora Stone Kada,Default Title,R30438,9500.0,Restock,1,0,1,https://www.rasasilver.com/products/green-flora-stone-kada?variant=gid://shopify/ProductVariant/53299596034345
2026-07-30 06:17:33,Designer Oval CZ Necklace Set,Default Title,R31227,31000.0,Restock,1,3,4,https://www.rasasilver.com/products/designer-oval-cz-necklace-set?variant=gid://shopify/ProductVariant/53308731425065
2026-07-30 06:17:33,Antique Rajratna Bangles,2.7,R31234,13400.0,Restock,1,1,2,https://www.rasasilver.com/products/antique-rajratna-bangles?variant=gid://shopify/ProductVariant/53315061317929
2026-07-30 06:17:33,Crystal Line Stone Bangles,2.4,R30363,25400.0,Restock,1,0,1,https://www.rasasilver.com/products/crystal-line-stone-bangles?variant=gid://shopify/ProductVariant/53315202253097
2026-07-30 06:17:33,Gulabi Grace Stone Bangles,Size,R31243,22300.0,Restock,1,3,4,https://www.rasasilver.com/products/harini-grace-stone-bangles?variant=gid://shopify/ProductVariant/53324605587753
2026-07-30 06:17:33,Ratna Utsava Stone Bangles,GREEN / 2.9,R31274,19800.0,Restock,1,2,3,https://www.rasasilver.com/products/h-1?variant=gid://shopify/ProductVariant/53324724568361
2026-07-30 06:17:33,Pear-Blossom Stone Ring,Swarovski / 13,R31659,3700.0,Restock,1,2,3,https://www.rasasilver.com/products/pear-blossom-antique-ring?variant=gid://shopify/ProductVariant/53329380966697
2026-07-30 06:17:33,Pear-Blossom Stone Ring,GREEN / 13,R31661,3600.0,Restock,1,0,1,https://www.rasasilver.com/products/pear-blossom-antique-ring?variant=gid://shopify/ProductVariant/53329380999465
2026-07-30 06:17:33,Krupa Kasu Temple Necklace,Default Title,R32170,51600.0,Restock,1,0,1,https://www.rasasilver.com/products/navil-krupa-jadau-necklace?variant=gid://shopify/ProductVariant/53333186314537
2026-07-30 06:17:33,Srinivasa Temple Necklace,Default Title,R32093,56900.0,Restock,1,0,1,https://www.rasasilver.com/products/srinivasa-temple-necklace-1?variant=gid://shopify/ProductVariant/53333231501609
2026-07-30 06:17:33,Twin-Soul Moissanite Ring,Default Title,R32236,5800.0,Restock,1,0,1,https://www.rasasilver.com/products/twin-soul-moissanite-ring?variant=gid://shopify/ProductVariant/53336879726889
2026-07-30 06:17:33,Duo Hexa-Pear Moissanite Ring,Default Title,R32238,8200.0,Restock,1,0,1,https://www.rasasilver.com/products/duo-hexa-pear-moissanite-ring?variant=gid://shopify/ProductVariant/53336883200297
2026-07-30 06:47:35,Arvaya Kundan Buggadi,Default Title,R15234,4200.0,Sale,1,2,1,https://www.rasasilver.com/products/arvaya-buggadi?variant=gid://shopify/ProductVariant/51494664110377
2026-07-30 07:02:58,Olivora Glow Stud Earrings,Default Title,R11731,2500.0,Restock,1,2,3,https://www.rasasilver.com/products/olivora-glow-studs?variant=gid://shopify/ProductVariant/50809320636713
2026-07-30 07:02:58,Gulnar Kundan Choker,Default Title,R22553,36180.0,Restock,1,0,1,https://www.rasasilver.com/products/gulnar-kundan-choker?variant=gid://shopify/ProductVariant/52418908389673
2026-07-30 07:02:58,Dvi Mukha Pakshi Pendant,Default Title,R25042,19200.0,Restock,1,3,4,https://www.rasasilver.com/products/dvi-mukha-pakshi-pendant-copy?variant=gid://shopify/ProductVariant/52565266432297
2026-07-30 07:02:58,Amrakshi Kundan Necklace,Default Title,R25854,113850.0,Restock,1,0,1,https://www.rasasilver.com/products/kundan-necklace-1?variant=gid://shopify/ProductVariant/52741761401129
2026-07-30 07:17:29,Moissanite Nath,Default Title,R1526,3100.0,Restock,2,9,11,https://www.rasasilver.com/products/kundan-nath?variant=gid://shopify/ProductVariant/49855900451113
2026-07-30 07:17:29,Stellar Nine Short Necklace,Default Title,R18885,17200.0,Restock,1,8,9,https://www.rasasilver.com/products/stellar-nine-short-necklace?variant=gid://shopify/ProductVariant/50083435872553
2026-07-30 07:17:29,Twinkle Bindu Nath,Default Title,R16995,2700.0,Restock,1,6,7,https://www.rasasilver.com/products/twinkle-bindu-nath?variant=gid://shopify/ProductVariant/50203857420585
2026-07-30 07:17:29,Leaforia Bloom Necklace Set,Default Title,R11554,39500.0,Restock,1,1,2,https://www.rasasilver.com/products/leaforia-bloom-necklace-set?variant=gid://shopify/ProductVariant/50773763293481
2026-07-30 07:17:29,Olivienne Short Necklace,Default Title,R11714,24390.0,Restock,1,0,1,https://www.rasasilver.com/products/olivienne-short-necklace?variant=gid://shopify/ProductVariant/50808782520617
2026-07-30 07:17:29,Ratna Alankaram Short Necklace,Default Title,R11721,32100.0,Restock,1,0,1,https://www.rasasilver.com/products/ratna-alankaram-short-necklace?variant=gid://shopify/ProductVariant/50809013010729
2026-07-30 07:17:29,Moonbeam Allure Short Necklace Set,Default Title,R12412,56000.0,Restock,1,2,3,https://www.rasasilver.com/products/moonbeam-allure-short-necklace-copy?variant=gid://shopify/ProductVariant/50907092615465
2026-07-30 07:17:29,Anira Stone Short Necklace,Default Title,R15803,25000.0,Restock,1,0,1,https://www.rasasilver.com/products/rosavine-cz-necklace-copy?variant=gid://shopify/ProductVariant/51408239100201
2026-07-30 07:17:29,Rubalyn Bloom Necklace Set,Swarovski,R18538,34700.0,Restock,1,1,2,https://www.rasasilver.com/products/ruby-fiora-necklace-set-copy?variant=gid://shopify/ProductVariant/51870106812713
2026-07-30 07:17:29,Zyrissa Florentia Necklace Set,Default Title,R18532,25000.0,Restock,1,8,9,https://www.rasasilver.com/products/zirnova-pear-necklace-set-copy?variant=gid://shopify/ProductVariant/51872732905769
2026-07-30 07:17:29,Navarang Oval Bangles,Navaratna Colour / 2.5,R19949,21000.0,Restock,1,0,1,https://www.rasasilver.com/products/navarang-oval-bangles?variant=gid://shopify/ProductVariant/52209180573993
2026-07-30 07:17:29,Grevia CZ Necklace Set,Default Title,R22177,35400.0,Restock,1,0,1,https://www.rasasilver.com/products/cz-necklace-set-1?variant=gid://shopify/ProductVariant/52390300877097
2026-07-30 07:17:29,Gutta Pasalu Necklace Set,Default Title,R19923,22700.0,Restock,1,5,6,https://www.rasasilver.com/products/gutta-pasalu-necklace-set?variant=gid://shopify/ProductVariant/52399453438249
2026-07-30 07:17:29,Moonlight CZ Necklace Set,Default Title,R22912,17600.0,Restock,1,3,4,https://www.rasasilver.com/products/moonlight-cz-necklace-set?variant=gid://shopify/ProductVariant/52419983573289
2026-07-30 07:17:29,Two-Layers Antique Mala,Default Title,R24793,23100.0,Restock,1,0,1,https://www.rasasilver.com/products/two-layers-antique-mala?variant=gid://shopify/ProductVariant/52668091892009
2026-07-30 07:17:29,Manimala Kasu Temple Necklace,Default Title,R25191,36200.0,Restock,1,1,2,https://www.rasasilver.com/products/manimala-kasu-short-necklace?variant=gid://shopify/ProductVariant/52682145431849
2026-07-30 07:17:29,Bagh-Manik Stone Necklace,Default Title,R25124,37800.0,Restock,1,0,1,https://www.rasasilver.com/products/bagh-manik-stone-necklace?variant=gid://shopify/ProductVariant/52723633652009
2026-07-30 07:17:29,Suvalaya Temple Necklace,Ruby Pink,R25872,31200.0,Restock,1,0,1,https://www.rasasilver.com/products/ratnashri-short-temple-necklace-copy?variant=gid://shopify/ProductVariant/52828521857321
2026-07-30 07:17:29,Amara Shine Necklace Set,Default Title,R28388,15800.0,Restock,1,1,2,https://www.rasasilver.com/products/amara-shine-necklace-set?variant=gid://shopify/ProductVariant/53138163368233
2026-07-30 07:17:29,Linea Luxe CZ Necklace Set,Default Title,R28068,26300.0,Restock,1,2,3,https://www.rasasilver.com/products/rectoriae-cz-necklace-set-copy?variant=gid://shopify/ProductVariant/53161109422377
2026-07-30 07:17:29,Ratanprabha Stone Necklace,Default Title,R27931,30900.0,Restock,1,0,1,https://www.rasasilver.com/products/vilasini-temple-bottu-necklace-copy?variant=gid://shopify/ProductVariant/53163330306345
2026-07-30 07:17:29,Greenika-Pear CZ Necklace,GREEN,R29501,13900.0,Restock,1,1,2,https://www.rasasilver.com/products/greenika-pear-cz-necklace?variant=gid://shopify/ProductVariant/53282539569449
2026-07-30 07:17:29,Panna-Droplet CZ Necklace,Default Title,R29507,8600.0,Restock,1,0,1,https://www.rasasilver.com/products/panna-droplet-cz-necklace?variant=gid://shopify/ProductVariant/53282541371689
2026-07-30 07:17:29,Floral Spark CZ Necklace,Default Title,R29528,16300.0,Restock,1,1,2,https://www.rasasilver.com/products/floral-spark-cz-necklace?variant=gid://shopify/ProductVariant/53282569290025
2026-07-30 07:17:29,Blossom-Green CZ Necklace,Default Title,R29543,23300.0,Restock,1,0,1,https://www.rasasilver.com/products/blossom-green-cz-necklace?variant=gid://shopify/ProductVariant/53282606514473
2026-07-30 07:17:29,Beaded Heart Oxidized Payal,Default Title,R31647,3600.0,Restock,1,0,1,https://www.rasasilver.com/products/beaded-heart-oxidized-payal?variant=gid://shopify/ProductVariant/53286160138537
2026-07-30 07:17:29,Crystal Drop Stone Necklace,Default Title,R31426,10700.0,Restock,1,0,1,https://www.rasasilver.com/products/crystal-drop-stone-necklace?variant=gid://shopify/ProductVariant/53290769842473
2026-07-30 07:17:29,Pear of Green Stone Necklace,Default Title,R31428,9900.0,Restock,1,0,1,https://www.rasasilver.com/products/pear-of-green-stone-necklace?variant=gid://shopify/ProductVariant/53290771415337
2026-07-30 07:17:29,Floral Glow Stone Necklace,Default Title,R31432,17200.0,Restock,1,0,1,https://www.rasasilver.com/products/floral-glow-stone-necklace?variant=gid://shopify/ProductVariant/53290773381417
2026-07-30 07:17:29,Circle-Panna Stone Necklace,Default Title,R31437,18300.0,Restock,1,0,1,https://www.rasasilver.com/products/circle-panna-stone-necklace?variant=gid://shopify/ProductVariant/53290774888745
2026-07-30 07:17:29,Temple Devalika Necklace,Default Title,R31269,15200.0,Restock,1,0,1,https://www.rasasilver.com/products/temple-devalika-necklace?variant=gid://shopify/ProductVariant/53304635064617
2026-07-30 07:17:29,Mango-Pear Stone Matil,Default Title,R30417,14500.0,Restock,1,0,1,https://www.rasasilver.com/products/matil-2?variant=gid://shopify/ProductVariant/53306897269033
2026-07-30 07:17:29,Queen's Lakshmi Temple Necklace Set,Default Title,R29944,15300.0,Restock,1,2,3,https://www.rasasilver.com/products/queens-lakshmi-temple-necklace-set?variant=gid://shopify/ProductVariant/53310655463721
2026-07-30 07:17:29,Lakshmi-Moti Temple Necklace Set,Default Title,R29962,23200.0,Restock,1,0,1,https://www.rasasilver.com/products/lakshmi-moti-temple-necklace-set?variant=gid://shopify/ProductVariant/53312179896617
2026-07-30 07:17:29,Mayura Queen Nakshi Necklace Set,Ruby Pink,R29981,16900.0,Restock,1,1,2,https://www.rasasilver.com/products/mayura-queen-nakshi-necklace-set?variant=gid://shopify/ProductVariant/53312595624233
2026-07-30 07:17:29,Dewdrop Stone Necklace,GREEN,R29988,13500.0,Restock,1,2,3,https://www.rasasilver.com/products/dewdrop-stone-necklace-set?variant=gid://shopify/ProductVariant/53312650772777
2026-07-30 07:17:29,Suvarna Stone Necklace,Default Title,R30298,33800.0,Restock,1,1,2,https://www.rasasilver.com/products/suvarna-stone-necklace?variant=gid://shopify/ProductVariant/53312674595113
2026-07-30 07:17:29,Kite Stone Necklace Set,Default Title,R30467,13200.0,Restock,1,2,3,https://www.rasasilver.com/products/kite-stone-necklace-set?variant=gid://shopify/ProductVariant/53312818905385
2026-07-30 07:17:29,Pearl Botanica Victorian Haath Phool,Default Title,R30747,34900.0,Restock,1,1,2,https://www.rasasilver.com/products/vaibhava-victorian-haath-phool?variant=gid://shopify/ProductVariant/53329663787305
2026-07-30 07:17:29,Dulhan Floral Kundan Nath,GREEN,R32181,4500.0,Restock,1,0,1,https://www.rasasilver.com/products/dulhan-floral-kundan-nath?variant=gid://shopify/ProductVariant/53334260547881
2026-07-30 07:17:29,Dulhan Floral Kundan Nath,Swarovski,R32183,4700.0,Restock,1,0,1,https://www.rasasilver.com/products/dulhan-floral-kundan-nath?variant=gid://shopify/ProductVariant/53334260580649
2026-07-30 07:17:29,Dulhan Floral Kundan Nath,Ruby Pink,R32184,4600.0,Restock,1,0,1,https://www.rasasilver.com/products/dulhan-floral-kundan-nath?variant=gid://shopify/ProductVariant/53334260613417
2026-07-30 07:32:44,Royal Pasalu Necklace,Default Title,R12642,48000.0,Sale,1,3,2,https://www.rasasilver.com/products/royal-pasalu-necklace?variant=gid://shopify/ProductVariant/50069048852777
2026-07-30 07:32:44,Meadow Muse Pendant,Green,R17124,20600.0,Sale,1,15,14,https://www.rasasilver.com/products/meadow-muse-pendant?variant=gid://shopify/ProductVariant/52485476843817
2026-07-30 07:32:44,Gajessa Pallais Necklace Set,Default Title,R20945,111000.0,Sale,1,7,6,https://www.rasasilver.com/products/gajessa-pallais-necklace-set?variant=gid://shopify/ProductVariant/52279411081513
2026-07-30 07:32:44,Victorian Grace Necklace,Default Title,R22242,53460.0,Sale,1,3,2,https://www.rasasilver.com/products/victorian-grace-necklace?variant=gid://shopify/ProductVariant/52420044357929
2026-07-30 07:32:44,Dakshin Stone Matil,Default Title,R25139,21500.0,Sale,1,2,1,https://www.rasasilver.com/products/dakshin-stone-matil?variant=gid://shopify/ProductVariant/52667728232745
2026-07-30 07:32:44,Swril Stone Bangles,2.6,R29435,21500.0,Sale,1,2,1,https://www.rasasilver.com/products/swril-stone-bangles?variant=gid://shopify/ProductVariant/53283871883561
2026-07-30 07:32:44,Designer Oval CZ Necklace Set,Default Title,R31227,31000.0,Sale,1,4,3,https://www.rasasilver.com/products/designer-oval-cz-necklace-set?variant=gid://shopify/ProductVariant/53308731425065
2026-07-30 07:32:44,Antique Rajratna Bangles,2.7,R31234,13400.0,Sale,1,2,1,https://www.rasasilver.com/products/antique-rajratna-bangles?variant=gid://shopify/ProductVariant/53315061317929
2026-07-30 07:32:44,Ratna Utsava Stone Bangles,GREEN / 2.9,R31274,19800.0,Sale,1,3,2,https://www.rasasilver.com/products/h-1?variant=gid://shopify/ProductVariant/53324724568361
2026-07-30 07:32:44,Pear-Blossom Stone Ring,Swarovski / 13,R31659,3700.0,Sale,1,3,2,https://www.rasasilver.com/products/pear-blossom-antique-ring?variant=gid://shopify/ProductVariant/53329380966697
2026-07-30 07:32:44,Mohana Murali Haaram,Green,R11715,62100.0,Sold Out,1,1,0,https://www.rasasilver.com/products/mohana-murali-haaram?variant=gid://shopify/ProductVariant/50808103043369
2026-07-30 07:32:44,Devaani Three Layer Necklace,Default Title,R15279,71600.0,Sold Out,1,1,0,https://www.rasasilver.com/products/devaani-three-layer-necklace?variant=gid://shopify/ProductVariant/51418997883177
2026-07-30 07:32:44,Ovaflora Victorian Necklace Set,Default Title,R21346,90450.0,Sold Out,1,1,0,https://www.rasasilver.com/products/ovaflora-victorian-necklace-set?variant=gid://shopify/ProductVariant/52337579065641
2026-07-30 07:32:44,Emeravalli Victorian Necklace,Default Title,R21567,39700.0,Sold Out,1,1,0,https://www.rasasilver.com/products/emeravalli-victorian-necklace?variant=gid://shopify/ProductVariant/52344621728041
2026-07-30 07:32:44,Victorian Navakriti Necklace Set,Default Title,R22231,37400.0,Sold Out,1,1,0,https://www.rasasilver.com/products/victorian-navakriti-necklace-set?variant=gid://shopify/ProductVariant/52362235576617
2026-07-30 07:32:44,Orbit Victorian Necklace,Default Title,R22157,42300.0,Sold Out,1,1,0,https://www.rasasilver.com/products/orbit-victorian-necklace-set?variant=gid://shopify/ProductVariant/52377995542825
2026-07-30 07:32:44,Ratnarekha Stone Necklace,Default Title,R26197,39600.0,Sold Out,1,1,0,https://www.rasasilver.com/products/ratnarekha-stone-necklace?variant=gid://shopify/ProductVariant/52831853969705
2026-07-30 07:32:44,Indulekha Matil,Default Title,R25135,10550.0,Sold Out,1,1,0,https://www.rasasilver.com/products/indulekha-matil?variant=gid://shopify/ProductVariant/52898274640169
2026-07-30 07:32:44,Flora-Pink Oxidized Payal,Default Title,R21880,4600.0,Sold Out,1,1,0,https://www.rasasilver.com/products/flora-pink-oxidized-payal?variant=gid://shopify/ProductVariant/53149276733737
2026-07-30 07:32:44,Pear-Drops CZ Pendant Set,Default Title,R29529,8000.0,Sold Out,1,1,0,https://www.rasasilver.com/products/pear-drops-cz-necklace?variant=gid://shopify/ProductVariant/53282874523945
2026-07-30 07:32:44,Green-Flora Stone Kada,Default Title,R30438,9500.0,Sold Out,1,1,0,https://www.rasasilver.com/products/green-flora-stone-kada?variant=gid://shopify/ProductVariant/53299596034345
2026-07-30 07:32:44,Crystal Line Stone Bangles,2.4,R30363,25400.0,Sold Out,1,1,0,https://www.rasasilver.com/products/crystal-line-stone-bangles?variant=gid://shopify/ProductVariant/53315202253097
2026-07-30 07:32:44,Pear-Blossom Stone Ring,GREEN / 13,R31661,3600.0,Sold Out,1,1,0,https://www.rasasilver.com/products/pear-blossom-antique-ring?variant=gid://shopify/ProductVariant/53329380999465
2026-07-30 07:32:44,Srinivasa Temple Necklace,Default Title,R32093,56900.0,Sold Out,1,1,0,https://www.rasasilver.com/products/srinivasa-temple-necklace-1?variant=gid://shopify/ProductVariant/53333231501609
2026-07-30 07:32:44,Duo Hexa-Pear Moissanite Ring,Default Title,R32238,8200.0,Sold Out,1,1,0,https://www.rasasilver.com/products/duo-hexa-pear-moissanite-ring?variant=gid://shopify/ProductVariant/53336883200297
2026-07-30 07:47:25,Moissanite Nath,Default Title,R1526,3100.0,Sale,1,11,10,https://www.rasasilver.com/products/kundan-nath?variant=gid://shopify/ProductVariant/49855900451113
2026-07-30 07:47:25,Phool Shringar Short Necklace,Default Title,R15251,31900.0,Sale,1,2,1,https://www.rasasilver.com/products/phool-shringar-short-necklace?variant=gid://shopify/ProductVariant/49967315583273
2026-07-30 07:47:25,Stellar Nine Short Necklace,Default Title,R18885,17200.0,Sale,2,9,7,https://www.rasasilver.com/products/stellar-nine-short-necklace?variant=gid://shopify/ProductVariant/50083435872553
2026-07-30 07:47:25,Saubhagya Lakshmi Pendant,Default Title,R1941,16700.0,Sale,1,4,3,https://www.rasasilver.com/products/saubhagya-lakshmi-pendant?variant=gid://shopify/ProductVariant/50108983607593
2026-07-30 07:47:25,Twinkle Bindu Nath,Default Title,R16995,2700.0,Sale,1,7,6,https://www.rasasilver.com/products/twinkle-bindu-nath?variant=gid://shopify/ProductVariant/50203857420585
2026-07-30 07:47:25,Octa Scroll Shine Necklace,Default Title,R2491,33500.0,Sale,1,2,1,https://www.rasasilver.com/products/octa-scroll-shine-necklace-set?variant=gid://shopify/ProductVariant/50568825405737
2026-07-30 07:47:25,Anvitha Anuraag Studs,Default Title,R15911,4100.0,Restock,1,1,2,https://www.rasasilver.com/products/anvitha-anuraag-studs?variant=gid://shopify/ProductVariant/50716648210729
2026-07-30 07:47:25,Leaforia Bloom Necklace Set,Default Title,R11554,39500.0,Sale,1,2,1,https://www.rasasilver.com/products/leaforia-bloom-necklace-set?variant=gid://shopify/ProductVariant/50773763293481
2026-07-30 07:47:25,Moonbeam Allure Short Necklace Set,Default Title,R12412,56000.0,Sale,1,3,2,https://www.rasasilver.com/products/moonbeam-allure-short-necklace-copy?variant=gid://shopify/ProductVariant/50907092615465
2026-07-30 07:47:25,Mani Sita Navaratna Necklace,Ruby Pink,R22866,33000.0,Sale,1,4,3,https://www.rasasilver.com/products/mani-sita-necklace?variant=gid://shopify/ProductVariant/52398120665385
2026-07-30 07:47:25,Crystisq Cz Necklace,Default Title,R17633,18200.0,Sale,1,2,1,https://www.rasasilver.com/products/crystisq-necklace?variant=gid://shopify/ProductVariant/51509624766761
2026-07-30 07:47:25,Rubalyn Bloom Necklace Set,Swarovski,R18538,34700.0,Sale,1,2,1,https://www.rasasilver.com/products/ruby-fiora-necklace-set-copy?variant=gid://shopify/ProductVariant/51870106812713
2026-07-30 07:47:25,Pear-Flora Elysia Necklace Set,Default Title,R18541,42300.0,Sale,1,4,3,https://www.rasasilver.com/products/ovaliquea-spark-necklace-set-copy-1?variant=gid://shopify/ProductVariant/51871269454121
2026-07-30 07:47:25,Zyrissa Florentia Necklace Set,Default Title,R18532,25000.0,Sale,2,9,7,https://www.rasasilver.com/products/zirnova-pear-necklace-set-copy?variant=gid://shopify/ProductVariant/51872732905769
2026-07-30 07:47:25,Gutta Pasalu Necklace Set,Default Title,R19923,22700.0,Sale,1,6,5,https://www.rasasilver.com/products/gutta-pasalu-necklace-set?variant=gid://shopify/ProductVariant/52399453438249
2026-07-30 07:47:25,Moonlight CZ Necklace Set,Default Title,R22912,17600.0,Sale,2,4,2,https://www.rasasilver.com/products/moonlight-cz-necklace-set?variant=gid://shopify/ProductVariant/52419983573289
2026-07-30 07:47:25,Narashima Temple Pendant,Default Title,R22554,21600.0,Restock,1,1,2,https://www.rasasilver.com/products/narashima-temple-pendant?variant=gid://shopify/ProductVariant/52469599174953
2026-07-30 07:47:25,Navara Bloom Earrings,Default Title,R25101,4400.0,Restock,1,0,1,https://www.rasasilver.com/products/navara-bloom-earrings?variant=gid://shopify/ProductVariant/52524922831145
2026-07-30 07:47:25,Regal Trinket Necklace Set,Default Title,R25011,25500.0,Sale,3,8,5,https://www.rasasilver.com/products/regal-trinket-necklace-set?variant=gid://shopify/ProductVariant/52682036707625
2026-07-30 07:47:25,Manimala Kasu Temple Necklace,Default Title,R25191,36200.0,Sale,1,2,1,https://www.rasasilver.com/products/manimala-kasu-short-necklace?variant=gid://shopify/ProductVariant/52682145431849
2026-07-30 07:47:25,Pear-Bloom CZ Necklace,Default Title,R25497,15300.0,Sale,1,4,3,https://www.rasasilver.com/products/pear-bloom-cz-necklace?variant=gid://shopify/ProductVariant/52712536637737
2026-07-30 07:47:25,Ivory Spark CZ Necklace,Default Title,R25500,11000.0,Sale,1,2,1,https://www.rasasilver.com/products/ivory-spark-cz-necklace?variant=gid://shopify/ProductVariant/52712569962793
2026-07-30 07:47:25,Pearique Luxe CZ Necklace Set,Ruby Pink,R26768,16000.0,Sale,1,3,2,https://www.rasasilver.com/products/tearique-luxe-cz-necklace-set?variant=gid://shopify/ProductVariant/52881415799081
2026-07-30 07:47:25,Neeraja Stone Pendant,Default Title,R26198,11900.0,Restock,1,0,1,https://www.rasasilver.com/products/neeraja-stone-pendant?variant=gid://shopify/ProductVariant/52881919541545
2026-07-30 07:47:25,Kshira Temple Studs,Default Title,R28255,3300.0,Restock,1,0,1,https://www.rasasilver.com/products/kshira-temple-studs?variant=gid://shopify/ProductVariant/53133631947049
2026-07-30 07:47:25,Amara Shine Necklace Set,Default Title,R28388,15800.0,Sale,1,2,1,https://www.rasasilver.com/products/amara-shine-necklace-set?variant=gid://shopify/ProductVariant/53138163368233
2026-07-30 07:47:25,Anvika Glow CZ Necklace Set,Default Title,R28050,32500.0,Sale,1,6,5,https://www.rasasilver.com/products/vritta-cz-necklace-set-copy?variant=gid://shopify/ProductVariant/53161097494825
2026-07-30 07:47:25,Linea Luxe CZ Necklace Set,Default Title,R28068,26300.0,Sale,1,3,2,https://www.rasasilver.com/products/rectoriae-cz-necklace-set-copy?variant=gid://shopify/ProductVariant/53161109422377
2026-07-30 07:47:25,Blue-Floriya CZ Necklace,Blue,R29478,10300.0,Sale,1,2,1,https://www.rasasilver.com/products/blue-floriya-cz-necklace?variant=gid://shopify/ProductVariant/53282524660009
2026-07-30 07:47:25,Blue-Floriya CZ Necklace,GREEN,R29480,10300.0,Sale,1,2,1,https://www.rasasilver.com/products/blue-floriya-cz-necklace?variant=gid://shopify/ProductVariant/53282524692777
2026-07-30 07:47:25,Greenika-Pear CZ Necklace,GREEN,R29501,13900.0,Sale,1,2,1,https://www.rasasilver.com/products/greenika-pear-cz-necklace?variant=gid://shopify/ProductVariant/53282539569449
2026-07-30 07:47:25,Glitter Glow CZ Necklace,Default Title,R29524,10500.0,Sale,1,2,1,https://www.rasasilver.com/products/butterfly-grace-cz-necklace?variant=gid://shopify/ProductVariant/53282551857449
2026-07-30 07:47:25,Floral Spark CZ Necklace,Default Title,R29528,16300.0,Sale,1,2,1,https://www.rasasilver.com/products/floral-spark-cz-necklace?variant=gid://shopify/ProductVariant/53282569290025
2026-07-30 07:47:25,Viridia CZ Kada,Default Title,R29498,3500.0,Restock,1,0,1,https://www.rasasilver.com/products/viridia-cz-kada?variant=gid://shopify/ProductVariant/53283846488361
2026-07-30 07:47:25,Designer Oval CZ Necklace Set,Default Title,R31227,31000.0,Sale,1,3,2,https://www.rasasilver.com/products/designer-oval-cz-necklace-set?variant=gid://shopify/ProductVariant/53308731425065
2026-07-30 07:47:25,Queen's Lakshmi Temple Necklace Set,Default Title,R29944,15300.0,Sale,1,3,2,https://www.rasasilver.com/products/queens-lakshmi-temple-necklace-set?variant=gid://shopify/ProductVariant/53310655463721
2026-07-30 07:47:25,Mayura Queen Nakshi Necklace Set,Ruby Pink,R29981,16900.0,Sale,1,2,1,https://www.rasasilver.com/products/mayura-queen-nakshi-necklace-set?variant=gid://shopify/ProductVariant/53312595624233
2026-07-30 07:47:25,Dewdrop Stone Necklace,GREEN,R29988,13500.0,Sale,1,3,2,https://www.rasasilver.com/products/dewdrop-stone-necklace-set?variant=gid://shopify/ProductVariant/53312650772777
2026-07-30 07:47:25,Suvarna Stone Necklace,Default Title,R30298,33800.0,Sale,1,2,1,https://www.rasasilver.com/products/suvarna-stone-necklace?variant=gid://shopify/ProductVariant/53312674595113
2026-07-30 07:47:25,Kite Stone Necklace Set,Default Title,R30467,13200.0,Sale,1,3,2,https://www.rasasilver.com/products/kite-stone-necklace-set?variant=gid://shopify/ProductVariant/53312818905385
2026-07-30 07:47:25,Pearl Botanica Victorian Haath Phool,Default Title,R30747,34900.0,Sale,1,2,1,https://www.rasasilver.com/products/vaibhava-victorian-haath-phool?variant=gid://shopify/ProductVariant/53329663787305
2026-07-30 07:47:25,Lakshmi Kasu Pendant,Default Title,R1748,6400.0,Sold Out,1,1,0,https://www.rasasilver.com/products/lakshmi-kasu-pendant?variant=gid://shopify/ProductVariant/49809904075049
2026-07-30 07:47:25,Glitter Flora Pendant,Default Title,R11316,14310.0,Sold Out,1,1,0,https://www.rasasilver.com/products/glitter-flora-pendant?variant=gid://shopify/ProductVariant/50757187404073
2026-07-30 07:47:25,Olivienne Short Necklace,Default Title,R11714,24390.0,Sold Out,1,1,0,https://www.rasasilver.com/products/olivienne-short-necklace?variant=gid://shopify/ProductVariant/50808782520617
2026-07-30 07:47:25,Ratna Alankaram Short Necklace,Default Title,R11721,32100.0,Sold Out,1,1,0,https://www.rasasilver.com/products/ratna-alankaram-short-necklace?variant=gid://shopify/ProductVariant/50809013010729
2026-07-30 07:47:25,Rose Vaibhavam Short Necklace,Navaratna Colour,R11702,23400.0,Sold Out,1,1,0,https://www.rasasilver.com/products/rose-vaibhavam-short-necklace?variant=gid://shopify/ProductVariant/50817561526569
2026-07-30 07:47:25,Anira Stone Short Necklace,Default Title,R15803,25000.0,Sold Out,1,1,0,https://www.rasasilver.com/products/rosavine-cz-necklace-copy?variant=gid://shopify/ProductVariant/51408239100201
2026-07-30 07:47:25,Czquare Necklace Set,Default Title,R17006,54500.0,Sold Out,1,1,0,https://www.rasasilver.com/products/czquare-necklace-set?variant=gid://shopify/ProductVariant/51487852626217
2026-07-30 07:47:25,Zircelle Glow Necklace Set,Default Title,R18517,26600.0,Sold Out,1,1,0,https://www.rasasilver.com/products/recta-cz-linkora-necklace-set-copy?variant=gid://shopify/ProductVariant/51872331727145
2026-07-30 07:47:25,Jodi Morni Necklace Set,Default Title,R18253,110100.0,Sold Out,1,1,0,https://www.rasasilver.com/products/jodi-morni-necklace-set?variant=gid://shopify/ProductVariant/52013663453481
2026-07-30 07:47:25,Navarang Oval Bangles,Navaratna Colour / 2.5,R19949,21000.0,Sold Out,1,1,0,https://www.rasasilver.com/products/navarang-oval-bangles?variant=gid://shopify/ProductVariant/52209180573993
2026-07-30 07:47:25,Grevia CZ Necklace Set,Default Title,R22177,35400.0,Sold Out,1,1,0,https://www.rasasilver.com/products/cz-necklace-set-1?variant=gid://shopify/ProductVariant/52390300877097
2026-07-30 07:47:25,Two-Layers Antique Mala,Default Title,R24793,23100.0,Sold Out,1,1,0,https://www.rasasilver.com/products/two-layers-antique-mala?variant=gid://shopify/ProductVariant/52668091892009
2026-07-30 07:47:25,Ember Gold CZ Necklace Set,Default Title,R25062,23500.0,Sold Out,1,1,0,https://www.rasasilver.com/products/ember-gold-cz-necklace-set?variant=gid://shopify/ProductVariant/52682093461801
2026-07-30 07:47:25,Kanakprabha Short Necklace,Default Title,R24646,41500.0,Sold Out,1,1,0,https://www.rasasilver.com/products/kanakprabha-short-necklace?variant=gid://shopify/ProductVariant/52682136355113
2026-07-30 07:47:25,Bagh-Manik Stone Necklace,Default Title,R25124,37800.0,Sold Out,1,1,0,https://www.rasasilver.com/products/bagh-manik-stone-necklace?variant=gid://shopify/ProductVariant/52723633652009
2026-07-30 07:47:25,Suvalaya Temple Necklace,Ruby Pink,R25872,31200.0,Sold Out,1,1,0,https://www.rasasilver.com/products/ratnashri-short-temple-necklace-copy?variant=gid://shopify/ProductVariant/52828521857321
2026-07-30 07:47:25,Florentine CZ Necklace Set,Default Title,R26750,15900.0,Sold Out,1,1,0,https://www.rasasilver.com/products/vasanthika-cz-necklace-copy?variant=gid://shopify/ProductVariant/52880314990889
2026-07-30 07:47:25,Ratanprabha Stone Necklace,Default Title,R27931,30900.0,Sold Out,1,1,0,https://www.rasasilver.com/products/vilasini-temple-bottu-necklace-copy?variant=gid://shopify/ProductVariant/53163330306345
2026-07-30 07:47:25,Blue-Floriya CZ Necklace,Red,R29481,10300.0,Sold Out,1,1,0,https://www.rasasilver.com/products/blue-floriya-cz-necklace?variant=gid://shopify/ProductVariant/53282526593321
2026-07-30 07:47:25,Panna-Droplet CZ Necklace,Default Title,R29507,8600.0,Sold Out,1,1,0,https://www.rasasilver.com/products/panna-droplet-cz-necklace?variant=gid://shopify/ProductVariant/53282541371689
2026-07-30 07:47:25,Ovalika-Green CZ Necklace,Default Title,R29536,21200.0,Sold Out,1,1,0,https://www.rasasilver.com/products/ovalika-green-cz-necklace?variant=gid://shopify/ProductVariant/53282575876393
2026-07-30 07:47:25,Blossom-Green CZ Necklace,Default Title,R29543,23300.0,Sold Out,1,1,0,https://www.rasasilver.com/products/blossom-green-cz-necklace?variant=gid://shopify/ProductVariant/53282606514473
2026-07-30 07:47:25,Bloom Aura Stone Necklace,Default Title,R29469,18700.0,Sold Out,1,1,0,https://www.rasasilver.com/products/bloom-aura-stone-necklace?variant=gid://shopify/ProductVariant/53282819277097
2026-07-30 07:47:25,Beaded Heart Oxidized Payal,Default Title,R31647,3600.0,Sold Out,1,1,0,https://www.rasasilver.com/products/beaded-heart-oxidized-payal?variant=gid://shopify/ProductVariant/53286160138537
2026-07-30 07:47:25,Crystal Drop Stone Necklace,Default Title,R31426,10700.0,Sold Out,1,1,0,https://www.rasasilver.com/products/crystal-drop-stone-necklace?variant=gid://shopify/ProductVariant/53290769842473
2026-07-30 07:47:25,Pear of Green Stone Necklace,Default Title,R31428,9900.0,Sold Out,1,1,0,https://www.rasasilver.com/products/pear-of-green-stone-necklace?variant=gid://shopify/ProductVariant/53290771415337
2026-07-30 07:47:25,Floral Glow Stone Necklace,Default Title,R31432,17200.0,Sold Out,1,1,0,https://www.rasasilver.com/products/floral-glow-stone-necklace?variant=gid://shopify/ProductVariant/53290773381417
2026-07-30 07:47:25,Circle-Panna Stone Necklace,Default Title,R31437,18300.0,Sold Out,1,1,0,https://www.rasasilver.com/products/circle-panna-stone-necklace?variant=gid://shopify/ProductVariant/53290774888745
2026-07-30 07:47:25,Temple Devalika Necklace,Default Title,R31269,15200.0,Sold Out,1,1,0,https://www.rasasilver.com/products/temple-devalika-necklace?variant=gid://shopify/ProductVariant/53304635064617
2026-07-30 07:47:25,Mango-Pear Stone Matil,Default Title,R30417,14500.0,Sold Out,1,1,0,https://www.rasasilver.com/products/matil-2?variant=gid://shopify/ProductVariant/53306897269033
2026-07-30 07:47:25,Lakshmi-Moti Temple Necklace Set,Default Title,R29962,23200.0,Sold Out,1,1,0,https://www.rasasilver.com/products/lakshmi-moti-temple-necklace-set?variant=gid://shopify/ProductVariant/53312179896617
2026-07-30 07:47:25,Dulhan Floral Kundan Nath,GREEN,R32181,4500.0,Sold Out,1,1,0,https://www.rasasilver.com/products/dulhan-floral-kundan-nath?variant=gid://shopify/ProductVariant/53334260547881
2026-07-30 07:47:25,Dulhan Floral Kundan Nath,Swarovski,R32183,4700.0,Sold Out,1,1,0,https://www.rasasilver.com/products/dulhan-floral-kundan-nath?variant=gid://shopify/ProductVariant/53334260580649
2026-07-30 07:47:25,Dulhan Floral Kundan Nath,Ruby Pink,R32184,4600.0,Sold Out,1,1,0,https://www.rasasilver.com/products/dulhan-floral-kundan-nath?variant=gid://shopify/ProductVariant/53334260613417
2026-07-30 08:02:56,Ovalor Stone Ring,Ruby Pink,R17311,3450.0,Sale,1,10,9,https://www.rasasilver.com/products/ovalor-ring?variant=gid://shopify/ProductVariant/51472177692969
2026-07-30 08:02:56,Navarya Stone Ring,Default Title,R20505,3800.0,Sale,1,7,6,https://www.rasasilver.com/products/navarya-ring?variant=gid://shopify/ProductVariant/50809191727401
2026-07-30 08:02:56,Mani Sita Navaratna Necklace,GREEN,R22868,33000.0,Sale,2,5,3,https://www.rasasilver.com/products/mani-sita-necklace?variant=gid://shopify/ProductVariant/52398120698153
2026-07-30 08:02:56,Petalova Necklace Cz Set,Default Title,R17575,175000.0,Sale,1,2,1,https://www.rasasilver.com/products/petalova-necklace-set?variant=gid://shopify/ProductVariant/51509464170793
2026-07-30 08:02:56,Navarika CZ Necklace Set,Default Title,R22641,34100.0,Sale,1,2,1,https://www.rasasilver.com/products/navarika-cz-necklace-set?variant=gid://shopify/ProductVariant/52390554894633
2026-07-30 08:02:56,Morvya Kasu Necklace,Default Title,R22672,101200.0,Sale,1,3,2,https://www.rasasilver.com/products/morvya-kasu-necklace?variant=gid://shopify/ProductVariant/52393214705961
2026-07-30 08:02:56,Square-Rosy Stone Bangles,Ruby Pink / 2.4,R25305,19500.0,Sale,1,4,3,https://www.rasasilver.com/products/square-rosy-stone-bangles?variant=gid://shopify/ProductVariant/52668463382825
2026-07-30 08:02:56,Square-Rosy Stone Bangles,Ruby Pink / 2.5,R25305,19500.0,Sale,1,4,3,https://www.rasasilver.com/products/square-rosy-stone-bangles?variant=gid://shopify/ProductVariant/52704115949865
2026-07-30 08:02:56,Square-Rosy Stone Bangles,Ruby Pink / 2.6,R25305,19500.0,Sale,1,4,3,https://www.rasasilver.com/products/square-rosy-stone-bangles?variant=gid://shopify/ProductVariant/52704115982633
2026-07-30 08:02:56,Regal Trinket Necklace Set,Default Title,R25011,25500.0,Sale,1,5,4,https://www.rasasilver.com/products/regal-trinket-necklace-set?variant=gid://shopify/ProductVariant/52682036707625
2026-07-30 08:02:56,Dakshina Kundan Pendant,Default Title,R24956,22600.0,Sale,1,5,4,https://www.rasasilver.com/products/dakshina-kundan-pendant?variant=gid://shopify/ProductVariant/52748266471721
2026-07-30 08:02:56,Vaibhavmala Temple Kasu Necklace,Default Title,R26075,46750.0,Sale,1,2,1,https://www.rasasilver.com/products/vaibhavmala-temple-kasu-necklace?variant=gid://shopify/ProductVariant/52871775256873
2026-07-30 08:02:56,Drovella CZ Necklace,Default Title,R26754,18300.0,Sale,1,2,1,https://www.rasasilver.com/products/drovella-cz-necklace?variant=gid://shopify/ProductVariant/52881079697705
2026-07-30 08:02:56,Indira Temple Necklace,Default Title,R26317,8700.0,Sale,1,4,3,https://www.rasasilver.com/products/indira-temple-necklace?variant=gid://shopify/ProductVariant/52889885016361
2026-07-30 08:02:56,Shreeka Temple Necklace,Default Title,R26320,9900.0,Sale,1,3,2,https://www.rasasilver.com/products/indira-temple-necklace-copy-1?variant=gid://shopify/ProductVariant/52889966149929
2026-07-30 08:02:56,Kalasha-Lakshmi Temple Necklace,Default Title,R28590,8000.0,Sale,1,3,2,https://www.rasasilver.com/products/kalasha-lakshmi-temple-necklace?variant=gid://shopify/ProductVariant/53266747162921
2026-07-30 08:02:56,Queen's Lakshmi Temple Necklace Set,Default Title,R29944,15300.0,Sale,1,2,1,https://www.rasasilver.com/products/queens-lakshmi-temple-necklace-set?variant=gid://shopify/ProductVariant/53310655463721
2026-07-30 08:02:56,Kite Stone Necklace Set,Default Title,R30467,13200.0,Sale,1,2,1,https://www.rasasilver.com/products/kite-stone-necklace-set?variant=gid://shopify/ProductVariant/53312818905385
2026-07-30 08:02:56,Gulabi Grace Stone Bangles,Size,R31243,22300.0,Sale,1,4,3,https://www.rasasilver.com/products/harini-grace-stone-bangles?variant=gid://shopify/ProductVariant/53324605587753
2026-07-30 08:02:56,Starry Blue Cz Necklace Set,Default Title,R17724,22000.0,Sold Out,1,1,0,https://www.rasasilver.com/products/starry-blue-necklace-set?variant=gid://shopify/ProductVariant/51509444575529
2026-07-30 08:02:56,Prism CZ Necklace Set,Blue,R31367,28700.0,Sold Out,1,1,0,https://www.rasasilver.com/products/prism-cz-necklace-set?variant=gid://shopify/ProductVariant/53323393368361
2026-07-30 08:02:56,Amaya Pear CZ Necklace Set,Default Title,R26783,31000.0,Sold Out,1,1,0,https://www.rasasilver.com/products/amaya-tear-cz-necklace-set?variant=gid://shopify/ProductVariant/52881956602153
2026-07-30 08:02:56,Ira Prism CZ Necklace Set,Default Title,R28136,23400.0,Sold Out,1,1,0,https://www.rasasilver.com/products/linea-luxe-cz-necklace-set-copy?variant=gid://shopify/ProductVariant/53161286467881
2026-07-30 08:02:56,Krupa Kasu Temple Necklace,Default Title,R32170,51600.0,Sold Out,1,1,0,https://www.rasasilver.com/products/navil-krupa-jadau-necklace?variant=gid://shopify/ProductVariant/53333186314537
2026-07-30 08:02:56,Twin-Soul Moissanite Ring,Default Title,R32236,5800.0,Sold Out,1,1,0,https://www.rasasilver.com/products/twin-soul-moissanite-ring?variant=gid://shopify/ProductVariant/53336879726889
2026-07-30 08:02:56,Prakriti Garuda Pendant,Default Title,R14636,34700.0,Sold Out,1,1,0,https://www.rasasilver.com/products/pendant-11?variant=gid://shopify/ProductVariant/51317619261737
2026-07-30 08:02:56,Shashi Raga Maang Tikka,Default Title,R15292,13300.0,Sold Out,1,1,0,https://www.rasasilver.com/products/shashi-raga-maang-tikka?variant=gid://shopify/ProductVariant/51488406798633
2026-07-30 08:02:56,Kundan Rose Choker,Default Title,R23170,17910.0,Sold Out,1,1,0,https://www.rasasilver.com/products/kundan-rose-choker?variant=gid://shopify/ProductVariant/52469528854825
2026-07-30 08:02:56,Swarnika Temple Necklace,Default Title,R28184,17500.0,Sold Out,1,1,0,https://www.rasasilver.com/products/mrinalini-temple-short-necklace-copy-1?variant=gid://shopify/ProductVariant/53071412166953
2026-07-30 08:02:56,Vaidehi Stone Matil,GREEN,R28514,14800.0,Sold Out,1,1,0,https://www.rasasilver.com/products/vaidehi-stone-matil?variant=gid://shopify/ProductVariant/53269154693417
2026-07-30 08:02:56,Devalaya-Mayura Temple Necklace,Default Title,R31279,26000.0,Sold Out,1,1,0,https://www.rasasilver.com/products/devalaya-mayura-temple-necklace?variant=gid://shopify/ProductVariant/53305325027625
2026-07-30 08:17:32,Moissanite Nath,Default Title,R1526,3100.0,Sale,2,10,8,https://www.rasasilver.com/products/kundan-nath?variant=gid://shopify/ProductVariant/49855900451113
2026-07-30 08:17:32,Saanjh Stone Earring,Ruby Pink,R11780,3500.0,Sale,1,15,14,https://www.rasasilver.com/products/saanjh-earring?variant=gid://shopify/ProductVariant/50869131313449
2026-07-30 08:17:32,Emera Glow Studs,Default Title,R15799,3250.0,Sale,1,4,3,https://www.rasasilver.com/products/rasi-kala-studs-1?variant=gid://shopify/ProductVariant/50140400288041
2026-07-30 08:17:32,Aryanath Stud Earrings,Default Title,R20335,2700.0,Sale,1,5,4,https://www.rasasilver.com/products/aryanath-studs?variant=gid://shopify/ProductVariant/50140457992489
2026-07-30 08:17:32,The Rosary Stud Earrings,Ruby Pink,R11812,3900.0,Sale,1,6,5,https://www.rasasilver.com/products/the-rosary-studs?variant=gid://shopify/ProductVariant/50869167980841
2026-07-30 08:17:32,Ruby Stone Studs,Default Title,R22470,3700.0,Sale,1,5,4,https://www.rasasilver.com/products/pure-essence-studs?variant=gid://shopify/ProductVariant/50158302298409
2026-07-30 08:17:32,Mani Bandha Bangles,2.4,R14974,19300.0,Sale,1,7,6,https://www.rasasilver.com/products/mani-bandha-bangles?variant=gid://shopify/ProductVariant/52263721697577
2026-07-30 08:17:32,Gulnari Stud Earrings,Default Title,R16201,3200.0,Sale,1,11,10,https://www.rasasilver.com/products/sakshi-2?variant=gid://shopify/ProductVariant/50444092637481
2026-07-30 08:17:32,Gulaabsiya Stud Earrings,Default Title,R2436,2900.0,Sale,1,8,7,https://www.rasasilver.com/products/gulaabsiya-studs?variant=gid://shopify/ProductVariant/50624754155817
2026-07-30 08:17:32,Chamak Phool Studs,Default Title,R15775,4000.0,Sale,1,6,5,https://www.rasasilver.com/products/chamak-phool-studs?variant=gid://shopify/ProductVariant/50624958300457
2026-07-30 08:17:32,Ovalor Stone Ring,Ruby Pink,R17311,3450.0,Sale,2,9,7,https://www.rasasilver.com/products/ovalor-ring?variant=gid://shopify/ProductVariant/51472177692969
2026-07-30 08:17:32,Smaragda Spark Ring,GREEN,R17369,3200.0,Sale,4,10,6,https://www.rasasilver.com/products/smaragda-spark-ring?variant=gid://shopify/ProductVariant/51471916794153
2026-07-30 08:17:32,Smaragda Spark Ring,Ruby Pink,R17301,3200.0,Sale,1,7,6,https://www.rasasilver.com/products/smaragda-spark-ring?variant=gid://shopify/ProductVariant/51471916826921
2026-07-30 08:17:32,Navora Stud Earrings,Default Title,R17411,4000.0,Sale,1,2,1,https://www.rasasilver.com/products/navora-studs?variant=gid://shopify/ProductVariant/50643117310249
2026-07-30 08:17:32,Blume Stud Earrings,Default Title,R2821,3450.0,Sale,2,5,3,https://www.rasasilver.com/products/no-image-11?variant=gid://shopify/ProductVariant/50677089304873
2026-07-30 08:17:32,Malvika Blooms Studs,Swarovski,R20395,2600.0,Sale,1,12,11,https://www.rasasilver.com/products/18-1?variant=gid://shopify/ProductVariant/50712467964201
2026-07-30 08:17:32,Mogralika Stud Earrings,GREEN,R20364,4900.0,Sale,2,6,4,https://www.rasasilver.com/products/21-1?variant=gid://shopify/ProductVariant/52279182229801
2026-07-30 08:17:32,Devi Chakra Stud Earrings,Default Title,R17386,3700.0,Sale,2,8,6,https://www.rasasilver.com/products/devi-chakra-studs?variant=gid://shopify/ProductVariant/50777351586089
2026-07-30 08:17:32,Ovalika Stone Danglers,Default Title,R11743,3300.0,Sale,1,10,9,https://www.rasasilver.com/products/ovalika-danglers?variant=gid://shopify/ProductVariant/50808249778473
2026-07-30 08:17:32,Back Belt,Default Title,R11605,44400.0,Sale,1,13,12,https://www.rasasilver.com/products/back-belt?variant=gid://shopify/ProductVariant/50808980635945
2026-07-30 08:17:32,Crimora Stud Earrings,Default Title,R11810,2500.0,Sale,1,7,6,https://www.rasasilver.com/products/crimora-oval-studs?variant=gid://shopify/ProductVariant/50809673810217
2026-07-30 08:17:32,Rubora Stud Earrings,Default Title,R20381,2100.0,Sale,1,9,8,https://www.rasasilver.com/products/rubora-oval-studs?variant=gid://shopify/ProductVariant/50809700581673
2026-07-30 08:17:32,Gaurangi Stud Earrings,GREEN,R17416,3300.0,Sale,3,7,4,https://www.rasasilver.com/products/gaurangi-phool-studs?variant=gid://shopify/ProductVariant/51472911106345
2026-07-30 08:17:32,Empriva Stud Earrings,Default Title,R17406,3800.0,Sale,1,13,12,https://www.rasasilver.com/products/empriva-studs?variant=gid://shopify/ProductVariant/50829261046057
2026-07-30 08:17:32,Zephyra Fine Kada,Default Title,R12942,7800.0,Sale,1,3,2,https://www.rasasilver.com/products/zephyra-kada?variant=gid://shopify/ProductVariant/51198012883241
2026-07-30 08:17:32,Raj-Kusum Kundan Jhumki,Default Title,R13494,22700.0,Sale,1,3,2,https://www.rasasilver.com/products/raj-kusum-jhumkis?variant=gid://shopify/ProductVariant/51205608177961
2026-07-30 08:17:32,Rani Gulmohar Stud Earrings,Ruby Pink,R15962,3500.0,Sale,1,2,1,https://www.rasasilver.com/products/rani-gulmohar-studs?variant=gid://shopify/ProductVariant/51356312764713
2026-07-30 08:17:32,Divine Bells Studs,Default Title,R17484,3600.0,Sale,1,5,4,https://www.rasasilver.com/products/divine-bells-studs?variant=gid://shopify/ProductVariant/51488529056041
2026-07-30 08:17:32,Chola Charm Stud Earrings,Default Title,R17344,5600.0,Sale,1,7,6,https://www.rasasilver.com/products/chola-charm-studs?variant=gid://shopify/ProductVariant/51488623395113
2026-07-30 08:17:32,Aaryushi Silver Payal,GREEN,R16459,20100.0,Sale,1,3,2,https://www.rasasilver.com/products/aaryushi-payal?variant=gid://shopify/ProductVariant/51495379304745
2026-07-30 08:17:32,Anzuri Rose Payal,GREEN,R16472,19800.0,Sale,1,3,2,https://www.rasasilver.com/products/anzuri-rose-payal?variant=gid://shopify/ProductVariant/51495597441321
2026-07-30 08:17:32,Dhanika Bangles,Ruby Pink / 2.7,R17350,18500.0,Sale,1,3,2,https://www.rasasilver.com/products/dhanika-bangles?variant=gid://shopify/ProductVariant/52273420075305
2026-07-30 08:17:32,Dhanika Bangles,Ruby Pink / 2.6,R17350,18500.0,Sale,1,3,2,https://www.rasasilver.com/products/dhanika-bangles?variant=gid://shopify/ProductVariant/52273497309481
2026-07-30 08:17:32,Dhanika Bangles,Ruby Pink / 2.8,R17350,18500.0,Sale,1,3,2,https://www.rasasilver.com/products/dhanika-bangles?variant=gid://shopify/ProductVariant/52274222432553
2026-07-30 08:17:32,Blumira Stone Ring,Swarovski / 12,R16688,3900.0,Sale,1,3,2,https://www.rasasilver.com/products/blumira-ring?variant=gid://shopify/ProductVariant/52166946292009
2026-07-30 08:17:32,Rosalya Stone Ring,Ruby Pink / 5.4,R16685,3400.0,Sale,1,5,4,https://www.rasasilver.com/products/rosalya-ring?variant=gid://shopify/ProductVariant/52166987907369
2026-07-30 08:17:32,Garden Pear Victorian Bangles,2.4,R24455,47970.0,Sale,1,3,2,https://www.rasasilver.com/products/garden-pear-victorian-bangles?variant=gid://shopify/ProductVariant/52535424123177
2026-07-30 08:17:32,Garden Pear Victorian Bangles,2.6,R24455,47970.0,Sale,1,3,2,https://www.rasasilver.com/products/garden-pear-victorian-bangles?variant=gid://shopify/ProductVariant/52535424155945
2026-07-30 08:17:32,Rosethra Stone Studs,Default Title,R25501,3500.0,Sale,1,2,1,https://www.rasasilver.com/products/blossira-stone-studs-copy-2?variant=gid://shopify/ProductVariant/52921695600937
2026-07-30 08:17:32,Adiva Oxidised Jhumki,Default Title,R27981,7800.0,Sale,1,3,2,https://www.rasasilver.com/products/adiva-oxidised-jhumki?variant=gid://shopify/ProductVariant/53150291099945
2026-07-30 08:17:32,Kankana Oxidised Jhumki,Default Title,R28002,5100.0,Sale,1,3,2,https://www.rasasilver.com/products/vruksha-oxidised-jhumki-copy?variant=gid://shopify/ProductVariant/53160158036265
2026-07-30 08:17:32,Kamalika Antique Bangles,Default Title,R27858,30200.0,Sale,1,2,1,https://www.rasasilver.com/products/antique-bangles?variant=gid://shopify/ProductVariant/53173801976105
2026-07-30 08:17:32,Suhasini Temple Maang Tikka,GREEN,R28580,3600.0,Sale,1,4,3,https://www.rasasilver.com/products/suhasini-temple-maang-tikka?variant=gid://shopify/ProductVariant/53269237727529
2026-07-30 08:17:32,CZ Rosetta Danglers,GREEN,R29561,3400.0,Sale,1,3,2,https://www.rasasilver.com/products/cz-rosetta-danglers?variant=gid://shopify/ProductVariant/53282952741161
2026-07-30 08:17:32,Lustrelle Stone Bangles,2.5,R29452,22300.0,Sale,1,3,2,https://www.rasasilver.com/products/lustrelle-stone-bangles?variant=gid://shopify/ProductVariant/53283968745769
2026-07-30 08:17:32,Beaded Charm Ear Cuff,Default Title,R31572,1300.0,Sale,1,4,3,https://www.rasasilver.com/products/beaded-charm-ear-cuff?variant=gid://shopify/ProductVariant/53286096306473
2026-07-30 08:17:32,Divine Temple Pendant,Default Title,R30351,14500.0,Sale,1,2,1,https://www.rasasilver.com/products/divine-temple-pendant?variant=gid://shopify/ProductVariant/53308704063785
2026-07-30 08:17:32,Square-Greena Stone Bangles,2.7,R30326,20600.0,Sale,1,2,1,https://www.rasasilver.com/products/square-greena-stone-bangles?variant=gid://shopify/ProductVariant/53315097428265
2026-07-30 08:17:32,Oval-Pushp Stone Bangles,2.4,R31252,19400.0,Sale,1,3,2,https://www.rasasilver.com/products/oval-pushp-stone-bangles?variant=gid://shopify/ProductVariant/53324650414377
2026-07-30 08:17:32,Ratna Utsava Stone Bangles,Ruby Pink / 2.8,R31277,20250.0,Sale,1,2,1,https://www.rasasilver.com/products/h-1?variant=gid://shopify/ProductVariant/53324727058729
2026-07-30 08:17:32,Balaji Saubhagya Short Necklace,GREEN,R7599,77130.0,Sold Out,1,1,0,https://www.rasasilver.com/products/balaji-saubhagya-short-necklace?variant=gid://shopify/ProductVariant/50425990906153
2026-07-30 08:17:32,Mallika Ruchi Ring,Default Title,R16015,2100.0,Sold Out,1,1,0,https://www.rasasilver.com/products/ritu?variant=gid://shopify/ProductVariant/50443962089769
2026-07-30 08:17:32,Mayurika Kusum Short Necklace,Default Title,R5688,44700.0,Sold Out,1,1,0,https://www.rasasilver.com/products/mayurika-kusum-short-necklace?variant=gid://shopify/ProductVariant/50528929874217
2026-07-30 08:17:32,Zirconika Stone Ring,Ruby Pink,R17281,2250.0,Sold Out,1,1,0,https://www.rasasilver.com/products/zirconika-ring?variant=gid://shopify/ProductVariant/51412229259561
2026-07-30 08:17:32,Ruvanya Stone Ring,Ruby Pink / 12,R16060,3100.0,Sold Out,1,1,0,https://www.rasasilver.com/products/ring-22?variant=gid://shopify/ProductVariant/51350170468649
2026-07-30 08:17:32,Pearl Wink  Earrings,Default Title,R16325,5900.0,Sold Out,1,1,0,https://www.rasasilver.com/products/peony-pearl-studs?variant=gid://shopify/ProductVariant/51362402500905
2026-07-30 08:17:32,Ovalmera Stone Bangles,2.4,R2874,23400.0,Sold Out,1,1,0,https://www.rasasilver.com/products/ovalmera-bangles?variant=gid://shopify/ProductVariant/52263740440873
2026-07-30 08:17:32,Florya Victorian Bangles,2.8,R20213,49200.0,Sold Out,1,1,0,https://www.rasasilver.com/products/florya-bangles?variant=gid://shopify/ProductVariant/52279481794857
2026-07-30 08:17:32,Marigolda Victorian Studs,Default Title,R22019,14200.0,Sold Out,1,1,0,https://www.rasasilver.com/products/marigolda-victorian-studs?variant=gid://shopify/ProductVariant/52333763428649
2026-07-30 08:17:32,Half Crystal Studs,Default Title,R20613,2800.0,Sold Out,1,1,0,https://www.rasasilver.com/products/half-crystal-studs?variant=gid://shopify/ProductVariant/52494047871273
2026-07-30 08:17:32,Nauka Kundan Danglers,GREEN,R23344,9000.0,Sold Out,1,1,0,https://www.rasasilver.com/products/nauka-kundan-danglers-copy?variant=gid://shopify/ProductVariant/52511283478825
2026-07-30 08:17:32,Pearl Butterflies Ring,Default Title,R8634,1260.0,Sold Out,1,1,0,https://www.rasasilver.com/products/pearl-butterflies-ring?variant=gid://shopify/ProductVariant/52511333613865
2026-07-30 08:17:32,Radiance Studs,Purple,R28372,4600.0,Sold Out,1,1,0,https://www.rasasilver.com/products/myra-emerald-cz-studs?variant=gid://shopify/ProductVariant/53131822596393
2026-07-30 08:17:32,Saisha Toe Ring,GREEN,R13090,1800.0,Sold Out,1,1,0,https://www.rasasilver.com/products/saisha-toe-ring?variant=gid://shopify/ProductVariant/53263394701609
2026-07-30 08:17:32,Evil-Eye Oxidised Payal,Default Title,R14079,7200.0,Sold Out,1,1,0,https://www.rasasilver.com/products/evil-eye-oxidized-payal?variant=gid://shopify/ProductVariant/53149746102569
2026-07-30 08:17:32,Gulnaar Oxidised Jhumki,Default Title,R12991,5700.0,Sold Out,1,1,0,https://www.rasasilver.com/products/rajputi-oxidised-danglers-copy?variant=gid://shopify/ProductVariant/53150141710633
2026-07-30 08:17:32,Blossira Antique Bangles,Default Title,R28293,50500.0,Sold Out,1,1,0,https://www.rasasilver.com/products/blossira-antique-bangles?variant=gid://shopify/ProductVariant/53173673656617
2026-07-30 08:17:32,Chakra-Floral Nakshi Studs,Default Title,R28585,4800.0,Sold Out,1,1,0,https://www.rasasilver.com/products/chakra-floral-nakshi-studs?variant=gid://shopify/ProductVariant/53266808471849
2026-07-30 08:17:32,Zariya Stone Danglers,GREEN,R31508,5300.0,Sold Out,1,1,0,https://www.rasasilver.com/products/zariya-green-stone-danglers?variant=gid://shopify/ProductVariant/53290441408809
2026-07-30 08:17:32,Recta-Orange Stone Bangles,Navaratna Colour / 2.6,R31246,11800.0,Sold Out,1,1,0,https://www.rasasilver.com/products/recta-orange-stone-bangles?variant=gid://shopify/ProductVariant/53324630065449
2026-07-30 08:32:38,Moissanite Nath,Default Title,R1526,3100.0,Sale,1,8,7,https://www.rasasilver.com/products/kundan-nath?variant=gid://shopify/ProductVariant/49855900451113
2026-07-30 08:32:38,Ruby Snippets Stud Earrings,Default Title,R15817,3500.0,Sale,1,2,1,https://www.rasasilver.com/products/ruby-snippets-studs?variant=gid://shopify/ProductVariant/50134598353193
2026-07-30 08:32:38,Lil’ Mango Stud Earrings,Default Title,R15833,4400.0,Sale,1,2,1,https://www.rasasilver.com/products/lil-mango-studs?variant=gid://shopify/ProductVariant/50140612133161
2026-07-30 08:32:38,Ruby Stone Studs,Default Title,R22470,3700.0,Sale,1,4,3,https://www.rasasilver.com/products/pure-essence-studs?variant=gid://shopify/ProductVariant/50158302298409
2026-07-30 08:32:38,Meadow Muse Pendant,Green,R17124,20600.0,Sale,1,14,13,https://www.rasasilver.com/products/meadow-muse-pendant?variant=gid://shopify/ProductVariant/52485476843817
2026-07-30 08:32:38,Green Whisper Studs,Default Title,R11729,3700.0,Sale,2,21,19,https://www.rasasilver.com/products/green-whisper-studs-1?variant=gid://shopify/ProductVariant/50478674411817
2026-07-30 08:32:38,Gulabika Stone Ring,GREEN,R18900,3000.0,Sale,1,2,1,https://www.rasasilver.com/products/gulabika-ring?variant=gid://shopify/ProductVariant/50635362238761
2026-07-30 08:32:38,Smaragda Spark Ring,GREEN,R17369,3200.0,Sale,1,6,5,https://www.rasasilver.com/products/smaragda-spark-ring?variant=gid://shopify/ProductVariant/51471916794153
2026-07-30 08:32:38,Smaragda Spark Ring,Ruby Pink,R17301,3200.0,Sale,1,6,5,https://www.rasasilver.com/products/smaragda-spark-ring?variant=gid://shopify/ProductVariant/51471916826921
2026-07-30 08:32:38,Evoque Green Studs,Default Title,R20374,1900.0,Sale,4,19,15,https://www.rasasilver.com/products/35?variant=gid://shopify/ProductVariant/50712002330921
2026-07-30 08:32:38,Devi Chakra Stud Earrings,Default Title,R17386,3700.0,Sale,1,6,5,https://www.rasasilver.com/products/devi-chakra-studs?variant=gid://shopify/ProductVariant/50777351586089
2026-07-30 08:32:38,Ovalika Stone Danglers,Default Title,R11743,3300.0,Sale,1,9,8,https://www.rasasilver.com/products/ovalika-danglers?variant=gid://shopify/ProductVariant/50808249778473
2026-07-30 08:32:38,Rudravya Stone Studs,Default Title,R20408,2400.0,Sale,1,10,9,https://www.rasasilver.com/products/rudravya-studs?variant=gid://shopify/ProductVariant/50808567595305
2026-07-30 08:32:38,Emerovia Stone Pendant,Green,R11762,1700.0,Sale,1,11,10,https://www.rasasilver.com/products/emerovia-pendant?variant=gid://shopify/ProductVariant/50809107087657
2026-07-30 08:32:38,Rosinea Stone Ring,GREEN / 5.4,R16691,3550.0,Sale,2,5,3,https://www.rasasilver.com/products/rosinea-ring?variant=gid://shopify/ProductVariant/52166954844457
2026-07-30 08:32:38,Rosalya Stone Ring,Ruby Pink / 5.4,R16685,3400.0,Sale,1,4,3,https://www.rasasilver.com/products/rosalya-ring?variant=gid://shopify/ProductVariant/52166987907369
2026-07-30 08:32:38,Rosalya Stone Ring,GREEN / 5.4,R16711,3400.0,Sale,1,3,2,https://www.rasasilver.com/products/rosalya-ring?variant=gid://shopify/ProductVariant/52166987940137
2026-07-30 08:32:38,Gajessa Pallais Necklace Set,Default Title,R20945,111000.0,Sale,1,6,5,https://www.rasasilver.com/products/gajessa-pallais-necklace-set?variant=gid://shopify/ProductVariant/52279411081513
2026-07-30 08:32:38,Navrisa Navaratna Pendant,Default Title,R22079,8900.0,Sale,1,2,1,https://www.rasasilver.com/products/navrisa-navaratna-pendant?variant=gid://shopify/ProductVariant/52331044700457
2026-07-30 08:32:38,Blooma Victorian Necklace Set,Default Title,R22257,36630.0,Sale,2,4,2,https://www.rasasilver.com/products/blooma-victorian-necklace-set?variant=gid://shopify/ProductVariant/52420179951913
2026-07-30 08:32:38,Dvi Mukha Pakshi Pendant,Default Title,R25042,19200.0,Sale,1,4,3,https://www.rasasilver.com/products/dvi-mukha-pakshi-pendant-copy?variant=gid://shopify/ProductVariant/52565266432297
2026-07-30 08:32:38,Zirconika Stone Ring,Ruby Pink,R25336,2600.0,Sale,2,3,1,https://www.rasasilver.com/products/zirconika-stone-ring-copy?variant=gid://shopify/ProductVariant/53064066040105
2026-07-30 08:32:38,Leaf-Grace Toe Ring,Default Title,R31644,2300.0,Sale,1,2,1,https://www.rasasilver.com/products/leaf-grace-toe-ring?variant=gid://shopify/ProductVariant/53289147859241
2026-07-30 08:32:38,Pushpa Chakra Stone Danglers,Default Title,R31402,6300.0,Sale,1,3,2,https://www.rasasilver.com/products/pushpa-chakra-stone-danglers?variant=gid://shopify/ProductVariant/53304544526633
2026-07-30 08:32:38,Temple Devalaya Necklace Set,Default Title,R29949,14500.0,Sale,1,2,1,https://www.rasasilver.com/products/temple-devalaya-necklace-set?variant=gid://shopify/ProductVariant/53311568838953
2026-07-30 08:32:38,Dewdrop Stone Necklace,Orange,R29994,13400.0,Sale,1,3,2,https://www.rasasilver.com/products/dewdrop-stone-necklace-set?variant=gid://shopify/ProductVariant/53312650805545
2026-07-30 08:32:38,Pearlira Ninefold Necklace,Default Title,R5534,43100.0,Sold Out,1,1,0,https://www.rasasilver.com/products/pearlira-ninefold-necklace?variant=gid://shopify/ProductVariant/50564035313961
2026-07-30 08:32:38,Alexandria Mor Short Necklace,Default Title,R9054,54900.0,Sold Out,1,1,0,https://www.rasasilver.com/products/alexandria-mor-short-necklace?variant=gid://shopify/ProductVariant/50568944615721
2026-07-30 08:32:38,Nagadevi Grace Pendant,Default Title,R6948,13770.0,Sold Out,1,1,0,https://www.rasasilver.com/products/nagadevi-grace-pendant?variant=gid://shopify/ProductVariant/50612386103593
2026-07-30 08:32:38,Gulavi Toe Ring,Default Title,R6828,3100.0,Sold Out,1,1,0,https://www.rasasilver.com/products/gulavi-toe-ring?variant=gid://shopify/ProductVariant/50720758497577
2026-07-30 08:32:38,Aurora Rubina Pendant,Default Title,R11994,29300.0,Sold Out,1,1,0,https://www.rasasilver.com/products/aurora-rubina-pendant?variant=gid://shopify/ProductVariant/50789022597417
2026-07-30 08:32:38,Moonbelle Necklace Set,Default Title,R14546,41000.0,Sold Out,1,1,0,https://www.rasasilver.com/products/necklace-set-44?variant=gid://shopify/ProductVariant/51274731913513
2026-07-30 08:32:38,Avaran Samriddhi Hangings,Default Title,R15653,3300.0,Sold Out,1,1,0,https://www.rasasilver.com/products/avaran-samriddhi-hangings?variant=gid://shopify/ProductVariant/51434539188521
2026-07-30 08:32:38,Peacock Antique Danglers,Default Title,R21019,21690.0,Sold Out,1,1,0,https://www.rasasilver.com/products/peacock-antique-danglers?variant=gid://shopify/ProductVariant/52527658860841
2026-07-30 08:32:38,Oval Gem Victorian Necklace,Default Title,R24019,22410.0,Sold Out,1,1,0,https://www.rasasilver.com/products/oval-gem-victorian-necklace?variant=gid://shopify/ProductVariant/52554234724649
2026-07-30 08:32:38,Gulpari Antique Danglers,GREEN,R23352,9550.0,Sold Out,1,1,0,https://www.rasasilver.com/products/gulpari-antique-danglers?variant=gid://shopify/ProductVariant/52623121809705
2026-07-30 08:32:38,Vaibhavmala Temple Kasu Necklace,Default Title,R26075,46750.0,Sold Out,1,1,0,https://www.rasasilver.com/products/vaibhavmala-temple-kasu-necklace?variant=gid://shopify/ProductVariant/52871775256873
2026-07-30 08:32:38,Florixa Stone Studs,Default Title,R25568,3200.0,Sold Out,1,1,0,https://www.rasasilver.com/products/blossira-stone-studs-copy-3?variant=gid://shopify/ProductVariant/52921744458025
2026-07-30 08:32:38,Aarvika Stone Jhumkis,Default Title,R28551,4000.0,Sold Out,1,1,0,https://www.rasasilver.com/products/aarvika-stone-jhumkis?variant=gid://shopify/ProductVariant/53266578833705
2026-07-30 08:32:38,Fiora Stone Studs,Default Title,R29495,2300.0,Sold Out,1,1,0,https://www.rasasilver.com/products/fiora-stone-studs?variant=gid://shopify/ProductVariant/53282509226281
2026-07-30 08:32:38,Greena-Glow CZ Pendant,Default Title,R29563,6800.0,Sold Out,1,1,0,https://www.rasasilver.com/products/gulabi-glow-cz-pendant-set?variant=gid://shopify/ProductVariant/53282892349737
2026-07-30 08:32:38,Mayura Queen Nakshi Necklace Set,GREEN,R29976,17500.0,Sold Out,1,1,0,https://www.rasasilver.com/products/mayura-queen-nakshi-necklace-set?variant=gid://shopify/ProductVariant/53312595591465
2026-07-30 09:32:39,Vine Elegance CZ Pendant Set,GREEN,R25552,4500.0,Sold Out,1,1,0,https://www.rasasilver.com/products/vine-elegance-cz-pendant-set?variant=gid://shopify/ProductVariant/53308708061481
2026-07-30 09:32:39,Crystal Blaze Moissanite Studs,Default Title,R28095,5500.0,Sold Out,1,1,0,https://www.rasasilver.com/products/zafira-shine-moissanite-studs-copy?variant=gid://shopify/ProductVariant/53163458822441
2026-07-30 09:39:16,Phool-Chand Antique Danglers,Default Title,R23309,8910.0,Sold Out,1,1,0,https://www.rasasilver.com/products/phool-chand-antique-danglers?variant=gid://shopify/ProductVariant/52622936932649
2026-07-30 10:02:58,Ivory Pear Ring,9,R31538,2600.0,Restock,1,3,4,https://www.rasasilver.com/products/ivory-pear-cz-ring?variant=gid://shopify/ProductVariant/53286227444009
2026-07-30 10:02:58,Vasanthika CZ Necklace,Default Title,R26748,29300.0,Sold Out,1,1,0,https://www.rasasilver.com/products/peravia-cz-necklace-set-copy?variant=gid://shopify/ProductVariant/52880284614953
2026-07-30 10:47:35,Narashima Temple Pendant,Default Title,R22554,21600.0,Sale,1,2,1,https://www.rasasilver.com/products/narashima-temple-pendant?variant=gid://shopify/ProductVariant/52469599174953
2026-07-30 10:47:35,Pear Detachable Victorian Set,Default Title,R18526,42480.0,Sold Out,1,1,0,https://www.rasasilver.com/products/pear-detachable-victorian-set?variant=gid://shopify/ProductVariant/52463904817449
2026-07-30 10:47:35,Amrakshi Kundan Necklace,Default Title,R25854,113850.0,Sold Out,1,1,0,https://www.rasasilver.com/products/kundan-necklace-1?variant=gid://shopify/ProductVariant/52741761401129
2026-07-30 10:47:35,Viridia CZ Kada,Default Title,R29498,3500.0,Sold Out,1,1,0,https://www.rasasilver.com/products/viridia-cz-kada?variant=gid://shopify/ProductVariant/53283846488361
2026-07-30 11:32:45,Phoolangi Kundan Jhumki,Default Title,R14669,22150.0,Sold Out,1,1,0,https://www.rasasilver.com/products/phoolangi-kundan-jhumki?variant=gid://shopify/ProductVariant/52741209456937
2026-07-30 11:47:25,DhanyaLakshmi Short Necklace,Default Title,R2023,19500.0,Restock,1,5,6,https://www.rasasilver.com/products/emerald-dhanyalakshmi-short-necklace?variant=gid://shopify/ProductVariant/50063302721833
2026-07-30 11:47:25,Flowery Ruby Stud Earrings,Default Title,R20419,3300.0,Restock,1,19,20,https://www.rasasilver.com/products/flowery-ruby-studs?variant=gid://shopify/ProductVariant/50082055651625
2026-07-30 11:47:25,Kiranaratna Stud Earrings,Default Title,R17286,4400.0,Restock,1,7,8,https://www.rasasilver.com/products/kiranaratna-studs?variant=gid://shopify/ProductVariant/50152979005737
2026-07-30 11:47:25,Gul Roha Necklace Set,Default Title,R5010,40500.0,Restock,1,0,1,https://www.rasasilver.com/products/gul-roha-necklace-set?variant=gid://shopify/ProductVariant/50443665899817
2026-07-30 11:47:25,Green Whisper Studs,Default Title,R11729,3700.0,Restock,1,19,20,https://www.rasasilver.com/products/green-whisper-studs-1?variant=gid://shopify/ProductVariant/50478674411817
2026-07-30 11:47:25,Ovalor Stone Ring,GREEN,R17361,3450.0,Restock,1,7,8,https://www.rasasilver.com/products/ovalor-ring?variant=gid://shopify/ProductVariant/51472177725737
2026-07-30 11:47:25,Gulabika Stone Ring,Ruby Pink,R10153,3000.0,Restock,1,12,13,https://www.rasasilver.com/products/gulabika-ring?variant=gid://shopify/ProductVariant/50635362205993
2026-07-30 11:47:25,Mayura Mosaic Bangles,2.6,R11307,48600.0,Restock,1,0,1,https://www.rasasilver.com/products/mayura-mosaic-bangles?variant=gid://shopify/ProductVariant/50816097714473
2026-07-30 11:47:25,Mayura Mosaic Bangles,2.4,R11307,48600.0,Restock,1,0,1,https://www.rasasilver.com/products/mayura-mosaic-bangles?variant=gid://shopify/ProductVariant/52273452810537
2026-07-30 11:47:25,Amulya Bindhu Stud Earrings,Default Title,R10582,3600.0,Restock,1,6,7,https://www.rasasilver.com/products/studs-1?variant=gid://shopify/ProductVariant/50777406243113
2026-07-30 11:47:25,Navarya Stone Ring,Default Title,R20505,3800.0,Restock,2,6,8,https://www.rasasilver.com/products/navarya-ring?variant=gid://shopify/ProductVariant/50809191727401
2026-07-30 11:47:25,Emerael Halo Stud Earrings,Default Title,R11732,3900.0,Restock,1,5,6,https://www.rasasilver.com/products/emerael-halo-studs?variant=gid://shopify/ProductVariant/50809355796777
2026-07-30 11:47:25,Empriva Stud Earrings,Default Title,R17406,3800.0,Restock,2,12,14,https://www.rasasilver.com/products/empriva-studs?variant=gid://shopify/ProductVariant/50829261046057
2026-07-30 11:47:25,Lavira Polki Necklace,Default Title,R12263,46400.0,Restock,1,0,1,https://www.rasasilver.com/products/no-image-12?variant=gid://shopify/ProductVariant/50835683115305
2026-07-30 11:47:25,Eterni Link Bracelet,Default Title,R12905,1800.0,Restock,1,1,2,https://www.rasasilver.com/products/eterni-link-bracelet?variant=gid://shopify/ProductVariant/51345272832297
2026-07-30 11:47:25,Eshna Twin Necklace,Ruby Pink,R15197,27700.0,Restock,1,0,1,https://www.rasasilver.com/products/twin-trails-necklace-copy?variant=gid://shopify/ProductVariant/51396723245353
2026-07-30 11:47:25,Valoria Bloom Mini Choker Set,Default Title,R18261,31500.0,Restock,1,0,1,https://www.rasasilver.com/products/valoria-bloom-mini-choker-set?variant=gid://shopify/ProductVariant/52137021866281
2026-07-30 11:47:25,Feather Kundan Hip Belt,Default Title,R22089,78800.0,Restock,1,0,1,https://www.rasasilver.com/products/feather-kundan-hip-belt?variant=gid://shopify/ProductVariant/52334483079465
2026-07-30 11:47:25,Peacock Nakshi Necklace,Default Title,R22272,36360.0,Restock,1,0,1,https://www.rasasilver.com/products/peacock-nakshi-necklace?variant=gid://shopify/ProductVariant/52420011852073
2026-07-30 11:47:25,Gul-Rani CZ Necklace,Default Title,R23080,48870.0,Restock,1,0,1,https://www.rasasilver.com/products/gul-rani-cz-necklace?variant=gid://shopify/ProductVariant/52544279904553
2026-07-30 11:47:25,Dvi Mukha Pakshi Pendant,Default Title,R25042,19200.0,Restock,1,3,4,https://www.rasasilver.com/products/dvi-mukha-pakshi-pendant-copy?variant=gid://shopify/ProductVariant/52565266432297
2026-07-30 11:47:25,Kusumpriya Kundan Choker,Default Title,R20201,32760.0,Restock,1,0,1,https://www.rasasilver.com/products/kusumpriya-kundan-choker?variant=gid://shopify/ProductVariant/52742096781609
2026-07-30 11:47:25,Gajavarna Kundan Oddiyanam,Default Title,R25956,89460.0,Restock,1,0,1,https://www.rasasilver.com/products/gajavarna-kundan-oddiyanam?variant=gid://shopify/ProductVariant/52803611525417
2026-07-30 11:47:25,Ratnangi Temple Necklace,Default Title,R25851,8100.0,Restock,1,1,2,https://www.rasasilver.com/products/vrittangi-short-temple-necklace-copy?variant=gid://shopify/ProductVariant/52828296741161
2026-07-30 11:47:25,Vamshika Temple Necklace,Default Title,R26296,14800.0,Restock,1,0,1,https://www.rasasilver.com/products/vamshika-short-temple-necklace?variant=gid://shopify/ProductVariant/52831748981033
2026-07-30 11:47:25,Indira Temple Necklace,Default Title,R26317,8700.0,Restock,1,3,4,https://www.rasasilver.com/products/indira-temple-necklace?variant=gid://shopify/ProductVariant/52889885016361
2026-07-30 11:47:25,Shreeka Temple Necklace,Default Title,R26320,9900.0,Restock,1,2,3,https://www.rasasilver.com/products/indira-temple-necklace-copy-1?variant=gid://shopify/ProductVariant/52889966149929
2026-07-30 11:47:25,Althira Kundan Matil,GREEN,R25275,18850.0,Restock,1,0,1,https://www.rasasilver.com/products/althira-matil?variant=gid://shopify/ProductVariant/52897925660969
2026-07-30 11:47:25,Mangala Temple Studs,Default Title,R18912,7000.0,Restock,1,2,3,https://www.rasasilver.com/products/lakshika-temple-studs-copy?variant=gid://shopify/ProductVariant/53108417724713
2026-07-30 11:47:25,Svara Toe Rings,Default Title,R31637,2000.0,Restock,1,0,1,https://www.rasasilver.com/products/svara-toe-rings?variant=gid://shopify/ProductVariant/53133827703081
2026-07-30 11:47:25,Florika Toe Ring,Default Title,R16440,3400.0,Restock,1,0,1,https://www.rasasilver.com/products/elite-toe-ring?variant=gid://shopify/ProductVariant/53138461032745
2026-07-30 11:47:25,Mayurakshi Kundan Vanki,Default Title,R28470,39600.0,Restock,1,1,2,https://www.rasasilver.com/products/mayurakshi-kundan-vanki?variant=gid://shopify/ProductVariant/53149212148009
2026-07-30 11:47:25,Aaina Oxidised Payal,Default Title,R23712,12500.0,Restock,1,0,1,https://www.rasasilver.com/products/aaina-oxidized-payal?variant=gid://shopify/ProductVariant/53149902930217
2026-07-30 11:47:25,Sharmila Temple Oddiyanam,Default Title,R28127,77800.0,Restock,1,1,2,https://www.rasasilver.com/products/sharmila-temple-oddiyanam?variant=gid://shopify/ProductVariant/53149975740713
2026-07-30 11:47:25,Phoolika Oxidized Payal,Default Title,R27873,56400.0,Restock,1,0,1,https://www.rasasilver.com/products/phoolika-oxidized-payal?variant=gid://shopify/ProductVariant/53150239129897
2026-07-30 11:47:25,Kamalika Antique Bangles,Default Title,R27858,30200.0,Restock,1,1,2,https://www.rasasilver.com/products/antique-bangles?variant=gid://shopify/ProductVariant/53173801976105
2026-07-30 11:47:25,Kalasha-Lakshmi Temple Necklace,Default Title,R28590,8000.0,Restock,1,2,3,https://www.rasasilver.com/products/kalasha-lakshmi-temple-necklace?variant=gid://shopify/ProductVariant/53266747162921
2026-07-30 11:47:25,Bloomora Stone Necklace,Default Title,R29472,17500.0,Restock,1,1,2,https://www.rasasilver.com/products/bloomora-stone-necklace?variant=gid://shopify/ProductVariant/53279652512041
2026-07-30 11:47:25,Pear-Spark CZ Necklace,Default Title,R29537,9600.0,Restock,1,0,1,https://www.rasasilver.com/products/pear-spark-cz-necklace?variant=gid://shopify/ProductVariant/53282593341737
2026-07-30 11:47:25,Intertwine Bracelet,Default Title,R31553,2200.0,Restock,1,1,2,https://www.rasasilver.com/products/intertwine-bracelet?variant=gid://shopify/ProductVariant/53284751507753
2026-07-30 11:47:25,Halo Grace Ring,Default Title,R31551,1300.0,Restock,1,2,3,https://www.rasasilver.com/products/imperial-stone-cz-ring?variant=gid://shopify/ProductVariant/53286257230121
2026-07-30 11:47:25,Loop-Love Ring,Default Title,R31585,1600.0,Restock,1,4,5,https://www.rasasilver.com/products/loop-love-ring?variant=gid://shopify/ProductVariant/53288183136553
2026-07-30 11:47:25,Pear Sparkle Toe Ring,Default Title,R31628,1600.0,Restock,1,0,1,https://www.rasasilver.com/products/pear-sparkle-toe-ring?variant=gid://shopify/ProductVariant/53289095135529
2026-07-30 11:47:25,Heart Halo Toe Ring,Default Title,R31648,1900.0,Restock,1,0,1,https://www.rasasilver.com/products/heart-halo-toe-ring?variant=gid://shopify/ProductVariant/53289149301033
2026-07-30 11:47:25,Crystal Drop Stone Necklace,Default Title,R31426,10700.0,Restock,1,0,1,https://www.rasasilver.com/products/crystal-drop-stone-necklace?variant=gid://shopify/ProductVariant/53290769842473
2026-07-30 11:47:25,Temple Shriprada Necklace,Default Title,R31310,17500.0,Restock,1,0,1,https://www.rasasilver.com/products/temple-shriprada-necklace?variant=gid://shopify/ProductVariant/53305127043369
2026-07-30 11:47:25,Mayura Queen Nakshi Necklace Set,GREEN,R29976,17500.0,Restock,1,0,1,https://www.rasasilver.com/products/mayura-queen-nakshi-necklace-set?variant=gid://shopify/ProductVariant/53312595591465
2026-07-30 11:47:25,Garden of Stone Necklace Set,Default Title,R30162,19200.0,Restock,1,1,2,https://www.rasasilver.com/products/garden-of-stone-necklace-set?variant=gid://shopify/ProductVariant/53312658276649
2026-07-30 11:47:25,Ratna Utsava Stone Bangles,GREEN / 2.9,R31274,19800.0,Restock,1,2,3,https://www.rasasilver.com/products/h-1?variant=gid://shopify/ProductVariant/53324724568361
2026-07-30 11:47:25,Pear-Floral Moissanite Haath Phool,Default Title,R30581,22800.0,Restock,1,1,2,https://www.rasasilver.com/products/pear-floral-moissanite-haath-phool?variant=gid://shopify/ProductVariant/53329660674345
2026-07-30 13:02:55,Leaflina Hoops,Default Title,R28377,5800.0,Sale,1,2,1,https://www.rasasilver.com/products/leaflina-hoops?variant=gid://shopify/ProductVariant/53129741402409
2026-07-30 13:32:52,Meadow Muse Pendant,Green,R17124,20600.0,Restock,1,13,14,https://www.rasasilver.com/products/meadow-muse-pendant?variant=gid://shopify/ProductVariant/52485476843817
2026-07-30 13:32:52,Sparsh Hanging Earrings,Ruby Pink,R17485,4400.0,Restock,1,1,2,https://www.rasasilver.com/products/1-1?variant=gid://shopify/ProductVariant/51472832233769
2026-07-30 13:32:52,Laksithaara Studs,Default Title,R16259,4140.0,Restock,1,0,1,https://www.rasasilver.com/products/laksithaara-studs?variant=gid://shopify/ProductVariant/51356743074089
2026-07-30 13:32:52,Kundan Shringar Ear Cuff,Default Title,R25243,4700.0,Restock,1,0,1,https://www.rasasilver.com/products/kundan-shringar-ear-cuff?variant=gid://shopify/ProductVariant/52678344966441
2026-07-30 13:32:52,Devi-Drops Temple Studs,Default Title,R25133,4600.0,Restock,1,0,1,https://www.rasasilver.com/products/temple-studs-3?variant=gid://shopify/ProductVariant/52681944465705
2026-07-30 13:32:52,Shrivani Temple Jhumkis,Default Title,R26390,8800.0,Restock,1,0,1,https://www.rasasilver.com/products/shrivani-temple-earring?variant=gid://shopify/ProductVariant/52804006183209
2026-07-30 13:32:52,Dvini Stone Matil,Default Title,R21608,8300.0,Restock,1,0,1,https://www.rasasilver.com/products/trikriti-antique-matil-copy?variant=gid://shopify/ProductVariant/52871114096937
2026-07-30 13:32:52,Liliora Stone Studs,Default Title,R25459,3300.0,Restock,1,0,1,https://www.rasasilver.com/products/liliora-stone-studs?variant=gid://shopify/ProductVariant/52920421122345
2026-07-30 13:47:35,Meadow Muse Pendant,Green,R17124,20600.0,Sale,1,14,13,https://www.rasasilver.com/products/meadow-muse-pendant?variant=gid://shopify/ProductVariant/52485476843817
2026-07-30 13:47:35,Padma Antiqe Hangings Earrings,Default Title,R13510,12500.0,Restock,1,0,1,https://www.rasasilver.com/products/hangings?variant=gid://shopify/ProductVariant/51221401567529
2026-07-30 13:47:35,Gutta Pasalu Necklace Set,Default Title,R19923,22700.0,Restock,1,5,6,https://www.rasasilver.com/products/gutta-pasalu-necklace-set?variant=gid://shopify/ProductVariant/52399453438249
2026-07-30 14:03:03,Gutta Pasalu Necklace Set,Default Title,R19923,22700.0,Sale,1,6,5,https://www.rasasilver.com/products/gutta-pasalu-necklace-set?variant=gid://shopify/ProductVariant/52399453438249
2026-07-30 14:03:03,Padma Antiqe Hangings Earrings,Default Title,R13510,12500.0,Sold Out,1,1,0,https://www.rasasilver.com/products/hangings?variant=gid://shopify/ProductVariant/51221401567529
2026-07-30 14:32:53,Anvita Payal,Default Title,R12861,4680.0,Sold Out,1,1,0,https://www.rasasilver.com/products/chain?variant=gid://shopify/ProductVariant/51247579169065
2026-07-30 14:47:25,Rubora Stud Earrings,Default Title,R20381,2100.0,Sale,1,8,7,https://www.rasasilver.com/products/rubora-oval-studs?variant=gid://shopify/ProductVariant/50809700581673
2026-07-30 15:02:56,Kamala Ranjani Pendant,Default Title,R17414,13000.0,Sale,1,7,6,https://www.rasasilver.com/products/kamala-ranjani-pendant?variant=gid://shopify/ProductVariant/50649020530985
2026-07-30 15:02:56,Phoolangi Kundan Jhumki,Default Title,R14669,22150.0,Restock,1,0,1,https://www.rasasilver.com/products/phoolangi-kundan-jhumki?variant=gid://shopify/ProductVariant/52741209456937
2026-07-30 15:32:40,Elantra Bracelet,Default Title,R28371,5300.0,Sold Out,1,1,0,https://www.rasasilver.com/products/elantra-bracelet?variant=gid://shopify/ProductVariant/53125104959785
2026-07-30 15:47:39,Vivah Gleam Manglsutra Set,Gold,R7374,10800.0,Restock,1,0,1,https://www.rasasilver.com/products/vivaahgleam-manglsutra-set?variant=gid://shopify/ProductVariant/50313215541545
2026-07-30 15:47:39,Padma Antiqe Hangings Earrings,Default Title,R13510,12500.0,Restock,1,0,1,https://www.rasasilver.com/products/hangings?variant=gid://shopify/ProductVariant/51221401567529
2026-07-30 15:47:39,Rectarya Nine Gems Bangles,2.6,R17337,12100.0,Restock,1,0,1,https://www.rasasilver.com/products/rectarya-nine-gems-bangles?variant=gid://shopify/ProductVariant/52273350213929
2026-07-30 15:47:39,Gutta Pasalu Necklace Set,Default Title,R19923,22700.0,Restock,1,5,6,https://www.rasasilver.com/products/gutta-pasalu-necklace-set?variant=gid://shopify/ProductVariant/52399453438249
2026-07-30 15:47:39,Hemamalini Temple Necklace,Default Title,R26319,9800.0,Restock,1,0,1,https://www.rasasilver.com/products/indira-temple-necklace-copy?variant=gid://shopify/ProductVariant/52889937477929
2026-07-30 15:47:39,Shree Siri Temple Studs,Gold,R31958,5600.0,Sold Out,1,1,0,https://www.rasasilver.com/products/shree-siri-temple-studs?variant=gid://shopify/ProductVariant/53296590094633
2026-07-30 19:17:41,Floral Bliss Necklace Set,Default Title,R25187,118300.0,Sold Out,1,1,0,https://www.rasasilver.com/products/floral-bliss-tear-necklace-set?variant=gid://shopify/ProductVariant/52876052693289
2026-07-30 19:32:39,Kasu Temple Pendant,Default Title,R31331,6300.0,Sold Out,1,1,0,https://www.rasasilver.com/products/kasu-temple-pendant?variant=gid://shopify/ProductVariant/53308711633193
2026-07-31 03:02:56,Mahashri Temple Danglers,Default Title,R28626,3900.0,Sold Out,1,1,0,https://www.rasasilver.com/products/mahashri-temple-danglers?variant=gid://shopify/ProductVariant/53266346901801
2026-07-31 04:17:32,Lakshmi Kasu Pendant,Default Title,R1748,6400.0,Restock,1,0,1,https://www.rasasilver.com/products/lakshmi-kasu-pendant?variant=gid://shopify/ProductVariant/49809904075049
2026-07-31 04:17:32,Moissanite Nath,Default Title,R1526,3100.0,Restock,4,7,11,https://www.rasasilver.com/products/kundan-nath?variant=gid://shopify/ProductVariant/49855900451113
2026-07-31 04:17:32,Phool Shringar Short Necklace,Default Title,R15251,31900.0,Restock,1,1,2,https://www.rasasilver.com/products/phool-shringar-short-necklace?variant=gid://shopify/ProductVariant/49967315583273
2026-07-31 04:17:32,Royal Pasalu Necklace,Default Title,R12642,48000.0,Restock,1,2,3,https://www.rasasilver.com/products/royal-pasalu-necklace?variant=gid://shopify/ProductVariant/50069048852777
2026-07-31 04:17:32,Stellar Nine Short Necklace,Default Title,R18885,17200.0,Restock,2,7,9,https://www.rasasilver.com/products/stellar-nine-short-necklace?variant=gid://shopify/ProductVariant/50083435872553
2026-07-31 04:17:32,Saanjh Stone Earring,Ruby Pink,R11780,3500.0,Restock,1,14,15,https://www.rasasilver.com/products/saanjh-earring?variant=gid://shopify/ProductVariant/50869131313449
2026-07-31 04:17:32,Saubhagya Lakshmi Pendant,Default Title,R1941,16700.0,Restock,1,3,4,https://www.rasasilver.com/products/saubhagya-lakshmi-pendant?variant=gid://shopify/ProductVariant/50108983607593
2026-07-31 04:17:32,Ruby Snippets Stud Earrings,Default Title,R15817,3500.0,Restock,1,1,2,https://www.rasasilver.com/products/ruby-snippets-studs?variant=gid://shopify/ProductVariant/50134598353193
2026-07-31 04:17:32,Emera Glow Studs,Default Title,R15799,3250.0,Restock,1,3,4,https://www.rasasilver.com/products/rasi-kala-studs-1?variant=gid://shopify/ProductVariant/50140400288041
2026-07-31 04:17:32,Aryanath Stud Earrings,Default Title,R20335,2700.0,Restock,1,4,5,https://www.rasasilver.com/products/aryanath-studs?variant=gid://shopify/ProductVariant/50140457992489
2026-07-31 04:17:32,Lil’ Mango Stud Earrings,Default Title,R15833,4400.0,Restock,1,1,2,https://www.rasasilver.com/products/lil-mango-studs?variant=gid://shopify/ProductVariant/50140612133161
2026-07-31 04:17:32,The Rosary Stud Earrings,Ruby Pink,R11812,3900.0,Restock,1,5,6,https://www.rasasilver.com/products/the-rosary-studs?variant=gid://shopify/ProductVariant/50869167980841
2026-07-31 04:17:32,Ruby Stone Studs,Default Title,R22470,3700.0,Restock,2,3,5,https://www.rasasilver.com/products/pure-essence-studs?variant=gid://shopify/ProductVariant/50158302298409
2026-07-31 04:17:32,Meadow Muse Pendant,Green,R17124,20600.0,Restock,2,13,15,https://www.rasasilver.com/products/meadow-muse-pendant?variant=gid://shopify/ProductVariant/52485476843817
2026-07-31 04:17:32,Twinkle Bindu Nath,Default Title,R16995,2700.0,Restock,1,6,7,https://www.rasasilver.com/products/twinkle-bindu-nath?variant=gid://shopify/ProductVariant/50203857420585
2026-07-31 04:17:32,Mani Bandha Bangles,2.4,R14974,19300.0,Restock,2,6,8,https://www.rasasilver.com/products/mani-bandha-bangles?variant=gid://shopify/ProductVariant/52263721697577
2026-07-31 04:17:32,Balaji Saubhagya Short Necklace,GREEN,R7599,77130.0,Restock,1,0,1,https://www.rasasilver.com/products/balaji-saubhagya-short-necklace?variant=gid://shopify/ProductVariant/50425990906153
2026-07-31 04:17:32,Mallika Ruchi Ring,Default Title,R16015,2100.0,Restock,1,0,1,https://www.rasasilver.com/products/ritu?variant=gid://shopify/ProductVariant/50443962089769
2026-07-31 04:17:32,Gulnari Stud Earrings,Default Title,R16201,3200.0,Restock,1,10,11,https://www.rasasilver.com/products/sakshi-2?variant=gid://shopify/ProductVariant/50444092637481
2026-07-31 04:17:32,Green Whisper Studs,Default Title,R11729,3700.0,Restock,2,20,22,https://www.rasasilver.com/products/green-whisper-studs-1?variant=gid://shopify/ProductVariant/50478674411817
2026-07-31 04:17:32,Mayurika Kusum Short Necklace,Default Title,R5688,44700.0,Restock,1,0,1,https://www.rasasilver.com/products/mayurika-kusum-short-necklace?variant=gid://shopify/ProductVariant/50528929874217
2026-07-31 04:17:32,Pearlira Ninefold Necklace,Default Title,R5534,43100.0,Restock,1,0,1,https://www.rasasilver.com/products/pearlira-ninefold-necklace?variant=gid://shopify/ProductVariant/50564035313961
2026-07-31 04:17:32,Octa Scroll Shine Necklace,Default Title,R2491,33500.0,Restock,1,1,2,https://www.rasasilver.com/products/octa-scroll-shine-necklace-set?variant=gid://shopify/ProductVariant/50568825405737
2026-07-31 04:17:32,Alexandria Mor Short Necklace,Default Title,R9054,54900.0,Restock,1,0,1,https://www.rasasilver.com/products/alexandria-mor-short-necklace?variant=gid://shopify/ProductVariant/50568944615721
2026-07-31 04:17:32,Nagadevi Grace Pendant,Default Title,R6948,13770.0,Restock,1,0,1,https://www.rasasilver.com/products/nagadevi-grace-pendant?variant=gid://shopify/ProductVariant/50612386103593
2026-07-31 04:17:32,Gulaabsiya Stud Earrings,Default Title,R2436,2900.0,Restock,1,7,8,https://www.rasasilver.com/products/gulaabsiya-studs?variant=gid://shopify/ProductVariant/50624754155817
2026-07-31 04:17:32,Chamak Phool Studs,Default Title,R15775,4000.0,Restock,1,5,6,https://www.rasasilver.com/products/chamak-phool-studs?variant=gid://shopify/ProductVariant/50624958300457
2026-07-31 04:17:32,Ovalor Stone Ring,Ruby Pink,R17311,3450.0,Restock,3,7,10,https://www.rasasilver.com/products/ovalor-ring?variant=gid://shopify/ProductVariant/51472177692969
2026-07-31 04:17:32,Ovalor Stone Ring,GREEN,R17361,3450.0,Restock,1,8,9,https://www.rasasilver.com/products/ovalor-ring?variant=gid://shopify/ProductVariant/51472177725737
2026-07-31 04:17:32,Gulabika Stone Ring,GREEN,R18900,3000.0,Restock,1,1,2,https://www.rasasilver.com/products/gulabika-ring?variant=gid://shopify/ProductVariant/50635362238761
2026-07-31 04:17:32,Smaragda Spark Ring,GREEN,R17369,3200.0,Restock,5,5,10,https://www.rasasilver.com/products/smaragda-spark-ring?variant=gid://shopify/ProductVariant/51471916794153
2026-07-31 04:17:32,Smaragda Spark Ring,Ruby Pink,R17301,3200.0,Restock,1,5,6,https://www.rasasilver.com/products/smaragda-spark-ring?variant=gid://shopify/ProductVariant/51471916826921
2026-07-31 04:17:32,Phool Patra Ring,GREEN,R17375,3000.0,Restock,3,4,7,https://www.rasasilver.com/products/phool-patra-ring?variant=gid://shopify/ProductVariant/50635383046441
2026-07-31 04:17:32,Zirconika Stone Ring,Ruby Pink,R17281,2250.0,Restock,1,0,1,https://www.rasasilver.com/products/zirconika-ring?variant=gid://shopify/ProductVariant/51412229259561
2026-07-31 04:17:32,Navora Stud Earrings,Default Title,R17411,4000.0,Restock,1,1,2,https://www.rasasilver.com/products/navora-studs?variant=gid://shopify/ProductVariant/50643117310249
2026-07-31 04:17:32,Blume Stud Earrings,Default Title,R2821,3450.0,Restock,2,3,5,https://www.rasasilver.com/products/no-image-11?variant=gid://shopify/ProductVariant/50677089304873
2026-07-31 04:17:32,Malvika Blooms Studs,Swarovski,R20395,2600.0,Restock,1,11,12,https://www.rasasilver.com/products/18-1?variant=gid://shopify/ProductVariant/50712467964201
2026-07-31 04:17:32,Mogralika Stud Earrings,GREEN,R20364,4900.0,Restock,2,4,6,https://www.rasasilver.com/products/21-1?variant=gid://shopify/ProductVariant/52279182229801
2026-07-31 04:17:32,Evoque Green Studs,Default Title,R20374,1900.0,Restock,4,15,19,https://www.rasasilver.com/products/35?variant=gid://shopify/ProductVariant/50712002330921
2026-07-31 04:17:32,Gulavi Toe Ring,Default Title,R6828,3100.0,Restock,1,0,1,https://www.rasasilver.com/products/gulavi-toe-ring?variant=gid://shopify/ProductVariant/50720758497577
2026-07-31 04:17:32,Glitter Flora Pendant,Default Title,R11316,14310.0,Restock,1,0,1,https://www.rasasilver.com/products/glitter-flora-pendant?variant=gid://shopify/ProductVariant/50757187404073
2026-07-31 04:17:32,Leaforia Bloom Necklace Set,Default Title,R11554,39500.0,Restock,1,1,2,https://www.rasasilver.com/products/leaforia-bloom-necklace-set?variant=gid://shopify/ProductVariant/50773763293481
2026-07-31 04:17:32,Devi Chakra Stud Earrings,Default Title,R17386,3700.0,Restock,3,5,8,https://www.rasasilver.com/products/devi-chakra-studs?variant=gid://shopify/ProductVariant/50777351586089
2026-07-31 04:17:32,Aurora Rubina Pendant,Default Title,R11994,29300.0,Restock,1,0,1,https://www.rasasilver.com/products/aurora-rubina-pendant?variant=gid://shopify/ProductVariant/50789022597417
2026-07-31 04:17:32,Mohana Murali Haaram,Green,R11715,62100.0,Restock,1,0,1,https://www.rasasilver.com/products/mohana-murali-haaram?variant=gid://shopify/ProductVariant/50808103043369
2026-07-31 04:17:32,Ovalika Stone Danglers,Default Title,R11743,3300.0,Restock,2,8,10,https://www.rasasilver.com/products/ovalika-danglers?variant=gid://shopify/ProductVariant/50808249778473
2026-07-31 04:17:32,Rudravya Stone Studs,Default Title,R20408,2400.0,Restock,1,9,10,https://www.rasasilver.com/products/rudravya-studs?variant=gid://shopify/ProductVariant/50808567595305
2026-07-31 04:17:32,Olivienne Short Necklace,Default Title,R11714,24390.0,Restock,1,0,1,https://www.rasasilver.com/products/olivienne-short-necklace?variant=gid://shopify/ProductVariant/50808782520617
2026-07-31 04:17:32,Back Belt,Default Title,R11605,44400.0,Restock,1,12,13,https://www.rasasilver.com/products/back-belt?variant=gid://shopify/ProductVariant/50808980635945
2026-07-31 04:17:32,Ratna Alankaram Short Necklace,Default Title,R11721,32100.0,Restock,1,0,1,https://www.rasasilver.com/products/ratna-alankaram-short-necklace?variant=gid://shopify/ProductVariant/50809013010729
2026-07-31 04:17:32,Emerovia Stone Pendant,Green,R11762,1700.0,Restock,1,10,11,https://www.rasasilver.com/products/emerovia-pendant?variant=gid://shopify/ProductVariant/50809107087657
2026-07-31 04:17:32,Navarya Stone Ring,Default Title,R20505,3800.0,Restock,1,8,9,https://www.rasasilver.com/products/navarya-ring?variant=gid://shopify/ProductVariant/50809191727401
2026-07-31 04:17:32,Crimora Stud Earrings,Default Title,R11810,2500.0,Restock,1,6,7,https://www.rasasilver.com/products/crimora-oval-studs?variant=gid://shopify/ProductVariant/50809673810217
2026-07-31 04:17:32,Rubora Stud Earrings,Default Title,R20381,2100.0,Restock,1,7,8,https://www.rasasilver.com/products/rubora-oval-studs?variant=gid://shopify/ProductVariant/50809700581673
2026-07-31 04:17:32,Rose Vaibhavam Short Necklace,Navaratna Colour,R11702,23400.0,Restock,1,0,1,https://www.rasasilver.com/products/rose-vaibhavam-short-necklace?variant=gid://shopify/ProductVariant/50817561526569
2026-07-31 04:17:32,Gaurangi Stud Earrings,GREEN,R17416,3300.0,Restock,3,4,7,https://www.rasasilver.com/products/gaurangi-phool-studs?variant=gid://shopify/ProductVariant/51472911106345
2026-07-31 04:17:32,Empriva Stud Earrings,Default Title,R17406,3800.0,Restock,1,14,15,https://www.rasasilver.com/products/empriva-studs?variant=gid://shopify/ProductVariant/50829261046057
2026-07-31 04:17:32,Tulivé Pearl Necklace,Default Title,R12362,40700.0,Restock,1,1,2,https://www.rasasilver.com/products/tulive-pearl-necklace?variant=gid://shopify/ProductVariant/50835679904041
2026-07-31 04:17:32,Moonbeam Allure Short Necklace Set,Default Title,R12412,56000.0,Restock,1,2,3,https://www.rasasilver.com/products/moonbeam-allure-short-necklace-copy?variant=gid://shopify/ProductVariant/50907092615465
2026-07-31 04:17:32,Raj-Kusum Kundan Jhumki,Default Title,R13494,22700.0,Restock,1,2,3,https://www.rasasilver.com/products/raj-kusum-jhumkis?variant=gid://shopify/ProductVariant/51205608177961
2026-07-31 04:17:32,Moonbelle Necklace Set,Default Title,R14546,41000.0,Restock,1,0,1,https://www.rasasilver.com/products/necklace-set-44?variant=gid://shopify/ProductVariant/51274731913513
2026-07-31 04:17:32,Prakriti Garuda Pendant,Default Title,R14636,34700.0,Restock,1,0,1,https://www.rasasilver.com/products/pendant-11?variant=gid://shopify/ProductVariant/51317619261737
2026-07-31 04:17:32,Ruvanya Stone Ring,Ruby Pink / 12,R16060,3100.0,Restock,1,0,1,https://www.rasasilver.com/products/ring-22?variant=gid://shopify/ProductVariant/51350170468649
2026-07-31 04:17:32,Rani Gulmohar Stud Earrings,Ruby Pink,R15962,3500.0,Restock,1,1,2,https://www.rasasilver.com/products/rani-gulmohar-studs?variant=gid://shopify/ProductVariant/51356312764713
2026-07-31 04:17:32,Pearl Wink  Earrings,Default Title,R16325,5900.0,Restock,1,0,1,https://www.rasasilver.com/products/peony-pearl-studs?variant=gid://shopify/ProductVariant/51362402500905
2026-07-31 04:17:32,Anira Stone Short Necklace,Default Title,R15803,25000.0,Restock,1,0,1,https://www.rasasilver.com/products/rosavine-cz-necklace-copy?variant=gid://shopify/ProductVariant/51408239100201
2026-07-31 04:17:32,Ovalmera Stone Bangles,2.4,R2874,23400.0,Restock,1,0,1,https://www.rasasilver.com/products/ovalmera-bangles?variant=gid://shopify/ProductVariant/52263740440873
2026-07-31 04:17:32,Devaani Three Layer Necklace,Default Title,R15279,71600.0,Restock,1,0,1,https://www.rasasilver.com/products/devaani-three-layer-necklace?variant=gid://shopify/ProductVariant/51418997883177
2026-07-31 04:17:32,Avaran Samriddhi Hangings,Default Title,R15653,3300.0,Restock,1,0,1,https://www.rasasilver.com/products/avaran-samriddhi-hangings?variant=gid://shopify/ProductVariant/51434539188521
2026-07-31 04:17:32,Floravia Pendant,Green,R15287,11600.0,Restock,1,4,5,https://www.rasasilver.com/products/floravia-pendant?variant=gid://shopify/ProductVariant/51441178083625
2026-07-31 04:17:32,Dvidhara Stone Pendant,Default Title,R15390,14600.0,Restock,1,0,1,https://www.rasasilver.com/products/dvidhara-pendant?variant=gid://shopify/ProductVariant/51442236424489
2026-07-31 04:17:32,Mani Sita Navaratna Necklace,Ruby Pink,R22866,33000.0,Restock,1,3,4,https://www.rasasilver.com/products/mani-sita-necklace?variant=gid://shopify/ProductVariant/52398120665385
2026-07-31 04:17:32,Mani Sita Navaratna Necklace,GREEN,R22868,33000.0,Restock,2,3,5,https://www.rasasilver.com/products/mani-sita-necklace?variant=gid://shopify/ProductVariant/52398120698153
2026-07-31 04:17:32,Czquare Necklace Set,Default Title,R17006,54500.0,Restock,1,0,1,https://www.rasasilver.com/products/czquare-necklace-set?variant=gid://shopify/ProductVariant/51487852626217
2026-07-31 04:17:32,Shashi Raga Maang Tikka,Default Title,R15292,13300.0,Restock,1,0,1,https://www.rasasilver.com/products/shashi-raga-maang-tikka?variant=gid://shopify/ProductVariant/51488406798633
2026-07-31 04:17:32,Divine Bells Studs,Default Title,R17484,3600.0,Restock,1,4,5,https://www.rasasilver.com/products/divine-bells-studs?variant=gid://shopify/ProductVariant/51488529056041
2026-07-31 04:17:32,Chola Charm Stud Earrings,Default Title,R17344,5600.0,Restock,1,6,7,https://www.rasasilver.com/products/chola-charm-studs?variant=gid://shopify/ProductVariant/51488623395113
2026-07-31 04:17:32,Starry Blue Cz Necklace Set,Default Title,R17724,22000.0,Restock,1,0,1,https://www.rasasilver.com/products/starry-blue-necklace-set?variant=gid://shopify/ProductVariant/51509444575529
2026-07-31 04:17:32,Petalova Necklace Cz Set,Default Title,R17575,175000.0,Restock,1,1,2,https://www.rasasilver.com/products/petalova-necklace-set?variant=gid://shopify/ProductVariant/51509464170793
2026-07-31 04:17:32,Crystisq Cz Necklace,Default Title,R17633,18200.0,Restock,1,1,2,https://www.rasasilver.com/products/crystisq-necklace?variant=gid://shopify/ProductVariant/51509624766761
2026-07-31 04:17:32,Gulbahaar Ring,Ruby Pink / 6,R17324,3700.0,Restock,1,2,3,https://www.rasasilver.com/products/gulbahaar-ring?variant=gid://shopify/ProductVariant/51514711933225
2026-07-31 04:17:32,Iraé Regalia Studs,Default Title,R17163,6800.0,Restock,1,0,1,https://www.rasasilver.com/products/irae-regalia-studs?variant=gid://shopify/ProductVariant/51514815086889
2026-07-31 04:17:32,Dhanika Bangles,Ruby Pink / 2.7,R17350,18500.0,Restock,1,2,3,https://www.rasasilver.com/products/dhanika-bangles?variant=gid://shopify/ProductVariant/52273420075305
2026-07-31 04:17:32,Dhanika Bangles,Ruby Pink / 2.6,R17350,18500.0,Restock,1,2,3,https://www.rasasilver.com/products/dhanika-bangles?variant=gid://shopify/ProductVariant/52273497309481
2026-07-31 04:17:32,Dhanika Bangles,Ruby Pink / 2.8,R17350,18500.0,Restock,1,2,3,https://www.rasasilver.com/products/dhanika-bangles?variant=gid://shopify/ProductVariant/52274222432553
2026-07-31 04:17:32,Zircona Luxe Bracelet,Default Title,R18613,7900.0,Restock,1,0,1,https://www.rasasilver.com/products/zircona-luxe-bracelet?variant=gid://shopify/ProductVariant/51862278963497
2026-07-31 04:17:32,Rubalyn Bloom Necklace Set,Swarovski,R18538,34700.0,Restock,1,1,2,https://www.rasasilver.com/products/ruby-fiora-necklace-set-copy?variant=gid://shopify/ProductVariant/51870106812713
2026-07-31 04:17:32,Pear-Flora Elysia Necklace Set,Default Title,R18541,42300.0,Restock,2,3,5,https://www.rasasilver.com/products/ovaliquea-spark-necklace-set-copy-1?variant=gid://shopify/ProductVariant/51871269454121
2026-07-31 04:17:32,Zircelle Glow Necklace Set,Default Title,R18517,26600.0,Restock,1,0,1,https://www.rasasilver.com/products/recta-cz-linkora-necklace-set-copy?variant=gid://shopify/ProductVariant/51872331727145
2026-07-31 04:17:32,Zyrissa Florentia Necklace Set,Default Title,R18532,25000.0,Restock,2,7,9,https://www.rasasilver.com/products/zirnova-pear-necklace-set-copy?variant=gid://shopify/ProductVariant/51872732905769
2026-07-31 04:17:32,Jodi Morni Necklace Set,Default Title,R18253,110100.0,Restock,1,0,1,https://www.rasasilver.com/products/jodi-morni-necklace-set?variant=gid://shopify/ProductVariant/52013663453481
2026-07-31 04:17:32,Blumira Stone Ring,Swarovski / 12,R16688,3900.0,Restock,1,2,3,https://www.rasasilver.com/products/blumira-ring?variant=gid://shopify/ProductVariant/52166946292009
2026-07-31 04:17:32,Rosinea Stone Ring,GREEN / 5.4,R16691,3550.0,Restock,2,3,5,https://www.rasasilver.com/products/rosinea-ring?variant=gid://shopify/ProductVariant/52166954844457
2026-07-31 04:17:32,Rosalya Stone Ring,Ruby Pink / 5.4,R16685,3400.0,Restock,2,3,5,https://www.rasasilver.com/products/rosalya-ring?variant=gid://shopify/ProductVariant/52166987907369
2026-07-31 04:17:32,Rosalya Stone Ring,GREEN / 5.4,R16711,3400.0,Restock,1,2,3,https://www.rasasilver.com/products/rosalya-ring?variant=gid://shopify/ProductVariant/52166987940137
2026-07-31 04:17:32,Frost Polki Ring,7.25,R16496,6400.0,Restock,1,1,2,https://www.rasasilver.com/products/frost-bloom-ring?variant=gid://shopify/ProductVariant/52290959966505
2026-07-31 04:17:32,Navarang Oval Bangles,Navaratna Colour / 2.5,R19949,21000.0,Restock,1,0,1,https://www.rasasilver.com/products/navarang-oval-bangles?variant=gid://shopify/ProductVariant/52209180573993
2026-07-31 04:17:32,Gajessa Pallais Necklace Set,Default Title,R20945,111000.0,Restock,2,5,7,https://www.rasasilver.com/products/gajessa-pallais-necklace-set?variant=gid://shopify/ProductVariant/52279411081513
2026-07-31 04:17:32,Florya Victorian Bangles,2.8,R20213,49200.0,Restock,1,0,1,https://www.rasasilver.com/products/florya-bangles?variant=gid://shopify/ProductVariant/52279481794857
2026-07-31 04:17:32,Navrisa Navaratna Pendant,Default Title,R22079,8900.0,Restock,1,1,2,https://www.rasasilver.com/products/navrisa-navaratna-pendant?variant=gid://shopify/ProductVariant/52331044700457
2026-07-31 04:17:32,Marigolda Victorian Studs,Default Title,R22019,14200.0,Restock,1,0,1,https://www.rasasilver.com/products/marigolda-victorian-studs?variant=gid://shopify/ProductVariant/52333763428649
2026-07-31 04:17:32,Ovaflora Victorian Necklace Set,Default Title,R21346,90450.0,Restock,1,0,1,https://www.rasasilver.com/products/ovaflora-victorian-necklace-set?variant=gid://shopify/ProductVariant/52337579065641
2026-07-31 04:17:32,Emeravalli Victorian Necklace,Default Title,R21567,39700.0,Restock,1,0,1,https://www.rasasilver.com/products/emeravalli-victorian-necklace?variant=gid://shopify/ProductVariant/52344621728041
2026-07-31 04:17:32,Victorian Navakriti Necklace Set,Default Title,R22231,37400.0,Restock,1,0,1,https://www.rasasilver.com/products/victorian-navakriti-necklace-set?variant=gid://shopify/ProductVariant/52362235576617
2026-07-31 04:17:32,Orbit Victorian Necklace,Default Title,R22157,42300.0,Restock,1,0,1,https://www.rasasilver.com/products/orbit-victorian-necklace-set?variant=gid://shopify/ProductVariant/52377995542825
2026-07-31 04:17:32,Grevia CZ Necklace Set,Default Title,R22177,35400.0,Restock,1,0,1,https://www.rasasilver.com/products/cz-necklace-set-1?variant=gid://shopify/ProductVariant/52390300877097
2026-07-31 04:17:32,Navarika CZ Necklace Set,Default Title,R22641,34100.0,Restock,1,1,2,https://www.rasasilver.com/products/navarika-cz-necklace-set?variant=gid://shopify/ProductVariant/52390554894633
2026-07-31 04:17:32,Morvya Kasu Necklace,Default Title,R22672,101200.0,Restock,2,2,4,https://www.rasasilver.com/products/morvya-kasu-necklace?variant=gid://shopify/ProductVariant/52393214705961
2026-07-31 04:17:32,Gutta Pasalu Necklace Set,Default Title,R19923,22700.0,Restock,1,6,7,https://www.rasasilver.com/products/gutta-pasalu-necklace-set?variant=gid://shopify/ProductVariant/52399453438249
2026-07-31 04:17:32,Prism CZ Necklace Set,Blue,R31367,28700.0,Restock,1,0,1,https://www.rasasilver.com/products/prism-cz-necklace-set?variant=gid://shopify/ProductVariant/53323393368361
2026-07-31 04:17:32,Moonlight CZ Necklace Set,Default Title,R22912,17600.0,Restock,2,2,4,https://www.rasasilver.com/products/moonlight-cz-necklace-set?variant=gid://shopify/ProductVariant/52419983573289
2026-07-31 04:17:32,Victorian Grace Necklace,Default Title,R22242,53460.0,Restock,1,2,3,https://www.rasasilver.com/products/victorian-grace-necklace?variant=gid://shopify/ProductVariant/52420044357929
2026-07-31 04:17:32,Blooma Victorian Necklace Set,Default Title,R22257,36630.0,Restock,2,2,4,https://www.rasasilver.com/products/blooma-victorian-necklace-set?variant=gid://shopify/ProductVariant/52420179951913
2026-07-31 04:17:32,Devika Temple Kaasu Necklace,Default Title,R22303,52560.0,Restock,1,0,1,https://www.rasasilver.com/products/devika-temple-kaasu-necklace?variant=gid://shopify/ProductVariant/52450616213801
2026-07-31 04:17:32,White Floral CZ Necklace Set,Default Title,R22879,26500.0,Restock,1,2,3,https://www.rasasilver.com/products/white-floral-cz-necklace-set?variant=gid://shopify/ProductVariant/52451312894249
2026-07-31 04:17:32,Kundan Rose Choker,Default Title,R23170,17910.0,Restock,1,0,1,https://www.rasasilver.com/products/kundan-rose-choker?variant=gid://shopify/ProductVariant/52469528854825
2026-07-31 04:17:32,Nauka Kundan Danglers,GREEN,R23344,9000.0,Restock,1,0,1,https://www.rasasilver.com/products/nauka-kundan-danglers-copy?variant=gid://shopify/ProductVariant/52511283478825
2026-07-31 04:17:32,Peacock Antique Danglers,Default Title,R21019,21690.0,Restock,1,0,1,https://www.rasasilver.com/products/peacock-antique-danglers?variant=gid://shopify/ProductVariant/52527658860841
2026-07-31 04:17:32,Garden Pear Victorian Bangles,2.4,R24455,47970.0,Restock,1,2,3,https://www.rasasilver.com/products/garden-pear-victorian-bangles?variant=gid://shopify/ProductVariant/52535424123177
2026-07-31 04:17:32,Garden Pear Victorian Bangles,2.6,R24455,47970.0,Restock,1,2,3,https://www.rasasilver.com/products/garden-pear-victorian-bangles?variant=gid://shopify/ProductVariant/52535424155945
2026-07-31 04:17:32,Tara Stone Bangles,2.4,R24394,26600.0,Restock,2,1,3,https://www.rasasilver.com/products/tara-stone-bangles?variant=gid://shopify/ProductVariant/52553600893225
2026-07-31 04:17:32,Green-Swan Victorian Bangles,2.6,R22995,61650.0,Restock,1,0,1,https://www.rasasilver.com/products/green-swan-victorian-bangles?variant=gid://shopify/ProductVariant/52553614754089
2026-07-31 04:17:32,Oval Gem Victorian Necklace,Default Title,R24019,22410.0,Restock,1,0,1,https://www.rasasilver.com/products/oval-gem-victorian-necklace?variant=gid://shopify/ProductVariant/52554234724649
2026-07-31 04:17:32,Murya Kundan Hair Brooch,Default Title,R23484,9810.0,Restock,1,2,3,https://www.rasasilver.com/products/swan-kundan-hair-brooch?variant=gid://shopify/ProductVariant/52559924625705
2026-07-31 04:17:32,Paradis Royale CZ Pendant,Default Title,R23133,11250.0,Restock,1,0,1,https://www.rasasilver.com/products/paradis-royale-cz-pendant?variant=gid://shopify/ProductVariant/52559962472745
2026-07-31 04:17:32,Dvi Mukha Pakshi Pendant,Default Title,R25042,19200.0,Restock,1,4,5,https://www.rasasilver.com/products/dvi-mukha-pakshi-pendant-copy?variant=gid://shopify/ProductVariant/52565266432297
2026-07-31 04:17:32,Mogra Valli Victorian Danglers,Default Title,R23009,12100.0,Restock,1,0,1,https://www.rasasilver.com/products/pear-bloom-victorian-danglers-copy?variant=gid://shopify/ProductVariant/52603215413545
2026-07-31 04:17:32,Gulpari Antique Danglers,GREEN,R23352,9550.0,Restock,1,0,1,https://www.rasasilver.com/products/gulpari-antique-danglers?variant=gid://shopify/ProductVariant/52623121809705
2026-07-31 04:17:32,Dakshin Stone Matil,Default Title,R25139,21500.0,Restock,1,1,2,https://www.rasasilver.com/products/dakshin-stone-matil?variant=gid://shopify/ProductVariant/52667728232745
2026-07-31 04:17:32,Two-Layers Antique Mala,Default Title,R24793,23100.0,Restock,2,0,2,https://www.rasasilver.com/products/two-layers-antique-mala?variant=gid://shopify/ProductVariant/52668091892009
2026-07-31 04:17:32,Pink Beaded Antique Mala,Default Title,R24813,18000.0,Restock,1,0,1,https://www.rasasilver.com/products/pink-beaded-antique-mala?variant=gid://shopify/ProductVariant/52668113486121
2026-07-31 04:17:32,Visheshika Temple Chudi,Default Title,R22955,16600.0,Restock,1,3,4,https://www.rasasilver.com/products/visheshika-temple-chudi?variant=gid://shopify/ProductVariant/52668215394601
2026-07-31 04:17:32,Square-Rosy Stone Bangles,Ruby Pink / 2.4,R25305,19500.0,Restock,1,3,4,https://www.rasasilver.com/products/square-rosy-stone-bangles?variant=gid://shopify/ProductVariant/52668463382825
2026-07-31 04:17:32,Square-Rosy Stone Bangles,Ruby Pink / 2.5,R25305,19500.0,Restock,1,3,4,https://www.rasasilver.com/products/square-rosy-stone-bangles?variant=gid://shopify/ProductVariant/52704115949865
2026-07-31 04:17:32,Square-Rosy Stone Bangles,Ruby Pink / 2.6,R25305,19500.0,Restock,1,3,4,https://www.rasasilver.com/products/square-rosy-stone-bangles?variant=gid://shopify/ProductVariant/52704115982633
2026-07-31 04:17:32,Regal Trinket Necklace Set,Default Title,R25011,25500.0,Restock,6,4,10,https://www.rasasilver.com/products/regal-trinket-necklace-set?variant=gid://shopify/ProductVariant/52682036707625
2026-07-31 04:17:32,Ember Gold CZ Necklace Set,Default Title,R25062,23500.0,Restock,1,0,1,https://www.rasasilver.com/products/ember-gold-cz-necklace-set?variant=gid://shopify/ProductVariant/52682093461801
2026-07-31 04:17:32,Kanakprabha Short Necklace,Default Title,R24646,41500.0,Restock,1,0,1,https://www.rasasilver.com/products/kanakprabha-short-necklace?variant=gid://shopify/ProductVariant/52682136355113
2026-07-31 04:17:32,Manimala Kasu Temple Necklace,Default Title,R25191,36200.0,Restock,1,1,2,https://www.rasasilver.com/products/manimala-kasu-short-necklace?variant=gid://shopify/ProductVariant/52682145431849
2026-07-31 04:17:32,Pear-Bloom CZ Necklace,Default Title,R25497,15300.0,Restock,1,3,4,https://www.rasasilver.com/products/pear-bloom-cz-necklace?variant=gid://shopify/ProductVariant/52712536637737
2026-07-31 04:17:32,Ivory Spark CZ Necklace,Default Title,R25500,11000.0,Restock,1,1,2,https://www.rasasilver.com/products/ivory-spark-cz-necklace?variant=gid://shopify/ProductVariant/52712569962793
2026-07-31 04:17:32,Crystal Ivy CZ Necklace Set,Default Title,R25510,18750.0,Restock,1,0,1,https://www.rasasilver.com/products/crystal-ivy-cz-necklace-set?variant=gid://shopify/ProductVariant/52712624390441
2026-07-31 04:17:32,Bagh-Manik Stone Necklace,Default Title,R25124,37800.0,Restock,1,0,1,https://www.rasasilver.com/products/bagh-manik-stone-necklace?variant=gid://shopify/ProductVariant/52723633652009
2026-07-31 04:17:32,Chakra-Padma Kundan Pendant,Default Title,R21962,25300.0,Restock,1,0,1,https://www.rasasilver.com/products/chakra-kundan-pendant?variant=gid://shopify/ProductVariant/52748086739241
2026-07-31 04:17:32,Dakshina Kundan Pendant,Default Title,R24956,22600.0,Restock,1,4,5,https://www.rasasilver.com/products/dakshina-kundan-pendant?variant=gid://shopify/ProductVariant/52748266471721
2026-07-31 04:17:32,Spark-Loom Stone Bangles,2.6,R25473,22250.0,Restock,1,0,1,https://www.rasasilver.com/products/stone-bangles-3?variant=gid://shopify/ProductVariant/52798064525609
2026-07-31 04:17:32,Ganesha Peacock Temple Necklace,Default Title,R19911,56430.0,Restock,1,0,1,https://www.rasasilver.com/products/royal-peacock-nakshi-necklace?variant=gid://shopify/ProductVariant/52797908517161
2026-07-31 04:17:32,Shubhalakshmi Temple Necklace,Default Title,R26458,60660.0,Restock,1,0,1,https://www.rasasilver.com/products/shubhalakshmi-temple-necklace?variant=gid://shopify/ProductVariant/52808022884649
2026-07-31 04:17:32,Suvalaya Temple Necklace,Ruby Pink,R25872,31200.0,Restock,1,0,1,https://www.rasasilver.com/products/ratnashri-short-temple-necklace-copy?variant=gid://shopify/ProductVariant/52828521857321
2026-07-31 04:17:32,Ratnarekha Stone Necklace,Default Title,R26197,39600.0,Restock,1,0,1,https://www.rasasilver.com/products/ratnarekha-stone-necklace?variant=gid://shopify/ProductVariant/52831853969705
2026-07-31 04:17:32,Shreevitha Kasu Temple Necklace,Default Title,R26183,81500.0,Restock,1,0,1,https://www.rasasilver.com/products/mahalakshya-gandavira-kasu-necklace-copy?variant=gid://shopify/ProductVariant/52866563539241
2026-07-31 04:17:32,Vaibhavmala Temple Kasu Necklace,Default Title,R26075,46750.0,Restock,2,0,2,https://www.rasasilver.com/products/vaibhavmala-temple-kasu-necklace?variant=gid://shopify/ProductVariant/52871775256873
2026-07-31 04:17:32,Aarvi Stone Bangles,2.4,R26676,28400.0,Restock,1,4,5,https://www.rasasilver.com/products/aarvi-cz-bangles?variant=gid://shopify/ProductVariant/52915463782697
2026-07-31 04:17:32,Vasanthika CZ Necklace,Default Title,R26748,29300.0,Restock,1,0,1,https://www.rasasilver.com/products/peravia-cz-necklace-set-copy?variant=gid://shopify/ProductVariant/52880284614953
2026-07-31 04:17:32,Florentine CZ Necklace Set,Default Title,R26750,15900.0,Restock,1,0,1,https://www.rasasilver.com/products/vasanthika-cz-necklace-copy?variant=gid://shopify/ProductVariant/52880314990889
2026-07-31 04:17:32,Vritta CZ Necklace Set,Default Title,R26753,35000.0,Restock,1,1,2,https://www.rasasilver.com/products/florentine-cz-necklace-set-copy?variant=gid://shopify/ProductVariant/52880422928681
2026-07-31 04:17:32,Drovella CZ Necklace,Default Title,R26754,18300.0,Restock,1,1,2,https://www.rasasilver.com/products/drovella-cz-necklace?variant=gid://shopify/ProductVariant/52881079697705
2026-07-31 04:17:32,Rectiva CZ Necklace Set,Default Title,R26765,19800.0,Restock,1,0,1,https://www.rasasilver.com/products/florentine-cz-necklace-set-copy-1?variant=gid://shopify/ProductVariant/52881188749609
2026-07-31 04:17:32,Pearique Luxe CZ Necklace Set,Ruby Pink,R26768,16000.0,Restock,1,2,3,https://www.rasasilver.com/products/tearique-luxe-cz-necklace-set?variant=gid://shopify/ProductVariant/52881415799081
2026-07-31 04:17:32,Amaya Pear CZ Necklace Set,Default Title,R26783,31000.0,Restock,1,0,1,https://www.rasasilver.com/products/amaya-tear-cz-necklace-set?variant=gid://shopify/ProductVariant/52881956602153
2026-07-31 04:17:32,Fleur CZ Necklace Set,Default Title,R26871,30000.0,Restock,1,1,2,https://www.rasasilver.com/products/ovara-flora-cz-necklace-set-copy-1?variant=gid://shopify/ProductVariant/52885395145001
2026-07-31 04:17:32,Squarica CZ Necklace Set,Default Title,R26897,16200.0,Restock,1,2,3,https://www.rasasilver.com/products/squarica-dropira-cz-necklace-set?variant=gid://shopify/ProductVariant/52885501247785
2026-07-31 04:17:32,Indira Temple Necklace,Default Title,R26317,8700.0,Restock,1,4,5,https://www.rasasilver.com/products/indira-temple-necklace?variant=gid://shopify/ProductVariant/52889885016361
2026-07-31 04:17:32,Shreeka Temple Necklace,Default Title,R26320,9900.0,Restock,1,3,4,https://www.rasasilver.com/products/indira-temple-necklace-copy-1?variant=gid://shopify/ProductVariant/52889966149929
2026-07-31 04:17:32,Elvaris CZ Matil,Default Title,R23605,42500.0,Restock,1,1,2,https://www.rasasilver.com/products/elvaris-matil?variant=gid://shopify/ProductVariant/52897848164649
2026-07-31 04:17:32,Indulekha Matil,Default Title,R25135,10550.0,Restock,1,0,1,https://www.rasasilver.com/products/indulekha-matil?variant=gid://shopify/ProductVariant/52898274640169
2026-07-31 04:17:32,Mayurika Temple Matil,Default Title,R24360,15200.0,Restock,1,0,1,https://www.rasasilver.com/products/mahika-temple-matil-copy?variant=gid://shopify/ProductVariant/52898722349353
2026-07-31 04:17:32,Rosethra Stone Studs,Default Title,R25501,3500.0,Restock,1,1,2,https://www.rasasilver.com/products/blossira-stone-studs-copy-2?variant=gid://shopify/ProductVariant/52921695600937
2026-07-31 04:17:32,Florixa Stone Studs,Default Title,R25568,3200.0,Restock,1,0,1,https://www.rasasilver.com/products/blossira-stone-studs-copy-3?variant=gid://shopify/ProductVariant/52921744458025
2026-07-31 04:17:32,Zirconika Stone Ring,Ruby Pink,R25336,2600.0,Restock,2,1,3,https://www.rasasilver.com/products/zirconika-stone-ring-copy?variant=gid://shopify/ProductVariant/53064066040105
2026-07-31 04:17:32,Swarnika Temple Necklace,Default Title,R28184,17500.0,Restock,1,0,1,https://www.rasasilver.com/products/mrinalini-temple-short-necklace-copy-1?variant=gid://shopify/ProductVariant/53071412166953
2026-07-31 04:17:32,Amara Shine Necklace Set,Default Title,R28388,15800.0,Restock,1,1,2,https://www.rasasilver.com/products/amara-shine-necklace-set?variant=gid://shopify/ProductVariant/53138163368233
2026-07-31 04:17:32,Flora-Pink Oxidized Payal,Default Title,R21880,4600.0,Restock,1,0,1,https://www.rasasilver.com/products/flora-pink-oxidized-payal?variant=gid://shopify/ProductVariant/53149276733737
2026-07-31 04:17:32,Anvika Glow CZ Necklace Set,Default Title,R28050,32500.0,Restock,1,5,6,https://www.rasasilver.com/products/vritta-cz-necklace-set-copy?variant=gid://shopify/ProductVariant/53161097494825
2026-07-31 04:17:32,Linea Luxe CZ Necklace Set,Default Title,R28068,26300.0,Restock,1,2,3,https://www.rasasilver.com/products/rectoriae-cz-necklace-set-copy?variant=gid://shopify/ProductVariant/53161109422377
2026-07-31 04:17:32,Ira Prism CZ Necklace Set,Default Title,R28136,23400.0,Restock,1,0,1,https://www.rasasilver.com/products/linea-luxe-cz-necklace-set-copy?variant=gid://shopify/ProductVariant/53161286467881
2026-07-31 04:17:32,Ratanprabha Stone Necklace,Default Title,R27931,30900.0,Restock,1,0,1,https://www.rasasilver.com/products/vilasini-temple-bottu-necklace-copy?variant=gid://shopify/ProductVariant/53163330306345
2026-07-31 04:17:32,Blossira Antique Bangles,Default Title,R28293,50500.0,Restock,1,0,1,https://www.rasasilver.com/products/blossira-antique-bangles?variant=gid://shopify/ProductVariant/53173673656617
2026-07-31 04:17:32,Kamalika Antique Bangles,Default Title,R27858,30200.0,Restock,1,2,3,https://www.rasasilver.com/products/antique-bangles?variant=gid://shopify/ProductVariant/53173801976105
2026-07-31 04:17:32,Aarvika Stone Jhumkis,Default Title,R28551,4000.0,Restock,1,0,1,https://www.rasasilver.com/products/aarvika-stone-jhumkis?variant=gid://shopify/ProductVariant/53266578833705
2026-07-31 04:17:32,Kalasha-Lakshmi Temple Necklace,Default Title,R28590,8000.0,Restock,1,3,4,https://www.rasasilver.com/products/kalasha-lakshmi-temple-necklace?variant=gid://shopify/ProductVariant/53266747162921
2026-07-31 04:17:32,Chakra-Floral Nakshi Studs,Default Title,R28585,4800.0,Restock,1,0,1,https://www.rasasilver.com/products/chakra-floral-nakshi-studs?variant=gid://shopify/ProductVariant/53266808471849
2026-07-31 04:17:32,Arka Chandra Kundan Set,Ruby Pink,R28612,8000.0,Restock,1,0,1,https://www.rasasilver.com/products/arka-chandra-kundan-set?variant=gid://shopify/ProductVariant/53266936070441
2026-07-31 04:17:32,Vaidehi Stone Matil,GREEN,R28514,14800.0,Restock,1,0,1,https://www.rasasilver.com/products/vaidehi-stone-matil?variant=gid://shopify/ProductVariant/53269154693417
2026-07-31 04:17:32,Haritha Stone Matil,Swarovski,R30424,9800.0,Restock,1,0,1,https://www.rasasilver.com/products/haritha-stone-matil?variant=gid://shopify/ProductVariant/53323494326569
2026-07-31 04:17:32,Haritha Stone Matil,Gold,R30427,11000.0,Restock,1,0,1,https://www.rasasilver.com/products/haritha-stone-matil?variant=gid://shopify/ProductVariant/53323494359337
2026-07-31 04:17:32,Fiora Stone Studs,Default Title,R29495,2300.0,Restock,1,0,1,https://www.rasasilver.com/products/fiora-stone-studs?variant=gid://shopify/ProductVariant/53282509226281
2026-07-31 04:17:32,Blue-Floriya CZ Necklace,Blue,R29478,10300.0,Restock,1,1,2,https://www.rasasilver.com/products/blue-floriya-cz-necklace?variant=gid://shopify/ProductVariant/53282524660009
2026-07-31 04:17:32,Blue-Floriya CZ Necklace,GREEN,R29480,10300.0,Restock,1,1,2,https://www.rasasilver.com/products/blue-floriya-cz-necklace?variant=gid://shopify/ProductVariant/53282524692777
2026-07-31 04:17:32,Blue-Floriya CZ Necklace,Red,R29481,10300.0,Restock,1,0,1,https://www.rasasilver.com/products/blue-floriya-cz-necklace?variant=gid://shopify/ProductVariant/53282526593321
2026-07-31 04:17:32,Greenika-Pear CZ Necklace,GREEN,R29501,13900.0,Restock,1,1,2,https://www.rasasilver.com/products/greenika-pear-cz-necklace?variant=gid://shopify/ProductVariant/53282539569449
2026-07-31 04:17:32,Panna-Droplet CZ Necklace,Default Title,R29507,8600.0,Restock,1,0,1,https://www.rasasilver.com/products/panna-droplet-cz-necklace?variant=gid://shopify/ProductVariant/53282541371689
2026-07-31 04:17:32,Glitter Glow CZ Necklace,Default Title,R29524,10500.0,Restock,1,1,2,https://www.rasasilver.com/products/butterfly-grace-cz-necklace?variant=gid://shopify/ProductVariant/53282551857449
2026-07-31 04:17:32,Floral Spark CZ Necklace,Default Title,R29528,16300.0,Restock,1,1,2,https://www.rasasilver.com/products/floral-spark-cz-necklace?variant=gid://shopify/ProductVariant/53282569290025
2026-07-31 04:17:32,Ovalika-Green CZ Necklace,Default Title,R29536,21200.0,Restock,1,0,1,https://www.rasasilver.com/products/ovalika-green-cz-necklace?variant=gid://shopify/ProductVariant/53282575876393
2026-07-31 04:17:32,Blossom-Green CZ Necklace,Default Title,R29543,23300.0,Restock,1,0,1,https://www.rasasilver.com/products/blossom-green-cz-necklace?variant=gid://shopify/ProductVariant/53282606514473
2026-07-31 04:17:32,Bloom Aura Stone Necklace,Default Title,R29469,18700.0,Restock,1,0,1,https://www.rasasilver.com/products/bloom-aura-stone-necklace?variant=gid://shopify/ProductVariant/53282819277097
2026-07-31 04:17:32,Pear-Drops CZ Pendant Set,Default Title,R29529,8000.0,Restock,1,0,1,https://www.rasasilver.com/products/pear-drops-cz-necklace?variant=gid://shopify/ProductVariant/53282874523945
2026-07-31 04:17:32,Greena-Glow CZ Pendant,Default Title,R29563,6800.0,Restock,1,0,1,https://www.rasasilver.com/products/gulabi-glow-cz-pendant-set?variant=gid://shopify/ProductVariant/53282892349737
2026-07-31 04:17:32,CZ Rosetta Danglers,GREEN,R29561,3400.0,Restock,1,2,3,https://www.rasasilver.com/products/cz-rosetta-danglers?variant=gid://shopify/ProductVariant/53282952741161
2026-07-31 04:17:32,Swril Stone Bangles,2.6,R29435,21500.0,Restock,2,1,3,https://www.rasasilver.com/products/swril-stone-bangles?variant=gid://shopify/ProductVariant/53283871883561
2026-07-31 04:17:32,Lustrelle Stone Bangles,2.5,R29452,22300.0,Restock,1,2,3,https://www.rasasilver.com/products/lustrelle-stone-bangles?variant=gid://shopify/ProductVariant/53283968745769
2026-07-31 04:17:32,Stellar Line Stone Bangles,2.9,R29455,23400.0,Restock,1,0,1,https://www.rasasilver.com/products/stone-bangles-7?variant=gid://shopify/ProductVariant/53284233249065
2026-07-31 04:17:32,Pearl-Glow Chain Pendant,Default Title,R31554,2000.0,Restock,1,1,2,https://www.rasasilver.com/products/pearl-glow-chain-pendant?variant=gid://shopify/ProductVariant/53285986992425
2026-07-31 04:17:32,Glowy Chain Pendant,Default Title,R31591,3000.0,Restock,1,1,2,https://www.rasasilver.com/products/glowy-chain-pendant?variant=gid://shopify/ProductVariant/53286022414633
2026-07-31 04:17:32,Teddy-Bear Chain Pendant,Default Title,R31592,3800.0,Restock,1,0,1,https://www.rasasilver.com/products/teddy-bear-chain-pendant-1?variant=gid://shopify/ProductVariant/53286040535337
2026-07-31 04:17:32,Beaded Charm Ear Cuff,Default Title,R31572,1300.0,Restock,1,3,4,https://www.rasasilver.com/products/beaded-charm-ear-cuff?variant=gid://shopify/ProductVariant/53286096306473
2026-07-31 04:17:32,Beaded Heart Oxidized Payal,Default Title,R31647,3600.0,Restock,1,0,1,https://www.rasasilver.com/products/beaded-heart-oxidized-payal?variant=gid://shopify/ProductVariant/53286160138537
2026-07-31 04:17:32,Leaf-Grace Toe Ring,Default Title,R31644,2300.0,Restock,1,1,2,https://www.rasasilver.com/products/leaf-grace-toe-ring?variant=gid://shopify/ProductVariant/53289147859241
2026-07-31 04:17:32,Zariya Stone Danglers,GREEN,R31508,5300.0,Restock,1,0,1,https://www.rasasilver.com/products/zariya-green-stone-danglers?variant=gid://shopify/ProductVariant/53290441408809
2026-07-31 04:17:32,Recta-Green Pendant Set,Default Title,R31499,5000.0,Restock,1,0,1,https://www.rasasilver.com/products/recta-green-pendant-set?variant=gid://shopify/ProductVariant/53290477912361
2026-07-31 04:17:32,Navilu Charm Stone Pendant Set,Ruby Pink,R31934,3900.0,Restock,1,0,1,https://www.rasasilver.com/products/navilu-charm-stone-pendant-set?variant=gid://shopify/ProductVariant/53290677764393
2026-07-31 04:17:32,Stone Gleam Ring,Default Title,R31968,2800.0,Restock,1,0,1,https://www.rasasilver.com/products/stone-gleam-ring?variant=gid://shopify/ProductVariant/53290729341225
2026-07-31 04:17:32,Manika Stone Ring,Default Title,R31973,3400.0,Restock,1,0,1,https://www.rasasilver.com/products/manika-stone-ring?variant=gid://shopify/ProductVariant/53290730422569
2026-07-31 04:17:32,Rose Mist Stone Ring,Default Title,R31977,2600.0,Restock,1,1,2,https://www.rasasilver.com/products/rose-mist-ring?variant=gid://shopify/ProductVariant/53290731012393
2026-07-31 04:17:32,Crystal Drop Stone Necklace,Default Title,R31426,10700.0,Restock,1,1,2,https://www.rasasilver.com/products/crystal-drop-stone-necklace?variant=gid://shopify/ProductVariant/53290769842473
2026-07-31 04:17:32,Pear of Green Stone Necklace,Default Title,R31428,9900.0,Restock,1,0,1,https://www.rasasilver.com/products/pear-of-green-stone-necklace?variant=gid://shopify/ProductVariant/53290771415337
2026-07-31 04:17:32,Floral Glow Stone Necklace,Default Title,R31432,17200.0,Restock,1,0,1,https://www.rasasilver.com/products/floral-glow-stone-necklace?variant=gid://shopify/ProductVariant/53290773381417
2026-07-31 04:17:32,Circle-Panna Stone Necklace,Default Title,R31437,18300.0,Restock,1,0,1,https://www.rasasilver.com/products/circle-panna-stone-necklace?variant=gid://shopify/ProductVariant/53290774888745
2026-07-31 04:17:32,Green-Flora Stone Kada,Default Title,R30438,9500.0,Restock,1,0,1,https://www.rasasilver.com/products/green-flora-stone-kada?variant=gid://shopify/ProductVariant/53299596034345
2026-07-31 04:17:32,Pushpa Chakra Stone Danglers,Default Title,R31402,6300.0,Restock,1,2,3,https://www.rasasilver.com/products/pushpa-chakra-stone-danglers?variant=gid://shopify/ProductVariant/53304544526633
2026-07-31 04:17:32,Temple Devalika Necklace,Default Title,R31269,15200.0,Restock,1,0,1,https://www.rasasilver.com/products/temple-devalika-necklace?variant=gid://shopify/ProductVariant/53304635064617
2026-07-31 04:17:32,Charulata-Mor Temple Necklace,Default Title,R31334,16500.0,Restock,1,0,1,https://www.rasasilver.com/products/charulata-mor-temple-necklace?variant=gid://shopify/ProductVariant/53305189826857
2026-07-31 04:17:32,Devalaya-Mayura Temple Necklace,Default Title,R31279,26000.0,Restock,1,0,1,https://www.rasasilver.com/products/devalaya-mayura-temple-necklace?variant=gid://shopify/ProductVariant/53305325027625
2026-07-31 04:17:32,Mayura Lakshmi Temple Necklace,Default Title,R31387,47000.0,Restock,1,0,1,https://www.rasasilver.com/products/mayura-lakshmi-temple-necklace?variant=gid://shopify/ProductVariant/53306663993641
2026-07-31 04:17:32,Mango-Pear Stone Matil,Default Title,R30417,14500.0,Restock,1,0,1,https://www.rasasilver.com/products/matil-2?variant=gid://shopify/ProductVariant/53306897269033
2026-07-31 04:17:32,Manikya-Harita Stone Matil,Default Title,R30428,23900.0,Restock,1,0,1,https://www.rasasilver.com/products/manikya-harita-stone-matil?variant=gid://shopify/ProductVariant/53307160953129
2026-07-31 04:17:32,Divine Temple Pendant,Default Title,R30351,14500.0,Restock,1,1,2,https://www.rasasilver.com/products/divine-temple-pendant?variant=gid://shopify/ProductVariant/53308704063785
2026-07-31 04:17:32,Queen's Green CZ Necklace Set,Default Title,R31223,32300.0,Restock,1,1,2,https://www.rasasilver.com/products/queens-green-cz-necklace-set?variant=gid://shopify/ProductVariant/53308726083881
2026-07-31 04:17:32,Designer Oval CZ Necklace Set,Default Title,R31227,31000.0,Restock,2,2,4,https://www.rasasilver.com/products/designer-oval-cz-necklace-set?variant=gid://shopify/ProductVariant/53308731425065
2026-07-31 04:17:32,Queen's Lakshmi Temple Necklace Set,Default Title,R29944,15300.0,Restock,2,1,3,https://www.rasasilver.com/products/queens-lakshmi-temple-necklace-set?variant=gid://shopify/ProductVariant/53310655463721
2026-07-31 04:17:32,Temple Devalaya Necklace Set,Default Title,R29949,14500.0,Restock,1,1,2,https://www.rasasilver.com/products/temple-devalaya-necklace-set?variant=gid://shopify/ProductVariant/53311568838953
2026-07-31 04:17:32,Lakshmi-Moti Temple Necklace Set,Default Title,R29962,23200.0,Restock,1,0,1,https://www.rasasilver.com/products/lakshmi-moti-temple-necklace-set?variant=gid://shopify/ProductVariant/53312179896617
2026-07-31 04:17:32,Mayura Queen Nakshi Necklace Set,GREEN,R29976,17500.0,Restock,1,1,2,https://www.rasasilver.com/products/mayura-queen-nakshi-necklace-set?variant=gid://shopify/ProductVariant/53312595591465
2026-07-31 04:17:32,Mayura Queen Nakshi Necklace Set,Ruby Pink,R29981,16900.0,Restock,1,1,2,https://www.rasasilver.com/products/mayura-queen-nakshi-necklace-set?variant=gid://shopify/ProductVariant/53312595624233
2026-07-31 04:17:32,Dewdrop Stone Necklace,GREEN,R29988,13500.0,Restock,1,2,3,https://www.rasasilver.com/products/dewdrop-stone-necklace-set?variant=gid://shopify/ProductVariant/53312650772777
2026-07-31 04:17:32,Dewdrop Stone Necklace,Orange,R29994,13400.0,Restock,1,2,3,https://www.rasasilver.com/products/dewdrop-stone-necklace-set?variant=gid://shopify/ProductVariant/53312650805545
2026-07-31 04:17:32,Suvarna Stone Necklace,Default Title,R30298,33800.0,Restock,1,1,2,https://www.rasasilver.com/products/suvarna-stone-necklace?variant=gid://shopify/ProductVariant/53312674595113
2026-07-31 04:17:32,Kite Stone Necklace Set,Default Title,R30467,13200.0,Restock,2,1,3,https://www.rasasilver.com/products/kite-stone-necklace-set?variant=gid://shopify/ProductVariant/53312818905385
2026-07-31 04:17:32,Antique Rajratna Bangles,2.7,R31234,13400.0,Restock,1,1,2,https://www.rasasilver.com/products/antique-rajratna-bangles?variant=gid://shopify/ProductVariant/53315061317929
2026-07-31 04:17:32,Square-Greena Stone Bangles,2.7,R30326,20600.0,Restock,1,1,2,https://www.rasasilver.com/products/square-greena-stone-bangles?variant=gid://shopify/ProductVariant/53315097428265
2026-07-31 04:17:32,Crystal Line Stone Bangles,2.4,R30363,25400.0,Restock,1,0,1,https://www.rasasilver.com/products/crystal-line-stone-bangles?variant=gid://shopify/ProductVariant/53315202253097
2026-07-31 04:17:32,Gilded Ivy Victorian Necklace,Default Title,R31059,37400.0,Restock,1,0,1,https://www.rasasilver.com/products/gilded-ivy-victorian-necklace?variant=gid://shopify/ProductVariant/53315295740201
2026-07-31 04:17:32,Gulabi Grace Stone Bangles,Size,R31243,22300.0,Restock,1,3,4,https://www.rasasilver.com/products/harini-grace-stone-bangles?variant=gid://shopify/ProductVariant/53324605587753
2026-07-31 04:17:32,Oval-Pushp Stone Bangles,2.4,R31252,19400.0,Restock,1,2,3,https://www.rasasilver.com/products/oval-pushp-stone-bangles?variant=gid://shopify/ProductVariant/53324650414377
2026-07-31 04:17:32,Ratna Utsava Stone Bangles,GREEN / 2.9,R31274,19800.0,Restock,1,3,4,https://www.rasasilver.com/products/h-1?variant=gid://shopify/ProductVariant/53324724568361
2026-07-31 04:17:32,Ratna Utsava Stone Bangles,Ruby Pink / 2.8,R31277,20250.0,Restock,2,1,3,https://www.rasasilver.com/products/h-1?variant=gid://shopify/ProductVariant/53324727058729
2026-07-31 04:17:32,Ganesh Temple Ring,15,R31399,3900.0,Restock,1,0,1,https://www.rasasilver.com/products/ganesh-temple-ring?variant=gid://shopify/ProductVariant/53324731121961
2026-07-31 04:17:32,Circle-Greena Antique Ring,15,R31404,3500.0,Restock,1,1,2,https://www.rasasilver.com/products/circle-greena-antique-ring?variant=gid://shopify/ProductVariant/53324737511721
2026-07-31 04:17:32,Garden-Shine Antique Ring,15,R31405,3500.0,Restock,1,3,4,https://www.rasasilver.com/products/garden-shine-antique-ring?variant=gid://shopify/ProductVariant/53329301012777
2026-07-31 04:17:32,Oval-Flora Antique Ring,15,R31407,4100.0,Restock,1,0,1,https://www.rasasilver.com/products/oval-flora-antique-ring?variant=gid://shopify/ProductVariant/53329302683945
2026-07-31 04:17:32,Pear-Blossom Stone Ring,Swarovski / 13,R31659,3700.0,Restock,1,2,3,https://www.rasasilver.com/products/pear-blossom-antique-ring?variant=gid://shopify/ProductVariant/53329380966697
2026-07-31 04:17:32,Pear-Blossom Stone Ring,GREEN / 13,R31661,3600.0,Restock,1,0,1,https://www.rasasilver.com/products/pear-blossom-antique-ring?variant=gid://shopify/ProductVariant/53329380999465
2026-07-31 04:17:32,Pear-Blossom Stone Ring,Ruby Pink / 13,R31660,3600.0,Restock,1,1,2,https://www.rasasilver.com/products/pear-blossom-antique-ring?variant=gid://shopify/ProductVariant/53329381032233
2026-07-31 04:17:32,Pink Dynasty Victorian Bracelet,Default Title,R30759,27900.0,Restock,1,0,1,https://www.rasasilver.com/products/pink-dynasty-bracelet?variant=gid://shopify/ProductVariant/53329474847017
2026-07-31 04:17:32,Pearl Botanica Victorian Haath Phool,Default Title,R30747,34900.0,Restock,1,1,2,https://www.rasasilver.com/products/vaibhava-victorian-haath-phool?variant=gid://shopify/ProductVariant/53329663787305
2026-07-31 04:17:32,Krupa Kasu Temple Necklace,Default Title,R32170,51600.0,Restock,1,0,1,https://www.rasasilver.com/products/navil-krupa-jadau-necklace?variant=gid://shopify/ProductVariant/53333186314537
2026-07-31 04:17:32,Dwi-Pear Polki Kada,Default Title,R30690,17300.0,Restock,1,0,1,https://www.rasasilver.com/products/dwi-pear-polki-kada?variant=gid://shopify/ProductVariant/53333198635305
2026-07-31 04:17:32,Crystal-Luxe Victorian Kada,Default Title,R30746,39700.0,Restock,1,0,1,https://www.rasasilver.com/products/crystal-luxe-victorian-kada?variant=gid://shopify/ProductVariant/53333209514281
2026-07-31 04:17:32,Imperial Mint Victorian Kada,Default Title,R30755,20600.0,Restock,1,0,1,https://www.rasasilver.com/products/imperial-mint-victorian-kada?variant=gid://shopify/ProductVariant/53333219705129
2026-07-31 04:17:32,Srinivasa Temple Necklace,Default Title,R32093,56900.0,Restock,1,0,1,https://www.rasasilver.com/products/srinivasa-temple-necklace-1?variant=gid://shopify/ProductVariant/53333231501609
2026-07-31 04:17:32,Dulhan Floral Kundan Nath,GREEN,R32181,4500.0,Restock,1,0,1,https://www.rasasilver.com/products/dulhan-floral-kundan-nath?variant=gid://shopify/ProductVariant/53334260547881
2026-07-31 04:17:32,Dulhan Floral Kundan Nath,Swarovski,R32183,4700.0,Restock,1,0,1,https://www.rasasilver.com/products/dulhan-floral-kundan-nath?variant=gid://shopify/ProductVariant/53334260580649
2026-07-31 04:17:32,Dulhan Floral Kundan Nath,Ruby Pink,R32184,4600.0,Restock,1,0,1,https://www.rasasilver.com/products/dulhan-floral-kundan-nath?variant=gid://shopify/ProductVariant/53334260613417
2026-07-31 04:17:32,Haritha-Peacock Kundan Pendant,Default Title,R32160,31300.0,Restock,1,0,1,https://www.rasasilver.com/products/haritha-peacock-kundan-pendant?variant=gid://shopify/ProductVariant/53336848957737
2026-07-31 04:17:32,Ayodhya Royal Temple Pendant,Default Title,R32116,28500.0,Restock,1,0,1,https://www.rasasilver.com/products/ayodhya-royal-temple-pendant?variant=gid://shopify/ProductVariant/53336869732649
2026-07-31 04:17:32,Twin-Soul Moissanite Ring,Default Title,R32236,5800.0,Restock,1,0,1,https://www.rasasilver.com/products/twin-soul-moissanite-ring?variant=gid://shopify/ProductVariant/53336879726889
2026-07-31 04:17:32,Duo Hexa-Pear Moissanite Ring,Default Title,R32238,8200.0,Restock,1,0,1,https://www.rasasilver.com/products/duo-hexa-pear-moissanite-ring?variant=gid://shopify/ProductVariant/53336883200297
2026-07-31 04:17:32,Pushpa Kirana Kundan Studs,Default Title,R32216,9900.0,Restock,1,0,1,https://www.rasasilver.com/products/pushpa-kirana-kundan-studs?variant=gid://shopify/ProductVariant/53336930582825
2026-07-31 04:17:32,Moissanite Beaded Bracelet,Default Title,R30983,19200.0,Restock,1,0,1,https://www.rasasilver.com/products/moissanite-beaded-bracelet?variant=gid://shopify/ProductVariant/53346766946601
2026-07-31 04:17:32,Crimson Crown Moissanite Bangles,2.3,R31021,46000.0,Restock,1,0,1,https://www.rasasilver.com/products/crimson-crown-moissanite-bangles?variant=gid://shopify/ProductVariant/53351215235369
2026-07-31 04:17:32,Aurora Moissanite Bangles,2.4,R31025,29600.0,Restock,1,0,1,https://www.rasasilver.com/products/aurora-moissanite-bangles?variant=gid://shopify/ProductVariant/53351229030697
2026-07-31 04:17:32,Regal Green CZ Bangles,2.8,R31056,31000.0,Restock,1,0,1,https://www.rasasilver.com/products/regal-green-cz-bangles?variant=gid://shopify/ProductVariant/53362245042473
2026-07-31 04:17:32,Peacock Charm CZ Kada,Default Title,R32819,44100.0,Restock,1,1,2,https://www.rasasilver.com/products/peacock-charm-cz-kada?variant=gid://shopify/ProductVariant/53365619491113
2026-07-31 04:17:32,Carnival Bloom CZ Kada,Default Title,R32824,33900.0,Restock,2,0,2,https://www.rasasilver.com/products/cz-kada?variant=gid://shopify/ProductVariant/53365619851561
2026-07-31 04:17:32,Moissanite Swarnika KaanKarela,Default Title,R30938,51400.0,Restock,1,0,1,https://www.rasasilver.com/products/moissanite-swarnika-kaankarela?variant=gid://shopify/ProductVariant/53365635580201
2026-07-31 04:47:23,Moissanite Nath,Default Title,R1526,3100.0,Restock,1,11,12,https://www.rasasilver.com/products/kundan-nath?variant=gid://shopify/ProductVariant/49855900451113
2026-07-31 04:47:23,Smaragda Spark Ring,Ruby Pink,R17301,3200.0,Restock,1,6,7,https://www.rasasilver.com/products/smaragda-spark-ring?variant=gid://shopify/ProductVariant/51471916826921
2026-07-31 04:47:23,Zephyra Fine Kada,Default Title,R12942,7800.0,Restock,1,2,3,https://www.rasasilver.com/products/zephyra-kada?variant=gid://shopify/ProductVariant/51198012883241
2026-07-31 04:47:23,Aaryushi Silver Payal,GREEN,R16459,20100.0,Restock,1,2,3,https://www.rasasilver.com/products/aaryushi-payal?variant=gid://shopify/ProductVariant/51495379304745
2026-07-31 04:47:23,Anzuri Rose Payal,GREEN,R16472,19800.0,Restock,1,2,3,https://www.rasasilver.com/products/anzuri-rose-payal?variant=gid://shopify/ProductVariant/51495597441321
2026-07-31 04:47:23,Half Crystal Studs,Default Title,R20613,2800.0,Restock,1,0,1,https://www.rasasilver.com/products/half-crystal-studs?variant=gid://shopify/ProductVariant/52494047871273
2026-07-31 04:47:23,Pearl Butterflies Ring,Default Title,R8634,1260.0,Restock,1,0,1,https://www.rasasilver.com/products/pearl-butterflies-ring?variant=gid://shopify/ProductVariant/52511333613865
2026-07-31 04:47:23,Radiance Studs,Purple,R28372,4600.0,Restock,1,0,1,https://www.rasasilver.com/products/myra-emerald-cz-studs?variant=gid://shopify/ProductVariant/53131822596393
2026-07-31 04:47:23,Saisha Toe Ring,GREEN,R13090,1800.0,Restock,1,0,1,https://www.rasasilver.com/products/saisha-toe-ring?variant=gid://shopify/ProductVariant/53263394701609
2026-07-31 04:47:23,Evil-Eye Oxidised Payal,Default Title,R14079,7200.0,Restock,1,0,1,https://www.rasasilver.com/products/evil-eye-oxidized-payal?variant=gid://shopify/ProductVariant/53149746102569
2026-07-31 04:47:23,Gulnaar Oxidised Jhumki,Default Title,R12991,5700.0,Restock,1,0,1,https://www.rasasilver.com/products/rajputi-oxidised-danglers-copy?variant=gid://shopify/ProductVariant/53150141710633
2026-07-31 04:47:23,Adiva Oxidised Jhumki,Default Title,R27981,7800.0,Restock,1,2,3,https://www.rasasilver.com/products/adiva-oxidised-jhumki?variant=gid://shopify/ProductVariant/53150291099945
2026-07-31 04:47:23,Kankana Oxidised Jhumki,Default Title,R28002,5100.0,Restock,1,2,3,https://www.rasasilver.com/products/vruksha-oxidised-jhumki-copy?variant=gid://shopify/ProductVariant/53160158036265
2026-07-31 04:47:23,Suhasini Temple Maang Tikka,GREEN,R28580,3600.0,Restock,1,3,4,https://www.rasasilver.com/products/suhasini-temple-maang-tikka?variant=gid://shopify/ProductVariant/53269237727529
2026-07-31 06:17:33,Phool Patra Ring,GREEN,R17375,3000.0,Sale,1,7,6,https://www.rasasilver.com/products/phool-patra-ring?variant=gid://shopify/ProductVariant/50635383046441
2026-07-31 06:17:33,Petaline Victorian Ring,Default Title,R22037,8500.0,Restock,1,0,1,https://www.rasasilver.com/products/petaline-victorian-ring?variant=gid://shopify/ProductVariant/52333627146537
2026-07-31 06:17:33,Garden Pear Victorian Bangles,2.4,R24455,47970.0,Restock,1,3,4,https://www.rasasilver.com/products/garden-pear-victorian-bangles?variant=gid://shopify/ProductVariant/52535424123177
2026-07-31 06:17:33,Garden Pear Victorian Bangles,2.6,R24455,47970.0,Restock,1,3,4,https://www.rasasilver.com/products/garden-pear-victorian-bangles?variant=gid://shopify/ProductVariant/52535424155945
2026-07-31 06:17:33,Pear of Fire Victorian Kanti,Default Title,R24289,20160.0,Restock,1,0,1,https://www.rasasilver.com/products/pear-of-fire-victorian-kanti?variant=gid://shopify/ProductVariant/52554371334441
2026-07-31 07:02:53,Raghukul Ratnaraj Studs,Ruby Pink,R11846,3800.0,Restock,1,6,7,https://www.rasasilver.com/products/raghukul-ratnaraj-studs?variant=gid://shopify/ProductVariant/50869189050665
2026-07-31 07:02:53,The Rosary Stud Earrings,Ruby Pink,R11812,3900.0,Restock,1,6,7,https://www.rasasilver.com/products/the-rosary-studs?variant=gid://shopify/ProductVariant/50869167980841
2026-07-31 07:02:53,Botanique Stud Earrings,Default Title,R15982,2300.0,Restock,1,4,5,https://www.rasasilver.com/products/botanique-studs?variant=gid://shopify/ProductVariant/50158205501737
2026-07-31 07:02:53,Green Whisper Studs,Default Title,R11729,3700.0,Restock,1,22,23,https://www.rasasilver.com/products/green-whisper-studs-1?variant=gid://shopify/ProductVariant/50478674411817
2026-07-31 07:02:53,Evoque Green Studs,Default Title,R20374,1900.0,Restock,1,19,20,https://www.rasasilver.com/products/35?variant=gid://shopify/ProductVariant/50712002330921
2026-07-31 07:02:53,Devi Chakra Stud Earrings,Default Title,R17386,3700.0,Restock,1,8,9,https://www.rasasilver.com/products/devi-chakra-studs?variant=gid://shopify/ProductVariant/50777351586089
2026-07-31 07:02:53,Ovalika Stone Danglers,Default Title,R11743,3300.0,Restock,1,10,11,https://www.rasasilver.com/products/ovalika-danglers?variant=gid://shopify/ProductVariant/50808249778473
2026-07-31 07:02:53,Rubora Stud Earrings,Default Title,R20381,2100.0,Restock,1,8,9,https://www.rasasilver.com/products/rubora-oval-studs?variant=gid://shopify/ProductVariant/50809700581673
2026-07-31 07:02:53,Gaurangi Stud Earrings,GREEN,R17416,3300.0,Restock,2,7,9,https://www.rasasilver.com/products/gaurangi-phool-studs?variant=gid://shopify/ProductVariant/51472911106345
2026-07-31 07:02:53,Empriva Stud Earrings,Default Title,R17406,3800.0,Restock,1,15,16,https://www.rasasilver.com/products/empriva-studs?variant=gid://shopify/ProductVariant/50829261046057
2026-07-31 07:02:53,Roseate Mayura Necklace Set,Default Title,R13902,39000.0,Restock,1,0,1,https://www.rasasilver.com/products/12-2?variant=gid://shopify/ProductVariant/51226621837609
2026-07-31 07:02:53,Prithvi Nakshi Necklace,Default Title,R15073,45500.0,Restock,1,0,1,https://www.rasasilver.com/products/prithvi-necklace?variant=gid://shopify/ProductVariant/51368296284457
2026-07-31 07:02:53,Kanchan Spark Stud Earrings,Default Title,R17422,3100.0,Restock,1,17,18,https://www.rasasilver.com/products/kanchan-spark-studs?variant=gid://shopify/ProductVariant/51488632471849
2026-07-31 07:02:53,Emermango Necklace Set,Default Title,R22635,76300.0,Restock,1,3,4,https://www.rasasilver.com/products/emermango-necklace-set?variant=gid://shopify/ProductVariant/51526869713193
2026-07-31 07:02:53,Ratnangi Temple Necklace,Default Title,R25851,8100.0,Restock,1,2,3,https://www.rasasilver.com/products/vrittangi-short-temple-necklace-copy?variant=gid://shopify/ProductVariant/52828296741161
2026-07-31 07:02:53,Shreeka Temple Necklace,Default Title,R26320,9900.0,Restock,1,4,5,https://www.rasasilver.com/products/indira-temple-necklace-copy-1?variant=gid://shopify/ProductVariant/52889966149929
2026-07-31 07:02:53,Petalurea Stone Studs,Default Title,R25569,2700.0,Restock,1,0,1,https://www.rasasilver.com/products/blossira-stone-studs-copy-4?variant=gid://shopify/ProductVariant/52921789415721
2026-07-31 07:02:53,Anvitha Stone Jhumkis,Default Title,R28547,3700.0,Restock,1,0,1,https://www.rasasilver.com/products/anvitha-stone-jhumkis?variant=gid://shopify/ProductVariant/53266472141097
2026-07-31 07:02:53,Kalasha-Lakshmi Temple Necklace,Default Title,R28590,8000.0,Restock,1,4,5,https://www.rasasilver.com/products/kalasha-lakshmi-temple-necklace?variant=gid://shopify/ProductVariant/53266747162921
2026-07-31 07:02:53,Recta-Orange Stone Bangles,Orange / 2.7,R31244,11800.0,Sale,1,3,2,https://www.rasasilver.com/products/recta-orange-stone-bangles?variant=gid://shopify/ProductVariant/53324632260905
2026-07-31 07:02:53,Enchanted Moissanite Bracelet,Default Title,R30881,42000.0,Restock,1,0,1,https://www.rasasilver.com/products/enchanted-moissanite-bracelet?variant=gid://shopify/ProductVariant/53346739126569
2026-07-31 07:02:53,Ivy-Grace Moissanite Bracelet,Default Title,R30884,44200.0,Restock,2,0,2,https://www.rasasilver.com/products/ivy-grace-moissanite-bracelet?variant=gid://shopify/ProductVariant/53346750398761
2026-07-31 07:02:53,Crimson Luxe Moissanite Kada,Default Title,R31011,4000.0,Restock,1,0,1,https://www.rasasilver.com/products/crimson-luxe-moissanite-kada?variant=gid://shopify/ProductVariant/53365617230121
2026-07-31 07:02:53,Pearl Elite Moissanite Haath Phool,Default Title,R30845,22800.0,Restock,1,0,1,https://www.rasasilver.com/products/pearl-elite-moissanite-haath-phool?variant=gid://shopify/ProductVariant/53365618180393
2026-07-31 07:02:53,Auravelle Moissanite Haath Phool,Default Title,R30830,22400.0,Restock,1,1,2,https://www.rasasilver.com/products/auravelle-moissanite-haath-phool?variant=gid://shopify/ProductVariant/53370251542825
2026-07-31 07:32:51,Stone Kamalini Maang Tikka,Default Title,R28592,9500.0,Sold Out,1,1,0,https://www.rasasilver.com/products/stone-kamalini-maang-tikka?variant=gid://shopify/ProductVariant/53269486403881
2026-07-31 07:47:34,Leaflet Ring,Default Title,R31615,1700.0,Sale,1,4,3,https://www.rasasilver.com/products/leaflet-ring?variant=gid://shopify/ProductVariant/53288198373673
2026-07-31 08:12:36,Lakshmiraani Temple Necklace,Default Title,R25967,30000.0,Restock,1,0,1,https://www.rasasilver.com/products/lakshmiraani-temple-necklace?variant=gid://shopify/ProductVariant/52737685913897
2026-07-31 09:17:31,Back Chain,Default Title,R25383,3800.0,Sale,1,5,4,https://www.rasasilver.com/products/back-chain-copy?variant=gid://shopify/ProductVariant/52737922302249
2026-07-31 09:17:31,Dhwani Kamalini Necklace,Default Title,R9030,50100.0,Sold Out,1,1,0,https://www.rasasilver.com/products/6879?variant=gid://shopify/ProductVariant/50565257068841
2026-07-31 09:17:31,Chandra-Padma Kundan Maang Tikka,Default Title,R28534,10800.0,Sold Out,1,1,0,https://www.rasasilver.com/products/chandra-padma-kundan-maang-tikka?variant=gid://shopify/ProductVariant/53269475229993
2026-07-31 10:03:18,Blossiora Cz Choker Set,Default Title,R17658,63600.0,Sale,1,4,3,https://www.rasasilver.com/products/blossiora-necklace-set?variant=gid://shopify/ProductVariant/51509614215465
2026-07-31 10:03:18,Drovalis Bloomara CZ Necklace Set,GREEN,R26848,34700.0,Sale,1,3,2,https://www.rasasilver.com/products/peravia-bloomara-cz-necklace-set?variant=gid://shopify/ProductVariant/52882335105321
2026-07-31 10:03:18,Elegant Spark CZ Necklace Set,Default Title,R26698,34800.0,Sale,1,5,4,https://www.rasasilver.com/products/shree-cz-necklace?variant=gid://shopify/ProductVariant/52885683372329
2026-07-31 10:03:18,Saanjh Shringaar Necklace,Default Title,R2039,25470.0,Sold Out,1,1,0,https://www.rasasilver.com/products/saanjh-shringaar?variant=gid://shopify/ProductVariant/50152357069097
2026-07-31 10:17:27,Pearl-Fall CZ Hip Belt,Default Title,R20933,104500.0,Sale,1,4,3,https://www.rasasilver.com/products/haloria-cz-hip-belt?variant=gid://shopify/ProductVariant/52383370445097
2026-07-31 10:17:27,Arvaya Kundan Buggadi,Default Title,R15234,4200.0,Sold Out,1,1,0,https://www.rasasilver.com/products/arvaya-buggadi?variant=gid://shopify/ProductVariant/51494664110377
2026-07-31 10:17:27,Empressa Luxe Pendant,Default Title,R16587,15000.0,Sold Out,1,1,0,https://www.rasasilver.com/products/empressa-emerluxe-pendant?variant=gid://shopify/ProductVariant/52146394956073
2026-07-31 10:17:27,Shrinelle Antique Necklace,Default Title,R23924,106200.0,Sold Out,1,1,0,https://www.rasasilver.com/products/shrinelle-antique-necklace?variant=gid://shopify/ProductVariant/52912157950249
2026-07-31 10:32:50,Mallika Ruchi Ring,Default Title,R16015,2100.0,Sold Out,1,1,0,https://www.rasasilver.com/products/ritu?variant=gid://shopify/ProductVariant/50443962089769
2026-07-31 10:32:50,Helia Flora Cz Ring,12,R11378,5700.0,Sold Out,1,1,0,https://www.rasasilver.com/products/helia-flora-ring?variant=gid://shopify/ProductVariant/52279494115625
2026-07-31 11:02:56,Rose Prestige Ring,Default Title,R31599,1400.0,Sold Out,1,1,0,https://www.rasasilver.com/products/rose-prestige-ring?variant=gid://shopify/ProductVariant/53288195916073
2026-07-31 11:32:44,Orb of Charm Danglers,Swarovski,R14580,8500.0,Restock,1,0,1,https://www.rasasilver.com/products/danglers-15?variant=gid://shopify/ProductVariant/51274753868073
2026-07-31 11:32:44,Sattva Buggadi,Default Title,R15190,5600.0,Restock,1,0,1,https://www.rasasilver.com/products/sattva-buggadi?variant=gid://shopify/ProductVariant/51495067943209
2026-07-31 11:32:44,Vintage Antique Danglers,Default Title,R16825,14760.0,Restock,1,0,1,https://www.rasasilver.com/products/vintage-antique-danglers?variant=gid://shopify/ProductVariant/52527443181865
2026-07-31 11:32:44,Ovalora CZ Necklace Set,Default Title,R26760,34400.0,Restock,1,0,1,https://www.rasasilver.com/products/ovalora-noir-cz-necklace-set?variant=gid://shopify/ProductVariant/52881531011369
2026-07-31 11:32:44,Rectina Florina CZ Necklace Set,Default Title,R25583,53100.0,Restock,1,2,3,https://www.rasasilver.com/products/rectina-florina-cz-necklace?variant=gid://shopify/ProductVariant/52886047686953
2026-07-31 11:32:44,Temple Mop Chain,Default Title,R29917,15500.0,Sale,1,2,1,https://www.rasasilver.com/products/temple-mop-chain?variant=gid://shopify/ProductVariant/53302493905193
2026-07-31 11:32:44,Vionna Spark CZ Pendant,Ruby Pink,R25522,6300.0,Sold Out,1,1,0,https://www.rasasilver.com/products/vionna-spark-cz-pendant?variant=gid://shopify/ProductVariant/53158352650537
2026-07-31 11:47:23,Nritya Berunda Pendant,Default Title,R15578,20520.0,Restock,1,0,1,https://www.rasasilver.com/products/nritya-berunda-pendant?variant=gid://shopify/ProductVariant/51483442381097
2026-07-31 11:47:23,Rukhsar Oxidised Jhumki,Default Title,R27917,6100.0,Restock,1,0,1,https://www.rasasilver.com/products/gulnaar-oxidised-jhumki-copy?variant=gid://shopify/ProductVariant/53150176084265
2026-07-31 11:47:23,Crystal Blaze Moissanite Studs,Default Title,R28095,5500.0,Restock,1,0,1,https://www.rasasilver.com/products/zafira-shine-moissanite-studs-copy?variant=gid://shopify/ProductVariant/53163458822441
2026-07-31 12:17:34,Infinity Shine Bracelet,Default Title,R31548,1900.0,Sale,1,2,1,https://www.rasasilver.com/products/infinity-shine-bracelet?variant=gid://shopify/ProductVariant/53284782047529
2026-07-31 12:17:34,Emeresa Reversable Pendant,Default Title,R15406,12200.0,Sold Out,1,1,0,https://www.rasasilver.com/products/emeresa-pendant?variant=gid://shopify/ProductVariant/51445288403241
2026-07-31 12:32:52,Blume Stud Earrings,Default Title,R2821,3450.0,Sale,1,5,4,https://www.rasasilver.com/products/no-image-11?variant=gid://shopify/ProductVariant/50677089304873
2026-07-31 12:32:52,Mogralika Stud Earrings,GREEN,R20364,4900.0,Sale,1,6,5,https://www.rasasilver.com/products/21-1?variant=gid://shopify/ProductVariant/52279182229801
2026-07-31 12:32:52,Lakshmi Kasu Pendant,Default Title,R1748,6400.0,Sold Out,1,1,0,https://www.rasasilver.com/products/lakshmi-kasu-pendant?variant=gid://shopify/ProductVariant/49809904075049
2026-07-31 12:47:51,Moissanite Pear Matil,Default Title,R22762,10000.0,Restock,1,0,1,https://www.rasasilver.com/products/moissanite-pear-matil?variant=gid://shopify/ProductVariant/52824205590825
2026-07-31 12:47:51,Saugandhya Matil,Default Title,R16142,6700.0,Restock,1,0,1,https://www.rasasilver.com/products/saugandhya-kundan-matil?variant=gid://shopify/ProductVariant/52871693762857
2026-07-31 12:47:51,Kusum Gutta Pasalu Danglers,Default Title,R30423,13000.0,Restock,1,0,1,https://www.rasasilver.com/products/kusum-gutta-pasalu-danglers?variant=gid://shopify/ProductVariant/53302646997289
2026-07-31 13:03:03,Chamak Phool Studs,Default Title,R15775,4000.0,Restock,1,6,7,https://www.rasasilver.com/products/chamak-phool-studs?variant=gid://shopify/ProductVariant/50624958300457
2026-07-31 13:03:03,Smaragda Spark Ring,GREEN,R17369,3200.0,Sale,1,10,9,https://www.rasasilver.com/products/smaragda-spark-ring?variant=gid://shopify/ProductVariant/51471916794153
2026-07-31 13:03:03,Smaragda Spark Ring,Ruby Pink,R17301,3200.0,Sale,1,7,6,https://www.rasasilver.com/products/smaragda-spark-ring?variant=gid://shopify/ProductVariant/51471916826921
2026-07-31 13:03:03,Ruby Fiora Necklace Set,Ruby Pink,R18577,36000.0,Sale,1,2,1,https://www.rasasilver.com/products/rubessa-flora-necklace-set-copy?variant=gid://shopify/ProductVariant/51871914721577
2026-07-31 13:03:03,Recta CZ Linkora Necklace Set,Default Title,R18477,12690.0,Sale,1,5,4,https://www.rasasilver.com/products/pear-zavira-necklace-set-copy?variant=gid://shopify/ProductVariant/51872022364457
2026-07-31 13:03:03,Gemora Victorian Necklace Set,Default Title,R22159,42300.0,Sale,1,2,1,https://www.rasasilver.com/products/gemora-victorian-necklace-set?variant=gid://shopify/ProductVariant/52378013106473
2026-07-31 13:03:03,Sunheri Stories CZ Necklace Set,Default Title,R25021,25400.0,Sale,1,5,4,https://www.rasasilver.com/products/sunheri-stories-cz-necklace-set?variant=gid://shopify/ProductVariant/52682043425065
2026-07-31 13:03:03,Amrakshi Kundan Necklace,Default Title,R25854,113850.0,Restock,1,0,1,https://www.rasasilver.com/products/kundan-necklace-1?variant=gid://shopify/ProductVariant/52741761401129
2026-07-31 13:03:03,Pearique Luxe CZ Necklace Set,Ruby Pink,R26768,16000.0,Sale,1,3,2,https://www.rasasilver.com/products/tearique-luxe-cz-necklace-set?variant=gid://shopify/ProductVariant/52881415799081
2026-07-31 13:03:03,Pearique Luxe CZ Necklace Set,GREEN,R26885,15700.0,Sale,1,3,2,https://www.rasasilver.com/products/tearique-luxe-cz-necklace-set?variant=gid://shopify/ProductVariant/52881415831849
2026-07-31 13:03:03,Drovalis Bloomara CZ Necklace Set,Ruby Pink,R26909,35500.0,Sale,1,3,2,https://www.rasasilver.com/products/peravia-bloomara-cz-necklace-set?variant=gid://shopify/ProductVariant/52882335138089
2026-07-31 13:03:03,Squarica CZ Necklace Set,Default Title,R26897,16200.0,Sale,1,3,2,https://www.rasasilver.com/products/squarica-dropira-cz-necklace-set?variant=gid://shopify/ProductVariant/52885501247785
2026-07-31 13:03:03,Shri Amrita Short Necklace,Default Title,R3762,45500.0,Sold Out,1,1,0,https://www.rasasilver.com/products/kjxk?variant=gid://shopify/ProductVariant/50324733460777
2026-07-31 13:03:03,Royal Feather Halo Necklace Set,Default Title,R11553,66600.0,Sold Out,1,1,0,https://www.rasasilver.com/products/royal-feather-halo-necklace-set?variant=gid://shopify/ProductVariant/50773704311081
2026-07-31 13:03:03,Antique Vilasmukta Danglers,Default Title,R21053,23200.0,Sold Out,1,1,0,https://www.rasasilver.com/products/antique-vilasmukta-danglers?variant=gid://shopify/ProductVariant/51217583309097
2026-07-31 13:03:03,Fleurcz Cz Necklace Set,Default Title,R17168,54000.0,Sold Out,1,1,0,https://www.rasasilver.com/products/fleurcz-necklace-set?variant=gid://shopify/ProductVariant/51487452463401
2026-07-31 13:03:03,Nayira Bloom Payal,Ruby Pink,R16464,25700.0,Sold Out,1,1,0,https://www.rasasilver.com/products/nayira-bloom-payal?variant=gid://shopify/ProductVariant/51495547994409
2026-07-31 13:03:03,Emerald Quadline Necklace Set,GREEN,R18564,41500.0,Sold Out,1,1,0,https://www.rasasilver.com/products/emerald-quadline-necklace-set?variant=gid://shopify/ProductVariant/51866778763561
2026-07-31 13:03:03,Rubessa Flora Necklace Set,Default Title,R18589,32700.0,Sold Out,1,1,0,https://www.rasasilver.com/products/blue-viora-necklace-set-copy?variant=gid://shopify/ProductVariant/51869073932585
2026-07-31 13:03:03,Ruby Fiora Necklace Set,GREEN,R18466,36000.0,Sold Out,1,1,0,https://www.rasasilver.com/products/rubessa-flora-necklace-set-copy?variant=gid://shopify/ProductVariant/51871914754345
2026-07-31 13:03:03,Oval Pear Trishine Necklace Set,Default Title,R20192,71700.0,Sold Out,1,1,0,https://www.rasasilver.com/products/val-pear-trishine-necklace-set?variant=gid://shopify/ProductVariant/52208831889705
2026-07-31 13:03:03,Heera Victorian Necklace Set,Default Title,R22227,36500.0,Sold Out,1,1,0,https://www.rasasilver.com/products/heera-victorian-necklace-set?variant=gid://shopify/ProductVariant/52362219487529
2026-07-31 13:03:03,Tiny Petal Stone Necklace Set,Default Title,R23076,41310.0,Sold Out,1,1,0,https://www.rasasilver.com/products/tiny-petal-cz-necklace-set?variant=gid://shopify/ProductVariant/52553878503721
2026-07-31 13:03:03,Mayurina Kundan Pendant,Default Title,R7081,14150.0,Sold Out,1,1,0,https://www.rasasilver.com/products/mayurina-kundan-pendant?variant=gid://shopify/ProductVariant/52838555910441
2026-07-31 13:47:35,Roja Sparkler Studs,Default Title,R17358,2500.0,Sale,1,2,1,https://www.rasasilver.com/products/roja-sparkler-studs?variant=gid://shopify/ProductVariant/50829342114089
2026-07-31 14:03:03,Twilight Shine CZ Necklace,Default Title,R29526,17000.0,Restock,1,2,3,https://www.rasasilver.com/products/twilight-shine-cz-necklace?variant=gid://shopify/ProductVariant/53282559787305
2026-07-31 14:17:22,Rosvara Pendant Set,Default Title,R11770,4600.0,Sale,1,4,3,https://www.rasasilver.com/products/rosvara-pendant-set?variant=gid://shopify/ProductVariant/50809158959401
2026-07-31 14:17:22,Gulavi Toe Ring,Default Title,R6828,3100.0,Sold Out,1,1,0,https://www.rasasilver.com/products/gulavi-toe-ring?variant=gid://shopify/ProductVariant/50720758497577
2026-07-31 15:17:34,Recta-Orange Stone Bangles,Orange / 2.7,R31244,11800.0,Sale,1,2,1,https://www.rasasilver.com/products/recta-orange-stone-bangles?variant=gid://shopify/ProductVariant/53324632260905
2026-07-31 15:47:54,Sparkelle Chain Pendant,Default Title,R31560,3500.0,Sale,1,2,1,https://www.rasasilver.com/products/dazzle-bracelet?variant=gid://shopify/ProductVariant/53286015238441
2026-07-31 16:32:56,Violette CZ Pendant Set,Default Title,R22288,12330.0,Sale,1,2,1,https://www.rasasilver.com/products/violette-cz-pendant-set?variant=gid://shopify/ProductVariant/52559937601833
2026-07-31 19:36:40,Leaf Grace Ring,Default Title,R31573,1400.0,Sale,1,4,3,https://www.rasasilver.com/products/leaf-grace-ring?variant=gid://shopify/ProductVariant/53288175075625
2026-07-31 20:19:54,Zircelle Glow Necklace Set,Default Title,R18517,26600.0,Sold Out,1,1,0,https://www.rasasilver.com/products/recta-cz-linkora-necklace-set-copy?variant=gid://shopify/ProductVariant/51872331727145
2026-08-01 02:50:04,Ocean Glow CZ Pendant Set,Ruby Pink,R29549,5300.0,Sale,1,2,1,https://www.rasasilver.com/products/ocean-glow-cz-pendant-set?variant=gid://shopify/ProductVariant/53284426973481
2026-08-01 04:04:37,Chakra-Floral Nakshi Studs,Default Title,R28585,4800.0,Sold Out,1,1,0,https://www.rasasilver.com/products/chakra-floral-nakshi-studs?variant=gid://shopify/ProductVariant/53266808471849
2026-08-01 05:04:29,Kshira Temple Studs,Default Title,R28255,3300.0,Sold Out,1,1,0,https://www.rasasilver.com/products/kshira-temple-studs?variant=gid://shopify/ProductVariant/53133631947049
2026-08-01 05:47:24,Mani Bandha Bangles,2.4,R14974,19300.0,Sale,1,8,7,https://www.rasasilver.com/products/mani-bandha-bangles?variant=gid://shopify/ProductVariant/52263721697577
2026-08-01 05:47:24,Navora Stud Earrings,Default Title,R17411,4000.0,Sale,1,2,1,https://www.rasasilver.com/products/navora-studs?variant=gid://shopify/ProductVariant/50643117310249
2026-08-01 05:47:24,Emerovia Stone Pendant,Green,R11762,1700.0,Sale,1,11,10,https://www.rasasilver.com/products/emerovia-pendant?variant=gid://shopify/ProductVariant/50809107087657
2026-08-01 05:47:24,Flap Chain Bracelet,Default Title,R12953,4000.0,Sale,1,2,1,https://www.rasasilver.com/products/bracelet-4?variant=gid://shopify/ProductVariant/51317154775337
2026-08-01 05:47:24,Chandra Mukhi Nath,Default Title,R17270,2400.0,Sale,1,4,3,https://www.rasasilver.com/products/chandra-mukhi-nath?variant=gid://shopify/ProductVariant/51514360430889
2026-08-01 05:47:24,Gloomy Moissanite Earrings,Default Title,R1429,50700.0,Sold Out,1,1,0,https://www.rasasilver.com/products/earring?variant=gid://shopify/ProductVariant/49851016184105
2026-08-01 05:47:24,Mayura Lekha Pendant,Default Title,R15092,20900.0,Sold Out,1,1,0,https://www.rasasilver.com/products/mayura-lekha-pendant?variant=gid://shopify/ProductVariant/51489255686441
2026-08-01 05:47:24,Paro Veda Necklace,Default Title,R18578,36600.0,Sold Out,1,1,0,https://www.rasasilver.com/products/paro-veda-necklace-set?variant=gid://shopify/ProductVariant/51526627098921
2026-08-01 05:47:24,Pear-Emerald Victorian Necklace Set,Navaratna Colour,R22243,24500.0,Sold Out,1,1,0,https://www.rasasilver.com/products/pear-drop-victorian-necklace-set?variant=gid://shopify/ProductVariant/52362256417065
2026-08-01 05:47:24,Rosive Stone Ring,Default Title,R16083,3300.0,Sold Out,1,1,0,https://www.rasasilver.com/products/rosive-stone-ring?variant=gid://shopify/ProductVariant/52728777113897
2026-08-01 05:47:24,Sanskaar Kundan Necklace,Ruby Pink,R26655,73500.0,Sold Out,1,1,0,https://www.rasasilver.com/products/sanskaar-kundan-necklace?variant=gid://shopify/ProductVariant/52885729476905
2026-08-01 06:32:40,Saanjh Shringaar Necklace,Default Title,R2039,25470.0,Restock,1,0,1,https://www.rasasilver.com/products/saanjh-shringaar?variant=gid://shopify/ProductVariant/50152357069097
2026-08-01 06:49:20,Stone Kamalini Maang Tikka,Default Title,R28592,9500.0,Restock,1,0,1,https://www.rasasilver.com/products/stone-kamalini-maang-tikka?variant=gid://shopify/ProductVariant/53269486403881
2026-08-01 07:03:02,Ruby Stone Studs,Default Title,R22470,3700.0,Sale,1,5,4,https://www.rasasilver.com/products/pure-essence-studs?variant=gid://shopify/ProductVariant/50158302298409
2026-08-01 07:03:02,Gulabkunj Kada Kada,Default Title,R12908,6800.0,Sale,1,2,1,https://www.rasasilver.com/products/kada-1?variant=gid://shopify/ProductVariant/51239358726441
2026-08-01 07:03:02,Oval-Violet CZ Pendant Set,Default Title,R22280,9270.0,Sale,1,2,1,https://www.rasasilver.com/products/moonlit-violet-cz-pendant-set?variant=gid://shopify/ProductVariant/52565089780009
2026-08-01 07:03:02,Pushmira Oxidized Payal,Default Title,R16475,17000.0,Sale,1,4,3,https://www.rasasilver.com/products/pushmira-oxidized-payal?variant=gid://shopify/ProductVariant/53149816979753
2026-08-01 07:03:02,CZ Rosetta Danglers,GREEN,R29561,3400.0,Sale,2,3,1,https://www.rasasilver.com/products/cz-rosetta-danglers?variant=gid://shopify/ProductVariant/53282952741161
2026-08-01 07:03:02,Devi Dhaaga Mangalsutra Set,Default Title,R7345,6600.0,Sold Out,1,1,0,https://www.rasasilver.com/products/devi-dhaaga-mangalsutra-set?variant=gid://shopify/ProductVariant/50313841312041
2026-08-01 07:03:02,Lakshmiraani Temple Necklace,Default Title,R25967,30000.0,Sold Out,1,1,0,https://www.rasasilver.com/products/lakshmiraani-temple-necklace?variant=gid://shopify/ProductVariant/52737685913897
2026-08-01 07:03:02,Aarunya Shine CZ Pendant,GREEN,R25523,5800.0,Sold Out,1,1,0,https://www.rasasilver.com/products/aarunya-shine-cz-pendant?variant=gid://shopify/ProductVariant/53158304448809
2026-08-01 07:03:02,Sparkling Stone Studs,Default Title,R29584,2400.0,Sold Out,1,1,0,https://www.rasasilver.com/products/sparkling-stone-studs?variant=gid://shopify/ProductVariant/53279946998057
2026-08-01 07:32:47,Kiranaratna Stud Earrings,Default Title,R17286,4400.0,Sale,1,8,7,https://www.rasasilver.com/products/kiranaratna-studs?variant=gid://shopify/ProductVariant/50152979005737
2026-08-01 07:47:27,Everlight Moissanite Bracelet,Default Title,R30809,7200.0,Restock,1,0,1,https://www.rasasilver.com/products/everlight-moissanite-bracelet?variant=gid://shopify/ProductVariant/53346727133481
2026-08-01 07:47:27,Twin Pear Moissanite Kada,Default Title,R30887,11200.0,Restock,1,0,1,https://www.rasasilver.com/products/twin-pear-moissanite-kada?variant=gid://shopify/ProductVariant/53346758263081
2026-08-01 07:47:27,Celestial Petal Moissanite Bracelet,Default Title,R31033,17800.0,Restock,1,0,1,https://www.rasasilver.com/products/celestial-petal-moissanite-bracelet?variant=gid://shopify/ProductVariant/53346777465129
2026-08-01 07:47:27,Royal Manor Victorian Bangles,Default Title,R31018,42300.0,Restock,1,0,1,https://www.rasasilver.com/products/royal-manor-victorian-bangles?variant=gid://shopify/ProductVariant/53351133937961
2026-08-01 07:47:27,Rose Radiance CZ Bangles,2.3,R31051,42500.0,Restock,1,0,1,https://www.rasasilver.com/products/rose-radiance-cz-bangles?variant=gid://shopify/ProductVariant/53362218271017
2026-08-01 07:47:27,Panna Noor Moissanite Kada,Default Title,R31048,4700.0,Restock,1,0,1,https://www.rasasilver.com/products/panna-noor-victorian-kada?variant=gid://shopify/ProductVariant/53365606482217
2026-08-01 07:47:27,Imperial Rose Moissanite Kada,2.3,R30775,29800.0,Restock,1,0,1,https://www.rasasilver.com/products/imperial-rose-moissanite-kada?variant=gid://shopify/ProductVariant/53365608481065
2026-08-01 07:47:27,Fleurance Moissanite Haath Phool,Default Title,R31028,26500.0,Restock,1,0,1,https://www.rasasilver.com/products/fleurance-moissanite-haath-phool?variant=gid://shopify/ProductVariant/53365659795753
2026-08-01 08:33:27,Smaragda Spark Ring,GREEN,R17369,3200.0,Sale,1,9,8,https://www.rasasilver.com/products/smaragda-spark-ring?variant=gid://shopify/ProductVariant/51471916794153
2026-08-01 08:33:27,Kumbha Roopini Long Necklace,Default Title,R9059,49100.0,Sold Out,1,1,0,https://www.rasasilver.com/products/kumbha-roopini-long-necklace?variant=gid://shopify/ProductVariant/50568878326057
2026-08-01 09:17:32,Shri Amrita Short Necklace,Default Title,R3762,45500.0,Restock,1,0,1,https://www.rasasilver.com/products/kjxk?variant=gid://shopify/ProductVariant/50324733460777
2026-08-01 09:17:32,Ruby Fiora Necklace Set,Ruby Pink,R18577,36000.0,Restock,1,1,2,https://www.rasasilver.com/products/rubessa-flora-necklace-set-copy?variant=gid://shopify/ProductVariant/51871914721577
2026-08-01 09:17:32,Heart-Green CZ Studs,Default Title,R25503,2650.0,Restock,1,0,1,https://www.rasasilver.com/products/brillixa-cz-studs?variant=gid://shopify/ProductVariant/52920063852841
2026-08-01 10:17:29,Shreebindu Temple Studs,Default Title,R14315,4000.0,Sale,1,2,1,https://www.rasasilver.com/products/shreebindu-studs?variant=gid://shopify/ProductVariant/51300590092585
2026-08-01 10:32:43,Sun-Moon Kundan Set,Default Title,R28477,9700.0,Sale,1,2,1,https://www.rasasilver.com/products/sun-moon-kundan-set?variant=gid://shopify/ProductVariant/53266901008681
2026-08-01 11:17:52,Lush Longing Pendant,Default Title,R26107,14800.0,Sold Out,1,1,0,https://www.rasasilver.com/products/lush-longing-pendant-copy?variant=gid://shopify/ProductVariant/52737830224169
2026-08-01 11:49:33,Harita Kiran Bangles,Navaratna Colour / 2.6,R17434,11965.0,Sale,1,2,1,https://www.rasasilver.com/products/harita-kiran-bangles?variant=gid://shopify/ProductVariant/51527062225193
2026-08-01 11:49:33,Harita Kiran Bangles,Navaratna Colour / 2.7,R17434,11965.0,Sale,1,2,1,https://www.rasasilver.com/products/harita-kiran-bangles?variant=gid://shopify/ProductVariant/52274054234409
2026-08-01 11:49:33,Sunehri Stone Necklace Set,Default Title,R25604,26820.0,Sold Out,1,1,0,https://www.rasasilver.com/products/sunehri-stone-necklace-set?variant=gid://shopify/ProductVariant/52885735440681
2026-08-01 12:49:08,Rossi Stone Ring,Ruby Pink / 15,R16681,3900.0,Sale,1,4,3,https://www.rasasilver.com/products/rossi-ring?variant=gid://shopify/ProductVariant/52166981583145
2026-08-01 12:49:08,Mayuravalli  Nakshi Necklace,Default Title,R23287,82080.0,Sold Out,1,1,0,https://www.rasasilver.com/products/mayuravalli-nakshi-necklace?variant=gid://shopify/ProductVariant/52456018936105
2026-08-01 13:19:15,Ribbon Ritz Bracelet,Default Title,R13314,1900.0,Sold Out,1,1,0,https://www.rasasilver.com/products/bracelet-6?variant=gid://shopify/ProductVariant/51317502902569
2026-08-01 13:19:15,Fish Tail Chain Pendant,Default Title,R14149,2200.0,Sold Out,1,1,0,https://www.rasasilver.com/products/error-1?variant=gid://shopify/ProductVariant/51317532852521
2026-08-01 13:19:15,Rajmayuri Kundan Pendant,Default Title,R14632,36500.0,Sold Out,1,1,0,https://www.rasasilver.com/products/pendant-9?variant=gid://shopify/ProductVariant/51317603828009
2026-08-01 13:19:15,Prakriti Garuda Pendant,Default Title,R14636,34700.0,Sold Out,1,1,0,https://www.rasasilver.com/products/pendant-11?variant=gid://shopify/ProductVariant/51317619261737
2026-08-01 13:19:15,Kuberika Temple Bangles,Default Title,R14760,58100.0,Sold Out,1,1,0,https://www.rasasilver.com/products/bangles-19?variant=gid://shopify/ProductVariant/51323801993513
2026-08-01 13:19:15,Eterni Link Bracelet,Default Title,R12905,1800.0,Sold Out,2,2,0,https://www.rasasilver.com/products/eterni-link-bracelet?variant=gid://shopify/ProductVariant/51345272832297
2026-08-01 13:19:15,Miraflor Chain Pendant,Default Title,R13251,2400.0,Sold Out,2,2,0,https://www.rasasilver.com/products/miraflor-chain-pendant?variant=gid://shopify/ProductVariant/51345546936617
2026-08-01 13:19:15,Starlora Chain Pendant,Default Title,R13262,2200.0,Sold Out,1,1,0,https://www.rasasilver.com/products/starlora-chain-pendant?variant=gid://shopify/ProductVariant/51345558405417
2026-08-01 13:19:15,Safety Pin Chain Pendant,Default Title,R14150,1800.0,Sold Out,3,3,0,https://www.rasasilver.com/products/chain-pendant-10?variant=gid://shopify/ProductVariant/51345625153833
2026-08-01 13:19:15,Pearlora Bloom Chain Pendant,Default Title,R13265,2100.0,Sold Out,1,1,0,https://www.rasasilver.com/products/chain-pendant-13?variant=gid://shopify/ProductVariant/51345692328233
2026-08-01 13:19:15,Gulmitha Necklace Set,Default Title,R15836,31900.0,Sold Out,1,1,0,https://www.rasasilver.com/products/necklace-set-55?variant=gid://shopify/ProductVariant/51345971085609
2026-08-01 13:19:15,Elvika Gold Necklace Set,Default Title,R15878,43300.0,Sold Out,1,1,0,https://www.rasasilver.com/products/necklace-set-61?variant=gid://shopify/ProductVariant/51349067071785
2026-08-01 13:19:15,Verdora Necklace Set,Default Title,R5689,92000.0,Sold Out,1,1,0,https://www.rasasilver.com/products/no-image-28?variant=gid://shopify/ProductVariant/51349574746409
2026-08-01 13:19:15,Shreevalli Danglers,GREEN,R31965,5000.0,Sold Out,1,1,0,https://www.rasasilver.com/products/danglers-24?variant=gid://shopify/ProductVariant/53342707777833
2026-08-01 13:19:15,Rubeara Stud Earrings,Default Title,R15988,2600.0,Sold Out,2,2,0,https://www.rasasilver.com/products/studs-24?variant=gid://shopify/ProductVariant/51350134784297
2026-08-01 13:19:15,Ruvanya Stone Ring,Ruby Pink / 12,R16060,3100.0,Sold Out,1,1,0,https://www.rasasilver.com/products/ring-22?variant=gid://shopify/ProductVariant/51350170468649
2026-08-01 13:19:15,Emvira Antique Ring,15,R16089,5400.0,Sold Out,1,1,0,https://www.rasasilver.com/products/ring-24?variant=gid://shopify/ProductVariant/52274131534121
2026-08-01 13:19:15,Roseglint Stud Earrings,Default Title,R15654,3100.0,Sold Out,1,1,0,https://www.rasasilver.com/products/roseglint-studs?variant=gid://shopify/ProductVariant/51353469583657
2026-08-01 13:19:15,Ovalore Stud Earrings,Default Title,R15658,2970.0,Sold Out,1,1,0,https://www.rasasilver.com/products/ovalore-studs?variant=gid://shopify/ProductVariant/51353497043241
2026-08-01 13:19:15,Elenruby Stud Earrings,Default Title,R15735,3900.0,Sold Out,1,1,0,https://www.rasasilver.com/products/elenruby-studs?variant=gid://shopify/ProductVariant/51353557139753
2026-08-01 13:19:15,Florcryst Stud Earrings,Default Title,R15801,2500.0,Sold Out,1,1,0,https://www.rasasilver.com/products/florcryst-studs?variant=gid://shopify/ProductVariant/51353604391209
2026-08-01 13:19:15,Bloovia Stud Earrings,Default Title,R15839,2600.0,Sold Out,1,1,0,https://www.rasasilver.com/products/bloovia-studs?variant=gid://shopify/ProductVariant/51353648628009
2026-08-01 13:19:15,Surangi Stud Earrings,Default Title,R15844,2500.0,Sold Out,1,1,0,https://www.rasasilver.com/products/surangi-studs?variant=gid://shopify/ProductVariant/51353649512745
2026-08-01 13:19:15,Divyanka Aam Studs,Default Title,R15936,4200.0,Sold Out,1,1,0,https://www.rasasilver.com/products/divyanka-aam-studs?variant=gid://shopify/ProductVariant/51355357217065
2026-08-01 13:19:15,Glimflora Stud Earrings,Default Title,R15947,2800.0,Sold Out,1,1,0,https://www.rasasilver.com/products/glimflora-studs?variant=gid://shopify/ProductVariant/51356269936937
2026-08-01 13:19:15,Ciraflora Stud Earrings,Default Title,R15958,2800.0,Sold Out,1,1,0,https://www.rasasilver.com/products/ciraflora-studs?variant=gid://shopify/ProductVariant/51356292481321
2026-08-01 13:19:15,Rani Gulmohar Stud Earrings,Ruby Pink,R15962,3500.0,Sold Out,2,2,0,https://www.rasasilver.com/products/rani-gulmohar-studs?variant=gid://shopify/ProductVariant/51356312764713
2026-08-01 13:19:15,Rubiraas Stone Studs,Default Title,R16080,3000.0,Sold Out,1,1,0,https://www.rasasilver.com/products/rubiraas-studs?variant=gid://shopify/ProductVariant/51356558262569
2026-08-01 13:19:15,Ruby Fleuré Studs,Default Title,R16102,4200.0,Sold Out,1,1,0,https://www.rasasilver.com/products/ruby-fleure-studs?variant=gid://shopify/ProductVariant/51356576252201
2026-08-01 13:19:15,Czora Bloom Studs,Default Title,R16132,3400.0,Sold Out,2,2,0,https://www.rasasilver.com/products/czora-bloom-studs?variant=gid://shopify/ProductVariant/51356620226857
2026-08-01 13:19:15,Heartza Stud Earrings,Default Title,R16168,3000.0,Sold Out,1,1,0,https://www.rasasilver.com/products/heartza-studs?variant=gid://shopify/ProductVariant/51356672295209
2026-08-01 13:19:15,Laksithaara Studs,Default Title,R16259,4140.0,Sold Out,1,1,0,https://www.rasasilver.com/products/laksithaara-studs?variant=gid://shopify/ProductVariant/51356743074089
2026-08-01 13:19:15,Miralys Petal Studs,Default Title,R17400,2500.0,Sold Out,3,3,0,https://www.rasasilver.com/products/miralys-petal-studs?variant=gid://shopify/ProductVariant/51356770337065
2026-08-01 13:19:15,Budoir Stud Earrings,Default Title,R16306,2300.0,Sold Out,1,1,0,https://www.rasasilver.com/products/budoir-bloom-studs?variant=gid://shopify/ProductVariant/51362305573161
2026-08-01 13:19:15,Pearl Wink  Earrings,Default Title,R16325,5900.0,Sold Out,1,1,0,https://www.rasasilver.com/products/peony-pearl-studs?variant=gid://shopify/ProductVariant/51362402500905
2026-08-01 13:19:15,Rubiya Stud Earrings,Ruby Pink,R16337,2430.0,Sold Out,1,1,0,https://www.rasasilver.com/products/rubiya-studs?variant=gid://shopify/ProductVariant/51362451652905
2026-08-01 13:19:15,Utsav Phool Stud Earrings,Default Title,R16400,2600.0,Sold Out,1,1,0,https://www.rasasilver.com/products/utsav-phool-studs?variant=gid://shopify/ProductVariant/51362731098409
2026-08-01 13:19:15,Petal Lotusique Studs,Default Title,R16373,4200.0,Sold Out,1,1,0,https://www.rasasilver.com/products/petal-lotusique-studs?variant=gid://shopify/ProductVariant/51363059794217
2026-08-01 13:19:15,Ruby Mehka Stud Earrings,Default Title,R16371,2550.0,Sold Out,1,1,0,https://www.rasasilver.com/products/rubymehka-studs?variant=gid://shopify/ProductVariant/51363105571113
2026-08-01 13:19:15,Chatur Bloomé Stud Earrings,Default Title,R16368,3000.0,Sold Out,1,1,0,https://www.rasasilver.com/products/chatur-bloome-studs?variant=gid://shopify/ProductVariant/51363143483689
2026-08-01 13:19:15,Nine Line Charm Bangles,Navaratna Colour / 2.3,R12535,16600.0,Sold Out,1,1,0,https://www.rasasilver.com/products/nine-line-charm-bangles?variant=gid://shopify/ProductVariant/51368055832873
2026-08-01 13:19:15,Nine Line Charm Bangles,Navaratna Colour / 2.7,R12535,16600.0,Sold Out,1,1,0,https://www.rasasilver.com/products/nine-line-charm-bangles?variant=gid://shopify/ProductVariant/52274227544361
2026-08-01 13:19:15,Nine Line Charm Bangles,Navaratna Colour / 2.5,R12535,16600.0,Sold Out,1,1,0,https://www.rasasilver.com/products/nine-line-charm-bangles?variant=gid://shopify/ProductVariant/52274234655017
2026-08-01 13:19:15,Nine Line Charm Bangles,Ruby Pink / 2.8,R12515,16600.0,Sold Out,2,2,0,https://www.rasasilver.com/products/nine-line-charm-bangles?variant=gid://shopify/ProductVariant/52274204213545
2026-08-01 13:19:15,Ovoline Stone Bangles,GREEN / 2.5,R12539,27000.0,Sold Out,2,2,0,https://www.rasasilver.com/products/ovoline-bangles?variant=gid://shopify/ProductVariant/51368060191017
2026-08-01 13:19:15,Ovoline Stone Bangles,Ruby Pink / 2.6,R12544,27000.0,Sold Out,1,1,0,https://www.rasasilver.com/products/ovoline-bangles?variant=gid://shopify/ProductVariant/52273489379625
2026-08-01 13:19:15,Samira Oval Bangles,Ruby Pink / 2.6,R12546,19400.0,Sold Out,2,2,0,https://www.rasasilver.com/products/samira-oval-bangles?variant=gid://shopify/ProductVariant/51482630717737
2026-08-01 13:19:15,Samira Oval Bangles,Ruby Pink / 2.7,R12546,19400.0,Sold Out,2,2,0,https://www.rasasilver.com/products/samira-oval-bangles?variant=gid://shopify/ProductVariant/52274209325353
2026-08-01 13:19:15,Samira Oval Bangles,GREEN / 2.7,R17412,19400.0,Sold Out,1,1,0,https://www.rasasilver.com/products/samira-oval-bangles?variant=gid://shopify/ProductVariant/52274209358121
2026-08-01 13:19:15,Greenvine Gemstone Bangles,2.8 / Green,R25752,27900.0,Sold Out,4,4,0,https://www.rasasilver.com/products/greenvine-bangles?variant=gid://shopify/ProductVariant/52263622115625
2026-08-01 13:19:15,Greenvine Gemstone Bangles,2.8 / Ruby Pink,R25747,26900.0,Sold Out,2,2,0,https://www.rasasilver.com/products/greenvine-bangles?variant=gid://shopify/ProductVariant/52724263452969
2026-08-01 13:19:15,Greenvine Gemstone Bangles,2.6 / Green,R25752,27900.0,Sold Out,4,4,0,https://www.rasasilver.com/products/greenvine-bangles?variant=gid://shopify/ProductVariant/52724263485737
2026-08-01 13:19:15,Greenvine Gemstone Bangles,2.6 / Ruby Pink,R25747,26900.0,Sold Out,2,2,0,https://www.rasasilver.com/products/greenvine-bangles?variant=gid://shopify/ProductVariant/52724263518505
2026-08-01 13:19:15,Greenvine Gemstone Bangles,2.4 / Green,R25752,27900.0,Sold Out,4,4,0,https://www.rasasilver.com/products/greenvine-bangles?variant=gid://shopify/ProductVariant/52724263551273
2026-08-01 13:19:15,Greenvine Gemstone Bangles,2.4 / Ruby Pink,R25747,26900.0,Sold Out,2,2,0,https://www.rasasilver.com/products/greenvine-bangles?variant=gid://shopify/ProductVariant/52724263584041
2026-08-01 13:19:15,Phool of Oval Bangles,2.7,R12568,19900.0,Sold Out,3,3,0,https://www.rasasilver.com/products/phool-of-oval-bangles?variant=gid://shopify/ProductVariant/52263619002665
2026-08-01 13:19:15,Two Souls Feathers Short Necklace,Default Title,R14900,38800.0,Sold Out,1,1,0,https://www.rasasilver.com/products/two-souls-feathers-short-necklace?variant=gid://shopify/ProductVariant/51368141029673
2026-08-01 13:19:15,Squivva Gems Bangles,GREEN / 2.7,R14962,26400.0,Sold Out,4,4,0,https://www.rasasilver.com/products/squivva-bangles?variant=gid://shopify/ProductVariant/51368176091433
2026-08-01 13:19:15,Squivva Gems Bangles,GREEN / 2.5,R14962,26400.0,Sold Out,4,4,0,https://www.rasasilver.com/products/squivva-bangles?variant=gid://shopify/ProductVariant/52273482137897
2026-08-01 13:19:15,Squivva Gems Bangles,Ruby Pink / 2.4,R14966,26400.0,Sold Out,6,6,0,https://www.rasasilver.com/products/squivva-bangles?variant=gid://shopify/ProductVariant/52273391436073
2026-08-01 13:19:15,Crystina Stone Bangles,2.9,R14994,22200.0,Sold Out,3,3,0,https://www.rasasilver.com/products/crystina-bangles?variant=gid://shopify/ProductVariant/52263604158761
2026-08-01 13:19:15,Crystina Stone Bangles,2.6,R14990,22200.0,Sold Out,4,4,0,https://www.rasasilver.com/products/crystina-bangles?variant=gid://shopify/ProductVariant/52263713636649
2026-08-01 13:19:15,Shree Trayi Bangles,2.7,R15001,32100.0,Sold Out,2,2,0,https://www.rasasilver.com/products/shree-trayi-bangles?variant=gid://shopify/ProductVariant/52263601865001
2026-08-01 13:19:15,Shree Trayi Bangles,2.6,R15001,32100.0,Sold Out,2,2,0,https://www.rasasilver.com/products/shree-trayi-bangles?variant=gid://shopify/ProductVariant/52263736410409
2026-08-01 13:19:15,Navashriya Nakash Bangles,Navaratna Colour / 2.8,R15003,21700.0,Sold Out,1,1,0,https://www.rasasilver.com/products/navashriya-bangles?variant=gid://shopify/ProductVariant/52273917329705
2026-08-01 13:19:15,Navashriya Nakash Bangles,Blue / 2.7,R15004,21700.0,Sold Out,1,1,0,https://www.rasasilver.com/products/navashriya-bangles?variant=gid://shopify/ProductVariant/51368212234537
2026-08-01 13:19:15,Prithvi Nakshi Necklace,Default Title,R15073,45500.0,Sold Out,1,1,0,https://www.rasasilver.com/products/prithvi-necklace?variant=gid://shopify/ProductVariant/51368296284457
2026-08-01 13:19:15,Aalayam Feathers Pendant,Default Title,R15079,24500.0,Sold Out,1,1,0,https://www.rasasilver.com/products/aalayam-feathers-pendant?variant=gid://shopify/ProductVariant/51368334950697
2026-08-01 13:19:15,Staroval Kundan Necklace,Default Title,R15085,79700.0,Sold Out,1,1,0,https://www.rasasilver.com/products/staroval-flora-necklace?variant=gid://shopify/ProductVariant/51368345076009
2026-08-01 13:19:15,Phoolon Ki Chamak Haaram,Default Title,R15120,104700.0,Sold Out,1,1,0,https://www.rasasilver.com/products/phoolon-ki-chamak-haaram?variant=gid://shopify/ProductVariant/51368763457833
2026-08-01 13:19:15,Gulika Kundan Bangles,2.4,R15162,38900.0,Sold Out,1,1,0,https://www.rasasilver.com/products/gulika-bangles?variant=gid://shopify/ProductVariant/52273464410409
2026-08-01 13:19:15,Rondiya Kundan Bangles,Default Title,R15167,18630.0,Sold Out,1,1,0,https://www.rasasilver.com/products/rondiya-bangles?variant=gid://shopify/ProductVariant/51372989612329
2026-08-01 13:19:15,Nayra Mango Short Necklace,Default Title,R14810,37700.0,Sold Out,1,1,0,https://www.rasasilver.com/products/nayra-mango-short-necklace?variant=gid://shopify/ProductVariant/51396111958313
2026-08-01 13:19:15,Iraja Manika Short Necklace,Default Title,R14864,37700.0,Sold Out,1,1,0,https://www.rasasilver.com/products/iraja-manika-short-necklace?variant=gid://shopify/ProductVariant/51396241686825
2026-08-01 13:19:15,Saura Lakshmi Short Necklace,Default Title,R14938,41800.0,Sold Out,1,1,0,https://www.rasasilver.com/products/vanya-lakshmi-short-necklace-copy?variant=gid://shopify/ProductVariant/51396513825065
2026-08-01 13:19:15,Eshna Twin Necklace,Ruby Pink,R15197,27700.0,Sold Out,1,1,0,https://www.rasasilver.com/products/twin-trails-necklace-copy?variant=gid://shopify/ProductVariant/51396723245353
2026-08-01 13:19:15,Aruni Pear Short Necklace,Navaratna Colour,R15886,22500.0,Sold Out,1,1,0,https://www.rasasilver.com/products/fleur-d-emeraude-necklace-set-copy?variant=gid://shopify/ProductVariant/51408334291241
2026-08-01 13:19:15,Keya Lakshmi Necklace,Default Title,R15326,19200.0,Sold Out,1,1,0,https://www.rasasilver.com/products/nava-raga-glow-short-necklace-copy?variant=gid://shopify/ProductVariant/51397186093353
2026-08-01 13:19:15,Nimai Stone Kaan Karela,Ruby Pink,R15342,32400.0,Sold Out,1,1,0,https://www.rasasilver.com/products/shobhamayur-kaan-karela-copy?variant=gid://shopify/ProductVariant/51397261525289
2026-08-01 13:19:15,Nimai Stone Kaan Karela,GREEN,R15345,32400.0,Sold Out,1,1,0,https://www.rasasilver.com/products/shobhamayur-kaan-karela-copy?variant=gid://shopify/ProductVariant/51397261558057
2026-08-01 13:19:15,Rosavine CZ Necklace,Default Title,R15372,26900.0,Sold Out,1,1,0,https://www.rasasilver.com/products/rosavine-cz-necklace?variant=gid://shopify/ProductVariant/51407624208681
2026-08-01 13:19:15,Tanuja Short Necklace,Default Title,R15651,29600.0,Sold Out,1,1,0,https://www.rasasilver.com/products/peacock-vilasam-short-necklace-copy?variant=gid://shopify/ProductVariant/51407761768745
2026-08-01 13:19:15,Padmanabha Pendant,Default Title,R15504,28700.0,Sold Out,1,1,0,https://www.rasasilver.com/products/padmanabha-pendant?variant=gid://shopify/ProductVariant/51407789195561
2026-08-01 13:19:15,Sukha Mandalasini Pendant,Default Title,R15508,24400.0,Sold Out,1,1,0,https://www.rasasilver.com/products/sukha-mandalasini-pendant?variant=gid://shopify/ProductVariant/51407876030761
2026-08-01 13:19:15,Radha-Krishna Vana Pendant,Green,R15512,27700.0,Sold Out,1,1,0,https://www.rasasilver.com/products/radha-krishna-vana-pendant?variant=gid://shopify/ProductVariant/51483036188969
2026-08-01 13:19:15,Radha-Krishna Vana Pendant,Ruby Pink,R15516,27700.0,Sold Out,1,1,0,https://www.rasasilver.com/products/radha-krishna-vana-pendant?variant=gid://shopify/ProductVariant/51483036221737
2026-08-01 13:19:15,Ruby Stone Sheesh Phool,Default Title,R15728,35800.0,Sold Out,1,1,0,https://www.rasasilver.com/products/aabroo-flora-sheesh-phool-copy?variant=gid://shopify/ProductVariant/51408019390761
2026-08-01 13:19:15,Shree Sampatti Balaji Pendant,Default Title,R15525,47300.0,Sold Out,1,1,0,https://www.rasasilver.com/products/shree-sampatti-balaji-pendant?variant=gid://shopify/ProductVariant/51408025190697
2026-08-01 13:19:15,Deviya Manik Short Necklace,Default Title,R15757,28400.0,Sold Out,1,1,0,https://www.rasasilver.com/products/srivalli-necklace-copy?variant=gid://shopify/ProductVariant/51408083190057
2026-08-01 13:19:15,Anira Stone Short Necklace,Default Title,R15803,25000.0,Sold Out,1,1,0,https://www.rasasilver.com/products/rosavine-cz-necklace-copy?variant=gid://shopify/ProductVariant/51408239100201
2026-08-01 13:32:42,Ribbon Ritz Bracelet,Default Title,R13314,1900.0,New Arrival,1,0,1,https://www.rasasilver.com/products/bracelet-6?variant=gid://shopify/ProductVariant/51317502902569
2026-08-01 13:32:42,Fish Tail Chain Pendant,Default Title,R14149,2200.0,New Arrival,1,0,1,https://www.rasasilver.com/products/error-1?variant=gid://shopify/ProductVariant/51317532852521
2026-08-01 13:32:42,Rajmayuri Kundan Pendant,Default Title,R14632,36500.0,New Arrival,1,0,1,https://www.rasasilver.com/products/pendant-9?variant=gid://shopify/ProductVariant/51317603828009
2026-08-01 13:32:42,Prakriti Garuda Pendant,Default Title,R14636,34700.0,New Arrival,1,0,1,https://www.rasasilver.com/products/pendant-11?variant=gid://shopify/ProductVariant/51317619261737
2026-08-01 13:32:42,Kuberika Temple Bangles,Default Title,R14760,58100.0,New Arrival,1,0,1,https://www.rasasilver.com/products/bangles-19?variant=gid://shopify/ProductVariant/51323801993513
2026-08-01 13:32:42,Eterni Link Bracelet,Default Title,R12905,1800.0,New Arrival,2,0,2,https://www.rasasilver.com/products/eterni-link-bracelet?variant=gid://shopify/ProductVariant/51345272832297
2026-08-01 13:32:42,Miraflor Chain Pendant,Default Title,R13251,2400.0,New Arrival,2,0,2,https://www.rasasilver.com/products/miraflor-chain-pendant?variant=gid://shopify/ProductVariant/51345546936617
2026-08-01 13:32:42,Starlora Chain Pendant,Default Title,R13262,2200.0,New Arrival,1,0,1,https://www.rasasilver.com/products/starlora-chain-pendant?variant=gid://shopify/ProductVariant/51345558405417
2026-08-01 13:32:42,Safety Pin Chain Pendant,Default Title,R14150,1800.0,New Arrival,3,0,3,https://www.rasasilver.com/products/chain-pendant-10?variant=gid://shopify/ProductVariant/51345625153833
2026-08-01 13:32:42,Pearlora Bloom Chain Pendant,Default Title,R13265,2100.0,New Arrival,1,0,1,https://www.rasasilver.com/products/chain-pendant-13?variant=gid://shopify/ProductVariant/51345692328233
2026-08-01 13:32:42,Gulmitha Necklace Set,Default Title,R15836,31900.0,New Arrival,1,0,1,https://www.rasasilver.com/products/necklace-set-55?variant=gid://shopify/ProductVariant/51345971085609
2026-08-01 13:32:42,Elvika Gold Necklace Set,Default Title,R15878,43300.0,New Arrival,1,0,1,https://www.rasasilver.com/products/necklace-set-61?variant=gid://shopify/ProductVariant/51349067071785
2026-08-01 13:32:42,Verdora Necklace Set,Default Title,R5689,92000.0,New Arrival,1,0,1,https://www.rasasilver.com/products/no-image-28?variant=gid://shopify/ProductVariant/51349574746409
2026-08-01 13:32:42,Shreevalli Danglers,GREEN,R31965,5000.0,New Arrival,1,0,1,https://www.rasasilver.com/products/danglers-24?variant=gid://shopify/ProductVariant/53342707777833
2026-08-01 13:32:42,Rubeara Stud Earrings,Default Title,R15988,2600.0,New Arrival,2,0,2,https://www.rasasilver.com/products/studs-24?variant=gid://shopify/ProductVariant/51350134784297
2026-08-01 13:32:42,Ruvanya Stone Ring,Ruby Pink / 12,R16060,3100.0,New Arrival,1,0,1,https://www.rasasilver.com/products/ring-22?variant=gid://shopify/ProductVariant/51350170468649
2026-08-01 13:32:42,Emvira Antique Ring,15,R16089,5400.0,New Arrival,1,0,1,https://www.rasasilver.com/products/ring-24?variant=gid://shopify/ProductVariant/52274131534121
2026-08-01 13:32:42,Roseglint Stud Earrings,Default Title,R15654,3100.0,New Arrival,1,0,1,https://www.rasasilver.com/products/roseglint-studs?variant=gid://shopify/ProductVariant/51353469583657
2026-08-01 13:32:42,Ovalore Stud Earrings,Default Title,R15658,2970.0,New Arrival,1,0,1,https://www.rasasilver.com/products/ovalore-studs?variant=gid://shopify/ProductVariant/51353497043241
2026-08-01 13:32:42,Elenruby Stud Earrings,Default Title,R15735,3900.0,New Arrival,1,0,1,https://www.rasasilver.com/products/elenruby-studs?variant=gid://shopify/ProductVariant/51353557139753
2026-08-01 13:32:42,Florcryst Stud Earrings,Default Title,R15801,2500.0,New Arrival,1,0,1,https://www.rasasilver.com/products/florcryst-studs?variant=gid://shopify/ProductVariant/51353604391209
2026-08-01 13:32:42,Bloovia Stud Earrings,Default Title,R15839,2600.0,New Arrival,1,0,1,https://www.rasasilver.com/products/bloovia-studs?variant=gid://shopify/ProductVariant/51353648628009
2026-08-01 13:32:42,Surangi Stud Earrings,Default Title,R15844,2500.0,New Arrival,1,0,1,https://www.rasasilver.com/products/surangi-studs?variant=gid://shopify/ProductVariant/51353649512745
2026-08-01 13:32:42,Divyanka Aam Studs,Default Title,R15936,4200.0,New Arrival,1,0,1,https://www.rasasilver.com/products/divyanka-aam-studs?variant=gid://shopify/ProductVariant/51355357217065
2026-08-01 13:32:42,Glimflora Stud Earrings,Default Title,R15947,2800.0,New Arrival,1,0,1,https://www.rasasilver.com/products/glimflora-studs?variant=gid://shopify/ProductVariant/51356269936937
2026-08-01 13:32:42,Ciraflora Stud Earrings,Default Title,R15958,2800.0,New Arrival,1,0,1,https://www.rasasilver.com/products/ciraflora-studs?variant=gid://shopify/ProductVariant/51356292481321
2026-08-01 13:32:42,Rani Gulmohar Stud Earrings,Ruby Pink,R15962,3500.0,New Arrival,2,0,2,https://www.rasasilver.com/products/rani-gulmohar-studs?variant=gid://shopify/ProductVariant/51356312764713
2026-08-01 13:32:42,Rubiraas Stone Studs,Default Title,R16080,3000.0,New Arrival,1,0,1,https://www.rasasilver.com/products/rubiraas-studs?variant=gid://shopify/ProductVariant/51356558262569
2026-08-01 13:32:42,Ruby Fleuré Studs,Default Title,R16102,4200.0,New Arrival,1,0,1,https://www.rasasilver.com/products/ruby-fleure-studs?variant=gid://shopify/ProductVariant/51356576252201
2026-08-01 13:32:42,Czora Bloom Studs,Default Title,R16132,3400.0,New Arrival,2,0,2,https://www.rasasilver.com/products/czora-bloom-studs?variant=gid://shopify/ProductVariant/51356620226857
2026-08-01 13:32:42,Heartza Stud Earrings,Default Title,R16168,3000.0,New Arrival,1,0,1,https://www.rasasilver.com/products/heartza-studs?variant=gid://shopify/ProductVariant/51356672295209
2026-08-01 13:32:42,Laksithaara Studs,Default Title,R16259,4140.0,New Arrival,1,0,1,https://www.rasasilver.com/products/laksithaara-studs?variant=gid://shopify/ProductVariant/51356743074089
2026-08-01 13:32:42,Miralys Petal Studs,Default Title,R17400,2500.0,New Arrival,3,0,3,https://www.rasasilver.com/products/miralys-petal-studs?variant=gid://shopify/ProductVariant/51356770337065
2026-08-01 13:32:42,Budoir Stud Earrings,Default Title,R16306,2300.0,New Arrival,1,0,1,https://www.rasasilver.com/products/budoir-bloom-studs?variant=gid://shopify/ProductVariant/51362305573161
2026-08-01 13:32:42,Pearl Wink  Earrings,Default Title,R16325,5900.0,New Arrival,1,0,1,https://www.rasasilver.com/products/peony-pearl-studs?variant=gid://shopify/ProductVariant/51362402500905
2026-08-01 13:32:42,Rubiya Stud Earrings,Ruby Pink,R16337,2430.0,New Arrival,1,0,1,https://www.rasasilver.com/products/rubiya-studs?variant=gid://shopify/ProductVariant/51362451652905
2026-08-01 13:32:42,Utsav Phool Stud Earrings,Default Title,R16400,2600.0,New Arrival,1,0,1,https://www.rasasilver.com/products/utsav-phool-studs?variant=gid://shopify/ProductVariant/51362731098409
2026-08-01 13:32:42,Petal Lotusique Studs,Default Title,R16373,4200.0,New Arrival,1,0,1,https://www.rasasilver.com/products/petal-lotusique-studs?variant=gid://shopify/ProductVariant/51363059794217
2026-08-01 13:32:42,Ruby Mehka Stud Earrings,Default Title,R16371,2550.0,New Arrival,1,0,1,https://www.rasasilver.com/products/rubymehka-studs?variant=gid://shopify/ProductVariant/51363105571113
2026-08-01 13:32:42,Chatur Bloomé Stud Earrings,Default Title,R16368,3000.0,New Arrival,1,0,1,https://www.rasasilver.com/products/chatur-bloome-studs?variant=gid://shopify/ProductVariant/51363143483689
2026-08-01 13:32:42,Nine Line Charm Bangles,Navaratna Colour / 2.3,R12535,16600.0,New Arrival,1,0,1,https://www.rasasilver.com/products/nine-line-charm-bangles?variant=gid://shopify/ProductVariant/51368055832873
2026-08-01 13:32:42,Nine Line Charm Bangles,Navaratna Colour / 2.7,R12535,16600.0,New Arrival,1,0,1,https://www.rasasilver.com/products/nine-line-charm-bangles?variant=gid://shopify/ProductVariant/52274227544361
2026-08-01 13:32:42,Nine Line Charm Bangles,Navaratna Colour / 2.5,R12535,16600.0,New Arrival,1,0,1,https://www.rasasilver.com/products/nine-line-charm-bangles?variant=gid://shopify/ProductVariant/52274234655017
2026-08-01 13:32:42,Nine Line Charm Bangles,Ruby Pink / 2.8,R12515,16600.0,New Arrival,2,0,2,https://www.rasasilver.com/products/nine-line-charm-bangles?variant=gid://shopify/ProductVariant/52274204213545
2026-08-01 13:32:42,Ovoline Stone Bangles,GREEN / 2.5,R12539,27000.0,New Arrival,2,0,2,https://www.rasasilver.com/products/ovoline-bangles?variant=gid://shopify/ProductVariant/51368060191017
2026-08-01 13:32:42,Ovoline Stone Bangles,Ruby Pink / 2.6,R12544,27000.0,New Arrival,1,0,1,https://www.rasasilver.com/products/ovoline-bangles?variant=gid://shopify/ProductVariant/52273489379625
2026-08-01 13:32:42,Samira Oval Bangles,Ruby Pink / 2.6,R12546,19400.0,New Arrival,2,0,2,https://www.rasasilver.com/products/samira-oval-bangles?variant=gid://shopify/ProductVariant/51482630717737
2026-08-01 13:32:42,Samira Oval Bangles,Ruby Pink / 2.7,R12546,19400.0,New Arrival,2,0,2,https://www.rasasilver.com/products/samira-oval-bangles?variant=gid://shopify/ProductVariant/52274209325353
2026-08-01 13:32:42,Samira Oval Bangles,GREEN / 2.7,R17412,19400.0,New Arrival,1,0,1,https://www.rasasilver.com/products/samira-oval-bangles?variant=gid://shopify/ProductVariant/52274209358121
2026-08-01 13:32:42,Greenvine Gemstone Bangles,2.8 / Green,R25752,27900.0,New Arrival,4,0,4,https://www.rasasilver.com/products/greenvine-bangles?variant=gid://shopify/ProductVariant/52263622115625
2026-08-01 13:32:42,Greenvine Gemstone Bangles,2.8 / Ruby Pink,R25747,26900.0,New Arrival,2,0,2,https://www.rasasilver.com/products/greenvine-bangles?variant=gid://shopify/ProductVariant/52724263452969
2026-08-01 13:32:42,Greenvine Gemstone Bangles,2.6 / Green,R25752,27900.0,New Arrival,4,0,4,https://www.rasasilver.com/products/greenvine-bangles?variant=gid://shopify/ProductVariant/52724263485737
2026-08-01 13:32:42,Greenvine Gemstone Bangles,2.6 / Ruby Pink,R25747,26900.0,New Arrival,2,0,2,https://www.rasasilver.com/products/greenvine-bangles?variant=gid://shopify/ProductVariant/52724263518505
2026-08-01 13:32:42,Greenvine Gemstone Bangles,2.4 / Green,R25752,27900.0,New Arrival,4,0,4,https://www.rasasilver.com/products/greenvine-bangles?variant=gid://shopify/ProductVariant/52724263551273
2026-08-01 13:32:42,Greenvine Gemstone Bangles,2.4 / Ruby Pink,R25747,26900.0,New Arrival,2,0,2,https://www.rasasilver.com/products/greenvine-bangles?variant=gid://shopify/ProductVariant/52724263584041
2026-08-01 13:32:42,Phool of Oval Bangles,2.7,R12568,19900.0,New Arrival,3,0,3,https://www.rasasilver.com/products/phool-of-oval-bangles?variant=gid://shopify/ProductVariant/52263619002665
2026-08-01 13:32:42,Two Souls Feathers Short Necklace,Default Title,R14900,38800.0,New Arrival,1,0,1,https://www.rasasilver.com/products/two-souls-feathers-short-necklace?variant=gid://shopify/ProductVariant/51368141029673
2026-08-01 13:32:42,Squivva Gems Bangles,GREEN / 2.7,R14962,26400.0,New Arrival,4,0,4,https://www.rasasilver.com/products/squivva-bangles?variant=gid://shopify/ProductVariant/51368176091433
2026-08-01 13:32:42,Squivva Gems Bangles,GREEN / 2.5,R14962,26400.0,New Arrival,4,0,4,https://www.rasasilver.com/products/squivva-bangles?variant=gid://shopify/ProductVariant/52273482137897
2026-08-01 13:32:42,Squivva Gems Bangles,Ruby Pink / 2.4,R14966,26400.0,New Arrival,6,0,6,https://www.rasasilver.com/products/squivva-bangles?variant=gid://shopify/ProductVariant/52273391436073
2026-08-01 13:32:42,Crystina Stone Bangles,2.9,R14994,22200.0,New Arrival,3,0,3,https://www.rasasilver.com/products/crystina-bangles?variant=gid://shopify/ProductVariant/52263604158761
2026-08-01 13:32:42,Crystina Stone Bangles,2.6,R14990,22200.0,New Arrival,4,0,4,https://www.rasasilver.com/products/crystina-bangles?variant=gid://shopify/ProductVariant/52263713636649
2026-08-01 13:32:42,Shree Trayi Bangles,2.7,R15001,32100.0,New Arrival,2,0,2,https://www.rasasilver.com/products/shree-trayi-bangles?variant=gid://shopify/ProductVariant/52263601865001
2026-08-01 13:32:42,Shree Trayi Bangles,2.6,R15001,32100.0,New Arrival,2,0,2,https://www.rasasilver.com/products/shree-trayi-bangles?variant=gid://shopify/ProductVariant/52263736410409
2026-08-01 13:32:42,Navashriya Nakash Bangles,Navaratna Colour / 2.8,R15003,21700.0,New Arrival,1,0,1,https://www.rasasilver.com/products/navashriya-bangles?variant=gid://shopify/ProductVariant/52273917329705
2026-08-01 13:32:42,Navashriya Nakash Bangles,Blue / 2.7,R15004,21700.0,New Arrival,1,0,1,https://www.rasasilver.com/products/navashriya-bangles?variant=gid://shopify/ProductVariant/51368212234537
2026-08-01 13:32:42,Prithvi Nakshi Necklace,Default Title,R15073,45500.0,New Arrival,1,0,1,https://www.rasasilver.com/products/prithvi-necklace?variant=gid://shopify/ProductVariant/51368296284457
2026-08-01 13:32:42,Aalayam Feathers Pendant,Default Title,R15079,24500.0,New Arrival,1,0,1,https://www.rasasilver.com/products/aalayam-feathers-pendant?variant=gid://shopify/ProductVariant/51368334950697
2026-08-01 13:32:42,Staroval Kundan Necklace,Default Title,R15085,79700.0,New Arrival,1,0,1,https://www.rasasilver.com/products/staroval-flora-necklace?variant=gid://shopify/ProductVariant/51368345076009
2026-08-01 13:32:42,Phoolon Ki Chamak Haaram,Default Title,R15120,104700.0,New Arrival,1,0,1,https://www.rasasilver.com/products/phoolon-ki-chamak-haaram?variant=gid://shopify/ProductVariant/51368763457833
2026-08-01 13:32:42,Gulika Kundan Bangles,2.4,R15162,38900.0,New Arrival,1,0,1,https://www.rasasilver.com/products/gulika-bangles?variant=gid://shopify/ProductVariant/52273464410409
2026-08-01 13:32:42,Rondiya Kundan Bangles,Default Title,R15167,18630.0,New Arrival,1,0,1,https://www.rasasilver.com/products/rondiya-bangles?variant=gid://shopify/ProductVariant/51372989612329
2026-08-01 13:32:42,Nayra Mango Short Necklace,Default Title,R14810,37700.0,New Arrival,1,0,1,https://www.rasasilver.com/products/nayra-mango-short-necklace?variant=gid://shopify/ProductVariant/51396111958313
2026-08-01 13:32:42,Iraja Manika Short Necklace,Default Title,R14864,37700.0,New Arrival,1,0,1,https://www.rasasilver.com/products/iraja-manika-short-necklace?variant=gid://shopify/ProductVariant/51396241686825
2026-08-01 13:32:42,Saura Lakshmi Short Necklace,Default Title,R14938,41800.0,New Arrival,1,0,1,https://www.rasasilver.com/products/vanya-lakshmi-short-necklace-copy?variant=gid://shopify/ProductVariant/51396513825065
2026-08-01 13:32:42,Eshna Twin Necklace,Ruby Pink,R15197,27700.0,New Arrival,1,0,1,https://www.rasasilver.com/products/twin-trails-necklace-copy?variant=gid://shopify/ProductVariant/51396723245353
2026-08-01 13:32:42,Aruni Pear Short Necklace,Navaratna Colour,R15886,22500.0,New Arrival,1,0,1,https://www.rasasilver.com/products/fleur-d-emeraude-necklace-set-copy?variant=gid://shopify/ProductVariant/51408334291241
2026-08-01 13:32:42,Keya Lakshmi Necklace,Default Title,R15326,19200.0,New Arrival,1,0,1,https://www.rasasilver.com/products/nava-raga-glow-short-necklace-copy?variant=gid://shopify/ProductVariant/51397186093353
2026-08-01 13:32:42,Nimai Stone Kaan Karela,Ruby Pink,R15342,32400.0,New Arrival,1,0,1,https://www.rasasilver.com/products/shobhamayur-kaan-karela-copy?variant=gid://shopify/ProductVariant/51397261525289
2026-08-01 13:32:42,Nimai Stone Kaan Karela,GREEN,R15345,32400.0,New Arrival,1,0,1,https://www.rasasilver.com/products/shobhamayur-kaan-karela-copy?variant=gid://shopify/ProductVariant/51397261558057
2026-08-01 13:32:42,Rosavine CZ Necklace,Default Title,R15372,26900.0,New Arrival,1,0,1,https://www.rasasilver.com/products/rosavine-cz-necklace?variant=gid://shopify/ProductVariant/51407624208681
2026-08-01 13:32:42,Tanuja Short Necklace,Default Title,R15651,29600.0,New Arrival,1,0,1,https://www.rasasilver.com/products/peacock-vilasam-short-necklace-copy?variant=gid://shopify/ProductVariant/51407761768745
2026-08-01 13:32:42,Padmanabha Pendant,Default Title,R15504,28700.0,New Arrival,1,0,1,https://www.rasasilver.com/products/padmanabha-pendant?variant=gid://shopify/ProductVariant/51407789195561
2026-08-01 13:32:42,Sukha Mandalasini Pendant,Default Title,R15508,24400.0,New Arrival,1,0,1,https://www.rasasilver.com/products/sukha-mandalasini-pendant?variant=gid://shopify/ProductVariant/51407876030761
2026-08-01 13:32:42,Radha-Krishna Vana Pendant,Green,R15512,27700.0,New Arrival,1,0,1,https://www.rasasilver.com/products/radha-krishna-vana-pendant?variant=gid://shopify/ProductVariant/51483036188969
2026-08-01 13:32:42,Radha-Krishna Vana Pendant,Ruby Pink,R15516,27700.0,New Arrival,1,0,1,https://www.rasasilver.com/products/radha-krishna-vana-pendant?variant=gid://shopify/ProductVariant/51483036221737
2026-08-01 13:32:42,Ruby Stone Sheesh Phool,Default Title,R15728,35800.0,New Arrival,1,0,1,https://www.rasasilver.com/products/aabroo-flora-sheesh-phool-copy?variant=gid://shopify/ProductVariant/51408019390761
2026-08-01 13:32:42,Shree Sampatti Balaji Pendant,Default Title,R15525,47300.0,New Arrival,1,0,1,https://www.rasasilver.com/products/shree-sampatti-balaji-pendant?variant=gid://shopify/ProductVariant/51408025190697
2026-08-01 13:32:42,Deviya Manik Short Necklace,Default Title,R15757,28400.0,New Arrival,1,0,1,https://www.rasasilver.com/products/srivalli-necklace-copy?variant=gid://shopify/ProductVariant/51408083190057
2026-08-01 13:32:42,Anira Stone Short Necklace,Default Title,R15803,25000.0,New Arrival,1,0,1,https://www.rasasilver.com/products/rosavine-cz-necklace-copy?variant=gid://shopify/ProductVariant/51408239100201
2026-08-01 14:04:30,Chamak Phool Studs,Default Title,R15775,4000.0,Sale,1,7,6,https://www.rasasilver.com/products/chamak-phool-studs?variant=gid://shopify/ProductVariant/50624958300457
2026-08-01 14:20:12,Emera Glow Studs,Default Title,R15799,3250.0,Sale,1,4,3,https://www.rasasilver.com/products/rasi-kala-studs-1?variant=gid://shopify/ProductVariant/50140400288041
2026-08-01 14:20:12,Rubora Stud Earrings,Default Title,R20381,2100.0,Sale,1,9,8,https://www.rasasilver.com/products/rubora-oval-studs?variant=gid://shopify/ProductVariant/50809700581673
2026-08-01 14:20:12,Kalasha-Lakshmi Temple Necklace,Default Title,R28590,8000.0,Sale,1,5,4,https://www.rasasilver.com/products/kalasha-lakshmi-temple-necklace?variant=gid://shopify/ProductVariant/53266747162921
2026-08-01 14:20:12,Fiora Stone Studs,Default Title,R29495,2300.0,Sold Out,1,1,0,https://www.rasasilver.com/products/fiora-stone-studs?variant=gid://shopify/ProductVariant/53282509226281
2026-08-01 14:20:12,Half-Twist Toe Ring,Default Title,R31622,2600.0,Sold Out,1,1,0,https://www.rasasilver.com/products/half-twist-toe-ring?variant=gid://shopify/ProductVariant/53289090285865
2026-08-01 14:32:49,Couple Ring,Men,R31531,1900.0,Sale,1,4,3,https://www.rasasilver.com/products/tiny-shine-ring?variant=gid://shopify/ProductVariant/53286206964009
2026-08-01 14:32:49,Florentine CZ Necklace Set,Default Title,R26750,15900.0,Sold Out,1,1,0,https://www.rasasilver.com/products/vasanthika-cz-necklace-copy?variant=gid://shopify/ProductVariant/52880314990889
