Timestamp,Product Title,Variant Title,SKU,Price,Event Type,Quantity,Previous Stock,Current Stock,Product URL
2026-07-16 19:10:41,Eshvika Plain Bracelet,Default Title,AMS-103-1337,3300.0,Sale,1,5,4,https://www.theamethyststore.com/products/eshvika-plain-bracelet?variant=gid://shopify/ProductVariant/49390397325539
2026-07-16 19:10:41,Yuvanshri Hasli Necklace,Default Title,AMS-102-16580,4300.0,Sold Out,1,1,0,https://www.theamethyststore.com/products/hasli-necklace-32?variant=gid://shopify/ProductVariant/49389194248419
2026-07-17 04:07:29,Pearl Studs,Default Title,AMS-106-2105-MS,4048.0,Sale,1,6,5,https://www.theamethyststore.com/products/pearl-studs?variant=gid://shopify/ProductVariant/42018690695395
2026-07-17 05:07:54,Nithrasha Avikam Pair Bangles,"2.4""","AMS-107-2296-2.4""",29000.0,Restock,1,0,1,https://www.theamethyststore.com/products/nithrasha-avikam-pair-bangles?variant=gid://shopify/ProductVariant/48971126997219
2026-07-17 05:07:54,Sparkling Victorian Pendant,Default Title,AMS-104-4677,9900.0,New Arrival,3,0,3,https://www.theamethyststore.com/products/sparkling-victorian-pendant?variant=gid://shopify/ProductVariant/49420361203939
2026-07-17 05:22:55,Lisiya Diamond Design Necklace Set,Default Title,AMS-102-6364,54000.0,Restock,1,1,2,https://www.theamethyststore.com/products/lisiya-diamond-design-necklace-set?variant=gid://shopify/ProductVariant/45226393895139
2026-07-17 05:22:55,Valentina Avikam Long Necklace Set,Default Title,AMS-102-8988,175500.0,New Arrival,1,0,1,https://www.theamethyststore.com/products/valentina-avikam-long-necklace-set?variant=gid://shopify/ProductVariant/46239469633763
2026-07-17 05:22:55,Riyana Bracelet,Default Title,AMS-103-0886,27200.0,Restock,1,1,2,https://www.theamethyststore.com/products/riyana-bracelet?variant=gid://shopify/ProductVariant/47142294814947
2026-07-17 05:22:55,Dipthika Bracelet,Default Title,AMS-103-1001,23800.0,New Arrival,1,0,1,https://www.theamethyststore.com/products/dipthika-bracelet?variant=gid://shopify/ProductVariant/47569609523427
2026-07-17 05:22:55,Lekisha Bracelet,Default Title,AMS-103-1007,24800.0,Restock,1,1,2,https://www.theamethyststore.com/products/lekisha-bracelet?variant=gid://shopify/ProductVariant/47569671422179
2026-07-17 05:22:55,Ishaani Bracelet,Default Title,AMS-103-1008,18700.0,New Arrival,1,0,1,https://www.theamethyststore.com/products/ishaani-bracelet?variant=gid://shopify/ProductVariant/47569688264931
2026-07-17 05:22:55,Fabulous Avikam Short Necklace Set,Default Title,AMS-102-16206,18128.0,Restock,1,1,2,https://www.theamethyststore.com/products/fabulous-avikam-short-necklace-set-4?variant=gid://shopify/ProductVariant/49334671081699
2026-07-17 05:22:55,Unique Design Victorian Pendant,Default Title,AMS-104-4686,10200.0,New Arrival,1,0,1,https://www.theamethyststore.com/products/unique-design-victorian-pendant?variant=gid://shopify/ProductVariant/49420395839715
2026-07-17 05:22:55,God Vinayaga Diamond Design Pendant,Default Title,AMS-104-4687,8000.0,New Arrival,1,0,1,https://www.theamethyststore.com/products/god-vinayaga-diamond-design-pendant?variant=gid://shopify/ProductVariant/49420413763811
2026-07-17 05:37:44,Olivis Stone Studs,Default Title,AMS-106-5003,3450.6,Sale,1,3,2,https://www.theamethyststore.com/products/olivis-stone-studs?variant=gid://shopify/ProductVariant/44029434593507
2026-07-17 05:37:44,Glittering Avikam Short Necklace Set,Default Title,AMS-102-14772,22968.0,Restock,1,2,3,https://www.theamethyststore.com/products/glittering-avikam-short-necklace-set-1?variant=gid://shopify/ProductVariant/48301937393891
2026-07-17 05:37:44,Pretty Look Short Necklace Set,Default Title,AMS-102-15727,25300.0,New Arrival,2,0,2,https://www.theamethyststore.com/products/pretty-look-short-necklace-set-3?variant=gid://shopify/ProductVariant/48937108472035
2026-07-17 05:37:44,Shivakamini Long Avikam Necklace,Default Title,AMS-102-11146,57200.0,Restock,2,0,2,https://www.theamethyststore.com/products/shivakamini-long-avikam-necklace?variant=gid://shopify/ProductVariant/48963598942435
2026-07-17 05:37:44,Paarnika Avikam Short Necklace,Default Title,AMS-102-15737,25300.0,New Arrival,1,0,1,https://www.theamethyststore.com/products/paarnika-avikam-short-necklace?variant=gid://shopify/ProductVariant/48987436351715
2026-07-17 05:37:44,Freyja Short Necklace Set,Default Title,AMS-102-15870,155800.0,Restock,1,0,1,https://www.theamethyststore.com/products/freyja-short-necklace-set?variant=gid://shopify/ProductVariant/49101499007203
2026-07-17 05:37:44,Pretty Look Diamond Design Pendant,Default Title,AMS-104-4689,8700.0,New Arrival,1,0,1,https://www.theamethyststore.com/products/pretty-look-diamond-design-pendant?variant=gid://shopify/ProductVariant/49420417761507
2026-07-17 05:37:44,Laravika Stone Pair Bangles,"2.4""","AMS-107-2055-2.4""",22024.2,Sold Out,1,1,0,https://www.theamethyststore.com/products/laravika-stone-pair-bangles?variant=gid://shopify/ProductVariant/47654010912995
2026-07-17 05:52:13,Shervi Avikam Short Necklace Set,Default Title,AMS-102-11089,26000.0,New Arrival,3,0,3,https://www.theamethyststore.com/products/shervi-avikam-short-necklace-set?variant=gid://shopify/ProductVariant/47075270721763
2026-07-17 05:52:13,Gorgeous Avikam Pendant Set,Default Title,AMS-104-4682,20500.0,New Arrival,3,0,3,https://www.theamethyststore.com/products/avikam-pendant-set-12?variant=gid://shopify/ProductVariant/49420545622243
2026-07-17 05:52:13,Fabulous Avikam Pendant Set,Default Title,AMS-104-4692,17700.0,New Arrival,2,0,2,https://www.theamethyststore.com/products/fabulous-avikam-pendant-set?variant=gid://shopify/ProductVariant/49420669550819
2026-07-17 06:22:16,Glittering Avikam Short Necklace Set,Default Title,AMS-102-10904,44000.0,Restock,3,1,4,https://www.theamethyststore.com/products/glittering-avikam-short-necklace-set?variant=gid://shopify/ProductVariant/47070658887907
2026-07-17 06:22:16,Navarathna Stone Pendant,Default Title,AMS-104-4690,11060.0,New Arrival,1,0,1,https://www.theamethyststore.com/products/navarathna-stone-pendant-3?variant=gid://shopify/ProductVariant/49420678889699
2026-07-17 06:35:04,Gorgeous Lakshmi Nagas Pendant,Default Title,AMS-104-4694,9600.0,New Arrival,3,0,3,https://www.theamethyststore.com/products/gorgeous-lakshmi-nagas-pendant-5?variant=gid://shopify/ProductVariant/49420683509987
2026-07-17 06:35:04,Chic & Glow Stone Pendant,Default Title,AMS-104-4702,4000.0,New Arrival,7,0,7,https://www.theamethyststore.com/products/chic-glow-stone-pendant?variant=gid://shopify/ProductVariant/49420686098659
2026-07-17 06:35:04,Floral Diamond Design Studs,Default Title,AMS-106-15186,8400.0,New Arrival,4,0,4,https://www.theamethyststore.com/products/diamond-design-studs-22?variant=gid://shopify/ProductVariant/49420686655715
2026-07-17 06:35:04,Lakshmi 3D Spl Pendant,Default Title,AMS-104-4684,8800.0,New Arrival,1,0,1,https://www.theamethyststore.com/products/lakshmi-3d-spl-pendant-10?variant=gid://shopify/ProductVariant/49420687245539
2026-07-17 06:35:04,Catherine Diamond Design Studs,Default Title,AMS-106-15181,4900.0,New Arrival,4,0,4,https://www.theamethyststore.com/products/diamond-design-studs-23?variant=gid://shopify/ProductVariant/49420687835363
2026-07-17 06:52:15,Chic & Trendy Avikam Short Necklace Set,Default Title,AMS-102-14777,32000.0,Sale,1,4,3,https://www.theamethyststore.com/products/chic-trendy-avikam-short-necklace-set?variant=gid://shopify/ProductVariant/48301990838499
2026-07-17 06:52:15,Hiralini Diamond Design Studs,Default Title,AMS-106-15026,13200.0,New Arrival,1,0,1,https://www.theamethyststore.com/products/diamond-design-studs-24?variant=gid://shopify/ProductVariant/49420699402467
2026-07-17 06:52:15,Venishaa Diamond Design Studs,Default Title,AMS-106-15023,10600.0,New Arrival,2,0,2,https://www.theamethyststore.com/products/diamond-design-studs-25?variant=gid://shopify/ProductVariant/49420699730147
2026-07-17 06:52:15,Perumal 3D Spl Pendant,Default Title,AMS-104-4685,6000.0,New Arrival,5,0,5,https://www.theamethyststore.com/products/perumal-3d-spl-pendant-1?variant=gid://shopify/ProductVariant/49420700844259
2026-07-17 06:52:15,Athiraka Diamond Design Studs,Default Title,AMS-106-15022,16100.0,New Arrival,1,0,1,https://www.theamethyststore.com/products/diamond-design-studs-26?variant=gid://shopify/ProductVariant/49420700942563
2026-07-17 07:07:35,Velushmita 3D Spl Pendant,Default Title,AMS-104-4374,4224.0,Sale,1,4,3,https://www.theamethyststore.com/products/velushmita-3d-spl-pendant?variant=gid://shopify/ProductVariant/49318191562979
2026-07-17 07:07:35,Narayani 3D Spl Pendant,Default Title,AMS-104-4407,7656.0,Sale,1,4,3,https://www.theamethyststore.com/products/narayani-3d-spl-pendant?variant=gid://shopify/ProductVariant/49326736670947
2026-07-17 07:07:35,Vinayagar 3D Spl Pendant,Small,AMS-104-4377-S,1800.0,Sale,1,8,7,https://www.theamethyststore.com/products/3d-spl-pendant-59?variant=gid://shopify/ProductVariant/49332528775395
2026-07-17 07:07:35,Vinayaga 3D Spl Pendant,Default Title,AMS-104-4691,10600.0,New Arrival,1,0,1,https://www.theamethyststore.com/products/vinayaga-3d-spl-pendant-2?variant=gid://shopify/ProductVariant/49420701827299
2026-07-17 07:07:35,Divine Look 3D Spl Pendant,Default Title,AMS-104-4693,5500.0,New Arrival,1,0,1,https://www.theamethyststore.com/products/divine-look-3d-spl-pendant-5?variant=gid://shopify/ProductVariant/49420702974179
2026-07-17 07:07:35,Designer Diamond Design Studs,Default Title,AMS-106-15021,11200.0,New Arrival,1,0,1,https://www.theamethyststore.com/products/diamond-design-studs-27?variant=gid://shopify/ProductVariant/49420703006947
2026-07-17 07:07:35,Dazzle Diamond Design Studs,Default Title,AMS-106-15020,13900.0,New Arrival,1,0,1,https://www.theamethyststore.com/products/dazzle-diamond-design-studs-2?variant=gid://shopify/ProductVariant/49420706709731
2026-07-17 07:07:35,Achyuta 3D Spl Pendant,Default Title,AMS-104-4378,1848.0,Sold Out,1,1,0,https://www.theamethyststore.com/products/achyuta-3d-spl-pendant?variant=gid://shopify/ProductVariant/49320467988707
2026-07-17 07:22:47,Grandeur Avikam Jhumkas,Default Title,AMS-106-15185,22800.0,Restock,2,0,2,https://www.theamethyststore.com/products/grandeur-avikam-jhumkas?variant=gid://shopify/ProductVariant/49420712018147
2026-07-17 07:22:47,Class Avikam Earrings,Default Title,AMS-106-12076,4437.0,Sold Out,1,1,0,https://www.theamethyststore.com/products/avikam-earrings-2?variant=gid://shopify/ProductVariant/47850402513123
2026-07-17 07:52:09,Fleur Greenish Hook Earrings,Default Title,AMS-106-3354,17312.0,Sale,1,3,2,https://www.theamethyststore.com/products/fleur-greenish-hook-earrings?variant=gid://shopify/ProductVariant/43309652082915
2026-07-17 07:52:09,Purple Garnet Long Earrings,Default Title,AMS-106-6299,6363.0,Sale,1,4,3,https://www.theamethyststore.com/products/purple-garnet-long-earrings?variant=gid://shopify/ProductVariant/45281177403619
2026-07-17 09:22:07,Mahalakshmi Short Necklace,Default Title,AMS-102-9235,34463.4,Sale,1,2,1,https://www.theamethyststore.com/products/mahalakshmi-short-necklace?variant=gid://shopify/ProductVariant/46387984531683
2026-07-17 10:07:58,Amazing Avikam Necklace Set,Default Title,AMS-102-9294,74600.0,New Arrival,3,0,3,https://www.theamethyststore.com/products/amazing-avikam-necklace?variant=gid://shopify/ProductVariant/46413740015843
2026-07-17 10:07:58,Flawless 3D Spl Short Necklace Set,Default Title,AMS-102-16405,11616.0,Sale,1,4,3,https://www.theamethyststore.com/products/flawless-3d-spl-short-necklace-set?variant=gid://shopify/ProductVariant/49283216670947
2026-07-17 10:07:58,Madhav 3D Spl Pendant,Default Title,AMS-104-4383,2992.0,Sale,1,8,7,https://www.theamethyststore.com/products/madhav-3d-spl-pendant?variant=gid://shopify/ProductVariant/49320490467555
2026-07-17 10:07:58,Mesmerizing Avikam Necklace Set,Default Title,AMS-102-16769,30200.0,New Arrival,2,0,2,https://www.theamethyststore.com/products/mesmerizing-avikam-necklace-set?variant=gid://shopify/ProductVariant/49421171065059
2026-07-17 10:07:58,Aazia Kundan Maangtikka,Default Title,AMS-109-1744,12327.02,Sold Out,1,1,0,https://www.theamethyststore.com/products/aazia-kundan-maangtikka-1?variant=gid://shopify/ProductVariant/46987613929699
2026-07-17 10:07:58,Bhavani Stone Pendant,Default Title,AMS-104-3325,27758.16,Sold Out,1,1,0,https://www.theamethyststore.com/products/stone-pendant-8?variant=gid://shopify/ProductVariant/47192154308835
2026-07-17 10:07:58,Radiant Nagas Jhumkas,Default Title,AMS-106-10900,20511.9,Sold Out,1,1,0,https://www.theamethyststore.com/products/radiant-nagas-jhumkas?variant=gid://shopify/ProductVariant/47241643983075
2026-07-17 10:07:58,Kanakadhara 3D Spl Pendant,Default Title,AMS-104-4451,5900.0,Sold Out,1,1,0,https://www.theamethyststore.com/products/kanakadhara-3d-spl-pendant?variant=gid://shopify/ProductVariant/49339958231267
2026-07-17 10:22:16,Fabulous Avikam Necklace Set,Default Title,AMS-102-16774,26100.0,New Arrival,1,0,1,https://www.theamethyststore.com/products/fabulous-avikam-necklace-set?variant=gid://shopify/ProductVariant/49421176439011
2026-07-17 10:22:16,Mesmerizing Avikam Necklace Set,Default Title,AMS-102-16775,28600.0,New Arrival,1,0,1,https://www.theamethyststore.com/products/mesmerizing-avikam-necklace-set-1?variant=gid://shopify/ProductVariant/49421181649123
2026-07-17 10:37:45,Gorgeous Avikam Necklace Set,Default Title,AMS-102-16776,56400.0,New Arrival,1,0,1,https://www.theamethyststore.com/products/gorgeous-avikam-necklace-set?variant=gid://shopify/ProductVariant/49421186662627
2026-07-17 10:37:45,Elenisaa Avikam Vanki,Default Title,AMS-112-0895,23500.0,New Arrival,6,0,6,https://www.theamethyststore.com/products/avikam-vanki?variant=gid://shopify/ProductVariant/49421190627555
2026-07-17 10:37:45,Bridal Nethra Diamond Like Oddiyanam,Default Title,AMS-110-0929,135000.0,New Arrival,1,0,1,https://www.theamethyststore.com/products/diamond-like-oddiyanam-8?variant=gid://shopify/ProductVariant/49421193281763
2026-07-17 11:37:37,Peacock Inspired Short Necklace Set,Default Title,AMS-102-16184,31064.0,Sale,1,2,1,https://www.theamethyststore.com/products/short-necklace-set-67?variant=gid://shopify/ProductVariant/49267959398627
2026-07-17 11:37:37,Mesmerizing Avikam Necklace Set,Default Title,AMS-102-16777,107200.0,New Arrival,1,0,1,https://www.theamethyststore.com/products/mesmerizing-avikam-necklace-set-2?variant=gid://shopify/ProductVariant/49421198491875
2026-07-17 11:37:37,Trishmaa Avikam Maangtikka,Default Title,AMS-109-2404,14600.0,New Arrival,3,0,3,https://www.theamethyststore.com/products/avikam-maangtikka-7?variant=gid://shopify/ProductVariant/49421198983395
2026-07-17 11:37:37,Glowing Avikam Necklace Set,Default Title,AMS-102-16778,83600.0,New Arrival,1,0,1,https://www.theamethyststore.com/products/glowing-avikam-necklace-set?variant=gid://shopify/ProductVariant/49421199343843
2026-07-17 11:37:37,Stunning Avikam Necklace Set,Default Title,AMS-102-16779,47700.0,New Arrival,1,0,1,https://www.theamethyststore.com/products/stunning-avikam-necklace-set-1?variant=gid://shopify/ProductVariant/49421201408227
2026-07-17 11:37:37,Classy Avikam Jhumkas,Default Title,AMS-106-15440,16000.0,New Arrival,3,0,3,https://www.theamethyststore.com/products/avikam-jhumkas-4?variant=gid://shopify/ProductVariant/49421201768675
2026-07-17 11:37:37,Vikitha Avikam Necklace Set,Default Title,AMS-102-16780,32100.0,New Arrival,1,0,1,https://www.theamethyststore.com/products/vikitha-avikam-necklace-set?variant=gid://shopify/ProductVariant/49421201932515
2026-07-17 11:37:37,Dazzle Avikam Necklace Set,Default Title,AMS-102-16781,45700.0,New Arrival,1,0,1,https://www.theamethyststore.com/products/dazzle-avikam-necklace-set?variant=gid://shopify/ProductVariant/49421205438691
2026-07-17 11:37:37,Jivikaa Kundan Studs,Default Title,AMS-106-15438,20100.0,New Arrival,1,0,1,https://www.theamethyststore.com/products/kundan-studs-23?variant=gid://shopify/ProductVariant/49421236797667
2026-07-17 11:37:37,Ashikha Avikam Necklace Set,Default Title,AMS-102-16782,58800.0,New Arrival,1,0,1,https://www.theamethyststore.com/products/ashikha-avikam-necklace-set?variant=gid://shopify/ProductVariant/49421238304995
2026-07-17 11:37:37,Haritha Kundan Studs,Default Title,AMS-106-15436,19500.0,New Arrival,1,0,1,https://www.theamethyststore.com/products/kundan-studs-24?variant=gid://shopify/ProductVariant/49421238796515
2026-07-17 11:52:30,Raagini Diamond Design Chain with Earrings,Default Title,AMS-105-1971,15600.0,Restock,1,0,1,https://www.theamethyststore.com/products/raagini-diamond-design-chain-with-earrings?variant=gid://shopify/ProductVariant/49262339784931
2026-07-17 12:07:59,Perumal Nagas Pendant,Default Title,AMS-104-3945,14432.0,Sold Out,1,1,0,https://www.theamethyststore.com/products/nagas-pendant-24?variant=gid://shopify/ProductVariant/48868904567011
2026-07-17 12:07:59,Sherinka  Jada Billa,Suryan,AMS-112-0837-SURAJ,9250.0,Sold Out,1,1,0,https://www.theamethyststore.com/products/surya-chandra-jada-billa-9?variant=gid://shopify/ProductVariant/49403893711075
2026-07-17 12:07:59,Sherinka  Jada Billa,Chandran,AMS-112-0837-CHAAND,6100.0,Sold Out,1,1,0,https://www.theamethyststore.com/products/surya-chandra-jada-billa-9?variant=gid://shopify/ProductVariant/49403893743843
2026-07-17 12:21:58,Fancy Studs,Default Title,AMS-106-9055,4928.0,Sale,1,7,6,https://www.theamethyststore.com/products/fancy-studs?variant=gid://shopify/ProductVariant/47044975886563
2026-07-17 12:21:58,Stunning Avikam Necklace Set,Default Title,AMS-102-16799,80900.0,New Arrival,1,0,1,https://www.theamethyststore.com/products/stunning-avikam-necklace-set-2?variant=gid://shopify/ProductVariant/49421283393763
2026-07-17 12:21:58,Nethirkaa Kundan Jhumkas,Default Title,AMS-106-15434,21300.0,New Arrival,1,0,1,https://www.theamethyststore.com/products/kundan-jhumkas-11?variant=gid://shopify/ProductVariant/49421288341731
2026-07-17 12:21:58,Fabulous Avikam Necklace Set,Default Title,AMS-102-16800,83900.0,New Arrival,1,0,1,https://www.theamethyststore.com/products/fabulous-avikam-necklace-set-1?variant=gid://shopify/ProductVariant/49421289717987
2026-07-17 12:21:58,Amazing Avikam Necklace Set,Default Title,AMS-102-16801,85800.0,New Arrival,1,0,1,https://www.theamethyststore.com/products/amazing-avikam-necklace-set?variant=gid://shopify/ProductVariant/49421295386851
2026-07-17 12:21:58,Charm Kundan Jhumkas,Default Title,AMS-106-15432,21700.0,New Arrival,1,0,1,https://www.theamethyststore.com/products/kundan-jhumkas-12?variant=gid://shopify/ProductVariant/49421295943907
2026-07-17 12:21:58,Suruchi 3D Spl Pendant,Default Title,AMS-104-4444,2904.0,Sold Out,1,1,0,https://www.theamethyststore.com/products/suruchi-3d-spl-pendant?variant=gid://shopify/ProductVariant/49334675276003
2026-07-17 12:37:20,Rachikaa Kundan Jhumkas,Default Title,AMS-106-15431,28100.0,New Arrival,1,0,1,https://www.theamethyststore.com/products/kundan-jhumkas-13?variant=gid://shopify/ProductVariant/49421296730339
2026-07-17 12:37:20,Trendy Glow Avikam Necklace Set,Default Title,AMS-102-16803,46500.0,New Arrival,1,0,1,https://www.theamethyststore.com/products/trendy-glow-avikam-necklace-set?variant=gid://shopify/ProductVariant/49421297058019
2026-07-17 12:37:20,Ethernal Kundan Jhumkas,Default Title,AMS-106-15430,18100.0,New Arrival,2,0,2,https://www.theamethyststore.com/products/kundan-jhumkas-14?variant=gid://shopify/ProductVariant/49421298401507
2026-07-17 12:37:20,Glowing Avikam Necklace Set,Default Title,AMS-102-16804,28300.0,New Arrival,1,0,1,https://www.theamethyststore.com/products/glowing-avikam-necklace-set-1?variant=gid://shopify/ProductVariant/49421298860259
2026-07-17 12:37:20,Glittering Avikam Necklace Set,Default Title,AMS-102-16805,33400.0,New Arrival,1,0,1,https://www.theamethyststore.com/products/glittering-avikam-necklace-set-1?variant=gid://shopify/ProductVariant/49421301973219
2026-07-17 12:37:20,Virshali Kundan Jhumkas,Default Title,AMS-106-15428,21800.0,New Arrival,1,0,1,https://www.theamethyststore.com/products/kundan-jhumkas-15?variant=gid://shopify/ProductVariant/49421304791267
2026-07-17 12:37:20,Facinate Avikam Necklace Set,Default Title,AMS-102-16806,61900.0,New Arrival,2,0,2,https://www.theamethyststore.com/products/facinate-avikam-necklace-set?variant=gid://shopify/ProductVariant/49421305086179
2026-07-17 12:51:51,Mesmerizing Avikam Necklace Set,Default Title,AMS-102-16808,30400.0,New Arrival,1,0,1,https://www.theamethyststore.com/products/mesmerizing-avikam-necklace-set-3?variant=gid://shopify/ProductVariant/49421305217251
2026-07-17 12:51:51,Mesmerize Kundan Jhumkas,Default Title,AMS-106-15427,24200.0,New Arrival,1,0,1,https://www.theamethyststore.com/products/kundan-jhumkas-16?variant=gid://shopify/ProductVariant/49421305282787
2026-07-17 12:51:51,Amazing Avikam Necklace Set,Default Title,AMS-102-16810,59500.0,New Arrival,1,0,1,https://www.theamethyststore.com/products/amazing-avikam-necklace-set-1?variant=gid://shopify/ProductVariant/49421314457827
2026-07-17 12:51:51,Charm Kundan Drops,Default Title,AMS-106-15437,18100.0,New Arrival,2,0,2,https://www.theamethyststore.com/products/kundan-drops-15?variant=gid://shopify/ProductVariant/49421316587747
2026-07-17 12:51:51,Glittering Avikam Necklace Set,Default Title,AMS-102-16811,64200.0,New Arrival,1,0,1,https://www.theamethyststore.com/products/glittering-avikam-necklace-set-2?variant=gid://shopify/ProductVariant/49421321535715
2026-07-17 12:51:51,Nithiyaa Kundan Drops,Default Title,AMS-106-15435,25500.0,New Arrival,1,0,1,https://www.theamethyststore.com/products/kundan-drops-16?variant=gid://shopify/ProductVariant/49421349159139
2026-07-17 13:08:17,Bottumala Kundan Long Necklace,Default Title,AMS-102-17029,154300.0,New Arrival,1,0,1,https://www.theamethyststore.com/products/bottumala-kundan-long-necklace?variant=gid://shopify/ProductVariant/49421348765923
2026-07-17 13:08:17,Chithirikaa Kundan Drops,Default Title,AMS-106-15429,17500.0,New Arrival,1,0,1,https://www.theamethyststore.com/products/kundan-drops-17?variant=gid://shopify/ProductVariant/49421358006499
2026-07-17 13:08:17,Shine Charm Kundan Short Necklace,Default Title,AMS-102-17031,108000.0,New Arrival,1,0,1,https://www.theamethyststore.com/products/shine-charm-kundan-short-necklace?variant=gid://shopify/ProductVariant/49421371375843
2026-07-17 13:08:17,Vithiksaa Avikam Pendant Set,Default Title,AMS-104-4722,11600.0,New Arrival,3,0,3,https://www.theamethyststore.com/products/avikam-pendant-set-13?variant=gid://shopify/ProductVariant/49421371572451
2026-07-17 13:08:17,Shinning Kundan Short Necklace,Default Title,AMS-102-17033,74400.0,New Arrival,1,0,1,https://www.theamethyststore.com/products/shinning-kundan-short-necklace-1?variant=gid://shopify/ProductVariant/49421374062819
2026-07-17 13:08:17,Hansikaa Avikam Pendant Set,Default Title,AMS-104-4716,13200.0,New Arrival,3,0,3,https://www.theamethyststore.com/products/avikam-pendant-set-14?variant=gid://shopify/ProductVariant/49421375439075
2026-07-17 13:08:17,Grandeur Kundan Short Necklace,Default Title,AMS-102-17034,106500.0,New Arrival,1,0,1,https://www.theamethyststore.com/products/grandeur-kundan-short-necklace-2?variant=gid://shopify/ProductVariant/49421375930595
2026-07-17 13:22:15,Harvikaa Hasli Necklace,Default Title,AMS-102-16507,9100.0,Sale,1,4,3,https://www.theamethyststore.com/products/hasli-necklace-27?variant=gid://shopify/ProductVariant/49388930236643
2026-07-17 13:22:15,Unique Avikam Pendant Set,Default Title,AMS-104-4714,9500.0,New Arrival,3,0,3,https://www.theamethyststore.com/products/avikam-pendant-set-15?variant=gid://shopify/ProductVariant/49421378388195
2026-07-17 13:22:15,Luxurious Kundan Long Necklace,Default Title,AMS-102-17036,138300.0,New Arrival,1,0,1,https://www.theamethyststore.com/products/kundan-short-necklace-38?variant=gid://shopify/ProductVariant/49421378420963
2026-07-17 13:22:15,Shivikaa Kundan Pendant,Default Title,AMS-104-4709,22100.0,New Arrival,2,0,2,https://www.theamethyststore.com/products/kundan-pendant-93?variant=gid://shopify/ProductVariant/49421380780259
2026-07-17 13:22:15,Luxurious Kundan Long Necklace,Default Title,AMS-102-17037,128400.0,New Arrival,1,0,1,https://www.theamethyststore.com/products/luxurious-kundan-long-necklace-4?variant=gid://shopify/ProductVariant/49421380813027
2026-07-17 13:22:15,Shinning Kundan Short Necklace,Default Title,AMS-102-17038,119100.0,New Arrival,1,0,1,https://www.theamethyststore.com/products/kundan-long-necklace-23?variant=gid://shopify/ProductVariant/49421382877411
2026-07-17 13:22:15,Abhinaa Kundan Pendant,Default Title,AMS-104-4708,19700.0,New Arrival,3,0,3,https://www.theamethyststore.com/products/kundan-pendant-94?variant=gid://shopify/ProductVariant/49421382975715
2026-07-17 13:22:15,Shressha Nagas Jhumkas,Default Title,AMS-106-14454,15450.0,Sold Out,1,1,0,https://www.theamethyststore.com/products/nagas-jhumkas-72?variant=gid://shopify/ProductVariant/49325917896931
2026-07-17 13:37:28,Tanusha Avikam Long Necklace Set,Default Title,AMS-102-13249,139725.0,Sale,1,2,1,https://www.theamethyststore.com/products/tanusha-avikam-long-necklace-set?variant=gid://shopify/ProductVariant/47732647002339
2026-07-17 13:37:28,Zara Hasli Necklace,Default Title,AMS-102-16503,8400.0,Sale,1,9,8,https://www.theamethyststore.com/products/hasli-necklace-65?variant=gid://shopify/ProductVariant/49396531167459
2026-07-17 13:37:28,Perumal Diamond Design Pendant,Default Title,AMS-104-4697,12500.0,New Arrival,1,0,1,https://www.theamethyststore.com/products/diamond-design-pendant-28?variant=gid://shopify/ProductVariant/49421386219747
2026-07-17 13:37:28,Grand Luxe Avikam Necklace Set,Default Title,AMS-102-17044,62100.0,New Arrival,3,0,3,https://www.theamethyststore.com/products/grand-luxe-avikam-necklace-set?variant=gid://shopify/ProductVariant/49421386285283
2026-07-17 13:37:28,Vihaanaa Avikam Bracelet,Default Title,AMS-103-1395,9400.0,New Arrival,2,0,2,https://www.theamethyststore.com/products/avikam-bracelet-20?variant=gid://shopify/ProductVariant/49421411254499
2026-07-17 13:37:28,Unique Designed Stud,Default Title,AMS-106-11480,11525.0,Sold Out,1,1,0,https://www.theamethyststore.com/products/unique-designed-stud?variant=gid://shopify/ProductVariant/47721747153123
2026-07-17 13:37:28,Carla Avikam Choker Set,Default Title,AMS-102-15967,67144.0,Sold Out,1,1,0,https://www.theamethyststore.com/products/carla-avikam-choker-set?variant=gid://shopify/ProductVariant/49250556149987
2026-07-17 13:52:09,Varusha Hook Drops,Default Title,AMS-106-9832,4700.0,Sale,1,5,4,https://www.theamethyststore.com/products/varusha-hook-drops?variant=gid://shopify/ProductVariant/47032915525859
2026-07-17 13:52:09,Luxurious Avikam Necklace Set,Default Title,AMS-102-17045,42700.0,New Arrival,2,0,2,https://www.theamethyststore.com/products/luxurious-avikam-necklace-set?variant=gid://shopify/ProductVariant/49421418823907
2026-07-17 13:52:09,Admirable Avikam Necklace Set,Default Title,AMS-102-17046,43500.0,New Arrival,2,0,2,https://www.theamethyststore.com/products/admirable-avikam-necklace-set?variant=gid://shopify/ProductVariant/49421420495075
2026-07-17 13:52:09,Classy Hook Earrings,Default Title,AMS-106-13730,6120.0,Sold Out,1,1,0,https://www.theamethyststore.com/products/classy-hook-earrings?variant=gid://shopify/ProductVariant/48929117077731
2026-07-17 13:52:09,Avnisha Kundan Maangtikka,Default Title,AMS-109-2365,12050.0,Sold Out,1,1,0,https://www.theamethyststore.com/products/avnisha-kundan-maangtikka?variant=gid://shopify/ProductVariant/49365941321955
2026-07-17 13:52:09,Chic & Glow Kundan Bracelet,Default Title,AMS-103-1195,7980.0,Sold Out,1,1,0,https://www.theamethyststore.com/products/chic-glow-kundan-bracelet?variant=gid://shopify/ProductVariant/48049152917731
2026-07-17 13:52:09,Little Charm Kundan Studs,Default Title,AMS-106-12965,6900.0,Sold Out,1,1,0,https://www.theamethyststore.com/products/little-charm-kundan-studs-4?variant=gid://shopify/ProductVariant/48095266668771
2026-07-17 14:08:47,Stunning Look Avikam Necklace Set,Default Title,AMS-102-17047,65200.0,New Arrival,3,0,3,https://www.theamethyststore.com/products/stunning-look-avikam-necklace-set?variant=gid://shopify/ProductVariant/49421427212515
2026-07-17 14:08:47,Multi-Layered Bridal Long Avikam Necklace,Default Title,AMS-102-17185,224300.0,New Arrival,1,0,1,https://www.theamethyststore.com/products/long-avikam-necklace-1?variant=gid://shopify/ProductVariant/49421430063331
2026-07-17 14:08:47,Grandeur Avikam Necklace Set,Default Title,AMS-102-17083,94200.0,New Arrival,2,0,2,https://www.theamethyststore.com/products/grandeur-avikam-necklace-set?variant=gid://shopify/ProductVariant/49421432881379
2026-07-17 14:22:44,Virinka Studs,Default Title,AMS-106-12518,6481.0,Restock,1,0,1,https://www.theamethyststore.com/products/virinka-studs?variant=gid://shopify/ProductVariant/47850871488739
2026-07-17 14:22:44,Luxurious Avikam Long Necklace Set,Default Title,AMS-102-17043,167000.0,New Arrival,1,0,1,https://www.theamethyststore.com/products/luxurious-avikam-long-necklace-set?variant=gid://shopify/ProductVariant/49421438222563
2026-07-17 14:22:44,Stunnig Brooch Pin,Default Title,AMS-121-0179,20000.0,New Arrival,3,0,3,https://www.theamethyststore.com/products/saree-pin-2?variant=gid://shopify/ProductVariant/49421440680163
2026-07-17 14:22:44,Mesmerizing Avikam Necklace Set,Default Title,AMS-102-17085,50000.0,New Arrival,4,0,4,https://www.theamethyststore.com/products/mesmerizing-avikam-necklace-set-4?variant=gid://shopify/ProductVariant/49421441827043
2026-07-17 14:37:57,Om Silver Rakhi,Default Title,AMS-116-0052,1936.0,Sale,1,3,2,https://www.theamethyststore.com/products/om-silver-rakhi?variant=gid://shopify/ProductVariant/43921637343459
2026-07-17 14:37:57,Gorgeous Kundan Short Necklace,Default Title,AMS-102-17104,132200.0,New Arrival,1,0,1,https://www.theamethyststore.com/products/gorgeous-kundan-short-necklace-3?variant=gid://shopify/ProductVariant/49421470761187
2026-07-17 14:37:57,Pranitha Kundan Maangtikka,Default Title,AMS-109-2368,10200.0,Sold Out,1,1,0,https://www.theamethyststore.com/products/kundan-maangtikka-11?variant=gid://shopify/ProductVariant/49365978743011
2026-07-17 14:52:28,Dazzle Short Necklace Set,Default Title,AMS-102-10910,22352.0,Sale,1,2,1,https://www.theamethyststore.com/products/dazzle-short-necklace-set-2?variant=gid://shopify/ProductVariant/48944128360675
2026-07-17 14:52:28,Chittra Single Bangles,"2.8""","AMS-107-0476-2.8""",15397.06,Sold Out,1,1,0,https://www.theamethyststore.com/products/chittra-pair-bangles?variant=gid://shopify/ProductVariant/42823293829347
2026-07-17 14:52:28,Azalea Stone Pair Bangles,"2.6""","AMS-107-0681-2.6""",35177.66,Sold Out,1,1,0,https://www.theamethyststore.com/products/azalea-stone-pair-bangles?variant=gid://shopify/ProductVariant/43421490479331
2026-07-17 14:52:28,Prithika Stone Pair Bangles,"2.4""","AMS-107-0678-2.4""",31247.1,Sold Out,1,1,0,https://www.theamethyststore.com/products/prithika-stone-pair-bangles?variant=gid://shopify/ProductVariant/43421692166371
2026-07-17 14:52:28,Kashvi Pair Bangles,"2.4""","AMS-107-0852-2.4""",28084.76,Sold Out,1,1,0,https://www.theamethyststore.com/products/kashvi-pair-bangles?variant=gid://shopify/ProductVariant/44305723588835
2026-07-17 14:52:28,Kashvi Pair Bangles,"2.6""","AMS-107-0852-2.6""",30480.3,Sold Out,2,2,0,https://www.theamethyststore.com/products/kashvi-pair-bangles?variant=gid://shopify/ProductVariant/43732073414883
2026-07-17 14:52:28,Pranisha Stone Pair Bangles,"2.6""","AMS-107-1027-2.6""",34314.3,Sold Out,1,1,0,https://www.theamethyststore.com/products/pranisha-stone-pair-bangles?variant=gid://shopify/ProductVariant/44126745264355
2026-07-17 14:52:28,Pavika Stone Pair Bangles,"2.4""","AMS-107-1133-2.4""",22045.5,Sold Out,1,1,0,https://www.theamethyststore.com/products/pavika-stone-pair-bangles?variant=gid://shopify/ProductVariant/44879257960675
2026-07-17 14:52:28,Mizoya Pair Bangles,"2.4""","AMS-107-1149-2.4""",45432.9,Sold Out,1,1,0,https://www.theamethyststore.com/products/mizoya-pair-bangles?variant=gid://shopify/ProductVariant/44908235358435
2026-07-17 14:52:28,Mizoya Pair Bangles,"2.8""","AMS-107-1149-2.8""",47733.3,Sold Out,1,1,0,https://www.theamethyststore.com/products/mizoya-pair-bangles?variant=gid://shopify/ProductVariant/44908235391203
2026-07-17 14:52:28,Ayini Stone Pair Bangles,"2.6""",AMS-107-1320-2.6'',26035.7,Sold Out,1,1,0,https://www.theamethyststore.com/products/ayini-stone-pair-bangles?variant=gid://shopify/ProductVariant/47569317626083
2026-07-17 14:52:28,Ayini Stone Pair Bangles,"2.8""","AMS-107-1320-2.8""",26454.6,Sold Out,1,1,0,https://www.theamethyststore.com/products/ayini-stone-pair-bangles?variant=gid://shopify/ProductVariant/45340032106723
2026-07-17 14:52:28,Shinika Stone Pair Bangles,"2.4""","AMS-107-1313-2.4""",27988.2,Sold Out,1,1,0,https://www.theamethyststore.com/products/shinika-stone-pair-bangles?variant=gid://shopify/ProductVariant/45340078112995
2026-07-17 14:52:28,Kalika Stone Pair Bangles,"2.6""","AMS-107-1350-2.6""",35997.0,Sold Out,1,1,0,https://www.theamethyststore.com/products/kalika-stone-pair-bangles?variant=gid://shopify/ProductVariant/45347312500963
2026-07-17 14:52:28,Parvin Stone Pair Bangles,"2.6""","AMS-107-1373-2.6""",30096.9,Sold Out,2,2,0,https://www.theamethyststore.com/products/parvin-stone-pair-bangles?variant=gid://shopify/ProductVariant/45435297104099
2026-07-17 14:52:28,Nivika Stone Single Bangle,"2.6""","AMS-107-1410-2.6""",23770.8,Sold Out,1,1,0,https://www.theamethyststore.com/products/nivika-stone-single-bangle?variant=gid://shopify/ProductVariant/45566409900259
2026-07-17 14:52:28,Glitz Green Stone Pair Bangle,"2.6""","AMS-107-2235-2.6""",39800.0,Sold Out,1,1,0,https://www.theamethyststore.com/products/stone-pair-bangle-30?variant=gid://shopify/ProductVariant/47061113798883
2026-07-17 16:08:28,Rudhra Rope Necklace,Black,AMS-102-2754 (B),20400.0,Sale,1,5,4,https://www.theamethyststore.com/products/rudhra-rope-necklace?variant=gid://shopify/ProductVariant/42926109982947
2026-07-17 17:37:55,Samara Stone Nose Pin,Default Title,AMS-113-0293,3530.0,Sale,1,2,1,https://www.theamethyststore.com/products/samara-stone-nose-pin?variant=gid://shopify/ProductVariant/46120854028515
2026-07-18 02:52:00,Om Silver Rakhi,Default Title,AMS-116-0052,1936.0,Sold Out,2,2,0,https://www.theamethyststore.com/products/om-silver-rakhi?variant=gid://shopify/ProductVariant/43921637343459
2026-07-18 03:07:26,Gayasthiri Hook Jhumkas,Default Title,AMS-106-12124,4970.0,Sold Out,1,1,0,https://www.theamethyststore.com/products/gayasthiri-hook-jhumkas?variant=gid://shopify/ProductVariant/47852403851491
2026-07-18 04:52:32,Vithika Stone Jhumkas,Default Title,AMS-106-14178,20700.0,Sold Out,1,1,0,https://www.theamethyststore.com/products/stone-jhumkas-11?variant=gid://shopify/ProductVariant/49278988812515
2026-07-18 05:08:23,Krishtikha Short Necklace Set,Default Title,AMS-102-12804,38148.0,Sold Out,1,1,0,https://www.theamethyststore.com/products/krishtikha-short-necklace-set?variant=gid://shopify/ProductVariant/47570720686307
2026-07-18 05:23:43,Dhanisha Kundan Ring,Default Title,AMS-101-2157,15400.0,New Arrival,1,0,1,https://www.theamethyststore.com/products/kundan-ring-18?variant=gid://shopify/ProductVariant/49422701002979
2026-07-18 05:23:43,Glittering Kundan Ring,Default Title,AMS-101-2158,11400.0,New Arrival,2,0,2,https://www.theamethyststore.com/products/glittering-kundan-ring?variant=gid://shopify/ProductVariant/49422726922467
2026-07-18 05:23:43,Luxurious Kundan Ring,Default Title,AMS-101-2159,16700.0,New Arrival,2,0,2,https://www.theamethyststore.com/products/luxurious-kundan-ring?variant=gid://shopify/ProductVariant/49422746288355
2026-07-18 05:38:08,White Charm Stud,Default Title,AMS-106-11463,5100.0,Restock,2,1,3,https://www.theamethyststore.com/products/white-charm-stud?variant=gid://shopify/ProductVariant/47721552019683
2026-07-18 05:38:08,Divine Look 3D Spl Short Necklace,Default Title,AMS-102-16427,87300.0,New Arrival,1,0,1,https://www.theamethyststore.com/products/divine-look-3d-spl-short-necklace-3?variant=gid://shopify/ProductVariant/49422768275683
2026-07-18 05:38:08,Traditional Nagas Short Necklace,Default Title,AMS-102-16742,41900.0,New Arrival,1,0,1,https://www.theamethyststore.com/products/traditional-nagas-short-necklace-13?variant=gid://shopify/ProductVariant/49422782071011
2026-07-18 05:51:54,Navarathna Nagas Short Necklace,Default Title,AMS-102-16744,39550.0,New Arrival,1,0,1,https://www.theamethyststore.com/products/navarathna-nagas-short-necklace-1?variant=gid://shopify/ProductVariant/49422797799651
2026-07-18 05:51:54,Luxurious 3D Spl Long Necklace,Default Title,AMS-102-16745,96600.0,New Arrival,1,0,1,https://www.theamethyststore.com/products/luxurious-3d-spl-long-necklace?variant=gid://shopify/ProductVariant/49422813855971
2026-07-18 06:22:40,Grisha 3D Spl Long Necklace,Default Title,AMS-102-16746,77800.0,New Arrival,1,0,1,https://www.theamethyststore.com/products/grisha-3d-spl-long-necklace?variant=gid://shopify/ProductVariant/49422972977379
2026-07-18 06:22:40,Luxurious 3D Spl Long Necklace,Default Title,AMS-102-16748,96400.0,New Arrival,1,0,1,https://www.theamethyststore.com/products/luxurious-3d-spl-long-necklace-1?variant=gid://shopify/ProductVariant/49422982906083
2026-07-18 06:37:38,Heritage Muse 3D Spl Long Necklace,Default Title,AMS-102-16749,108400.0,Restock,1,0,1,https://www.theamethyststore.com/products/heritage-muse-3d-spl-long-necklace?variant=gid://shopify/ProductVariant/49422990999779
2026-07-18 06:37:38,Grandeur 3D Spl Long Necklace,Default Title,AMS-102-16750,99300.0,New Arrival,1,0,1,https://www.theamethyststore.com/products/grandeur-3d-spl-long-necklace?variant=gid://shopify/ProductVariant/49423014953187
2026-07-18 06:37:38,Eye-Catching Nagas Long Necklace,Default Title,AMS-102-16855,65500.0,New Arrival,1,0,1,https://www.theamethyststore.com/products/nagas-long-necklace-68?variant=gid://shopify/ProductVariant/49423015117027
2026-07-18 06:37:38,Divine Look 3D Spl Long Necklace,Default Title,AMS-102-16751,100800.0,New Arrival,1,0,1,https://www.theamethyststore.com/products/divine-look-3d-spl-long-necklace?variant=gid://shopify/ProductVariant/49423024095459
2026-07-18 06:37:38,Timeless Treasures 3D Spl Long Necklace,Default Title,AMS-102-16752,176400.0,New Arrival,1,0,1,https://www.theamethyststore.com/products/timeless-treasures-3d-spl-long-necklace?variant=gid://shopify/ProductVariant/49423035662563
2026-07-18 06:37:38,Aaradhya 3D Spl Long Necklace,Default Title,AMS-102-16753,73900.0,New Arrival,1,0,1,https://www.theamethyststore.com/products/aaradhya-3d-spl-long-necklace?variant=gid://shopify/ProductVariant/49423051653347
2026-07-18 06:52:01,Yamitha Nagas Long Necklace,Default Title,AMS-102-16857,65800.0,New Arrival,1,0,1,https://www.theamethyststore.com/products/nagas-long-necklace-69?variant=gid://shopify/ProductVariant/49423062106339
2026-07-18 06:52:01,Lakshmi 3D Spl Long Necklace,Default Title,AMS-102-16754,127900.0,New Arrival,1,0,1,https://www.theamethyststore.com/products/lakshmi-3d-spl-long-necklace?variant=gid://shopify/ProductVariant/49423070920931
2026-07-18 06:52:01,Sarnitha Mugappu Chain,Default Title,AMS-105-1690,27100.0,Sold Out,1,1,0,https://www.theamethyststore.com/products/sarnitha-mugappu-chain?variant=gid://shopify/ProductVariant/48030585716963
2026-07-18 06:52:01,Vikasha Chain,Default Title,AMS-105-2058,9100.0,Sold Out,1,1,0,https://www.theamethyststore.com/products/chain-20?variant=gid://shopify/ProductVariant/49394754879715
2026-07-18 07:08:21,Divine Look 3D Spl Long Necklace,Default Title,AMS-102-16755,113500.0,New Arrival,1,0,1,https://www.theamethyststore.com/products/divine-look-3d-spl-long-necklace-1?variant=gid://shopify/ProductVariant/49423162114275
2026-07-18 07:22:26,Red Stone Studs,Default Title,AMS-106-7378,2982.0,Sale,1,5,4,https://www.theamethyststore.com/products/red-stone-studs-1?variant=gid://shopify/ProductVariant/45986791063779
2026-07-18 07:22:26,Shinning Nagas Long Necklace,Default Title,AMS-102-16859,55000.0,New Arrival,1,0,1,https://www.theamethyststore.com/products/nagas-long-necklace-70?variant=gid://shopify/ProductVariant/49423162409187
2026-07-18 07:22:26,Eternal Heritage 3D Spl Long Necklace,Default Title,AMS-102-16756,153000.0,New Arrival,1,0,1,https://www.theamethyststore.com/products/eternal-heritage-3d-spl-long-necklace?variant=gid://shopify/ProductVariant/49423171354851
2026-07-18 07:22:26,Eternal Bride 3D Spl Long Necklace,Default Title,AMS-102-16757,76100.0,New Arrival,1,0,1,https://www.theamethyststore.com/products/eternal-bride-3d-spl-long-necklace?variant=gid://shopify/ProductVariant/49423173255395
2026-07-18 07:22:26,Bridal Heritage 3D Spl Long Necklace,Default Title,AMS-102-16758,183000.0,New Arrival,1,0,1,https://www.theamethyststore.com/products/bridal-heritage-3d-spl-long-necklace?variant=gid://shopify/ProductVariant/49423184724195
2026-07-18 07:22:26,Facinate Avikam Jhumkas,Default Title,AMS-106-14286,17900.0,Sold Out,1,1,0,https://www.theamethyststore.com/products/facinate-avikam-jhumkas?variant=gid://shopify/ProductVariant/49334708895971
2026-07-18 07:37:47,Lisiya Diamond Design Necklace Set,Default Title,AMS-102-6364,54000.0,Sale,1,2,1,https://www.theamethyststore.com/products/lisiya-diamond-design-necklace-set?variant=gid://shopify/ProductVariant/45226393895139
2026-07-18 07:37:47,Anisha Nagas Short Necklace,Default Title,AMS-102-16856,38500.0,New Arrival,1,0,1,https://www.theamethyststore.com/products/nagas-short-necklace-64?variant=gid://shopify/ProductVariant/49423194718435
2026-07-18 08:07:31,Traditional 3D Spl Long Necklace,Default Title,AMS-102-16796,90700.0,New Arrival,1,0,1,https://www.theamethyststore.com/products/traditional-3d-spl-long-necklace?variant=gid://shopify/ProductVariant/49423259435235
2026-07-18 08:07:31,Timeless Grace 3D Spl Long Necklace,Default Title,AMS-102-16797,100800.0,New Arrival,1,0,1,https://www.theamethyststore.com/products/timeless-grace-3d-spl-long-necklace?variant=gid://shopify/ProductVariant/49423268085987
2026-07-18 08:22:03,Pretty Queen,Default Title,AMS-102-2170,34200.0,Sale,1,3,2,https://www.theamethyststore.com/products/pretty-queen?variant=gid://shopify/ProductVariant/40641112866966
2026-07-18 08:22:03,Bhumi Stone Jhumkas,Default Title,AMS-106-4470,14760.9,Sale,1,2,1,https://www.theamethyststore.com/products/bhumi-stone-jhumkas?variant=gid://shopify/ProductVariant/43860891435235
2026-07-18 08:22:03,Avanthikha Stone Ring,Default Title,AMS-101-1633,3000.0,Sale,1,8,7,https://www.theamethyststore.com/products/avanthikha-stone-ring?variant=gid://shopify/ProductVariant/47392965132515
2026-07-18 08:22:03,Purnaka Chain,Default Title,AMS-105-0871,29713.5,Sold Out,1,1,0,https://www.theamethyststore.com/products/purnaka-plain-chain?variant=gid://shopify/ProductVariant/46349383631075
2026-07-18 10:22:08,Lakshmi 3D Spl Long Necklace,Default Title,AMS-102-16747,152200.0,New Arrival,1,0,1,https://www.theamethyststore.com/products/lakshmi-3d-spl-long-necklace-1?variant=gid://shopify/ProductVariant/49423725297891
2026-07-18 10:22:08,Golden Glow Mugappu Chain,Default Title,AMS-105-2133,15350.0,Sold Out,1,1,0,https://www.theamethyststore.com/products/golden-glow-mugappu-chain-3?variant=gid://shopify/ProductVariant/49359628009699
2026-07-18 10:38:22,Dhivya Lakshmi Nagas Short Necklace,Default Title,AMS-102-16858,35420.0,Restock,1,0,1,https://www.theamethyststore.com/products/nagas-short-necklace-65?variant=gid://shopify/ProductVariant/49423731982563
2026-07-18 10:38:22,Sherinka Nagas Short Necklace,Default Title,AMS-102-16860,29950.0,New Arrival,1,0,1,https://www.theamethyststore.com/products/nagas-short-necklace-66?variant=gid://shopify/ProductVariant/49423742370019
2026-07-18 10:38:22,Dheeksha Kundan Choker,Default Title,AMS-102-17030,100100.0,New Arrival,1,0,1,https://www.theamethyststore.com/products/kundan-choker-18?variant=gid://shopify/ProductVariant/49423749841123
2026-07-18 10:38:22,Gorgeous Kundan Choker,Default Title,AMS-102-17032,95000.0,New Arrival,1,0,1,https://www.theamethyststore.com/products/kundan-choker-19?variant=gid://shopify/ProductVariant/49423753085155
2026-07-18 10:53:22,Shrisha Kundan Choker,Default Title,AMS-102-17035,155300.0,New Arrival,1,0,1,https://www.theamethyststore.com/products/kundan-choker-20?variant=gid://shopify/ProductVariant/49423758328035
2026-07-18 10:53:22,Maldhivika Nagas Jhumkas,Default Title,AMS-106-14553,9000.0,Sold Out,1,1,0,https://www.theamethyststore.com/products/nagas-jhumkas-76?variant=gid://shopify/ProductVariant/49327298937059
2026-07-18 10:53:22,Navitha Nagas Jhumkas,Default Title,AMS-106-14577,11350.0,Sold Out,1,1,0,https://www.theamethyststore.com/products/navitha-nagas-jhumkas?variant=gid://shopify/ProductVariant/49332587364579
2026-07-18 10:53:22,Classic Charm Nagas Jhumkas,Default Title,AMS-106-14663,8620.0,Sold Out,1,1,0,https://www.theamethyststore.com/products/classic-charm-nagas-jhumkas?variant=gid://shopify/ProductVariant/49361483497699
2026-07-18 11:09:11,Ethirikaa Kundan Jhumkas,Default Title,AMS-106-15433,16700.0,New Arrival,1,0,1,https://www.theamethyststore.com/products/kundan-jhumkas-17?variant=gid://shopify/ProductVariant/49423772778723
2026-07-18 11:09:11,Aarvi Hassvi Boho Long Necklace Set,Default Title,AMS-102-14325,124892.0,Sold Out,1,1,0,https://www.theamethyststore.com/products/aarvi-hassvi-boho-long-necklace-set?variant=gid://shopify/ProductVariant/48406307963107
2026-07-18 11:22:22,Velushmita 3D Spl Pendant,Default Title,AMS-104-4374,4224.0,Sale,2,3,1,https://www.theamethyststore.com/products/velushmita-3d-spl-pendant?variant=gid://shopify/ProductVariant/49318191562979
2026-07-18 11:22:22,Renisha Kundan Jhumkas,Default Title,AMS-106-15439,17100.0,New Arrival,2,0,2,https://www.theamethyststore.com/products/kundan-jhumkas-18?variant=gid://shopify/ProductVariant/49423795519715
2026-07-18 11:22:22,Marvellous Stone Short Necklace,Default Title,AMS-102-13441,27690.0,Sold Out,1,1,0,https://www.theamethyststore.com/products/stone-short-necklace-2?variant=gid://shopify/ProductVariant/47746115764451
2026-07-18 11:22:22,Glitz Stone Drops,Default Title,AMS-106-12049,6550.0,Sold Out,1,1,0,https://www.theamethyststore.com/products/glitz-stone-drops-4?variant=gid://shopify/ProductVariant/48276959297763
2026-07-18 11:22:22,Velvisha 3D Spl Pendant,Default Title,AMS-104-4370,3344.0,Sold Out,2,2,0,https://www.theamethyststore.com/products/velvisha-3d-spl-pendant?variant=gid://shopify/ProductVariant/49318079627491
2026-07-18 11:22:22,Angayarkanni 3D Spl Pendant,Default Title,AMS-104-4381,2640.0,Sold Out,1,1,0,https://www.theamethyststore.com/products/angayarkanni-3d-spl-pendant?variant=gid://shopify/ProductVariant/49320481226979
2026-07-18 11:22:22,Maragathavalli 3D Spl Pendant,Default Title,AMS-104-4382,2464.0,Sold Out,1,1,0,https://www.theamethyststore.com/products/maragathavalli-3d-spl-pendant?variant=gid://shopify/ProductVariant/49320482865379
2026-07-18 11:22:22,Kartikeya 3D Spl Pendant,Default Title,AMS-104-4433,3256.0,Sold Out,1,1,0,https://www.theamethyststore.com/products/kartikeya-3d-spl-pendant?variant=gid://shopify/ProductVariant/49334352412899
2026-07-18 11:22:22,Subhadra 3D Spl Pendant,Default Title,AMS-104-4440,4664.0,Sold Out,1,1,0,https://www.theamethyststore.com/products/subhadra-3d-spl-pendant?variant=gid://shopify/ProductVariant/49334526181603
2026-07-18 11:38:39,Stunning Kundan Pair Bangle,"2.4""","AMS-107-3405-2.4""",113800.0,New Arrival,1,0,1,https://www.theamethyststore.com/products/kundan-pair-bangle-19?variant=gid://shopify/ProductVariant/49423895658723
2026-07-18 12:09:34,Vithishaa Kundan Pair Bangle,"2.8""","AMS-107-3406-2.8""",118800.0,New Arrival,1,0,1,https://www.theamethyststore.com/products/kundan-pair-bangle-20?variant=gid://shopify/ProductVariant/49423952969955
2026-07-18 12:21:53,Chic & Glow Stone Pendant,Default Title,AMS-104-4702,4000.0,Sale,1,7,6,https://www.theamethyststore.com/products/chic-glow-stone-pendant?variant=gid://shopify/ProductVariant/49420686098659
2026-07-18 12:39:19,Virthikha Stone Studs,Default Title,AMS-106-11733,5055.2,Sale,1,2,1,https://www.theamethyststore.com/products/virthikha-stone-studs?variant=gid://shopify/ProductVariant/47831450648803
2026-07-18 12:39:19,Nikarikaa Diamond Design Pendant,Default Title,AMS-104-4666,6300.0,Sale,1,7,6,https://www.theamethyststore.com/products/diamond-design-pendant-18?variant=gid://shopify/ProductVariant/49415048102115
2026-07-18 12:39:19,Lahitha Jhumkas,Default Title,AMS-106-11620,14910.0,Sold Out,1,1,0,https://www.theamethyststore.com/products/lahitha-jhumkas?variant=gid://shopify/ProductVariant/47739782332643
2026-07-18 12:39:19,Janani Stone Short Necklace,Default Title,AMS-102-13572,49700.0,Sold Out,1,1,0,https://www.theamethyststore.com/products/janani-stone-short-necklace?variant=gid://shopify/ProductVariant/47758800683235
2026-07-18 12:39:19,Saisha Avikam Earrings,Default Title,AMS-106-12075,2400.0,Sold Out,1,1,0,https://www.theamethyststore.com/products/saisha-avikam-earrings?variant=gid://shopify/ProductVariant/47850855694563
2026-07-18 12:39:19,Shri Nagas Jhumkas,Default Title,AMS-106-8423,8243.1,Sold Out,1,1,0,https://www.theamethyststore.com/products/shri-nagas-jhumkas?variant=gid://shopify/ProductVariant/46420269334755
2026-07-18 12:39:19,Sasha Stone Studs,Default Title,AMS-106-11787,4643.4,Sold Out,1,1,0,https://www.theamethyststore.com/products/sasha-stone-studs-1?variant=gid://shopify/ProductVariant/47831620223203
2026-07-18 13:22:16,Natchathra Navarathna Studs,Default Title,AMS-106-3167,7500.0,Sold Out,1,1,0,https://www.theamethyststore.com/products/natchathra-navarathna-studs?variant=gid://shopify/ProductVariant/43280754114787
2026-07-18 13:37:25,Flashing Pair Bangles,"2.4""","AMS-107-2824-2.4""",63262.0,Sold Out,1,1,0,https://www.theamethyststore.com/products/flashing-pair-bangles?variant=gid://shopify/ProductVariant/47569566105827
2026-07-18 13:37:25,Rishita Kundan Pendant,Only Pendant,AMS-104-4152,5400.0,Sold Out,1,1,0,https://www.theamethyststore.com/products/kundan-pendant-34?variant=gid://shopify/ProductVariant/48996061774051
2026-07-18 13:37:25,Berlin Stone Bracelet,Default Title,AMS-103-1026,14228.4,Sold Out,1,1,0,https://www.theamethyststore.com/products/berlin-stone-bracelet?variant=gid://shopify/ProductVariant/47691930304739
2026-07-18 13:52:35,Mynica Nagas Bracelet,Default Title,AMS-103-0550,35990.0,Sold Out,1,1,0,https://www.theamethyststore.com/products/mynica-nagas-bracelet?variant=gid://shopify/ProductVariant/45597539598563
2026-07-18 13:52:35,Ravanyaa Jhumkas,Default Title,AMS-106-7507,12173.66,Sold Out,1,1,0,https://www.theamethyststore.com/products/ravanyaa-jhumkas?variant=gid://shopify/ProductVariant/45915061879011
2026-07-18 14:37:29,Rudhra Rope Necklace,Red,AMS-102-2754 (R),19200.0,Sale,1,5,4,https://www.theamethyststore.com/products/rudhra-rope-necklace?variant=gid://shopify/ProductVariant/42926110114019
2026-07-18 14:37:29,Nithivikaa Hasli Necklace,Default Title,AMS-102-16505,5600.0,Sale,1,8,7,https://www.theamethyststore.com/products/hasli-necklace-67?variant=gid://shopify/ProductVariant/49396532216035
2026-07-18 14:37:29,Shinning Kundan Studs,Default Title,AMS-106-12558,19220.0,Sold Out,1,1,0,https://www.theamethyststore.com/products/shinning-kundan-studs-4?variant=gid://shopify/ProductVariant/48279504290019
2026-07-18 14:37:29,Charvika Kundan Short Necklace,Default Title,AMS-102-15483,73650.0,Sold Out,1,1,0,https://www.theamethyststore.com/products/charvika-kundan-short-necklace?variant=gid://shopify/ProductVariant/48882569642211
2026-07-18 14:53:11,Manasha Kundan Pair Bangle,"2.6""","AMS-107-1793-2.6""",80130.6,Sold Out,1,1,0,https://www.theamethyststore.com/products/manasha-kundan-pair-bangle?variant=gid://shopify/ProductVariant/45997373325539
2026-07-18 14:53:11,Chic & Trendy Kundan Jhumkas,Default Title,AMS-106-10244,43900.0,Sold Out,1,1,0,https://www.theamethyststore.com/products/chic-trendy-kundan-jhumkas?variant=gid://shopify/ProductVariant/47190858858723
2026-07-18 14:53:11,Sajitha Kundan Short Necklace,Default Title,AMS-102-11551,96713.36,Sold Out,1,1,0,https://www.theamethyststore.com/products/sajitha-kundan-short-necklace?variant=gid://shopify/ProductVariant/47214744273123
2026-07-18 14:53:11,Shine Victorian Ring,Default Title,AMS-101-1651,9432.0,Sold Out,1,1,0,https://www.theamethyststore.com/products/shine-victorian-ring?variant=gid://shopify/ProductVariant/47238910542051
2026-07-18 14:53:11,Charvitha Victorian Long Necklace Set,Default Title,AMS-102-12024,149706.0,Sold Out,1,1,0,https://www.theamethyststore.com/products/charvitha-victorian-long-necklace-set?variant=gid://shopify/ProductVariant/47238988693731
2026-07-18 14:53:11,Zylara Victorian Choker Set,Default Title,AMS-102-12647,73304.0,Sold Out,1,1,0,https://www.theamethyststore.com/products/victorian-choker-set-2?variant=gid://shopify/ProductVariant/47570764726499
2026-07-18 14:53:11,Herithan Victorian Pair Bangles,"2.6""","AMS-107-2895-2.6""",112087.0,Sold Out,1,1,0,https://www.theamethyststore.com/products/victorian-pair-bangles-4?variant=gid://shopify/ProductVariant/47732178518243
2026-07-18 16:22:01,Winking Toe Ring,Default Title,AMS-117-0177,2000.0,Sold Out,1,1,0,https://www.theamethyststore.com/products/winking-toe-ring-1?variant=gid://shopify/ProductVariant/45968996892899
2026-07-19 04:52:47,Classy Cute Stone Maangtikka,Default Title,AMS-109-1532,5175.9,Sold Out,1,1,0,https://www.theamethyststore.com/products/classy-cute-stone-maangtikka?variant=gid://shopify/ProductVariant/46531954180323
2026-07-19 04:52:47,Enchanting Short Necklace Set,Default Title,AMS-102-15498,35376.0,Sold Out,1,1,0,https://www.theamethyststore.com/products/enchanting-short-necklace-set?variant=gid://shopify/ProductVariant/48883082592483
2026-07-19 05:23:22,Delightful Kundan Studs,Default Title,AMS-106-2069,10700.0,Restock,1,3,4,https://www.theamethyststore.com/products/delightful-kundan-studs?variant=gid://shopify/ProductVariant/40683063181462
2026-07-19 05:23:22,Sakshi Stone Studs,Default Title,AMS-106-3266,4400.0,New Arrival,1,0,1,https://www.theamethyststore.com/products/sakshi-stone-studs?variant=gid://shopify/ProductVariant/43323893285091
2026-07-19 05:23:22,Vikshi Kundan Pair Bangle,"2.4""","AMS-107-1396-2.4""",24000.0,Restock,2,1,3,https://www.theamethyststore.com/products/vikshi-kundan-pair-bangle?variant=gid://shopify/ProductVariant/46910178689251
2026-07-19 05:23:22,Kavinka Kundan Pair Bangle,"2.6""","AMS-107-1397-2.6""",72500.0,New Arrival,1,0,1,https://www.theamethyststore.com/products/kavinka-kundan-pair-bangle?variant=gid://shopify/ProductVariant/45514247799011
2026-07-19 05:23:22,Abina Kundan Pair Bangle,"2.6""","AMS-107-1462-2.6""",70600.0,Restock,1,0,1,https://www.theamethyststore.com/products/abina-kundan-pair-bangle?variant=gid://shopify/ProductVariant/49425871110371
2026-07-19 05:23:22,Shaya Kundan Studs,Default Title,AMS-106-7705,10100.0,New Arrival,2,0,2,https://www.theamethyststore.com/products/shaya-kundan-studs-2?variant=gid://shopify/ProductVariant/46344550285539
2026-07-19 05:23:22,Shinning Blue Kundan Drops,Default Title,AMS-106-9592,9400.0,Restock,1,1,2,https://www.theamethyststore.com/products/shinning-blue-kundan-drops?variant=gid://shopify/ProductVariant/46986185736419
2026-07-19 05:23:22,Ishithavani Kundan Long Earrings,Default Title,AMS-106-9584,18300.0,Restock,1,2,3,https://www.theamethyststore.com/products/ishithavani-kundan-long-earrings?variant=gid://shopify/ProductVariant/46994059067619
2026-07-19 05:40:42,Dipthikha Kundan Choker,Default Title,AMS-102-13333,37204.0,Restock,1,1,2,https://www.theamethyststore.com/products/dipthikha-kundan-choker?variant=gid://shopify/ProductVariant/47739045576931
2026-07-19 05:40:42,Simrath Short Necklace Set,Default Title,AMS-102-13772,74100.0,New Arrival,2,0,2,https://www.theamethyststore.com/products/short-necklace-set-34?variant=gid://shopify/ProductVariant/48276906279139
2026-07-19 05:53:27,Catchy Peacock 3D Spl Pendant,Default Title,AMS-104-4372,1144.0,Sold Out,1,1,0,https://www.theamethyststore.com/products/3d-spl-pendant-57?variant=gid://shopify/ProductVariant/49332514390243
2026-07-19 06:55:04,Mohana Oxidised Stud,Default Title,AMS-106-5903,14000.0,Sold Out,1,1,0,https://www.theamethyststore.com/products/mohana-oxidised-stud?variant=gid://shopify/ProductVariant/45237133017315
2026-07-19 07:21:57,Bhavika Short Necklace,Default Title,AMS-102-13930,44398.0,Sold Out,1,1,0,https://www.theamethyststore.com/products/bhavika-short-necklace-2?variant=gid://shopify/ProductVariant/47896824283363
2026-07-19 09:08:54,Jenka Beads Earrings,Default Title,AMS-106-5691,19725.0,Sale,1,2,1,https://www.theamethyststore.com/products/jenka-beads-earrings?variant=gid://shopify/ProductVariant/44601718997219
2026-07-19 09:37:57,Ashwitha Avikam Long  Necklace Set,Default Title,AMS-102-8040,142616.0,Sold Out,1,1,0,https://www.theamethyststore.com/products/ashwitha-avikam-long-necklace-set?variant=gid://shopify/ProductVariant/45857733869795
2026-07-19 09:37:57,Achlys Short Necklace Set,Default Title,AMS-102-15864,16720.0,Sold Out,1,1,0,https://www.theamethyststore.com/products/achlys-short-necklace-set?variant=gid://shopify/ProductVariant/49098997760227
2026-07-19 10:53:12,Dazzling Nagas Long Necklace,Default Title,AMS-102-10631,81089.1,Sold Out,1,1,0,https://www.theamethyststore.com/products/dazzling-nagas-long-necklace?variant=gid://shopify/ProductVariant/46947240640739
2026-07-19 10:53:12,Admirable Nagas Jhumkas,Default Title,AMS-106-14181,14600.0,Sold Out,1,1,0,https://www.theamethyststore.com/products/nagas-jhumkas-45?variant=gid://shopify/ProductVariant/49278820647139
2026-07-19 11:09:35,Taahira Hair Maatal,Default Title,AMS-109-1302,13419.0,Sale,1,2,1,https://www.theamethyststore.com/products/taahira-hair-maatal?variant=gid://shopify/ProductVariant/46123913281763
2026-07-19 11:21:56,Vithaska  Kundan Chain,Default Title,AMS-105-1500,11200.0,Sale,1,11,10,https://www.theamethyststore.com/products/vithaska-kundan-chain?variant=gid://shopify/ProductVariant/48287856689379
2026-07-19 11:21:56,Shavitha Kundan Drops,Default Title,AMS-106-12927,6150.0,Sold Out,1,1,0,https://www.theamethyststore.com/products/shavitha-kundan-drops?variant=gid://shopify/ProductVariant/48095236817123
2026-07-19 11:37:32,Chic & Trendy Avikam Short Necklace Set,Default Title,AMS-102-14777,32000.0,Sale,1,3,2,https://www.theamethyststore.com/products/chic-trendy-avikam-short-necklace-set?variant=gid://shopify/ProductVariant/48301990838499
2026-07-19 11:37:32,Naomi Short Necklace Set,Default Title,AMS-102-16210,54472.0,Sale,1,2,1,https://www.theamethyststore.com/products/short-necklace-set-70?variant=gid://shopify/ProductVariant/49267990495459
2026-07-19 12:38:49,Heritage Heirloom Nagas Long Necklace,Default Title,AMS-102-16821,74600.0,New Arrival,1,0,1,https://www.theamethyststore.com/products/nagas-long-necklace-71?variant=gid://shopify/ProductVariant/49426825511139
2026-07-19 12:38:49,Vithikaa Victorian Jada Billa,Default Title,AMS-112-0894,27200.0,New Arrival,3,0,3,https://www.theamethyststore.com/products/victorian-jada-billa?variant=gid://shopify/ProductVariant/49426826035427
2026-07-19 12:38:49,Saanvika Nagas Long Necklace,Default Title,AMS-102-17003,31800.0,New Arrival,1,0,1,https://www.theamethyststore.com/products/saanvika-nagas-long-necklace?variant=gid://shopify/ProductVariant/49426826428643
2026-07-19 12:38:49,Divine Bridal Nagas Oddiyanam,Default Title,AMS-110-0979,113500.0,New Arrival,1,0,1,https://www.theamethyststore.com/products/nagas-oddiyanam-9?variant=gid://shopify/ProductVariant/49426826952931
2026-07-19 12:53:02,Devika Nagas Long Necklace,Default Title,AMS-102-17007,95000.0,New Arrival,1,0,1,https://www.theamethyststore.com/products/nagas-long-necklace-72?variant=gid://shopify/ProductVariant/49426828132579
2026-07-19 12:53:02,Taanvikaa Victorian Maangtikka,Default Title,AMS-109-2403,17100.0,New Arrival,1,0,1,https://www.theamethyststore.com/products/victorian-maangtikka-3?variant=gid://shopify/ProductVariant/49426829508835
2026-07-19 12:53:02,Nithrikaa Victorian Maangtikka,Default Title,AMS-109-2402,17500.0,New Arrival,1,0,1,https://www.theamethyststore.com/products/victorian-maangtikka-4?variant=gid://shopify/ProductVariant/49426831900899
2026-07-19 12:53:02,Stunning Nagas Long Necklace,Default Title,AMS-102-17006,94300.0,New Arrival,1,0,1,https://www.theamethyststore.com/products/stunning-nagas-long-necklace-6?variant=gid://shopify/ProductVariant/49426832851171
2026-07-19 13:08:38,Aadhiraa Victorian Maangtikka,Default Title,AMS-109-2401,17600.0,New Arrival,1,0,1,https://www.theamethyststore.com/products/victorian-maangtikka-5?variant=gid://shopify/ProductVariant/49426834129123
2026-07-19 13:08:38,Lakishtha Victorian Maangtikka,Default Title,AMS-109-2400,16800.0,New Arrival,1,0,1,https://www.theamethyststore.com/products/victorian-maangtikka-6?variant=gid://shopify/ProductVariant/49426834325731
2026-07-19 13:08:38,Sherinaa Victorian Maangtikka,Default Title,AMS-109-2399,19000.0,New Arrival,1,0,1,https://www.theamethyststore.com/products/victorian-maangtikka-7?variant=gid://shopify/ProductVariant/49426834653411
2026-07-19 13:08:38,Lakshmi 3D Spl Short Necklace Set,Default Title,AMS-102-17005,107200.0,New Arrival,1,0,1,https://www.theamethyststore.com/products/lakshmi-3d-spl-short-necklace-set?variant=gid://shopify/ProductVariant/49426834686179
2026-07-19 13:08:38,Gorgeous Short Necklace Set,Default Title,AMS-102-17014,99500.0,New Arrival,1,0,1,https://www.theamethyststore.com/products/short-necklace-set-75?variant=gid://shopify/ProductVariant/49426835112163
2026-07-19 13:08:38,Rithikaa Nagas Pair Bangles,"2.8""","AMS-107-3391-2.8""",30970.0,New Arrival,3,0,3,https://www.theamethyststore.com/products/nagas-pair-bangles-59?variant=gid://shopify/ProductVariant/49426835243235
2026-07-19 13:22:00,Glitz Victorian Short Necklace Set,Default Title,AMS-102-17015,47900.0,Restock,1,0,1,https://www.theamethyststore.com/products/glitz-short-necklace-set-1?variant=gid://shopify/ProductVariant/49426843468003
2026-07-19 13:22:00,Glowing Victorian Short Necklace Set,Default Title,AMS-102-17016,70400.0,New Arrival,1,0,1,https://www.theamethyststore.com/products/glowing-victorian-short-necklace-set?variant=gid://shopify/ProductVariant/49426845696227
2026-07-19 13:37:54,Laysa Stone Necklace,Default Title,AMS-102-9509,34122.6,Sold Out,1,1,0,https://www.theamethyststore.com/products/laysa-stone-necklace?variant=gid://shopify/ProductVariant/46457663226083
2026-07-19 13:37:54,Nithiyali Anklets,Default Title,AMS-114-0726,5500.0,Sold Out,1,1,0,https://www.theamethyststore.com/products/nithiyali-anklets?variant=gid://shopify/ProductVariant/47000716804323
2026-07-19 13:51:59,Catherine Hasli Necklace,Default Title,AMS-102-16501,5000.0,Sale,1,20,19,https://www.theamethyststore.com/products/hasli-necklace-64?variant=gid://shopify/ProductVariant/49396530774243
2026-07-19 13:51:59,Chic & Glow Stone Pendant,Default Title,AMS-104-4702,4000.0,Sale,1,6,5,https://www.theamethyststore.com/products/chic-glow-stone-pendant?variant=gid://shopify/ProductVariant/49420686098659
2026-07-19 13:51:59,Hamsini Victorian Short Necklace Set,Default Title,AMS-102-17017,91400.0,New Arrival,1,0,1,https://www.theamethyststore.com/products/hamsini-victorian-short-necklace-set?variant=gid://shopify/ProductVariant/49426860998883
2026-07-19 13:51:59,Stunning Victorian Vanki,Default Title,AMS-112-0893,35100.0,New Arrival,4,0,4,https://www.theamethyststore.com/products/victorian-vanki-cum-chocker?variant=gid://shopify/ProductVariant/49426863423715
2026-07-19 13:51:59,Glittering Victorian Short Necklace Set,Default Title,AMS-102-17018,94200.0,New Arrival,2,0,2,https://www.theamethyststore.com/products/glittering-victorian-short-necklace-set-1?variant=gid://shopify/ProductVariant/49426866700515
2026-07-19 13:51:59,Dazzling Victorian Jhumkas,Default Title,AMS-106-14999,33700.0,New Arrival,2,0,2,https://www.theamethyststore.com/products/victorian-jhumkas-1?variant=gid://shopify/ProductVariant/49426872434915
2026-07-19 13:51:59,Striking Long Necklace,Default Title,AMS-102-1594,47700.0,Sold Out,1,1,0,https://www.theamethyststore.com/products/striking-long-necklace?variant=gid://shopify/ProductVariant/39432976924822
2026-07-19 13:51:59,Majestic Muse Nagas Jhumkas,Default Title,AMS-106-14674,9100.0,Sold Out,1,1,0,https://www.theamethyststore.com/products/majestic-muse-nagas-jhumkas?variant=gid://shopify/ProductVariant/49362199347427
2026-07-19 14:09:09,Captivating Victorian Short Necklace Set,Default Title,AMS-102-17019,79200.0,New Arrival,1,0,1,https://www.theamethyststore.com/products/captivating-victorian-short-necklace-set?variant=gid://shopify/ProductVariant/49426887213283
2026-07-19 14:09:09,Stunning Victorian Studs,Default Title,AMS-106-14996,17700.0,New Arrival,2,0,2,https://www.theamethyststore.com/products/victorian-studs-11?variant=gid://shopify/ProductVariant/49426887540963
2026-07-19 14:09:09,Alluring Victorian Short Necklace Set,Default Title,AMS-102-17020,65000.0,New Arrival,3,0,3,https://www.theamethyststore.com/products/alluring-victorian-short-necklace-set?variant=gid://shopify/ProductVariant/49426891342051
2026-07-19 14:09:09,Ethereal Shine Victorian Short Necklace Set,Default Title,AMS-102-17021,61700.0,New Arrival,4,0,4,https://www.theamethyststore.com/products/ethereal-shine-victorian-short-necklace-set?variant=gid://shopify/ProductVariant/49426892062947
2026-07-19 14:09:09,Finthikaa Victorian Studs,Default Title,AMS-106-14995,6800.0,New Arrival,2,0,2,https://www.theamethyststore.com/products/victorian-studs-12?variant=gid://shopify/ProductVariant/49426892521699
2026-07-19 14:09:09,Elegant Victorian Studs,Default Title,AMS-106-14994,8400.0,New Arrival,2,0,2,https://www.theamethyststore.com/products/victorian-studs-13?variant=gid://shopify/ProductVariant/49426897961187
2026-07-19 14:23:15,Glowing Victorian Studs,Default Title,AMS-106-14993,18900.0,New Arrival,2,0,2,https://www.theamethyststore.com/products/victorian-studs-14?variant=gid://shopify/ProductVariant/49426899599587
2026-07-19 14:23:15,Gleaming Glory Victorian Short Necklace Set,Default Title,AMS-102-17022,58400.0,New Arrival,1,0,1,https://www.theamethyststore.com/products/gleaming-glory-victorian-short-necklace-set?variant=gid://shopify/ProductVariant/49426899828963
2026-07-19 14:23:15,Shofiyaa Victorian Studs,Default Title,AMS-106-14992,15900.0,New Arrival,2,0,2,https://www.theamethyststore.com/products/victorian-studs-15?variant=gid://shopify/ProductVariant/49426900910307
2026-07-19 14:23:15,Sharvani Kundan Pendant,Default Title,AMS-104-4617,14540.0,Sold Out,1,1,0,https://www.theamethyststore.com/products/sharvani-kundan-pendant?variant=gid://shopify/ProductVariant/49365310144739
2026-07-19 14:51:27,Somina Ring,Default Title,AMS-101-1397,5456.0,Sale,1,2,1,https://www.theamethyststore.com/products/somina-ring?variant=gid://shopify/ProductVariant/47170570125539
2026-07-19 14:51:27,Eloria Avikam Short Necklace Set,Default Title,AMS-102-10878,18800.0,Sale,1,2,1,https://www.theamethyststore.com/products/avikam-short-necklace-set-2?variant=gid://shopify/ProductVariant/49359536488675
2026-07-19 14:51:27,Vividh Earrings,Default Title,AMS-106-2457,17030.0,Sold Out,1,1,0,https://www.theamethyststore.com/products/vividh-earrings?variant=gid://shopify/ProductVariant/42648968986851
2026-07-19 14:51:27,Abina Stone Ring,Default Title,AMS-101-0600,7000.0,Sold Out,1,1,0,https://www.theamethyststore.com/products/abina-stone-ring?variant=gid://shopify/ProductVariant/45435828338915
2026-07-19 14:51:27,Miruthula Long Earrings,Default Title,AMS-106-7301,5400.0,Sold Out,1,1,0,https://www.theamethyststore.com/products/miruthula-long-earrings?variant=gid://shopify/ProductVariant/45832652226787
2026-07-19 14:51:27,Designer Moissanite Pair Bangles,"2.4""","AMS-107-1762-2.4""",87620.0,Sold Out,1,1,0,https://www.theamethyststore.com/products/designer-moissanite-pair-bangles?variant=gid://shopify/ProductVariant/46063683993827
2026-07-19 14:51:27,Cute Floral Gold Plated Kundan Anklet,Default Title,AMS-114-0497,16332.84,Sold Out,1,1,0,https://www.theamethyststore.com/products/cute-floral-gold-plated-kundan-anklet?variant=gid://shopify/ProductVariant/46390725673187
2026-07-19 14:51:27,Kanisha Baby Anklets,Default Title,AMS-114-0767,3600.0,Sold Out,1,1,0,https://www.theamethyststore.com/products/kanisha-baby-anklets?variant=gid://shopify/ProductVariant/47029999337699
2026-07-19 14:51:27,Abigail Bracelet,Default Title,AMS-103-0839,28735.0,Sold Out,1,1,0,https://www.theamethyststore.com/products/abigail-bracelet?variant=gid://shopify/ProductVariant/47141875220707
2026-07-19 14:51:27,Prayasri Pair Bangle,"2.6""","AMS-107-2244-2.6""",68992.0,Sold Out,1,1,0,https://www.theamethyststore.com/products/pair-bangle-12?variant=gid://shopify/ProductVariant/47239220166883
2026-07-19 14:51:27,Verdhika Victorian Pair Bangles,"2.8""","AMS-107-2890-2.8""",57030.0,Sold Out,1,1,0,https://www.theamethyststore.com/products/verdhika-victorian-pair-bangles?variant=gid://shopify/ProductVariant/47725079822563
2026-07-19 14:51:27,Sharda Kundan Anklet,Default Title,AMS-114-0818,18810.0,Sold Out,1,1,0,https://www.theamethyststore.com/products/sharda-kundan-anklet?variant=gid://shopify/ProductVariant/47939710451939
2026-07-19 14:51:27,Majestic Nagas Long Necklace,Default Title,AMS-102-14718,97100.0,Sold Out,1,1,0,https://www.theamethyststore.com/products/majestic-nagas-long-necklace-1?variant=gid://shopify/ProductVariant/48033687437539
2026-07-19 14:51:27,Stella Long Necklace Set,Default Title,AMS-102-14359,147100.0,Sold Out,1,1,0,https://www.theamethyststore.com/products/stella-long-necklace-set?variant=gid://shopify/ProductVariant/48093641244899
2026-07-19 14:51:27,Charvikha Short Necklace Set,Default Title,AMS-102-15292,154528.0,Sold Out,1,1,0,https://www.theamethyststore.com/products/charvikha-short-necklace-set-2?variant=gid://shopify/ProductVariant/48632011915491
2026-07-19 14:51:27,Sanjana Short Necklace,Default Title,AMS-102-15448,65032.0,Sold Out,1,1,0,https://www.theamethyststore.com/products/sanjana-short-necklace-2?variant=gid://shopify/ProductVariant/48903390953699
2026-07-19 15:08:36,Vinayaga 3D Spl Pendant,Default Title,AMS-104-4098,15664.0,Sold Out,1,1,0,https://www.theamethyststore.com/products/vinayaga-3d-spl-pendant?variant=gid://shopify/ProductVariant/49123765977315
2026-07-20 04:40:24,Nityasri Short Necklace,Default Title,AMS-102-7974,21912.0,Sale,1,9,8,https://www.theamethyststore.com/products/nityasri-short-necklace?variant=gid://shopify/ProductVariant/45814885777635
2026-07-20 04:40:24,Mango Stone Studs,Default Title,AMS-106-8313,6100.0,Sale,1,4,3,https://www.theamethyststore.com/products/mango-stone-studs?variant=gid://shopify/ProductVariant/46415384871139
2026-07-20 04:40:24,Joshika Chain With Earrings,Default Title,AMS-105-1878,22352.0,Sale,1,2,1,https://www.theamethyststore.com/products/joshika-chain-with-earrings?variant=gid://shopify/ProductVariant/48903414546659
2026-07-20 04:40:24,Liora Bracelet,Default Title,AMS-103-0958,7568.0,Sold Out,1,1,0,https://www.theamethyststore.com/products/liora-bracelet?variant=gid://shopify/ProductVariant/47438864187619
2026-07-20 04:40:24,Aravika Boho Short Necklace Set,Default Title,AMS-102-14905,68977.0,Sold Out,1,1,0,https://www.theamethyststore.com/products/aravika-boho-short-necklace-set?variant=gid://shopify/ProductVariant/48556256166115
2026-07-20 04:40:24,Yasika Nagas Pendant,Default Title,AMS-104-4279,8000.0,Sold Out,1,1,0,https://www.theamethyststore.com/products/nagas-pendant-36?variant=gid://shopify/ProductVariant/49284081811683
2026-07-20 04:52:26,Navarathna Studs,Default Title,AMS-106-2497,9000.0,Restock,1,0,1,https://www.theamethyststore.com/products/navarathna-studs?variant=gid://shopify/ProductVariant/42820733206755
2026-07-20 04:52:26,Narcissus Diamond Design Jhumkas,Default Title,AMS-106-5846,24600.0,New Arrival,1,0,1,https://www.theamethyststore.com/products/narcissus-diamond-design-jhumkas?variant=gid://shopify/ProductVariant/44987763032291
2026-07-20 04:52:26,Yashikha Victorian Single Bangle,"2.4""","AMS-107-2179-2.4""",18800.0,New Arrival,1,0,1,https://www.theamethyststore.com/products/yashikha-victorian-single-bangle?variant=gid://shopify/ProductVariant/46902491676899
2026-07-20 04:52:26,Classy Avikam Long Earrings,Default Title,AMS-106-13601,33300.0,New Arrival,1,0,1,https://www.theamethyststore.com/products/classy-avikam-long-earrings?variant=gid://shopify/ProductVariant/48916868989155
2026-07-20 04:52:26,Nivika Avikam Long Earrings,Default Title,AMS-106-13607,26000.0,New Arrival,1,0,1,https://www.theamethyststore.com/products/avikam-long-earrings-5?variant=gid://shopify/ProductVariant/48916895498467
2026-07-20 04:52:26,Trijaya Avikam Long Earrings,Default Title,AMS-106-13628,7700.0,New Arrival,1,0,1,https://www.theamethyststore.com/products/trijaya-avikam-long-earrings?variant=gid://shopify/ProductVariant/48927496995043
2026-07-20 04:52:26,Darshika Diamond Design Drops,Default Title,AMS-106-13624,6100.0,New Arrival,1,0,1,https://www.theamethyststore.com/products/diamond-design-drops?variant=gid://shopify/ProductVariant/48927519539427
2026-07-20 04:52:26,Saisha Stone Studs,Default Title,AMS-106-14051,4050.0,Restock,1,3,4,https://www.theamethyststore.com/products/saisha-stone-studs-2?variant=gid://shopify/ProductVariant/49279008768227
2026-07-20 04:52:26,Abinaa Victorian Pendant set,Default Title,AMS-104-4711,11700.0,New Arrival,3,0,3,https://www.theamethyststore.com/products/victorian-pendant-set-7?variant=gid://shopify/ProductVariant/49429735538915
2026-07-20 04:52:26,Tanisha Victorian Pendant set,Default Title,AMS-104-4712,58700.0,New Arrival,1,0,1,https://www.theamethyststore.com/products/victorian-pendant-set-8?variant=gid://shopify/ProductVariant/49429746581731
2026-07-20 04:52:26,Unique Victorian Pendant set,Default Title,AMS-104-4713,29100.0,New Arrival,1,0,1,https://www.theamethyststore.com/products/victorian-pendant-set-9?variant=gid://shopify/ProductVariant/49429750481123
2026-07-20 05:09:08,Chic & Trendy Short Necklace,Black,AMS-102-7255-Black,11300.0,Sale,1,12,11,https://www.theamethyststore.com/products/short-necklace-18?variant=gid://shopify/ProductVariant/47067941699811
2026-07-20 05:09:08,Dhanyasri Kundan Long Earrings,Default Title,AMS-106-12542,10500.0,New Arrival,1,0,1,https://www.theamethyststore.com/products/dhanyasri-kundan-long-earrings?variant=gid://shopify/ProductVariant/47825772511459
2026-07-20 05:09:08,Sharvya Kundan Long Earrings,Default Title,AMS-106-12824,14725.0,New Arrival,1,0,1,https://www.theamethyststore.com/products/sharvya-kundan-long-earrings?variant=gid://shopify/ProductVariant/47929345999075
2026-07-20 05:09:08,Tanrika Kundan Long Earrings,Default Title,AMS-106-12828,13950.0,New Arrival,1,0,1,https://www.theamethyststore.com/products/tanrika-kundan-long-earrings?variant=gid://shopify/ProductVariant/47930528006371
2026-07-20 05:09:08,Sabitha Kundan Long Earrings,Default Title,AMS-106-12831,15700.0,New Arrival,1,0,1,https://www.theamethyststore.com/products/sabitha-kundan-long-earrings?variant=gid://shopify/ProductVariant/48111067070691
2026-07-20 05:09:08,Vivera Victorian Studs,Default Title,AMS-106-14985,7400.0,New Arrival,1,0,1,https://www.theamethyststore.com/products/victorian-studs-16?variant=gid://shopify/ProductVariant/49429796389091
2026-07-20 05:24:50,Glittering Stone Studs,Default Title,AMS-106-12456,4150.0,Restock,1,1,2,https://www.theamethyststore.com/products/glittering-stone-studs-5?variant=gid://shopify/ProductVariant/47811253797091
2026-07-20 05:24:50,Dhanya Kundan Long Earrings,Default Title,AMS-106-12539,15000.0,New Arrival,1,0,1,https://www.theamethyststore.com/products/dhanya-kundan-long-earrings?variant=gid://shopify/ProductVariant/47825618960611
2026-07-20 05:24:50,Girisha Stone Studs,Default Title,AMS-106-11870,4500.0,New Arrival,1,0,1,https://www.theamethyststore.com/products/girisha-stone-studs?variant=gid://shopify/ProductVariant/47831398088931
2026-07-20 05:24:50,Blaze Stone Drops,Default Title,AMS-106-11926,8000.0,Restock,1,2,3,https://www.theamethyststore.com/products/blaze-stone-drops-1?variant=gid://shopify/ProductVariant/47852128862435
2026-07-20 05:24:50,Devika Stone Drops,Default Title,AMS-106-12401,4615.0,Restock,1,1,2,https://www.theamethyststore.com/products/devika-stone-drops?variant=gid://shopify/ProductVariant/47864471224547
2026-07-20 05:24:50,Vivith Layered Hasli Necklace,Default Title,AMS-102-16572,5900.0,Sale,1,2,1,https://www.theamethyststore.com/products/hasli-necklace-103?variant=gid://shopify/ProductVariant/49396980252899
2026-07-20 05:24:50,Srikaa Victorian Studs,Default Title,AMS-106-14986,14600.0,New Arrival,1,0,1,https://www.theamethyststore.com/products/victorian-studs-17?variant=gid://shopify/ProductVariant/49429822963939
2026-07-20 05:24:50,Dipthinka Victorian Studs,Default Title,AMS-106-14987,12100.0,New Arrival,4,0,4,https://www.theamethyststore.com/products/victorian-studs-18?variant=gid://shopify/ProductVariant/49429841182947
2026-07-20 05:24:50,Cute Victorian Studs,Default Title,AMS-106-14988,4200.0,New Arrival,1,0,1,https://www.theamethyststore.com/products/victorian-studs-19?variant=gid://shopify/ProductVariant/49429889450211
2026-07-20 05:24:50,Anathika Victorian Studs,Default Title,AMS-106-14989,11900.0,New Arrival,2,0,2,https://www.theamethyststore.com/products/victorian-studs-20?variant=gid://shopify/ProductVariant/49429892825315
2026-07-20 05:41:01,Sherin Choker,Default Title,AMS-102-4749,115600.0,New Arrival,1,0,1,https://www.theamethyststore.com/products/sherin-kundan-choker?variant=gid://shopify/ProductVariant/44359774175459
2026-07-20 05:41:01,Unaina Diamond Design Necklace Set,Default Title,AMS-102-6887,75100.0,New Arrival,1,0,1,https://www.theamethyststore.com/products/unaina-diamond-design-necklace-set?variant=gid://shopify/ProductVariant/45370884391139
2026-07-20 05:41:01,Rujita Kundan Short Necklace,Default Title,AMS-102-6979,96200.0,New Arrival,1,0,1,https://www.theamethyststore.com/products/rujita-kundan-short-necklace?variant=gid://shopify/ProductVariant/45426462523619
2026-07-20 05:41:01,Zyan Nagas Bracelet,Default Title,AMS-103-0945,26600.0,New Arrival,1,0,1,https://www.theamethyststore.com/products/zyan-nagas-bracelet?variant=gid://shopify/ProductVariant/47338760274147
2026-07-20 05:41:01,Lakshmi Divine Nagas Pendant,Default Title,AMS-104-4074,15500.0,New Arrival,1,0,1,https://www.theamethyststore.com/products/lakshmi-divine-nagas-pendant?variant=gid://shopify/ProductVariant/48907741757667
2026-07-20 05:41:01,Dheekisha Victorian Studs,Default Title,AMS-106-14990,17900.0,New Arrival,2,0,2,https://www.theamethyststore.com/products/victorian-studs-21?variant=gid://shopify/ProductVariant/49429898625251
2026-07-20 05:41:01,Floral Victorian Studs,Default Title,AMS-106-14991,12400.0,New Arrival,2,0,2,https://www.theamethyststore.com/products/victorian-studs-22?variant=gid://shopify/ProductVariant/49429900787939
2026-07-20 05:41:01,Amilthini Baby Anklets,Default Title,AMS-114-0770,3300.0,Sold Out,1,1,0,https://www.theamethyststore.com/products/amilthini-baby-anklets?variant=gid://shopify/ProductVariant/47029989540067
2026-07-20 05:55:10,Rakshika Victorian Choker Set,Default Title,AMS-102-4269,92500.0,New Arrival,3,0,3,https://www.theamethyststore.com/products/rakshika-victorian-choker-set?variant=gid://shopify/ProductVariant/43809204306147
2026-07-20 05:55:10,Kamila Nagas Nakshi Ring,Default Title,AMS-101-0651,9500.0,Restock,1,0,1,https://www.theamethyststore.com/products/kamila-nagas-nakshi-ring?variant=gid://shopify/ProductVariant/45652141342947
2026-07-20 05:55:10,Zivika Victorian Ring,Default Title,AMS-101-1179,8900.0,New Arrival,1,0,1,https://www.theamethyststore.com/products/zivika-victorian-ring?variant=gid://shopify/ProductVariant/46767956099299
2026-07-20 05:55:10,Chic & Fabulous Diamond Necklace Set,Default Title,AMS-102-11247,59900.0,New Arrival,1,0,1,https://www.theamethyststore.com/products/chic-fabulous-diamond-necklace-set?variant=gid://shopify/ProductVariant/47239159120099
2026-07-20 05:55:10,Zarikha Hasli Necklace,Default Title,AMS-102-15418,50600.0,New Arrival,1,0,1,https://www.theamethyststore.com/products/zarikha-hasli-necklace?variant=gid://shopify/ProductVariant/48841920872675
2026-07-20 05:55:10,Vithishaa Victorian Long Earrings,Default Title,AMS-106-14997,21800.0,New Arrival,2,0,2,https://www.theamethyststore.com/products/victorian-long-earrings-5?variant=gid://shopify/ProductVariant/49429927493859
2026-07-20 05:55:10,Himani Kundan Pendant,Default Title,AMS-104-4628,5240.0,Sold Out,1,1,0,https://www.theamethyststore.com/products/himani-kundan-pendant?variant=gid://shopify/ProductVariant/49366162571491
2026-07-20 06:22:48,Shiba Diamond Design Ring,Default Title,AMS-101-0566,8700.0,New Arrival,1,0,1,https://www.theamethyststore.com/products/shiba-diamond-design-ring?variant=gid://shopify/ProductVariant/45214490656995
2026-07-20 06:22:48,Luxury Short Necklace Set,Default Title,AMS-102-12957,26100.0,Sale,1,2,1,https://www.theamethyststore.com/products/luxury-short-necklace-set?variant=gid://shopify/ProductVariant/47624166113507
2026-07-20 06:22:48,Stunning Victorian Long Earrings,Default Title,AMS-106-14998,14200.0,New Arrival,2,0,2,https://www.theamethyststore.com/products/victorian-long-earrings-6?variant=gid://shopify/ProductVariant/49429948268771
2026-07-20 06:38:05,Grand Bridal Nagas Choker,Default Title,AMS-102-17186,227800.0,New Arrival,1,0,1,https://www.theamethyststore.com/products/nagas-choker-9?variant=gid://shopify/ProductVariant/49429954527459
2026-07-20 06:38:05,Eloria Avikam Short Necklace Set,Default Title,AMS-102-10878,18800.0,Sold Out,1,1,0,https://www.theamethyststore.com/products/avikam-short-necklace-set-2?variant=gid://shopify/ProductVariant/49359536488675
2026-07-20 06:52:19,Trendy Choker Necklace,Default Title,AMS-102-8440,12425.0,New Arrival,1,0,1,https://www.theamethyststore.com/products/trendy-choker-necklace?variant=gid://shopify/ProductVariant/46059731124451
2026-07-20 06:52:19,Royal Loom Victorian Short Necklace Set,Default Title,AMS-102-17023,63600.0,New Arrival,1,0,1,https://www.theamethyststore.com/products/royal-loom-victorian-short-necklace-set?variant=gid://shopify/ProductVariant/49429966258403
2026-07-20 06:52:19,Grandeur 3D Spl Pendant,Default Title,AMS-104-4224,18392.0,Sold Out,1,1,0,https://www.theamethyststore.com/products/grandeur-3d-spl-pendant?variant=gid://shopify/ProductVariant/49126509609187
2026-07-20 07:08:04,Lumina Victorian Short Necklace Set,Default Title,AMS-102-17024,70100.0,New Arrival,2,0,2,https://www.theamethyststore.com/products/lumina-victorian-short-necklace-set?variant=gid://shopify/ProductVariant/49429967339747
2026-07-20 07:08:04,Celestial Luxe Victorian Short Necklace Set,Default Title,AMS-102-17025,70900.0,New Arrival,1,0,1,https://www.theamethyststore.com/products/celestial-luxe-victorian-short-necklace-set?variant=gid://shopify/ProductVariant/49429970616547
2026-07-20 07:37:28,Eternal Charm Victorian Short Necklace Set,Default Title,AMS-102-17026,87400.0,New Arrival,2,0,2,https://www.theamethyststore.com/products/eternal-charm-victorian-short-necklace-set?variant=gid://shopify/ProductVariant/49429982740707
2026-07-20 07:52:14,Eternal Glow Victorian Short Necklace Set,Default Title,AMS-102-17028,91600.0,New Arrival,2,0,2,https://www.theamethyststore.com/products/eternal-glow-victorian-short-necklace-set?variant=gid://shopify/ProductVariant/49430001647843
2026-07-20 08:08:05,Vaidehi 3D Spl Pendant,Default Title,AMS-104-4446,2376.0,Sale,2,3,1,https://www.theamethyststore.com/products/vaidehi-3d-spl-pendant?variant=gid://shopify/ProductVariant/49334691561699
2026-07-20 08:08:05,Aurora Luxe Victorian Choker Set,Default Title,AMS-102-17042,38800.0,New Arrival,2,0,2,https://www.theamethyststore.com/products/aurora-luxe-victorian-choker-set?variant=gid://shopify/ProductVariant/49430011969763
2026-07-20 08:08:05,Karpooravalli 3D Spl Pendant,Default Title,AMS-104-4386,2640.0,Sold Out,1,1,0,https://www.theamethyststore.com/products/karpooravalli-3d-spl-pendant?variant=gid://shopify/ProductVariant/49325600604387
2026-07-20 08:08:05,Sumitra 3D Spl Pendant,Default Title,AMS-104-4437,4136.0,Sold Out,1,1,0,https://www.theamethyststore.com/products/sumitra-3d-spl-pendant?variant=gid://shopify/ProductVariant/49334494068963
2026-07-20 08:08:05,Abhiramavall 3D Spl Pendant,Default Title,AMS-104-4478,4900.0,Sold Out,1,1,0,https://www.theamethyststore.com/products/abhiramavall-3d-spl-pendant?variant=gid://shopify/ProductVariant/49340744564963
2026-07-20 08:22:29,Lakkesh Stone Ring,Default Title,AMS-101-1632,3800.0,Sale,1,6,5,https://www.theamethyststore.com/products/lakkesh-stone-ring?variant=gid://shopify/ProductVariant/47392959496419
2026-07-20 08:22:29,Timeless Allure Nagas Long Necklace,Default Title,AMS-102-17091,82400.0,New Arrival,1,0,1,https://www.theamethyststore.com/products/timeless-allure-nagas-long-necklace?variant=gid://shopify/ProductVariant/49430046507235
2026-07-20 08:37:30,Mystic Bloom Nagas Long Necklace,Default Title,AMS-102-17092,125800.0,New Arrival,1,0,1,https://www.theamethyststore.com/products/mystic-bloom-nagas-long-necklace?variant=gid://shopify/ProductVariant/49430052602083
2026-07-20 08:37:30,Golden Muse Nagas Short Necklace,Default Title,AMS-102-17093,46200.0,New Arrival,1,0,1,https://www.theamethyststore.com/products/nagas-long-necklace-73?variant=gid://shopify/ProductVariant/49430052929763
2026-07-20 09:22:43,Divine Look 3D Spl Short Necklace,Default Title,AMS-102-15812,12232.0,Sold Out,1,1,0,https://www.theamethyststore.com/products/divine-look-3d-spl-short-necklace-2?variant=gid://shopify/ProductVariant/48975045755107
2026-07-20 09:53:09,Zarmika Beads Chain,Default Title,AMS-105-0908,16862.0,Sale,1,2,1,https://www.theamethyststore.com/products/zarmika-beads-chain?variant=gid://shopify/ProductVariant/46468322066659
2026-07-20 09:53:09,Irina Hook Jhumkas,Default Title,AMS-106-12242,4118.0,Sold Out,1,1,0,https://www.theamethyststore.com/products/hook-jhumkas-5?variant=gid://shopify/ProductVariant/47798911926499
2026-07-20 10:22:10,Dazzle Divine 3D Spl Short Necklace,Default Title,AMS-102-17094,44800.0,New Arrival,1,0,1,https://www.theamethyststore.com/products/dazzle-divine-3d-spl-short-necklace?variant=gid://shopify/ProductVariant/49430274769123
2026-07-20 10:22:10,Luxe Harmony 3D Spl Short Necklace,Default Title,AMS-102-17095,99700.0,New Arrival,1,0,1,https://www.theamethyststore.com/products/luxe-harmony-3d-spl-short-necklace?variant=gid://shopify/ProductVariant/49430276047075
2026-07-20 10:22:10,Akhila Stone Maangtikka,Default Title,AMS-109-1904,47215.0,Sold Out,1,1,0,https://www.theamethyststore.com/products/akhila-stone-maangtikka?variant=gid://shopify/ProductVariant/47372514722019
2026-07-20 10:36:48,Majestic Muse 3D Spl Short Necklace Set,Default Title,AMS-102-17097,88300.0,New Arrival,1,0,1,https://www.theamethyststore.com/products/majestic-muse-3d-spl-short-necklace-set?variant=gid://shopify/ProductVariant/49430278635747
2026-07-20 10:36:48,Eternal Charm 3D Spl Short Necklace Set,Default Title,AMS-102-17098,94900.0,New Arrival,1,0,1,https://www.theamethyststore.com/products/eternal-charm-3d-spl-short-necklace-set?variant=gid://shopify/ProductVariant/49430281879779
2026-07-20 10:36:48,Eternal Glow 3D Spl Short Necklace Set,Default Title,AMS-102-17099,106400.0,New Arrival,1,0,1,https://www.theamethyststore.com/products/eternal-glow-3d-spl-short-necklace-set?variant=gid://shopify/ProductVariant/49430291349731
2026-07-20 10:51:46,Ashivikaa Nagas Bracelet,Default Title,AMS-103-1391,15860.0,New Arrival,1,0,1,https://www.theamethyststore.com/products/nagas-bracelet-1?variant=gid://shopify/ProductVariant/49430285156579
2026-07-20 10:51:46,Allure Aura 3D Spl Short Necklace,Default Title,AMS-102-17100,65300.0,New Arrival,1,0,1,https://www.theamethyststore.com/products/allure-aura-3d-spl-short-necklace-set?variant=gid://shopify/ProductVariant/49430293971171
2026-07-20 10:51:46,Grandeur Nagas Long Necklace,Default Title,AMS-102-17101,98000.0,New Arrival,1,0,1,https://www.theamethyststore.com/products/grandeur-nagas-long-necklace-4?variant=gid://shopify/ProductVariant/49430297018595
2026-07-20 10:51:46,Mithisa Victorian Long Necklace set,Default Title,AMS-102-10547,108358.0,Sold Out,1,1,0,https://www.theamethyststore.com/products/mithisa-victorian-long-necklace-set?variant=gid://shopify/ProductVariant/46773682667747
2026-07-20 11:08:20,Vamikaa Nagas Bracelet,Default Title,AMS-103-1392,14700.0,New Arrival,1,0,1,https://www.theamethyststore.com/products/nagas-bracelet-2?variant=gid://shopify/ProductVariant/49430304751843
2026-07-20 11:08:20,Ethereal Shine 3D Spl Long Necklace Set,Default Title,AMS-102-17102,147500.0,New Arrival,1,0,1,https://www.theamethyststore.com/products/ethereal-shine-3d-spl-long-necklace?variant=gid://shopify/ProductVariant/49430309798115
2026-07-20 11:08:20,Celestial Luxe 3D Spl Choker Necklace,Default Title,AMS-102-17096,79200.0,New Arrival,1,0,1,https://www.theamethyststore.com/products/3d-spl-short-necklace-37?variant=gid://shopify/ProductVariant/49430314516707
2026-07-20 11:22:05,Mahika Hasli Necklace,Default Title,AMS-102-15173,5300.0,Sale,1,8,7,https://www.theamethyststore.com/products/mahika-hasli-necklace?variant=gid://shopify/ProductVariant/48762631782627
2026-07-20 11:22:05,Dharshikaa Nagas Bracelet,Default Title,AMS-103-1393,14600.0,New Arrival,1,0,1,https://www.theamethyststore.com/products/nagas-bracelet-3?variant=gid://shopify/ProductVariant/49430324379875
2026-07-20 11:37:56,Janani Kundan Ring,Default Title,AMS-101-1063,4984.2,Sale,1,2,1,https://www.theamethyststore.com/products/janani-kundan-ring?variant=gid://shopify/ProductVariant/47041300496611
2026-07-20 11:37:56,Taahira Nagas Bracelet,Default Title,AMS-103-1394,14050.0,New Arrival,1,0,1,https://www.theamethyststore.com/products/nagas-bracelet-4?variant=gid://shopify/ProductVariant/49430326804707
2026-07-20 11:37:56,Eternal Glow Victorian Choker Set,Default Title,AMS-102-17027,68800.0,New Arrival,2,0,2,https://www.theamethyststore.com/products/eternal-glow-victorian-choker-set?variant=gid://shopify/ProductVariant/49430327656675
2026-07-20 11:37:56,Sanadhan Nagas Pendant,Default Title,AMS-104-1574,13515.56,Sold Out,1,1,0,https://www.theamethyststore.com/products/sanadhan-nagas-pendant?variant=gid://shopify/ProductVariant/44370494587107
2026-07-20 12:22:43,Om Silver Rakhi,Default Title,AMS-116-0052,1936.0,Restock,1,0,1,https://www.theamethyststore.com/products/om-silver-rakhi?variant=gid://shopify/ProductVariant/43921637343459
2026-07-20 12:22:43,Yukitha Stone Pendant,Default Title,AMS-104-2148,2492.1,Sale,1,6,5,https://www.theamethyststore.com/products/yukitha-stone-pendant?variant=gid://shopify/ProductVariant/46039191781603
2026-07-20 12:22:43,Stylish Avikam Short Necklace Set,Default Title,AMS-102-13174,26600.0,Sale,1,3,2,https://www.theamethyststore.com/products/avikam-short-necklace-set-8?variant=gid://shopify/ProductVariant/47726645018851
2026-07-20 12:22:43,Yalika Stone Drops,Default Title,AMS-106-11758,6248.0,Restock,1,1,2,https://www.theamethyststore.com/products/yalika-stone-drops?variant=gid://shopify/ProductVariant/47855088730339
2026-07-20 12:52:59,Facinate Moissanite Pair Bangles,"2.4""","AMS-107-1779-2.4""",72512.0,Sale,1,2,1,https://www.theamethyststore.com/products/facinate-moissanite-pair-bangles?variant=gid://shopify/ProductVariant/47910800130275
2026-07-20 12:52:59,Dazzling Stone Pendant,Only Pendant,AMS-104-2192,6600.0,Sale,1,3,2,https://www.theamethyststore.com/products/dazzling-stone-pendant-with-mangalsutra?variant=gid://shopify/ProductVariant/46280526856419
2026-07-20 12:52:59,Glitz Moissanite Short Necklace Set,Default Title,AMS-102-14075,55062.0,Sold Out,1,1,0,https://www.theamethyststore.com/products/glitz-moissanite-short-necklace-set?variant=gid://shopify/ProductVariant/48316529311971
2026-07-20 13:08:02,Pranika Victorian Jada Billa,Default Title,AMS-112-0900,20500.0,New Arrival,1,0,1,https://www.theamethyststore.com/products/victorian-jada-billa-1?variant=gid://shopify/ProductVariant/49430542483683
2026-07-20 13:08:02,Eternal Glow Avikam Long Necklace Set,Default Title,AMS-102-16628,166500.0,New Arrival,1,0,1,https://www.theamethyststore.com/products/eternal-glow-avikam-long-necklace-set?variant=gid://shopify/ProductVariant/49430560669923
2026-07-20 13:08:02,Laasya Long Earrings,Default Title,AMS-106-13334,13728.0,Sold Out,1,1,0,https://www.theamethyststore.com/products/laasya-long-earrings?variant=gid://shopify/ProductVariant/48796113862883
2026-07-20 13:22:54,Trendy Glow Long Earrings,Default Title,AMS-106-14065,71800.0,New Arrival,1,0,1,https://www.theamethyststore.com/products/trendy-glow-drops-earrings?variant=gid://shopify/ProductVariant/49363940507875
2026-07-20 13:22:54,Lustrous Legacy Nagas Short Necklace Set,Default Title,AMS-102-16123,23000.0,New Arrival,1,0,1,https://www.theamethyststore.com/products/lustrous-legacy-nagas-short-necklace-set?variant=gid://shopify/ProductVariant/49430563913955
2026-07-20 13:37:37,Eternal Charm Long Earrings,Default Title,AMS-106-14064,71600.0,New Arrival,1,0,1,https://www.theamethyststore.com/products/eternal-charm-long-earrings?variant=gid://shopify/ProductVariant/49430571614435
2026-07-20 13:37:37,Divine Lakshmi 3D Spl Short Necklace,Default Title,AMS-102-16157,47600.0,New Arrival,2,0,2,https://www.theamethyststore.com/products/3d-spl-short-necklace-38?variant=gid://shopify/ProductVariant/49430580658403
2026-07-20 13:37:37,Beautiful Moissanite Studs,Default Title,AMS-106-15179,6100.0,New Arrival,2,0,2,https://www.theamethyststore.com/products/beautiful-moissanite-studs?variant=gid://shopify/ProductVariant/49430585999587
2026-07-20 13:37:37,Raagini Diamond Design Chain with Earrings,Default Title,AMS-105-1971,15600.0,Sold Out,1,1,0,https://www.theamethyststore.com/products/raagini-diamond-design-chain-with-earrings?variant=gid://shopify/ProductVariant/49262339784931
2026-07-20 13:52:36,Glittering Moissanite Studs,Default Title,AMS-106-15165,9800.0,New Arrival,1,0,1,https://www.theamethyststore.com/products/glittering-moissanite-studs?variant=gid://shopify/ProductVariant/49430589866211
2026-07-20 14:08:16,Kavina Stone Studs,Default Title,AMS-106-10351,7300.0,Sale,1,3,2,https://www.theamethyststore.com/products/kavina-stone-studs?variant=gid://shopify/ProductVariant/47202071347427
2026-07-20 14:08:16,Timeless Allure Moissanite Studs,Default Title,AMS-106-15178,5100.0,New Arrival,2,0,2,https://www.theamethyststore.com/products/moissanite-studs-2?variant=gid://shopify/ProductVariant/49430598942947
2026-07-20 14:08:16,Dheekshikha Stone Maangtikka,Default Title,AMS-109-1829,51150.0,Sold Out,1,1,0,https://www.theamethyststore.com/products/dheekshikha-stone-maangtikka?variant=gid://shopify/ProductVariant/47009214922979
2026-07-20 14:38:15,Linzy Stone Studs,Default Title,AMS-106-4377,14357.0,Sale,1,2,1,https://www.theamethyststore.com/products/linzy-stone-studs?variant=gid://shopify/ProductVariant/43805860200675
2026-07-20 14:38:15,Dual Shine Bugadi,Default Title,AMS-106-9821,12453.0,Sale,1,2,1,https://www.theamethyststore.com/products/dual-drops-earrings?variant=gid://shopify/ProductVariant/47059057508579
2026-07-20 14:38:15,Charming Kundan Chandhubaali Earrings,Default Title,AMS-106-10109,28465.0,Sale,1,6,5,https://www.theamethyststore.com/products/charming-kundan-chandhubaali-earrings?variant=gid://shopify/ProductVariant/47079271858403
2026-07-20 14:38:15,Shravya Stone Studs,Default Title,AMS-106-10263,7500.0,Sale,1,3,2,https://www.theamethyststore.com/products/shravya-stone-studs?variant=gid://shopify/ProductVariant/47201148928227
2026-07-20 14:38:15,Anvaya Victorian Necklace Set,Default Title,AMS-102-5599,112636.0,Sold Out,1,1,0,https://www.theamethyststore.com/products/anvaya-victorian-necklace-set-3?variant=gid://shopify/ProductVariant/44405183086819
2026-07-20 14:38:15,Rinith Victorian Pendant set,Default Title,AMS-104-1607,48224.0,Sold Out,1,1,0,https://www.theamethyststore.com/products/rinith-victorian-pendant-set?variant=gid://shopify/ProductVariant/44470488170723
2026-07-20 14:38:15,Mathin Kundan Studs,Default Title,AMS-106-6473,20360.0,Sold Out,1,1,0,https://www.theamethyststore.com/products/mathin-kundan-studs?variant=gid://shopify/ProductVariant/45478744817891
2026-07-20 14:38:15,Pretty Pink Victorian Drops,Default Title,AMS-106-8591,19612.0,Sold Out,1,1,0,https://www.theamethyststore.com/products/pretty-pink-victorian-drops?variant=gid://shopify/ProductVariant/46740394705123
2026-07-20 14:38:15,Lord Mahalakshmi Nagas Nakshi Pendant,Default Title,AMS-104-3567,25085.0,Sold Out,1,1,0,https://www.theamethyststore.com/products/lord-mahalakshmi-nagas-nakshi-pendant?variant=gid://shopify/ProductVariant/47262380622051
2026-07-20 14:38:15,Aarunikha Stone Short Necklace,Default Title,AMS-102-13483,19596.0,Sold Out,1,1,0,https://www.theamethyststore.com/products/aarunikha-stone-short-necklace?variant=gid://shopify/ProductVariant/47746098790627
2026-07-20 14:38:15,Aravikha Long Earrings,Default Title,AMS-106-13257,17864.0,Sold Out,1,1,0,https://www.theamethyststore.com/products/aravikha-long-earrings?variant=gid://shopify/ProductVariant/48626668863715
2026-07-20 14:38:15,Alluring Short Necklace Set,Default Title,AMS-102-15500,20064.0,Sold Out,1,1,0,https://www.theamethyststore.com/products/alluring-short-necklace-set?variant=gid://shopify/ProductVariant/48883115458787
2026-07-20 14:38:15,Nilaya Kundan Studs,Default Title,AMS-106-6239,22084.0,Sold Out,1,1,0,https://www.theamethyststore.com/products/nilaya-kundan-studs?variant=gid://shopify/ProductVariant/45273843400931
2026-07-20 14:38:15,Zariya Kundan Drops,Default Title,AMS-106-13470,12100.0,Sold Out,1,1,0,https://www.theamethyststore.com/products/zariya-kundan-drops?variant=gid://shopify/ProductVariant/48635856716003
2026-07-20 14:38:15,Tashvya Moissanite Long Earrings,Default Title,AMS-106-13481,24464.0,Sold Out,1,1,0,https://www.theamethyststore.com/products/tashvya-moissanite-long-earrings?variant=gid://shopify/ProductVariant/48731317371107
2026-07-20 14:38:15,Elyvra Victorian Studs,Default Title,AMS-106-13527,16896.0,Sold Out,1,1,0,https://www.theamethyststore.com/products/elyvra-victorian-studs?variant=gid://shopify/ProductVariant/48731368587491
2026-07-20 14:52:18,Rann Beautiful Studs,Default Title,AMS-106-1331,13629.0,Sale,1,5,4,https://www.theamethyststore.com/products/copy-of-alluring-mayur-earring?variant=gid://shopify/ProductVariant/37496177164438
2026-07-20 14:52:18,The Kalisha Drop Earrings,Default Title,AMS-106-1340,9621.0,Sale,1,2,1,https://www.theamethyststore.com/products/copy-of-aarunima-earrings-6?variant=gid://shopify/ProductVariant/37497577406614
2026-07-20 14:52:18,Anaya Stone Pendant,Default Title,AMS-104-2386,2492.1,Sale,1,2,1,https://www.theamethyststore.com/products/anaya-stone-pendant?variant=gid://shopify/ProductVariant/46417582981347
2026-07-20 14:52:18,Mahika Stone Studs,Default Title,AMS-106-11762,3834.0,Sale,1,2,1,https://www.theamethyststore.com/products/mahika-stone-studs-1?variant=gid://shopify/ProductVariant/47831476961507
2026-07-20 14:52:18,Mahika Hasli Necklace,Default Title,AMS-102-15173,5300.0,Sale,1,7,6,https://www.theamethyststore.com/products/mahika-hasli-necklace?variant=gid://shopify/ProductVariant/48762631782627
2026-07-20 14:52:18,Zintha Diamond Design Studs,Default Title,AMS-106-14294,4136.0,Sale,1,2,1,https://www.theamethyststore.com/products/diamond-design-studs-18?variant=gid://shopify/ProductVariant/49334752706787
2026-07-20 14:52:18,Farish Earrings,Default Title,AMS-106-5217,14186.0,Sold Out,1,1,0,https://www.theamethyststore.com/products/farish-earrings-1?variant=gid://shopify/ProductVariant/44247410901219
2026-07-20 14:52:18,Sherin Choker,Default Title,AMS-102-4749,115600.0,Sold Out,1,1,0,https://www.theamethyststore.com/products/sherin-kundan-choker?variant=gid://shopify/ProductVariant/44359774175459
2026-07-20 14:52:18,Prajakta Nagas Necklace,Default Title,AMS-102-6931,126618.56,Sold Out,1,1,0,https://www.theamethyststore.com/products/prajakta-nagas-necklace?variant=gid://shopify/ProductVariant/45397359165667
2026-07-20 14:52:18,Lashika Nagas Long Necklace,Default Title,AMS-102-6934,98917.2,Sold Out,1,1,0,https://www.theamethyststore.com/products/lashika-nagas-long-necklace?variant=gid://shopify/ProductVariant/45397374533859
2026-07-20 14:52:18,Daksha Nagas Oddiyanam,Default Title,AMS-110-0497,119900.0,Sold Out,1,1,0,https://www.theamethyststore.com/products/daksha-nagas-oddiyanam?variant=gid://shopify/ProductVariant/45768948646115
2026-07-20 14:52:18,Iniyani Nagas Oddiyanam,Default Title,AMS-110-0499,246392.72,Sold Out,1,1,0,https://www.theamethyststore.com/products/iniyani-nagas-oddiyanam?variant=gid://shopify/ProductVariant/45768984625379
2026-07-20 14:52:18,Bridal Nagas Nakshi Oddiyanam,Default Title,AMS-110-0534,176364.0,Sold Out,1,1,0,https://www.theamethyststore.com/products/bridal-nagas-nakshi-oddiyanam?variant=gid://shopify/ProductVariant/46217003368675
2026-07-20 14:52:18,Prinisha Long Necklace,Default Title,AMS-102-9160,129397.5,Sold Out,1,1,0,https://www.theamethyststore.com/products/prinisha-long-necklace?variant=gid://shopify/ProductVariant/46329780011235
2026-07-20 14:52:18,Shalina Long Necklace,Default Title,AMS-102-9158,115211.7,Sold Out,1,1,0,https://www.theamethyststore.com/products/shalina-long-necklace?variant=gid://shopify/ProductVariant/46329889358051
2026-07-20 14:52:18,Aaradhana Long Necklace,Default Title,AMS-102-9156,157960.8,Sold Out,1,1,0,https://www.theamethyststore.com/products/aaradhana-long-necklace?variant=gid://shopify/ProductVariant/46329896435939
2026-07-20 14:52:18,Nakshatra Long Necklace,Default Title,AMS-102-9154,104668.2,Sold Out,1,1,0,https://www.theamethyststore.com/products/nakshatra-long-necklace?variant=gid://shopify/ProductVariant/46329898139875
2026-07-20 14:52:18,Grand Look Long Necklace,Default Title,AMS-102-9141,156810.6,Sold Out,1,1,0,https://www.theamethyststore.com/products/grand-look-long-necklace-1?variant=gid://shopify/ProductVariant/46330087669987
2026-07-20 14:52:18,Traditional Look Nagas Long Necklace,Default Title,AMS-102-10239,67191.56,Sold Out,1,1,0,https://www.theamethyststore.com/products/traditional-look-nagas-long-necklace?variant=gid://shopify/ProductVariant/46926898757859
2026-07-20 14:52:18,Divine Deep Nagas Earrings,Default Title,AMS-106-10589,10926.9,Sold Out,1,1,0,https://www.theamethyststore.com/products/divine-deep-nagas-earrings?variant=gid://shopify/ProductVariant/47235500802275
2026-07-20 14:52:18,Lithika Long Necklace Set,Default Title,AMS-102-12571,95227.0,Sold Out,1,1,0,https://www.theamethyststore.com/products/lithika-long-necklace-set?variant=gid://shopify/ProductVariant/47570644107491
2026-07-20 14:52:18,Dhanya Kundan Long Earrings,Default Title,AMS-106-12539,15000.0,Sold Out,1,1,0,https://www.theamethyststore.com/products/dhanya-kundan-long-earrings?variant=gid://shopify/ProductVariant/47825618960611
2026-07-20 14:52:18,Saja Nagas Choker,Default Title,AMS-102-15694,110000.0,Sold Out,1,1,0,https://www.theamethyststore.com/products/saja-nagas-choker?variant=gid://shopify/ProductVariant/48991301533923
2026-07-20 15:07:33,Punyamurti Victorian Studs,Default Title,AMS-106-13796,4500.0,Sale,1,2,1,https://www.theamethyststore.com/products/victorian-studs-8?variant=gid://shopify/ProductVariant/48927448727779
2026-07-20 15:07:33,Vikaanya Diamond Design Pendant,Default Title,AMS-104-4680,8000.0,Sale,1,3,2,https://www.theamethyststore.com/products/diamond-design-pendant-25?variant=gid://shopify/ProductVariant/49415062192355
2026-07-21 02:52:24,Mathisha Stone Short Necklace Set,Default Title,AMS-102-16145,13850.0,Sold Out,1,1,0,https://www.theamethyststore.com/products/stone-short-necklace-set?variant=gid://shopify/ProductVariant/49333327593699
2026-07-21 04:37:34,Eshvika Plain Bracelet,Default Title,AMS-103-1337,3300.0,Sale,1,4,3,https://www.theamethyststore.com/products/eshvika-plain-bracelet?variant=gid://shopify/ProductVariant/49390397325539
2026-07-21 04:52:21,Shubhaprada Nagas Nakshi Oddiyanam,Default Title,AMS-110-0502,107065.16,Sold Out,1,1,0,https://www.theamethyststore.com/products/shubhaprada-nagas-nakshi-oddiyanam?variant=gid://shopify/ProductVariant/46042983301347
2026-07-21 05:08:34,Cute Floral Gold Plated Kundan Anklet,Default Title,AMS-114-0497,16332.84,Restock,1,0,1,https://www.theamethyststore.com/products/cute-floral-gold-plated-kundan-anklet?variant=gid://shopify/ProductVariant/46390725673187
2026-07-21 05:08:34,Verdhika Victorian Pair Bangles,"2.8""","AMS-107-2890-2.8""",61000.0,Restock,1,0,1,https://www.theamethyststore.com/products/verdhika-victorian-pair-bangles?variant=gid://shopify/ProductVariant/47725079822563
2026-07-21 05:08:34,Sharda Kundan Anklet,Default Title,AMS-114-0818,18810.0,Restock,1,0,1,https://www.theamethyststore.com/products/sharda-kundan-anklet?variant=gid://shopify/ProductVariant/47939710451939
2026-07-21 05:22:03,Vividh Earrings,Default Title,AMS-106-2457,17030.0,Restock,1,0,1,https://www.theamethyststore.com/products/vividh-earrings?variant=gid://shopify/ProductVariant/42648968986851
2026-07-21 05:22:03,Designer Moissanite Pair Bangles,"2.4""","AMS-107-1762-2.4""",88800.0,Restock,1,0,1,https://www.theamethyststore.com/products/designer-moissanite-pair-bangles?variant=gid://shopify/ProductVariant/46063683993827
2026-07-21 05:22:03,Abigail Bracelet,Default Title,AMS-103-0839,28700.0,Restock,1,0,1,https://www.theamethyststore.com/products/abigail-bracelet?variant=gid://shopify/ProductVariant/47141875220707
2026-07-21 05:22:03,Somina Ring,Default Title,AMS-101-1397,5500.0,Restock,1,1,2,https://www.theamethyststore.com/products/somina-ring?variant=gid://shopify/ProductVariant/47170570125539
2026-07-21 05:22:03,Prayasri Pair Bangle,"2.6""","AMS-107-2244-2.6""",69000.0,Restock,1,0,1,https://www.theamethyststore.com/products/pair-bangle-12?variant=gid://shopify/ProductVariant/47239220166883
2026-07-21 05:22:03,Charvikha Short Necklace Set,Default Title,AMS-102-15292,154528.0,Restock,1,0,1,https://www.theamethyststore.com/products/charvikha-short-necklace-set-2?variant=gid://shopify/ProductVariant/48632011915491
2026-07-21 05:22:03,Sanjana Short Necklace,Default Title,AMS-102-15448,65032.0,Restock,1,0,1,https://www.theamethyststore.com/products/sanjana-short-necklace-2?variant=gid://shopify/ProductVariant/48903390953699
2026-07-21 05:52:28,Tanusha Avikam Long Necklace Set,Default Title,AMS-102-13249,139725.0,Sold Out,1,1,0,https://www.theamethyststore.com/products/tanusha-avikam-long-necklace-set?variant=gid://shopify/ProductVariant/47732647002339
2026-07-21 06:37:45,Geeth Toe Ring,Default Title,AMS-117-0262,2100.0,Sold Out,1,1,0,https://www.theamethyststore.com/products/geeth-toe-ring?variant=gid://shopify/ProductVariant/47020111167715
2026-07-21 06:37:45,Paavai Toe Ring,Default Title,AMS-117-0267,2100.0,Sold Out,1,1,0,https://www.theamethyststore.com/products/paavai-toe-ring?variant=gid://shopify/ProductVariant/47020168282339
2026-07-21 08:07:54,Delia Toe Ring,Default Title,AMS-117-0350,2100.0,Sold Out,1,1,0,https://www.theamethyststore.com/products/delia-toe-ring?variant=gid://shopify/ProductVariant/47197895131363
2026-07-21 08:22:05,Siena Stone Pendant,Default Title,AMS-104-4180,9720.0,Sold Out,1,1,0,https://www.theamethyststore.com/products/siena-stone-pendant?variant=gid://shopify/ProductVariant/49252025794787
2026-07-21 09:07:20,Elegance Beads Chain,Default Title,AMS-105-1944,2552.0,Sold Out,1,1,0,https://www.theamethyststore.com/products/beads-chain-4?variant=gid://shopify/ProductVariant/48921947570403
2026-07-21 09:45:26,Sparkling Mugappu Chain,Default Title,AMS-105-1953,20950.0,Sold Out,1,1,0,https://www.theamethyststore.com/products/sparkling-mugappu-chain?variant=gid://shopify/ProductVariant/49318231900387
2026-07-21 10:22:07,Dhatri Diamond Design Pendant,Default Title,AMS-104-4087,44440.0,Sold Out,1,1,0,https://www.theamethyststore.com/products/diamond-design-pendant-6?variant=gid://shopify/ProductVariant/48937296101603
2026-07-21 12:08:37,Coral Pendant,Only Pendant,AMS-104-0552,7866.8,Sale,1,2,1,https://www.theamethyststore.com/products/coral-pendant?variant=gid://shopify/ProductVariant/46235805188323
2026-07-21 12:08:37,Charmi Studs,Default Title,AMS-106-5066,7040.0,Sale,1,3,2,https://www.theamethyststore.com/products/charmi-studs?variant=gid://shopify/ProductVariant/44038840254691
2026-07-21 12:08:37,"Mangalsutra Chain Double layer-22""",Default Title,AMS-105-0382-S,6300.0,Sale,1,27,26,https://www.theamethyststore.com/products/mangalsutra-chain-double-layer?variant=gid://shopify/ProductVariant/46779081195747
2026-07-21 12:08:37,Harvikaa Hasli Necklace,Default Title,AMS-102-16507,9100.0,Sale,1,3,2,https://www.theamethyststore.com/products/hasli-necklace-27?variant=gid://shopify/ProductVariant/49388930236643
2026-07-21 12:08:37,Trendy Plain Bracelet,Default Title,AMS-103-1338,4200.0,Sale,1,5,4,https://www.theamethyststore.com/products/trendy-plain-bracelet?variant=gid://shopify/ProductVariant/49390387003619
2026-07-21 12:08:37,Smita Long Necklace,Default Title,AMS-102-7590,56168.1,Sold Out,1,1,0,https://www.theamethyststore.com/products/smita-long-necklace?variant=gid://shopify/ProductVariant/45671557824739
2026-07-21 12:08:37,Aathira Kundan Ring,Default Title,AMS-101-1348,4025.7,Sold Out,1,1,0,https://www.theamethyststore.com/products/aathira-kundan-ring?variant=gid://shopify/ProductVariant/46977570767075
2026-07-21 12:08:37,Eternal Glow Chain With Earrings,Default Title,AMS-105-1334,20180.0,Sold Out,1,1,0,https://www.theamethyststore.com/products/eternal-glow-chain-with-earrings-1?variant=gid://shopify/ProductVariant/47527463649507
2026-07-21 12:08:37,Abiya Kundan Anklet,Default Title,AMS-114-0824,17445.0,Sold Out,1,1,0,https://www.theamethyststore.com/products/abiya-kundan-anklet?variant=gid://shopify/ProductVariant/47943080378595
2026-07-21 12:08:37,Harisha Kundan Studs,Default Title,AMS-106-12839,4700.0,Sold Out,1,1,0,https://www.theamethyststore.com/products/harisha-kundan-studs?variant=gid://shopify/ProductVariant/47990721282275
2026-07-21 12:08:37,Anvikha Kundan Bracelet,Default Title,AMS-103-1086,12500.0,Sold Out,1,1,0,https://www.theamethyststore.com/products/anvikha-kundan-bracelet?variant=gid://shopify/ProductVariant/47995690582243
2026-07-21 12:08:37,Ashvika Kundan Short Necklace,Default Title,AMS-102-13802,32520.0,Sold Out,1,1,0,https://www.theamethyststore.com/products/ashvika-kundan-short-necklace?variant=gid://shopify/ProductVariant/48272038625507
2026-07-21 12:08:37,Joshika Chain With Earrings,Default Title,AMS-105-1878,22352.0,Sold Out,1,1,0,https://www.theamethyststore.com/products/joshika-chain-with-earrings?variant=gid://shopify/ProductVariant/48903414546659
2026-07-21 12:08:37,Iconic Kundan Choker,Default Title,AMS-102-15895,38900.0,Sold Out,1,1,0,https://www.theamethyststore.com/products/iconic-kundan-choker?variant=gid://shopify/ProductVariant/49278502895843
2026-07-21 12:08:37,Erisha Kundan Ring,Default Title,AMS-101-2135,4220.0,Sold Out,1,1,0,https://www.theamethyststore.com/products/erisha-kundan-ring?variant=gid://shopify/ProductVariant/49366092087523
2026-07-21 12:22:45,Dazzling Stone Pendant,Only Pendant,AMS-104-2192,6600.0,Sale,1,2,1,https://www.theamethyststore.com/products/dazzling-stone-pendant-with-mangalsutra?variant=gid://shopify/ProductVariant/46280526856419
2026-07-21 12:22:45,Versatile Victorian Ring,Default Title,AMS-101-1188,7299.0,Sold Out,1,1,0,https://www.theamethyststore.com/products/versatile-victorian-ring?variant=gid://shopify/ProductVariant/46768202416355
2026-07-21 12:22:45,Elegant Nagas Pair Bangle,"2.6""","AMS-107-2523-2.6""",25687.8,Sold Out,1,1,0,https://www.theamethyststore.com/products/elegant-nagas-pair-bangle?variant=gid://shopify/ProductVariant/47067540357347
2026-07-21 12:22:45,Grandeur Kundan Jhumkhas,Default Title,AMS-106-10179,22200.0,Sold Out,1,1,0,https://www.theamethyststore.com/products/grandeur-kundan-jhumkhas?variant=gid://shopify/ProductVariant/47081200287971
2026-07-21 12:22:45,Dhivya Drop Earrings,Default Title,AMS-106-9686,9173.0,Sold Out,1,1,0,https://www.theamethyststore.com/products/dhivya-drop-earrings?variant=gid://shopify/ProductVariant/47170998960355
2026-07-21 13:08:11,Kirthika Nagas Tikka,Default Title,AMS-109-1469,10351.8,Sold Out,1,1,0,https://www.theamethyststore.com/products/kirthika-nagas-tikka?variant=gid://shopify/ProductVariant/46382028030179
2026-07-21 13:08:11,Tanirika Hook Jhumkas,Default Title,AMS-106-13212,5720.0,Sold Out,1,1,0,https://www.theamethyststore.com/products/tanirika-hook-jhumkas?variant=gid://shopify/ProductVariant/48774378782947
2026-07-21 13:37:58,Vithusha Guttapusalu Necklace,Default Title,AMS-102-15996,84300.0,Sold Out,1,1,0,https://www.theamethyststore.com/products/guttapusalu-necklace-7?variant=gid://shopify/ProductVariant/49275621703907
2026-07-21 14:08:22,Dainty Diamond Design Chain,Default Title,AMS-105-1774,12672.0,Sold Out,1,1,0,https://www.theamethyststore.com/products/dainty-diamond-design-necklace?variant=gid://shopify/ProductVariant/47423406964963
2026-07-21 14:23:05,Freyja Short Necklace Set,Default Title,AMS-102-15878,33300.0,Sale,1,4,3,https://www.theamethyststore.com/products/freyja-short-necklace-set-1?variant=gid://shopify/ProductVariant/49101781336291
2026-07-21 14:37:58,Glitz Diamond Design Ring,Default Title,AMS-101-1855,2464.0,Sold Out,1,1,0,https://www.theamethyststore.com/products/glitz-diamond-design-ring?variant=gid://shopify/ProductVariant/47850849108195
2026-07-21 14:37:58,Vithisha Diamond Design Ring,Default Title,AMS-101-1856,2464.0,Sold Out,1,1,0,https://www.theamethyststore.com/products/vithisha-diamond-design-ring?variant=gid://shopify/ProductVariant/47850849894627
2026-07-21 14:52:18,Divine Look 3D Spl Short Necklace Set,Default Title,AMS-102-16366,11352.0,Sale,1,4,3,https://www.theamethyststore.com/products/divine-look-3d-spl-short-necklace-set?variant=gid://shopify/ProductVariant/49333318058211
2026-07-21 14:52:18,Zara Hasli Necklace,Default Title,AMS-102-16503,8400.0,Sale,1,8,7,https://www.theamethyststore.com/products/hasli-necklace-65?variant=gid://shopify/ProductVariant/49396531167459
2026-07-21 14:52:18,Jashitha Nagas Short Necklace,Default Title,AMS-102-15802,91608.0,Sold Out,1,1,0,https://www.theamethyststore.com/products/jashitha-nagas-short-necklace?variant=gid://shopify/ProductVariant/48946766840035
2026-07-21 15:08:15,Padhmini Deep Nagas Necklace,Default Title,AMS-102-5128,168312.6,Sold Out,1,1,0,https://www.theamethyststore.com/products/padhmini-deep-nagas-necklace?variant=gid://shopify/ProductVariant/44083297747171
2026-07-21 15:08:15,Drishya Nose Pin,Default Title,AMS-113-0230,1300.0,Sold Out,1,1,0,https://www.theamethyststore.com/products/drishya-nose-pin?variant=gid://shopify/ProductVariant/44217470779619
2026-07-21 15:08:15,Iravani Stone Choker Set,Default Title,AMS-102-6971,107760.0,Sold Out,1,1,0,https://www.theamethyststore.com/products/iravani-stone-choker-set?variant=gid://shopify/ProductVariant/45420999770339
2026-07-21 15:08:15,Shaysha Nagas Short Necklace,Default Title,AMS-102-7927,102176.1,Sold Out,1,1,0,https://www.theamethyststore.com/products/shaysha-nagas-short-necklace?variant=gid://shopify/ProductVariant/45800720007395
2026-07-21 16:52:28,Llisha Studs,Default Title,AMS-106-3917,12283.0,Sold Out,1,1,0,https://www.theamethyststore.com/products/llisha-studs?variant=gid://shopify/ProductVariant/43631201812707
2026-07-22 04:52:16,Square Sparkle Studs,Default Title,AMS-106-9032,3520.0,Sale,1,5,4,https://www.theamethyststore.com/products/square-sparkle-studs?variant=gid://shopify/ProductVariant/47044511301859
2026-07-22 04:52:16,Dhivana Short Necklace,Default Title,AMS-102-12718,40200.0,Sale,1,9,8,https://www.theamethyststore.com/products/dhivana-short-necklace?variant=gid://shopify/ProductVariant/47629990822115
2026-07-22 04:52:16,Nadhiya Long Necklace Set,Default Title,AMS-102-15294,48400.0,Sale,1,2,1,https://www.theamethyststore.com/products/nadhiya-long-necklace-set?variant=gid://shopify/ProductVariant/48632059756771
2026-07-22 04:52:16,Dhriti Hasli Necklace,Default Title,AMS-102-15186,5800.0,Sale,1,2,1,https://www.theamethyststore.com/products/dhriti-hasli-necklace?variant=gid://shopify/ProductVariant/48763154104547
2026-07-22 04:52:16,Attractive Kundan Jhumkas,Default Title,AMS-106-13991,25800.0,Sale,1,2,1,https://www.theamethyststore.com/products/attractive-kundan-jhumkas-3?variant=gid://shopify/ProductVariant/48993748549859
2026-07-22 04:52:16,Ashirtha Diamond Design Pendant,Default Title,AMS-104-4656,4600.0,Sale,1,5,4,https://www.theamethyststore.com/products/diamond-design-pendant-13?variant=gid://shopify/ProductVariant/49415031029987
2026-07-22 05:22:52,Manasha Kundan Pair Bangle,"2.6""","AMS-107-1793-2.6""",78000.0,Restock,1,0,1,https://www.theamethyststore.com/products/manasha-kundan-pair-bangle?variant=gid://shopify/ProductVariant/45997373325539
2026-07-22 05:22:52,Chic & Trendy Kundan Jhumkas,Default Title,AMS-106-10244,43900.0,Restock,1,0,1,https://www.theamethyststore.com/products/chic-trendy-kundan-jhumkas?variant=gid://shopify/ProductVariant/47190858858723
2026-07-22 05:22:52,Herithan Victorian Pair Bangles,"2.6""","AMS-107-2895-2.6""",112200.0,Restock,1,0,1,https://www.theamethyststore.com/products/victorian-pair-bangles-4?variant=gid://shopify/ProductVariant/47732178518243
2026-07-22 05:37:49,Square Designed Victorian Ring,Default Title,AMS-101-0765,9900.0,New Arrival,1,0,1,https://www.theamethyststore.com/products/square-designed-victorian-ring?variant=gid://shopify/ProductVariant/46100217364707
2026-07-22 05:37:49,Varmika Kundan Choker,Default Title,AMS-102-8775,65000.0,Restock,1,0,1,https://www.theamethyststore.com/products/varmika-kundan-choker?variant=gid://shopify/ProductVariant/46165043937507
2026-07-22 05:37:49,Shine Victorian Ring,Default Title,AMS-101-1651,9432.0,Restock,1,0,1,https://www.theamethyststore.com/products/shine-victorian-ring?variant=gid://shopify/ProductVariant/47238910542051
2026-07-22 05:37:49,Charvitha Victorian Long Necklace Set,Default Title,AMS-102-12024,149700.0,Restock,1,0,1,https://www.theamethyststore.com/products/charvitha-victorian-long-necklace-set?variant=gid://shopify/ProductVariant/47238988693731
2026-07-22 05:37:49,Samyuktha Stone Short Necklace Set,Default Title,AMS-102-16146,16900.0,Restock,1,1,2,https://www.theamethyststore.com/products/stone-short-necklace-set-1?variant=gid://shopify/ProductVariant/49333370454243
2026-07-22 06:37:35,Envikaa Hasli Necklace,Default Title,AMS-102-16571,6200.0,Sale,1,6,5,https://www.theamethyststore.com/products/hasli-necklace-54?variant=gid://shopify/ProductVariant/49394329747683
2026-07-22 06:37:35,Traditional Attigai Necklace,Default Title,AMS-102-17008,29600.0,New Arrival,1,0,1,https://www.theamethyststore.com/products/traditional-attigai-necklace?variant=gid://shopify/ProductVariant/49436282355939
2026-07-22 06:37:35,Anusha Attigai Necklace,Default Title,AMS-102-17009,32900.0,New Arrival,1,0,1,https://www.theamethyststore.com/products/attigai-necklace-16?variant=gid://shopify/ProductVariant/49436290187491
2026-07-22 06:37:35,Venisha Hasli Necklace,Default Title,AMS-102-16573,5500.0,Sold Out,1,1,0,https://www.theamethyststore.com/products/hasli-necklace-55?variant=gid://shopify/ProductVariant/49394353340643
2026-07-22 06:52:28,Harvikaa Hasli Necklace,Default Title,AMS-102-16507,9100.0,Sale,1,2,1,https://www.theamethyststore.com/products/hasli-necklace-27?variant=gid://shopify/ProductVariant/49388930236643
2026-07-22 06:52:28,Mesmera Attigai Necklace,Default Title,AMS-102-17010,30700.0,New Arrival,1,0,1,https://www.theamethyststore.com/products/mesmera-attigai-necklace?variant=gid://shopify/ProductVariant/49436313092323
2026-07-22 06:52:28,Traditional Attigai Necklace,Default Title,AMS-102-17011,33700.0,New Arrival,1,0,1,https://www.theamethyststore.com/products/traditional-attigai-necklace-1?variant=gid://shopify/ProductVariant/49436316074211
2026-07-22 07:07:38,Aurabelle Attigai Necklace,Default Title,AMS-102-17012,33900.0,New Arrival,1,0,1,https://www.theamethyststore.com/products/aurabelle-attigai-necklace?variant=gid://shopify/ProductVariant/49436322037987
2026-07-22 07:07:38,Celestial Luxe Attigai Necklace,Default Title,AMS-102-17013,28200.0,New Arrival,1,0,1,https://www.theamethyststore.com/products/celestial-luxe-attigai-necklace?variant=gid://shopify/ProductVariant/49436330721507
2026-07-22 07:07:38,Eternal Glow Diamond Design Pendant,Default Title,AMS-104-4827,21800.0,New Arrival,2,0,2,https://www.theamethyststore.com/products/eternal-glow-diamond-design-pendant?variant=gid://shopify/ProductVariant/49436337963235
2026-07-22 07:22:42,Majestic Muse Diamond Design Pendant,Default Title,AMS-104-4826,13500.0,New Arrival,3,0,3,https://www.theamethyststore.com/products/majestic-muse-diamond-design-pendant?variant=gid://shopify/ProductVariant/49436342223075
2026-07-22 07:22:42,Celestial Charm Diamond Design Pendant,Default Title,AMS-104-4825,30800.0,New Arrival,3,0,3,https://www.theamethyststore.com/products/celestial-charm-diamond-design-pendant?variant=gid://shopify/ProductVariant/49436344090851
2026-07-22 07:22:42,Glitz Diamond Design Pendant,Default Title,AMS-104-4730,15000.0,New Arrival,1,0,1,https://www.theamethyststore.com/products/glitz-diamond-design-pendant?variant=gid://shopify/ProductVariant/49436348547299
2026-07-22 07:22:42,Gleaming Glory Diamond Design Pendant,Default Title,AMS-104-4729,9400.0,New Arrival,1,0,1,https://www.theamethyststore.com/products/gleaming-glory-diamond-design-pendant?variant=gid://shopify/ProductVariant/49436364570851
2026-07-22 07:22:42,Ashvikaa Kundan Pendant,Only Pendant,AMS-104-4612,6600.0,Sold Out,1,1,0,https://www.theamethyststore.com/products/kundan-pendant-87?variant=gid://shopify/ProductVariant/49363814908131
2026-07-22 07:52:34,Anika 3D Spl Pendant,Default Title,AMS-104-4425,2552.0,Sale,1,2,1,https://www.theamethyststore.com/products/anika-3d-spl-pendant?variant=gid://shopify/ProductVariant/49327621308643
2026-07-22 07:52:34,Shri Krishna 3D Spl Pendant,Default Title,AMS-104-4363,1408.0,Sale,1,4,3,https://www.theamethyststore.com/products/3d-spl-pendant-53?variant=gid://shopify/ProductVariant/49327847080163
2026-07-22 07:52:34,Aparjeet 3D Spl Pendant,Default Title,AMS-104-4443,2376.0,Sold Out,1,1,0,https://www.theamethyststore.com/products/aparjeet-3d-spl-pendant?variant=gid://shopify/ProductVariant/49334672326883
2026-07-22 07:52:34,Lakkesh Nagas Mini Short Necklace,Default Title,AMS-102-16045,11600.0,Sold Out,1,1,0,https://www.theamethyststore.com/products/lakkesh-nagas-mini-short-necklace?variant=gid://shopify/ProductVariant/49275359789283
2026-07-22 07:52:34,Heritage Nagas Drops Earrings,Default Title,AMS-106-14501,3850.0,Sold Out,1,1,0,https://www.theamethyststore.com/products/heritage-nagas-drops-earrings?variant=gid://shopify/ProductVariant/49322889150691
2026-07-22 08:37:57,Dual Birds Bugadi Earrings,Default Title,AMS-106-12796,9680.0,Sale,1,4,3,https://www.theamethyststore.com/products/bugadi-4?variant=gid://shopify/ProductVariant/48524408029411
2026-07-22 09:51:40,"Mangalsutra Chain Double layer-24""",Default Title,AMS-105-0382-M,6500.0,Sale,1,15,14,https://www.theamethyststore.com/products/mangalsutra-chain-double-layer-24?variant=gid://shopify/ProductVariant/46779086012643
2026-07-22 09:51:40,Gilded Heritage Nagas Jhumkas,Default Title,AMS-106-14676,8000.0,Sold Out,1,1,0,https://www.theamethyststore.com/products/gilded-heritage-nagas-jhumkas?variant=gid://shopify/ProductVariant/49362264686819
2026-07-22 10:08:13,Sherin Drops,Default Title,AMS-106-4017,7700.0,Sale,1,4,3,https://www.theamethyststore.com/products/sherin-drops?variant=gid://shopify/ProductVariant/43660006654179
2026-07-22 10:08:13,Prajwik Victorian Jhumkas,Default Title,AMS-106-6775,45672.0,Sold Out,1,1,0,https://www.theamethyststore.com/products/prajwik-victorian-jhumkas?variant=gid://shopify/ProductVariant/45598155342051
2026-07-22 10:22:01,Celestial Luxe Diamond Like Oddiyanam,Default Title,AMS-110-0928,97000.0,New Arrival,1,0,1,https://www.theamethyststore.com/products/diamond-like-oddiyanam-9?variant=gid://shopify/ProductVariant/49436823879907
2026-07-22 10:22:01,Gleaming Glory Moissanite Pendant Set,Default Title,AMS-104-4728,39300.0,New Arrival,1,0,1,https://www.theamethyststore.com/products/gleaming-glory-moissanite-pendant-set?variant=gid://shopify/ProductVariant/49436830335203
2026-07-22 10:37:57,Luminous Grace Moissanite Pendant Set,Default Title,AMS-104-4727,47200.0,New Arrival,1,0,1,https://www.theamethyststore.com/products/luminous-grace-moissanite-pendant-set?variant=gid://shopify/ProductVariant/49436832989411
2026-07-22 10:37:57,Allure Aura Moissanite Pendant Set,Default Title,AMS-104-4726,34000.0,New Arrival,2,0,2,https://www.theamethyststore.com/products/allure-aura-moissanite-pendant-set?variant=gid://shopify/ProductVariant/49436837609699
2026-07-22 10:37:57,Lumina Moissanite Pendant Set,Default Title,AMS-104-4725,62300.0,New Arrival,1,0,1,https://www.theamethyststore.com/products/lumina-moissanite-pendant-set?variant=gid://shopify/ProductVariant/49436846981347
2026-07-22 10:37:57,Amazing Kundan Pendant,Default Title,AMS-104-3609,39500.0,Sold Out,1,1,0,https://www.theamethyststore.com/products/amazing-kundan-pendant-3?variant=gid://shopify/ProductVariant/47486938939619
2026-07-22 10:52:52,Trendy Glow Moissanite Pendant Set,Default Title,AMS-104-4718,41500.0,New Arrival,2,0,2,https://www.theamethyststore.com/products/trendy-glow-moissanite-pendant-set?variant=gid://shopify/ProductVariant/49436862775523
2026-07-22 10:52:52,Zivara Victorian Short Necklace Set,Default Title,AMS-102-17048,72800.0,New Arrival,1,0,1,https://www.theamethyststore.com/products/zivara-victorian-short-necklace-set?variant=gid://shopify/ProductVariant/49436876243171
2026-07-22 11:22:44,Devika Attigai Necklace,Default Title,AMS-102-2644,14350.0,Sale,1,3,2,https://www.theamethyststore.com/products/devika-necklace?variant=gid://shopify/ProductVariant/42667647172835
2026-07-22 11:22:44,Gleaming Glory Short Necklace Set,Default Title,AMS-102-17049,57600.0,New Arrival,1,0,1,https://www.theamethyststore.com/products/short-necklace-set-76?variant=gid://shopify/ProductVariant/49436885156067
2026-07-22 11:22:44,Roselle Short Necklace Set,Default Title,AMS-102-17066,43900.0,New Arrival,1,0,1,https://www.theamethyststore.com/products/roselle-short-necklace-set?variant=gid://shopify/ProductVariant/49436922216675
2026-07-22 11:52:14,Vidhusha Stone Studs,Default Title,AMS-106-12779,7700.0,Sale,1,4,3,https://www.theamethyststore.com/products/vidhusha-stone-studs?variant=gid://shopify/ProductVariant/47855081914595
2026-07-22 11:52:14,Mesmerizing Hook Earrings,Default Title,AMS-106-12639,4200.0,Sale,1,8,7,https://www.theamethyststore.com/products/hook-earrings-3?variant=gid://shopify/ProductVariant/48288247808227
2026-07-22 11:52:14,Elaris Moissanite Short Necklace Set,Default Title,AMS-102-17061,44700.0,New Arrival,1,0,1,https://www.theamethyststore.com/products/elaris-moissanite-short-necklace-set?variant=gid://shopify/ProductVariant/49436947218659
2026-07-22 12:08:15,Starlit Elegance Moissanite Short Necklace Set,Default Title,AMS-102-17055,180200.0,New Arrival,1,0,1,https://www.theamethyststore.com/products/starlit-elegance-moissanite-short-necklace-set?variant=gid://shopify/ProductVariant/49436950986979
2026-07-22 12:22:17,Yashira Mugappu Pendant,Default Title,AMS-104-3808,6600.0,Sold Out,1,1,0,https://www.theamethyststore.com/products/yashira-mugappu-pendant?variant=gid://shopify/ProductVariant/48009131131107
2026-07-22 12:37:20,Dazzling Moissanite Long Necklace Set,Default Title,AMS-102-17067,219300.0,Restock,1,0,1,https://www.theamethyststore.com/products/moissanite-short-necklace-set-2?variant=gid://shopify/ProductVariant/49436968354019
2026-07-22 13:07:39,Pretty Look Attigai Necklace,Default Title,AMS-102-16429,47200.0,Sold Out,1,1,0,https://www.theamethyststore.com/products/pretty-look-attigai-necklace?variant=gid://shopify/ProductVariant/49361332338915
2026-07-22 13:38:16,Engaging Navarathna Pendant,Default Title,AMS-104-0475,14400.0,Sale,1,3,2,https://www.theamethyststore.com/products/engaging-navarathna-pendant?variant=gid://shopify/ProductVariant/40095678005398
2026-07-22 13:38:16,Glittering Avikam Short Necklace,Default Title,AMS-102-17039,57600.0,New Arrival,1,0,1,https://www.theamethyststore.com/products/short-necklace-57?variant=gid://shopify/ProductVariant/49437000368355
2026-07-22 13:38:16,Lord Vishnu Nagas Drops,Default Title,AMS-106-11006,13689.0,Sold Out,1,1,0,https://www.theamethyststore.com/products/lord-vishnu-nagas-drops?variant=gid://shopify/ProductVariant/47421960749283
2026-07-22 13:38:16,Tashvya Nagas Chain,Default Title,AMS-105-1860,35320.0,Sold Out,1,1,0,https://www.theamethyststore.com/products/nagas-chain-7?variant=gid://shopify/ProductVariant/48730934968547
2026-07-22 13:52:29,Luxe Harmony Victorian Pendant,Default Title,AMS-104-4720,30600.0,New Arrival,3,0,3,https://www.theamethyststore.com/products/luxe-harmony-victorian-pendant?variant=gid://shopify/ProductVariant/49437087629539
2026-07-22 14:22:43,Gleaming Studs,Default Title,AMS-106-9057,3784.0,Sale,1,6,5,https://www.theamethyststore.com/products/gleaming-studs?variant=gid://shopify/ProductVariant/47076338270435
2026-07-22 14:22:43,Dayal Studs,Default Title,AMS-106-10202,4312.0,Sale,1,5,4,https://www.theamethyststore.com/products/studs-2?variant=gid://shopify/ProductVariant/47081676144867
2026-07-22 14:22:43,Little Cute Studs,Default Title,AMS-106-10794,3784.0,Sale,1,5,4,https://www.theamethyststore.com/products/studs-16?variant=gid://shopify/ProductVariant/47451280736483
2026-07-22 14:22:43,Thishitha Short Necklace Set,Default Title,AMS-102-14311,49589.0,Sold Out,1,1,0,https://www.theamethyststore.com/products/thishitha-short-necklace-set?variant=gid://shopify/ProductVariant/48285819601123
2026-07-22 14:22:43,Nithika Short Necklace Set,Default Title,AMS-102-15315,29656.0,Sold Out,1,1,0,https://www.theamethyststore.com/products/nithika-short-necklace-set-1?variant=gid://shopify/ProductVariant/48802967650531
2026-07-22 15:38:06,Floral Kundan Drops,Default Title,AMS-106-15208,4970.0,Sold Out,1,1,0,https://www.theamethyststore.com/products/floral-kundan-drops-3?variant=gid://shopify/ProductVariant/49383601209571
2026-07-22 16:08:17,Abinaya Stone Pendant,Default Title,AMS-104-1215,4300.0,Sale,1,3,2,https://www.theamethyststore.com/products/abinaya-stone-pendant?variant=gid://shopify/ProductVariant/43852642451683
2026-07-22 16:37:38,Samyuktha Stone Short Necklace Set,Default Title,AMS-102-16146,16900.0,Sale,1,2,1,https://www.theamethyststore.com/products/stone-short-necklace-set-1?variant=gid://shopify/ProductVariant/49333370454243
2026-07-23 00:07:33,Attractive Kundan Jhumkas,Default Title,AMS-106-13991,25800.0,Sold Out,1,1,0,https://www.theamethyststore.com/products/attractive-kundan-jhumkas-3?variant=gid://shopify/ProductVariant/48993748549859
2026-07-23 00:22:43,Resplendent Necklace,Default Title,AMS-102-1873,60998.94,Sale,1,2,1,https://www.theamethyststore.com/products/resplendent-necklace?variant=gid://shopify/ProductVariant/40034110800022
2026-07-23 02:37:54,Miraya Attigai Necklace,Default Title,AMS-102-15684,18910.0,Sold Out,1,1,0,https://www.theamethyststore.com/products/miraya-attigai-necklace?variant=gid://shopify/ProductVariant/48908537463011
2026-07-23 03:22:10,Trending Stone Short Necklace Set,Default Title,AMS-102-16148,14500.0,Sold Out,1,1,0,https://www.theamethyststore.com/products/stone-short-necklace-set-2?variant=gid://shopify/ProductVariant/49333550186723
2026-07-23 04:38:01,Bhavikha Stone Drops,Default Title,AMS-106-14150,4350.0,Sold Out,1,1,0,https://www.theamethyststore.com/products/stone-drops-40?variant=gid://shopify/ProductVariant/49294936277219
2026-07-23 04:52:16,Bridal Kundan Vanki,Default Title,AMS-112-0825,56000.0,Restock,2,1,3,https://www.theamethyststore.com/products/vanki-1?variant=gid://shopify/ProductVariant/49365986640099
2026-07-23 04:52:16,Imperial Vault Moissanite Choker Set,Default Title,AMS-102-17050,75900.0,New Arrival,1,0,1,https://www.theamethyststore.com/products/imperial-vault-moissanite-choker-set?variant=gid://shopify/ProductVariant/49438726029539
2026-07-23 04:52:16,Royal Bride Moissanite Choker Set,Default Title,AMS-102-17051,90300.0,New Arrival,1,0,1,https://www.theamethyststore.com/products/royal-bride-moissanite-choker-set?variant=gid://shopify/ProductVariant/49438735663331
2026-07-23 04:52:16,Royal Splendor Moissanite Long Necklace Set,Default Title,AMS-102-17052,72600.0,New Arrival,1,0,1,https://www.theamethyststore.com/products/royal-splendor-moissanite-long-necklace-set?variant=gid://shopify/ProductVariant/49438736613603
2026-07-23 04:52:16,Royal Loom Moissanite Long Necklace Set,Default Title,AMS-102-17053,148300.0,New Arrival,1,0,1,https://www.theamethyststore.com/products/royal-loom-moissanite-long-necklace-set?variant=gid://shopify/ProductVariant/49438797267171
2026-07-23 05:08:06,Glory Earrings,Default Title,AMS-106-3313,14600.0,New Arrival,5,0,5,https://www.theamethyststore.com/products/glory-earrings?variant=gid://shopify/ProductVariant/43298453684451
2026-07-23 05:08:06,Serim Kundan Studs,Default Title,AMS-106-5504,4700.0,Restock,5,1,6,https://www.theamethyststore.com/products/serim-kundan-studs?variant=gid://shopify/ProductVariant/44434242699491
2026-07-23 05:08:06,Rithika Kundan Maatal,Default Title,AMS-109-1420,28850.0,New Arrival,1,0,1,https://www.theamethyststore.com/products/rithika-kundan-maatal?variant=gid://shopify/ProductVariant/46407471857891
2026-07-23 05:08:06,Maala Kundan Studs,Default Title,AMS-106-13354,6600.0,Restock,5,1,6,https://www.theamethyststore.com/products/maala-kundan-studs?variant=gid://shopify/ProductVariant/48903240450275
2026-07-23 05:08:06,Jivikaa Kundan Studs,Default Title,AMS-106-15438,20100.0,Restock,1,1,2,https://www.theamethyststore.com/products/kundan-studs-23?variant=gid://shopify/ProductVariant/49421236797667
2026-07-23 05:08:06,Rachikaa Kundan Jhumkas,Default Title,AMS-106-15431,29400.0,Restock,1,1,2,https://www.theamethyststore.com/products/kundan-jhumkas-13?variant=gid://shopify/ProductVariant/49421296730339
2026-07-23 05:08:06,Royal Essence Moissanite Long Necklace Set,Default Title,AMS-102-17054,165900.0,New Arrival,1,0,1,https://www.theamethyststore.com/products/royal-essence-moissanite-long-necklace-set?variant=gid://shopify/ProductVariant/49438797463779
2026-07-23 05:08:06,Bride's Legacy Moissanite Long Necklace Set,Default Title,AMS-102-17056,111700.0,New Arrival,1,0,1,https://www.theamethyststore.com/products/brides-legacy-moissanite-long-necklace-set?variant=gid://shopify/ProductVariant/49438801985763
2026-07-23 05:22:09,Pretty Look Bugadi Earrings,Default Title,AMS-106-10807,4500.0,Restock,3,0,3,https://www.theamethyststore.com/products/pretty-look-bugadi-earrings?variant=gid://shopify/ProductVariant/47442174083299
2026-07-23 05:22:09,Vaidehi 3D Spl Pendant,Default Title,AMS-104-4446,2376.0,Restock,1,1,2,https://www.theamethyststore.com/products/vaidehi-3d-spl-pendant?variant=gid://shopify/ProductVariant/49334691561699
2026-07-23 05:37:52,Lakshana Short Necklace,Default Title,AMS-102-9994,26600.0,Restock,1,0,1,https://www.theamethyststore.com/products/lakshana-short-necklace?variant=gid://shopify/ProductVariant/46754206351587
2026-07-23 05:37:52,Madurai Meenakshi 3D Spl Pendant,Default Title,AMS-104-4476,3000.0,Restock,2,0,2,https://www.theamethyststore.com/products/3d-spl-pendant-40?variant=gid://shopify/ProductVariant/49283280961763
2026-07-23 05:37:52,Bottumala Kundan Long Necklace,Default Title,AMS-102-17029,158600.0,Restock,1,1,2,https://www.theamethyststore.com/products/bottumala-kundan-long-necklace?variant=gid://shopify/ProductVariant/49421348765923
2026-07-23 05:37:52,Shinning Kundan Short Necklace,Default Title,AMS-102-17033,74700.0,Restock,1,1,2,https://www.theamethyststore.com/products/shinning-kundan-short-necklace-1?variant=gid://shopify/ProductVariant/49421374062819
2026-07-23 05:37:52,Luxurious Kundan Long Necklace,Default Title,AMS-102-17036,138300.0,Restock,1,1,2,https://www.theamethyststore.com/products/kundan-short-necklace-38?variant=gid://shopify/ProductVariant/49421378420963
2026-07-23 05:37:52,Grace Eternal Moissanite Long Necklace Set,Default Title,AMS-102-17065,145100.0,New Arrival,1,0,1,https://www.theamethyststore.com/products/moissanite-long-necklace-set-2?variant=gid://shopify/ProductVariant/49438828364003
2026-07-23 05:37:52,Classic Royal Moissanite Long Necklace Set,Default Title,AMS-102-17064,200700.0,New Arrival,1,0,1,https://www.theamethyststore.com/products/classic-royal-moissanite-long-necklace-set?variant=gid://shopify/ProductVariant/49438832296163
2026-07-23 05:52:34,Striking Long Necklace,Default Title,AMS-102-1594,46100.0,Restock,4,0,4,https://www.theamethyststore.com/products/striking-long-necklace?variant=gid://shopify/ProductVariant/39432976924822
2026-07-23 05:52:34,Gorgeous Look Kundan Short Necklace,Default Title,AMS-102-14393,69900.0,New Arrival,3,0,3,https://www.theamethyststore.com/products/gorgeous-look-kundan-short-necklace?variant=gid://shopify/ProductVariant/48294641762531
2026-07-23 05:52:34,Grace Eternal Moissanite Long Necklace Set,Default Title,AMS-102-17062,159500.0,New Arrival,1,0,1,https://www.theamethyststore.com/products/grace-eternal-moissanite-long-necklace-set?variant=gid://shopify/ProductVariant/49438833279203
2026-07-23 05:52:34,Royal Impressions Moissanite Long Necklace Set,Default Title,AMS-102-17063,177900.0,New Arrival,1,0,1,https://www.theamethyststore.com/products/royal-impressions-moissanite-long-necklace-set?variant=gid://shopify/ProductVariant/49438835015907
2026-07-23 07:22:29,Aadhanika Stone Pendant,Default Title,AMS-104-3760,1600.0,Sale,1,2,1,https://www.theamethyststore.com/products/aadhanika-stone-pendant?variant=gid://shopify/ProductVariant/48293564219619
2026-07-23 08:38:03,Lumina Moissanite Pendant Set,Default Title,AMS-104-4725,62300.0,Sold Out,1,1,0,https://www.theamethyststore.com/products/lumina-moissanite-pendant-set?variant=gid://shopify/ProductVariant/49436846981347
2026-07-23 08:51:56,Venisha Hasli Necklace,Default Title,AMS-102-16517,5300.0,Sold Out,1,1,0,https://www.theamethyststore.com/products/hasli-necklace-72?variant=gid://shopify/ProductVariant/49396580909283
2026-07-23 09:08:11,Sparkling Anklets,Default Title,AMS-114-0489,6600.0,Sold Out,1,1,0,https://www.theamethyststore.com/products/sparkling-anklets?variant=gid://shopify/ProductVariant/46083523248355
2026-07-23 09:52:18,Prabhadhara Kundan Bracelet,Default Title,AMS-103-1299,4615.0,Sold Out,1,1,0,https://www.theamethyststore.com/products/kundan-bracelet-41?variant=gid://shopify/ProductVariant/48929865236707
2026-07-23 10:08:01,Taruni Kundan Jada Billa,Default Title,AMS-112-0684,16067.3,Sale,1,2,1,https://www.theamethyststore.com/products/taruni-kundan-jada-billa?variant=gid://shopify/ProductVariant/47848555053283
2026-07-23 10:08:01,Thara Moissanite Hair Maatal,Default Title,AMS-109-2291,46200.0,Sale,1,5,4,https://www.theamethyststore.com/products/thara-moissanite-hair-maatal?variant=gid://shopify/ProductVariant/48903340490979
2026-07-23 10:22:55,Cypress Avikam Bangles,"2.6""",AMS-107-1205-2.6'',58000.0,New Arrival,2,0,2,https://www.theamethyststore.com/products/cypress-avikam-bangles?variant=gid://shopify/ProductVariant/49439343739107
2026-07-23 10:22:55,Zara Hasli Necklace,Default Title,AMS-102-16503,8400.0,Sale,1,7,6,https://www.theamethyststore.com/products/hasli-necklace-65?variant=gid://shopify/ProductVariant/49396531167459
2026-07-23 10:22:55,Royal Harmony Short Necklace Set,Default Title,AMS-102-17060,106000.0,New Arrival,1,0,1,https://www.theamethyststore.com/products/royal-harmony-short-necklace-set?variant=gid://shopify/ProductVariant/49439327355107
2026-07-23 10:37:48,Chic & Trendy Short Necklace,Black,AMS-102-7255-Black,11300.0,Sale,1,11,10,https://www.theamethyststore.com/products/short-necklace-18?variant=gid://shopify/ProductVariant/47067941699811
2026-07-23 10:37:48,Chic & Trendy Short Necklace Set,Default Title,AMS-102-13134,50580.0,Sold Out,1,1,0,https://www.theamethyststore.com/products/chic-trendy-short-necklace-set-3?variant=gid://shopify/ProductVariant/47724988170467
2026-07-23 10:37:48,Samaira Diamond Design Studs,Default Title,AMS-106-13164,7656.0,Sold Out,1,1,0,https://www.theamethyststore.com/products/samaira-diamond-design-studs?variant=gid://shopify/ProductVariant/48731955921123
2026-07-23 10:37:48,Aisha Floral Avikam Short Necklace Set,Default Title,AMS-102-11110,35700.0,Sold Out,1,1,0,https://www.theamethyststore.com/products/avikam-short-necklace-set-16?variant=gid://shopify/ProductVariant/49359569977571
2026-07-23 10:37:48,Azalea Stone Pair Bangles,"2.8""","AMS-107-0681-2.8""",38129.84,Sold Out,1,1,0,https://www.theamethyststore.com/products/azalea-stone-pair-bangles?variant=gid://shopify/ProductVariant/43537664868579
2026-07-23 10:37:48,Tharigan Stone Choker Set,Default Title,AMS-102-5076,154519.0,Sold Out,1,1,0,https://www.theamethyststore.com/products/tharigan-stone-choker?variant=gid://shopify/ProductVariant/44071911031011
2026-07-23 10:37:48,Cynthiya Kundan Studs,Default Title,AMS-106-5664,30096.9,Sold Out,1,1,0,https://www.theamethyststore.com/products/cynthiya-kundan-studs?variant=gid://shopify/ProductVariant/44632647336163
2026-07-23 10:37:48,Bhumi Kundan Jhumkas,Default Title,AMS-106-5646,54982.4,Sold Out,1,1,0,https://www.theamethyststore.com/products/bhumi-kundan-jhumkas?variant=gid://shopify/ProductVariant/44632780407011
2026-07-23 10:37:48,Sohni Kundan Choker,Default Title,AMS-102-5795,39106.8,Sold Out,1,1,0,https://www.theamethyststore.com/products/sohni-kundan-choker?variant=gid://shopify/ProductVariant/44636298936547
2026-07-23 10:37:48,Raasya Kundan Long Earrings,Default Title,AMS-106-5725,98886.0,Sold Out,1,1,0,https://www.theamethyststore.com/products/raasya-kundan-jhumkas?variant=gid://shopify/ProductVariant/44636312502499
2026-07-23 10:37:48,Nura Kundan Jhumkas,Default Title,AMS-106-5666,30388.0,Sold Out,1,1,0,https://www.theamethyststore.com/products/nura-kundan-jhumkas?variant=gid://shopify/ProductVariant/44636349563107
2026-07-23 10:37:48,Hanaya Kundan Pair Bangle,"2.6""","AMS-107-0774-2.6""",123646.5,Sold Out,1,1,0,https://www.theamethyststore.com/products/hanaya-kundan-pair-bangle?variant=gid://shopify/ProductVariant/44642505785571
2026-07-23 10:37:48,Lavina Stone Pair Bangles,"2.6""","AMS-107-1128-2.6""",40353.56,Sold Out,1,1,0,https://www.theamethyststore.com/products/lavina-stone-pair-bangles?variant=gid://shopify/ProductVariant/44644058431715
2026-07-23 10:37:48,Shanta Choker Set,Default Title,AMS-102-5802,130423.0,Sold Out,1,1,0,https://www.theamethyststore.com/products/shanta-choker-set?variant=gid://shopify/ProductVariant/44659175358691
2026-07-23 10:37:48,Labhya Kundan Choker,Default Title,AMS-102-5788,115304.0,Sold Out,2,2,0,https://www.theamethyststore.com/products/labhya-kundan-choker?variant=gid://shopify/ProductVariant/44672872218851
2026-07-23 10:37:48,Bianca Stone Maangtikka,Default Title,AMS-109-1031,57989.96,Sold Out,1,1,0,https://www.theamethyststore.com/products/bianca-stone-maangtikka?variant=gid://shopify/ProductVariant/44674123727075
2026-07-23 10:37:48,Tuhina Long Necklace Set,Default Title,AMS-102-5816,119152.0,Sold Out,1,1,0,https://www.theamethyststore.com/products/tuhina-long-necklace-set?variant=gid://shopify/ProductVariant/44752945184995
2026-07-23 10:37:48,Keesha Kundan Choker,Default Title,AMS-102-5812,42115.0,Sold Out,1,1,0,https://www.theamethyststore.com/products/keesha-kundan-choker?variant=gid://shopify/ProductVariant/44755753402595
2026-07-23 10:37:48,Viara Victorian Long Necklace Set,Default Title,AMS-102-5823,86344.0,Sold Out,1,1,0,https://www.theamethyststore.com/products/viara-victorian-long-necklace-set?variant=gid://shopify/ProductVariant/44756098941155
2026-07-23 10:37:48,Aniba Kundan Studs,Default Title,AMS-106-5485,10249.0,Sold Out,3,3,0,https://www.theamethyststore.com/products/aniba-kundan-studs?variant=gid://shopify/ProductVariant/44758415409379
2026-07-23 10:37:48,Izara Long Earrings,Default Title,AMS-106-5732,11547.0,Sold Out,1,1,0,https://www.theamethyststore.com/products/izara-long-earrings?variant=gid://shopify/ProductVariant/44764024602851
2026-07-23 10:37:48,Style Icon Victorian Necklace,Default Title,AMS-102-5830,155522.0,Sold Out,1,1,0,https://www.theamethyststore.com/products/style-icon-victorian-necklace?variant=gid://shopify/ProductVariant/44811508023523
2026-07-23 10:37:48,Aarmina Drops,Default Title,AMS-106-5748,6551.0,Sold Out,1,1,0,https://www.theamethyststore.com/products/aarmina-drops?variant=gid://shopify/ProductVariant/44811685757155
2026-07-23 10:37:48,Lavian Kundan Choker,Default Title,AMS-102-5839,81664.2,Sold Out,1,1,0,https://www.theamethyststore.com/products/lavian-kundan-choker?variant=gid://shopify/ProductVariant/44842033414371
2026-07-23 10:37:48,Nivasi Pair Bangles,"2.6""","AMS-107-1146-2.6""",29905.2,Sold Out,1,1,0,https://www.theamethyststore.com/products/nivasi-pair-bangles?variant=gid://shopify/ProductVariant/44843861737699
2026-07-23 10:37:48,Harisha Short Necklace,Default Title,AMS-102-5849,48691.8,Sold Out,1,1,0,https://www.theamethyststore.com/products/harisha-short-necklace?variant=gid://shopify/ProductVariant/44901823774947
2026-07-23 10:37:48,Daksha Short Necklace,Default Title,AMS-102-5850,48308.4,Sold Out,1,1,0,https://www.theamethyststore.com/products/daksha-short-necklace?variant=gid://shopify/ProductVariant/44901825741027
2026-07-23 10:37:48,Sharuna Floral Necklace Set,Default Title,AMS-102-5870,109665.0,Sold Out,1,1,0,https://www.theamethyststore.com/products/sharuna-floral-necklace-set?variant=gid://shopify/ProductVariant/44904965505251
2026-07-23 10:37:48,Alvira Stone Earrings,Default Title,AMS-106-5764,25496.1,Sold Out,1,1,0,https://www.theamethyststore.com/products/alvira-stone-earrings-1?variant=gid://shopify/ProductVariant/44907892932835
2026-07-23 10:37:48,Ruhina Stone Earrings,Default Title,AMS-106-5767,20703.6,Sold Out,1,1,0,https://www.theamethyststore.com/products/ruhina-stone-earrings?variant=gid://shopify/ProductVariant/44908141478115
2026-07-23 10:37:48,Mahavi Stone Pair Bangles,"2.6""","AMS-107-1176-2.6""",28333.26,Sold Out,3,3,0,https://www.theamethyststore.com/products/mahavi-stone-pair-bangles?variant=gid://shopify/ProductVariant/46161530454243
2026-07-23 10:37:48,Laavin Stone Pair Bangles,"2.8""","AMS-107-1180-2.8""",15336.0,Sold Out,1,1,0,https://www.theamethyststore.com/products/laavin-stone-pair-bangles?variant=gid://shopify/ProductVariant/44912710680803
2026-07-23 10:37:48,Weslia Victorian Necklace Set,Default Title,AMS-102-5952,97680.0,Sold Out,1,1,0,https://www.theamethyststore.com/products/weslia-victorian-necklace-set?variant=gid://shopify/ProductVariant/44913505075427
2026-07-23 10:37:48,Sharika Deep Nagas Necklace,Default Title,AMS-102-5953,141768.0,Sold Out,1,1,0,https://www.theamethyststore.com/products/sharika-deep-nagas-necklace?variant=gid://shopify/ProductVariant/44913509794019
2026-07-23 10:37:48,Adhisha Moissanite Choker,Default Title,AMS-102-5951,56672.0,Sold Out,1,1,0,https://www.theamethyststore.com/products/adhisha-moissanite-choker?variant=gid://shopify/ProductVariant/44928539623651
2026-07-23 10:37:48,Rishina Avikam Bangles,"2.6""","AMS-107-1199-2.6""",73392.0,Sold Out,1,1,0,https://www.theamethyststore.com/products/rishina-avikam-bangles?variant=gid://shopify/ProductVariant/44942170521827
2026-07-23 10:37:48,Baravin Stone Short Necklace,Default Title,AMS-102-5908,44704.44,Sold Out,1,1,0,https://www.theamethyststore.com/products/baravin-stone-short-necklace?variant=gid://shopify/ProductVariant/44943971746019
2026-07-23 10:37:48,Jenitha Stone Short Necklace,Default Title,AMS-102-5967,93262.76,Sold Out,1,1,0,https://www.theamethyststore.com/products/jenitha-stone-short-necklace?variant=gid://shopify/ProductVariant/44944007626979
2026-07-23 10:37:48,Delciya Short Necklace,Default Title,AMS-102-5968,89140.5,Sold Out,1,1,0,https://www.theamethyststore.com/products/delciya-short-necklace?variant=gid://shopify/ProductVariant/44944061563107
2026-07-23 10:37:48,Amithva Stone Earrings,Default Title,AMS-106-5669,17636.4,Sold Out,1,1,0,https://www.theamethyststore.com/products/amithva-stone-earrings?variant=gid://shopify/ProductVariant/44953003360483
2026-07-23 10:37:48,Brindha Stone Earrings,Default Title,AMS-106-5804,17828.1,Sold Out,1,1,0,https://www.theamethyststore.com/products/brindha-stone-earrings?variant=gid://shopify/ProductVariant/44953023185123
2026-07-23 10:37:48,Rysa Chandhubaali Earrings,Default Title,AMS-106-5805,22300.0,Sold Out,1,1,0,https://www.theamethyststore.com/products/rysa-chandhubaali-earrings?variant=gid://shopify/ProductVariant/44953025020131
2026-07-23 10:37:48,Aarvi Stone Long Earrings,Default Title,AMS-106-5809,32092.0,Sold Out,3,3,0,https://www.theamethyststore.com/products/aarvi-stone-long-earrings?variant=gid://shopify/ProductVariant/44953028722915
2026-07-23 10:37:48,Arpisha Nagas Necklace,Default Title,AMS-102-6045,38531.7,Sold Out,1,1,0,https://www.theamethyststore.com/products/arpisha-nagas-necklace?variant=gid://shopify/ProductVariant/44956392653027
2026-07-23 10:37:48,Arina Floral Ring,Default Title,AMS-101-0545,11167.0,Sold Out,1,1,0,https://www.theamethyststore.com/products/arina-floral-ring?variant=gid://shopify/ProductVariant/44979905462499
2026-07-23 10:37:48,Jivika Bracelet,Default Title,AMS-103-0429,24827.0,Sold Out,1,1,0,https://www.theamethyststore.com/products/jivika-bracelet?variant=gid://shopify/ProductVariant/44985306185955
2026-07-23 10:37:48,Haritha Adjustable Bracelet,Default Title,AMS-103-0430,12932.0,Sold Out,1,1,0,https://www.theamethyststore.com/products/haritha-adjustable-bracelet?variant=gid://shopify/ProductVariant/44985311002851
2026-07-23 10:37:48,Farish Avikam Earrings,Default Title,AMS-106-5852,26093.0,Sold Out,1,1,0,https://www.theamethyststore.com/products/farish-avikam-earrings?variant=gid://shopify/ProductVariant/44987589656803
2026-07-23 10:37:48,Heriyan Victorian Studs,Default Title,AMS-106-5872,8900.0,Sold Out,7,7,0,https://www.theamethyststore.com/products/heriyan-victorian-studs?variant=gid://shopify/ProductVariant/44987603681507
2026-07-23 10:37:48,Forsythia Avikam Jhumkas,Default Title,AMS-106-5787,22135.0,Sold Out,1,1,0,https://www.theamethyststore.com/products/forsythia-avikam-jhumkas?variant=gid://shopify/ProductVariant/44987666727139
2026-07-23 10:37:48,Abelia Diamond Design Jhumkas,Default Title,AMS-106-5832,21974.0,Sold Out,1,1,0,https://www.theamethyststore.com/products/abelia-diamond-design-jhumkas?variant=gid://shopify/ProductVariant/44987671216355
2026-07-23 10:37:48,Gulmohar Diamond Design Jhumkas,Default Title,AMS-106-5833,25960.0,Sold Out,1,1,0,https://www.theamethyststore.com/products/gulmohar-diamond-design-jhumkas?variant=gid://shopify/ProductVariant/44987674296547
2026-07-23 10:37:48,Scarlet Diamond Look Jhumkas,Default Title,AMS-106-5843,23610.0,Sold Out,1,1,0,https://www.theamethyststore.com/products/scarlet-diamond-look-jhumkas?variant=gid://shopify/ProductVariant/44987741864163
2026-07-23 10:37:48,Calendula Diamond Look Jhumkas,Default Title,AMS-106-5844,17300.0,Sold Out,2,2,0,https://www.theamethyststore.com/products/calendula-diamond-look-jhumkas?variant=gid://shopify/ProductVariant/44987751006435
2026-07-23 10:37:48,Narcissus Diamond Design Jhumkas,Default Title,AMS-106-5846,24600.0,Sold Out,1,1,0,https://www.theamethyststore.com/products/narcissus-diamond-design-jhumkas?variant=gid://shopify/ProductVariant/44987763032291
2026-07-23 10:37:48,Acacia Diamond Look Jhumkas,Default Title,AMS-106-5871,12800.0,Sold Out,3,3,0,https://www.theamethyststore.com/products/acacia-diamond-look-jhumkas?variant=gid://shopify/ProductVariant/44987778466019
2026-07-23 10:37:48,Bridal Nagas Long Necklace,Default Title,AMS-102-6029,219496.5,Sold Out,1,1,0,https://www.theamethyststore.com/products/bridal-nagas-long-necklace?variant=gid://shopify/ProductVariant/44989150363875
2026-07-23 10:37:48,Rosella Beads Necklace,Default Title,AMS-102-5956,12089.0,Sold Out,1,1,0,https://www.theamethyststore.com/products/rosella-beads-necklace?variant=gid://shopify/ProductVariant/44992771260643
2026-07-23 10:37:48,Afroza Stone Choker,Default Title,AMS-102-6036,126086.0,Sold Out,1,1,0,https://www.theamethyststore.com/products/afroza-stone-choker?variant=gid://shopify/ProductVariant/44992774209763
2026-07-23 10:37:48,Gorgeous Long Necklace Set,Default Title,AMS-102-6076,224873.0,Sold Out,1,1,0,https://www.theamethyststore.com/products/gorgeous-long-necklace-set?variant=gid://shopify/ProductVariant/44992796492003
2026-07-23 10:37:48,Gaargi Nagas Necklace,Default Title,AMS-102-6097,89140.5,Sold Out,1,1,0,https://www.theamethyststore.com/products/gaargi-nagas-necklace?variant=gid://shopify/ProductVariant/44992825229539
2026-07-23 10:37:48,Navila Hook Pichwai,Default Title,AMS-106-5786,16705.0,Sold Out,1,1,0,https://www.theamethyststore.com/products/navila-hook-pichwai?variant=gid://shopify/ProductVariant/44995004956899
2026-07-23 10:37:48,Plentiful Long Earrings,Default Title,AMS-106-5911,52700.0,Sold Out,1,1,0,https://www.theamethyststore.com/products/plentiful-long-earrings?variant=gid://shopify/ProductVariant/44995447652579
2026-07-23 10:37:48,Voguish Long Earrings,Default Title,AMS-106-5914,25608.0,Sold Out,1,1,0,https://www.theamethyststore.com/products/voguish-long-earrings?variant=gid://shopify/ProductVariant/44995479699683
2026-07-23 10:37:48,Cypress Avikam Bangles,"2.4""","AMS-107-1205-2.4""",54032.0,Sold Out,3,3,0,https://www.theamethyststore.com/products/cypress-avikam-bangles?variant=gid://shopify/ProductVariant/45005543801059
2026-07-23 10:37:48,Cypress Avikam Bangles,"2.6""",AMS-107-1205-2.6'',58000.0,Sold Out,2,2,0,https://www.theamethyststore.com/products/cypress-avikam-bangles?variant=gid://shopify/ProductVariant/49439343739107
2026-07-23 10:37:48,Rutvin Short Necklace,Default Title,AMS-102-6010,73612.8,Sold Out,1,1,0,https://www.theamethyststore.com/products/rutvin-short-necklace?variant=gid://shopify/ProductVariant/45005721600227
2026-07-23 10:37:48,Petunia Nagas Short Necklace,Default Title,AMS-102-6016,40640.4,Sold Out,1,1,0,https://www.theamethyststore.com/products/petunia-nagas-short-necklace?variant=gid://shopify/ProductVariant/45005836648675
2026-07-23 10:37:48,Tremendous Nagas Nakshi Jhumkas,Default Title,AMS-106-5922,30850.0,Sold Out,1,1,0,https://www.theamethyststore.com/products/tremendous-kundan-jhumkas?variant=gid://shopify/ProductVariant/45028836212963
2026-07-23 10:37:48,Vivara Nagas Earrings,Default Title,AMS-106-5930,16501.0,Sold Out,1,1,0,https://www.theamethyststore.com/products/vivara-nagas-earrings?variant=gid://shopify/ProductVariant/45030040895715
2026-07-23 10:37:48,Abelia Turquoise Jhumkas,Default Title,AMS-106-5938,24640.0,Sold Out,1,1,0,https://www.theamethyststore.com/products/abelia-turquoise-jhumkas?variant=gid://shopify/ProductVariant/45030096535779
2026-07-23 10:37:48,Neha Chandhubaali Earrings,Default Title,AMS-106-5882,16970.0,Sold Out,1,1,0,https://www.theamethyststore.com/products/neha-chandhubaali-earrings?variant=gid://shopify/ProductVariant/45045183971555
2026-07-23 10:37:48,Akira Stone Earrings,Default Title,AMS-106-5883,17828.1,Sold Out,1,1,0,https://www.theamethyststore.com/products/akira-stone-earrings?variant=gid://shopify/ProductVariant/45057826914531
2026-07-23 10:37:48,Glorious Deep Nagas Necklace,Default Title,AMS-102-6145,71544.0,Sold Out,1,1,0,https://www.theamethyststore.com/products/glorious-deep-nagas-necklace-1?variant=gid://shopify/ProductVariant/45059334373603
2026-07-23 10:37:48,Beauteous Necklace Set,Default Title,AMS-102-6176,76648.0,Sold Out,1,1,0,https://www.theamethyststore.com/products/beauteous-necklace-set?variant=gid://shopify/ProductVariant/45092073341155
2026-07-23 10:37:48,Dharra Long Necklace Set,Default Title,AMS-102-6179,77000.0,Sold Out,1,1,0,https://www.theamethyststore.com/products/dharra-long-necklace-set?variant=gid://shopify/ProductVariant/45092093722851
2026-07-23 10:37:48,Granish Necklace Set,Default Title,AMS-102-6182,86152.0,Sold Out,1,1,0,https://www.theamethyststore.com/products/granish-necklace-set?variant=gid://shopify/ProductVariant/45092123246819
2026-07-23 10:37:48,Yuvani Necklace Set,Default Title,AMS-102-6186,172568.0,Sold Out,1,1,0,https://www.theamethyststore.com/products/yuvani-necklace-set-1?variant=gid://shopify/ProductVariant/45092176167139
2026-07-23 10:37:48,Fantasi Necklace Set,Default Title,AMS-102-6188,219560.0,Sold Out,1,1,0,https://www.theamethyststore.com/products/fantasi-necklace-set?variant=gid://shopify/ProductVariant/45092305600739
2026-07-23 10:37:48,Weslia Gold plated Plain Chain,Default Title,AMS-105-0472,20991.86,Sold Out,1,1,0,https://www.theamethyststore.com/products/weslia-gold-plated-plain-chain?variant=gid://shopify/ProductVariant/45093087641827
2026-07-23 10:37:48,Walida Victorian Long Necklace,Default Title,AMS-102-3824,119839.0,Sold Out,1,1,0,https://www.theamethyststore.com/products/walida-victorian-long-necklace?variant=gid://shopify/ProductVariant/45108183728355
2026-07-23 10:37:48,Ghazal Kundan Short Necklace,Default Title,AMS-102-1811,121346.1,Sold Out,1,1,0,https://www.theamethyststore.com/products/ghazal-kundan-short-necklace?variant=gid://shopify/ProductVariant/45108410286307
2026-07-23 10:37:48,Shruti Kundan Maangtikka,Default Title,AMS-109-1073,22678.82,Sold Out,1,1,0,https://www.theamethyststore.com/products/shruti-kundan-maangtikka?variant=gid://shopify/ProductVariant/45108453408995
2026-07-23 10:37:48,Single Layer Mangalsutra Chain,Default Title,AMS-105-0477,4700.0,Sold Out,40,40,0,https://www.theamethyststore.com/products/single-layer-mangalsutra-chain?variant=gid://shopify/ProductVariant/45108464386275
2026-07-23 10:37:48,Alluring Victorian Necklace Set,Default Title,AMS-102-6220,55500.0,Sold Out,1,1,0,https://www.theamethyststore.com/products/alluring-victorian-necklace-set-1?variant=gid://shopify/ProductVariant/45111475110115
2026-07-23 10:37:48,Marias Bracelet,Default Title,AMS-103-0449,31168.0,Sold Out,1,1,0,https://www.theamethyststore.com/products/marias-bracelet-1?variant=gid://shopify/ProductVariant/45115629011171
2026-07-23 10:37:48,Disha Maangtikka,Default Title,AMS-109-1092,12652.2,Sold Out,1,1,0,https://www.theamethyststore.com/products/disha-maangtikka?variant=gid://shopify/ProductVariant/45117698310371
2026-07-23 10:37:48,Siyani Nagas Tikka,Default Title,AMS-109-1098,4984.2,Sold Out,1,1,0,https://www.theamethyststore.com/products/siyani-nagas-tikka?variant=gid://shopify/ProductVariant/45118347772131
2026-07-23 10:37:48,Sarahi Pendant,Default Title,AMS-104-1678,11885.4,Sold Out,1,1,0,https://www.theamethyststore.com/products/sarahi-pendant?variant=gid://shopify/ProductVariant/45135577612515
2026-07-23 10:37:48,Heera Oxidised  Earrings,Default Title,AMS-106-5990,25304.4,Sold Out,1,1,0,https://www.theamethyststore.com/products/heera-oxidised-earrings?variant=gid://shopify/ProductVariant/45146733543651
2026-07-23 10:37:48,Laksha Oxidised  Earrings,Default Title,AMS-106-5991,13802.4,Sold Out,1,1,0,https://www.theamethyststore.com/products/laksha-oxidised-earrings?variant=gid://shopify/ProductVariant/45146754318563
2026-07-23 10:37:48,Laxmi Victorian Vanki Cum Chocker,Default Title,AMS-112-0379,38900.0,Sold Out,1,1,0,https://www.theamethyststore.com/products/nagas-vanki?variant=gid://shopify/ProductVariant/45151703564515
2026-07-23 10:37:48,Syomi Long Necklace Set,Default Title,AMS-102-6239,204700.0,Sold Out,1,1,0,https://www.theamethyststore.com/products/syomi-long-necklace-set?variant=gid://shopify/ProductVariant/45171986727139
2026-07-23 10:37:48,Fabian Victorian Maangtikka,Default Title,AMS-109-1109,17149.0,Sold Out,1,1,0,https://www.theamethyststore.com/products/fabian-victorian-maangtikka?variant=gid://shopify/ProductVariant/45176635195619
2026-07-23 10:37:48,Lazuli Stone Pendant,Default Title,AMS-104-1687,2683.8,Sold Out,1,1,0,https://www.theamethyststore.com/products/lazuli-stone-pendant?variant=gid://shopify/ProductVariant/45185953956067
2026-07-23 10:37:48,Hitika Stone Studs,Default Title,AMS-106-6000,5600.0,Sold Out,4,4,0,https://www.theamethyststore.com/products/hitika-stone-studs?variant=gid://shopify/ProductVariant/45186069790947
2026-07-23 10:37:48,Daisy Floral Short Necklace Set,Default Title,AMS-102-7400,105956.0,Sold Out,1,1,0,https://www.theamethyststore.com/products/daisy-floral-short-necklace-set?variant=gid://shopify/ProductVariant/45586057658595
2026-07-23 10:52:24,Shahira Pair Bangles,"2.4""","AMS-107-0868-2.4""",20700.0,Sale,1,2,1,https://www.theamethyststore.com/products/shahira-pair-bangles?variant=gid://shopify/ProductVariant/43798317498595
2026-07-23 10:52:24,Cynthiya Kundan Studs,Default Title,AMS-106-5664,30096.9,New Arrival,1,0,1,https://www.theamethyststore.com/products/cynthiya-kundan-studs?variant=gid://shopify/ProductVariant/44632647336163
2026-07-23 10:52:24,Bhumi Kundan Jhumkas,Default Title,AMS-106-5646,54982.4,New Arrival,1,0,1,https://www.theamethyststore.com/products/bhumi-kundan-jhumkas?variant=gid://shopify/ProductVariant/44632780407011
2026-07-23 10:52:24,Sohni Kundan Choker,Default Title,AMS-102-5795,39106.8,New Arrival,1,0,1,https://www.theamethyststore.com/products/sohni-kundan-choker?variant=gid://shopify/ProductVariant/44636298936547
2026-07-23 10:52:24,Raasya Kundan Long Earrings,Default Title,AMS-106-5725,98886.0,New Arrival,1,0,1,https://www.theamethyststore.com/products/raasya-kundan-jhumkas?variant=gid://shopify/ProductVariant/44636312502499
2026-07-23 10:52:24,Nura Kundan Jhumkas,Default Title,AMS-106-5666,30388.0,New Arrival,1,0,1,https://www.theamethyststore.com/products/nura-kundan-jhumkas?variant=gid://shopify/ProductVariant/44636349563107
2026-07-23 10:52:24,Hanaya Kundan Pair Bangle,"2.6""","AMS-107-0774-2.6""",123646.5,New Arrival,1,0,1,https://www.theamethyststore.com/products/hanaya-kundan-pair-bangle?variant=gid://shopify/ProductVariant/44642505785571
2026-07-23 10:52:24,Lavina Stone Pair Bangles,"2.6""","AMS-107-1128-2.6""",40353.56,New Arrival,1,0,1,https://www.theamethyststore.com/products/lavina-stone-pair-bangles?variant=gid://shopify/ProductVariant/44644058431715
2026-07-23 10:52:24,Shanta Choker Set,Default Title,AMS-102-5802,130423.0,New Arrival,1,0,1,https://www.theamethyststore.com/products/shanta-choker-set?variant=gid://shopify/ProductVariant/44659175358691
2026-07-23 10:52:24,Labhya Kundan Choker,Default Title,AMS-102-5788,115304.0,New Arrival,2,0,2,https://www.theamethyststore.com/products/labhya-kundan-choker?variant=gid://shopify/ProductVariant/44672872218851
2026-07-23 10:52:24,Bianca Stone Maangtikka,Default Title,AMS-109-1031,57989.96,New Arrival,1,0,1,https://www.theamethyststore.com/products/bianca-stone-maangtikka?variant=gid://shopify/ProductVariant/44674123727075
2026-07-23 10:52:24,Tuhina Long Necklace Set,Default Title,AMS-102-5816,119152.0,New Arrival,1,0,1,https://www.theamethyststore.com/products/tuhina-long-necklace-set?variant=gid://shopify/ProductVariant/44752945184995
2026-07-23 10:52:24,Keesha Kundan Choker,Default Title,AMS-102-5812,42115.0,New Arrival,1,0,1,https://www.theamethyststore.com/products/keesha-kundan-choker?variant=gid://shopify/ProductVariant/44755753402595
2026-07-23 10:52:24,Viara Victorian Long Necklace Set,Default Title,AMS-102-5823,86344.0,New Arrival,1,0,1,https://www.theamethyststore.com/products/viara-victorian-long-necklace-set?variant=gid://shopify/ProductVariant/44756098941155
2026-07-23 10:52:24,Aniba Kundan Studs,Default Title,AMS-106-5485,10249.0,New Arrival,3,0,3,https://www.theamethyststore.com/products/aniba-kundan-studs?variant=gid://shopify/ProductVariant/44758415409379
2026-07-23 10:52:24,Izara Long Earrings,Default Title,AMS-106-5732,11547.0,New Arrival,1,0,1,https://www.theamethyststore.com/products/izara-long-earrings?variant=gid://shopify/ProductVariant/44764024602851
2026-07-23 10:52:24,Style Icon Victorian Necklace,Default Title,AMS-102-5830,155522.0,New Arrival,1,0,1,https://www.theamethyststore.com/products/style-icon-victorian-necklace?variant=gid://shopify/ProductVariant/44811508023523
2026-07-23 10:52:24,Aarmina Drops,Default Title,AMS-106-5748,6551.0,New Arrival,1,0,1,https://www.theamethyststore.com/products/aarmina-drops?variant=gid://shopify/ProductVariant/44811685757155
2026-07-23 10:52:24,Lavian Kundan Choker,Default Title,AMS-102-5839,81664.2,New Arrival,1,0,1,https://www.theamethyststore.com/products/lavian-kundan-choker?variant=gid://shopify/ProductVariant/44842033414371
2026-07-23 10:52:24,Nivasi Pair Bangles,"2.6""","AMS-107-1146-2.6""",29905.2,New Arrival,1,0,1,https://www.theamethyststore.com/products/nivasi-pair-bangles?variant=gid://shopify/ProductVariant/44843861737699
2026-07-23 10:52:24,Harisha Short Necklace,Default Title,AMS-102-5849,48691.8,New Arrival,1,0,1,https://www.theamethyststore.com/products/harisha-short-necklace?variant=gid://shopify/ProductVariant/44901823774947
2026-07-23 10:52:24,Daksha Short Necklace,Default Title,AMS-102-5850,48308.4,New Arrival,1,0,1,https://www.theamethyststore.com/products/daksha-short-necklace?variant=gid://shopify/ProductVariant/44901825741027
2026-07-23 10:52:24,Alvira Stone Earrings,Default Title,AMS-106-5764,25496.1,New Arrival,1,0,1,https://www.theamethyststore.com/products/alvira-stone-earrings-1?variant=gid://shopify/ProductVariant/44907892932835
2026-07-23 10:52:24,Ruhina Stone Earrings,Default Title,AMS-106-5767,20703.6,New Arrival,1,0,1,https://www.theamethyststore.com/products/ruhina-stone-earrings?variant=gid://shopify/ProductVariant/44908141478115
2026-07-23 10:52:24,Mahavi Stone Pair Bangles,"2.6""","AMS-107-1176-2.6""",28333.26,New Arrival,3,0,3,https://www.theamethyststore.com/products/mahavi-stone-pair-bangles?variant=gid://shopify/ProductVariant/46161530454243
2026-07-23 10:52:24,Laavin Stone Pair Bangles,"2.8""","AMS-107-1180-2.8""",15336.0,New Arrival,1,0,1,https://www.theamethyststore.com/products/laavin-stone-pair-bangles?variant=gid://shopify/ProductVariant/44912710680803
2026-07-23 10:52:24,Weslia Victorian Necklace Set,Default Title,AMS-102-5952,97680.0,New Arrival,1,0,1,https://www.theamethyststore.com/products/weslia-victorian-necklace-set?variant=gid://shopify/ProductVariant/44913505075427
2026-07-23 10:52:24,Sharika Deep Nagas Necklace,Default Title,AMS-102-5953,141768.0,New Arrival,1,0,1,https://www.theamethyststore.com/products/sharika-deep-nagas-necklace?variant=gid://shopify/ProductVariant/44913509794019
2026-07-23 10:52:24,Adhisha Moissanite Choker,Default Title,AMS-102-5951,56672.0,New Arrival,1,0,1,https://www.theamethyststore.com/products/adhisha-moissanite-choker?variant=gid://shopify/ProductVariant/44928539623651
2026-07-23 10:52:24,Rishina Avikam Bangles,"2.6""","AMS-107-1199-2.6""",73392.0,New Arrival,1,0,1,https://www.theamethyststore.com/products/rishina-avikam-bangles?variant=gid://shopify/ProductVariant/44942170521827
2026-07-23 10:52:24,Baravin Stone Short Necklace,Default Title,AMS-102-5908,44704.44,New Arrival,1,0,1,https://www.theamethyststore.com/products/baravin-stone-short-necklace?variant=gid://shopify/ProductVariant/44943971746019
2026-07-23 10:52:24,Jenitha Stone Short Necklace,Default Title,AMS-102-5967,93262.76,New Arrival,1,0,1,https://www.theamethyststore.com/products/jenitha-stone-short-necklace?variant=gid://shopify/ProductVariant/44944007626979
2026-07-23 10:52:24,Delciya Short Necklace,Default Title,AMS-102-5968,89140.5,New Arrival,1,0,1,https://www.theamethyststore.com/products/delciya-short-necklace?variant=gid://shopify/ProductVariant/44944061563107
2026-07-23 10:52:24,Amithva Stone Earrings,Default Title,AMS-106-5669,17636.4,New Arrival,1,0,1,https://www.theamethyststore.com/products/amithva-stone-earrings?variant=gid://shopify/ProductVariant/44953003360483
2026-07-23 10:52:24,Brindha Stone Earrings,Default Title,AMS-106-5804,17828.1,New Arrival,1,0,1,https://www.theamethyststore.com/products/brindha-stone-earrings?variant=gid://shopify/ProductVariant/44953023185123
2026-07-23 10:52:24,Rysa Chandhubaali Earrings,Default Title,AMS-106-5805,22300.0,New Arrival,1,0,1,https://www.theamethyststore.com/products/rysa-chandhubaali-earrings?variant=gid://shopify/ProductVariant/44953025020131
2026-07-23 10:52:24,Aarvi Stone Long Earrings,Default Title,AMS-106-5809,32092.0,New Arrival,3,0,3,https://www.theamethyststore.com/products/aarvi-stone-long-earrings?variant=gid://shopify/ProductVariant/44953028722915
2026-07-23 10:52:24,Arpisha Nagas Necklace,Default Title,AMS-102-6045,38531.7,New Arrival,1,0,1,https://www.theamethyststore.com/products/arpisha-nagas-necklace?variant=gid://shopify/ProductVariant/44956392653027
2026-07-23 10:52:24,Arina Floral Ring,Default Title,AMS-101-0545,11167.0,New Arrival,1,0,1,https://www.theamethyststore.com/products/arina-floral-ring?variant=gid://shopify/ProductVariant/44979905462499
2026-07-23 10:52:24,Jivika Bracelet,Default Title,AMS-103-0429,24827.0,New Arrival,1,0,1,https://www.theamethyststore.com/products/jivika-bracelet?variant=gid://shopify/ProductVariant/44985306185955
2026-07-23 10:52:24,Haritha Adjustable Bracelet,Default Title,AMS-103-0430,12932.0,New Arrival,1,0,1,https://www.theamethyststore.com/products/haritha-adjustable-bracelet?variant=gid://shopify/ProductVariant/44985311002851
2026-07-23 10:52:24,Farish Avikam Earrings,Default Title,AMS-106-5852,26093.0,New Arrival,1,0,1,https://www.theamethyststore.com/products/farish-avikam-earrings?variant=gid://shopify/ProductVariant/44987589656803
2026-07-23 10:52:24,Heriyan Victorian Studs,Default Title,AMS-106-5872,8900.0,New Arrival,7,0,7,https://www.theamethyststore.com/products/heriyan-victorian-studs?variant=gid://shopify/ProductVariant/44987603681507
2026-07-23 10:52:24,Forsythia Avikam Jhumkas,Default Title,AMS-106-5787,22135.0,New Arrival,1,0,1,https://www.theamethyststore.com/products/forsythia-avikam-jhumkas?variant=gid://shopify/ProductVariant/44987666727139
2026-07-23 10:52:24,Abelia Diamond Design Jhumkas,Default Title,AMS-106-5832,21974.0,New Arrival,1,0,1,https://www.theamethyststore.com/products/abelia-diamond-design-jhumkas?variant=gid://shopify/ProductVariant/44987671216355
2026-07-23 10:52:24,Gulmohar Diamond Design Jhumkas,Default Title,AMS-106-5833,25960.0,New Arrival,1,0,1,https://www.theamethyststore.com/products/gulmohar-diamond-design-jhumkas?variant=gid://shopify/ProductVariant/44987674296547
2026-07-23 10:52:24,Scarlet Diamond Look Jhumkas,Default Title,AMS-106-5843,23610.0,New Arrival,1,0,1,https://www.theamethyststore.com/products/scarlet-diamond-look-jhumkas?variant=gid://shopify/ProductVariant/44987741864163
2026-07-23 10:52:24,Calendula Diamond Look Jhumkas,Default Title,AMS-106-5844,17300.0,New Arrival,2,0,2,https://www.theamethyststore.com/products/calendula-diamond-look-jhumkas?variant=gid://shopify/ProductVariant/44987751006435
2026-07-23 10:52:24,Narcissus Diamond Design Jhumkas,Default Title,AMS-106-5846,24600.0,New Arrival,1,0,1,https://www.theamethyststore.com/products/narcissus-diamond-design-jhumkas?variant=gid://shopify/ProductVariant/44987763032291
2026-07-23 10:52:24,Acacia Diamond Look Jhumkas,Default Title,AMS-106-5871,12800.0,New Arrival,3,0,3,https://www.theamethyststore.com/products/acacia-diamond-look-jhumkas?variant=gid://shopify/ProductVariant/44987778466019
2026-07-23 10:52:24,Bridal Nagas Long Necklace,Default Title,AMS-102-6029,219496.5,New Arrival,1,0,1,https://www.theamethyststore.com/products/bridal-nagas-long-necklace?variant=gid://shopify/ProductVariant/44989150363875
2026-07-23 10:52:24,Rosella Beads Necklace,Default Title,AMS-102-5956,12089.0,New Arrival,1,0,1,https://www.theamethyststore.com/products/rosella-beads-necklace?variant=gid://shopify/ProductVariant/44992771260643
2026-07-23 10:52:24,Afroza Stone Choker,Default Title,AMS-102-6036,126086.0,New Arrival,1,0,1,https://www.theamethyststore.com/products/afroza-stone-choker?variant=gid://shopify/ProductVariant/44992774209763
2026-07-23 10:52:24,Gorgeous Long Necklace Set,Default Title,AMS-102-6076,224873.0,New Arrival,1,0,1,https://www.theamethyststore.com/products/gorgeous-long-necklace-set?variant=gid://shopify/ProductVariant/44992796492003
2026-07-23 10:52:24,Gaargi Nagas Necklace,Default Title,AMS-102-6097,89140.5,New Arrival,1,0,1,https://www.theamethyststore.com/products/gaargi-nagas-necklace?variant=gid://shopify/ProductVariant/44992825229539
2026-07-23 10:52:24,Navila Hook Pichwai,Default Title,AMS-106-5786,16705.0,New Arrival,1,0,1,https://www.theamethyststore.com/products/navila-hook-pichwai?variant=gid://shopify/ProductVariant/44995004956899
2026-07-23 10:52:24,Plentiful Long Earrings,Default Title,AMS-106-5911,52700.0,New Arrival,1,0,1,https://www.theamethyststore.com/products/plentiful-long-earrings?variant=gid://shopify/ProductVariant/44995447652579
2026-07-23 10:52:24,Voguish Long Earrings,Default Title,AMS-106-5914,25608.0,New Arrival,1,0,1,https://www.theamethyststore.com/products/voguish-long-earrings?variant=gid://shopify/ProductVariant/44995479699683
2026-07-23 10:52:24,Cypress Avikam Bangles,"2.4""","AMS-107-1205-2.4""",54032.0,New Arrival,3,0,3,https://www.theamethyststore.com/products/cypress-avikam-bangles?variant=gid://shopify/ProductVariant/45005543801059
2026-07-23 10:52:24,Cypress Avikam Bangles,"2.6""",AMS-107-1205-2.6'',58000.0,New Arrival,2,0,2,https://www.theamethyststore.com/products/cypress-avikam-bangles?variant=gid://shopify/ProductVariant/49439343739107
2026-07-23 10:52:24,Rutvin Short Necklace,Default Title,AMS-102-6010,73612.8,New Arrival,1,0,1,https://www.theamethyststore.com/products/rutvin-short-necklace?variant=gid://shopify/ProductVariant/45005721600227
2026-07-23 10:52:24,Petunia Nagas Short Necklace,Default Title,AMS-102-6016,40640.4,New Arrival,1,0,1,https://www.theamethyststore.com/products/petunia-nagas-short-necklace?variant=gid://shopify/ProductVariant/45005836648675
2026-07-23 10:52:24,Tremendous Nagas Nakshi Jhumkas,Default Title,AMS-106-5922,30850.0,New Arrival,1,0,1,https://www.theamethyststore.com/products/tremendous-kundan-jhumkas?variant=gid://shopify/ProductVariant/45028836212963
2026-07-23 10:52:24,Vivara Nagas Earrings,Default Title,AMS-106-5930,16501.0,New Arrival,1,0,1,https://www.theamethyststore.com/products/vivara-nagas-earrings?variant=gid://shopify/ProductVariant/45030040895715
2026-07-23 10:52:24,Abelia Turquoise Jhumkas,Default Title,AMS-106-5938,24640.0,New Arrival,1,0,1,https://www.theamethyststore.com/products/abelia-turquoise-jhumkas?variant=gid://shopify/ProductVariant/45030096535779
2026-07-23 10:52:24,Neha Chandhubaali Earrings,Default Title,AMS-106-5882,16970.0,New Arrival,1,0,1,https://www.theamethyststore.com/products/neha-chandhubaali-earrings?variant=gid://shopify/ProductVariant/45045183971555
2026-07-23 10:52:24,Akira Stone Earrings,Default Title,AMS-106-5883,17828.1,New Arrival,1,0,1,https://www.theamethyststore.com/products/akira-stone-earrings?variant=gid://shopify/ProductVariant/45057826914531
2026-07-23 10:52:24,Glorious Deep Nagas Necklace,Default Title,AMS-102-6145,71544.0,New Arrival,1,0,1,https://www.theamethyststore.com/products/glorious-deep-nagas-necklace-1?variant=gid://shopify/ProductVariant/45059334373603
2026-07-23 10:52:24,Beauteous Necklace Set,Default Title,AMS-102-6176,76648.0,New Arrival,1,0,1,https://www.theamethyststore.com/products/beauteous-necklace-set?variant=gid://shopify/ProductVariant/45092073341155
2026-07-23 10:52:24,Dharra Long Necklace Set,Default Title,AMS-102-6179,77000.0,New Arrival,1,0,1,https://www.theamethyststore.com/products/dharra-long-necklace-set?variant=gid://shopify/ProductVariant/45092093722851
2026-07-23 10:52:24,Granish Necklace Set,Default Title,AMS-102-6182,86152.0,New Arrival,1,0,1,https://www.theamethyststore.com/products/granish-necklace-set?variant=gid://shopify/ProductVariant/45092123246819
2026-07-23 10:52:24,Yuvani Necklace Set,Default Title,AMS-102-6186,172568.0,New Arrival,1,0,1,https://www.theamethyststore.com/products/yuvani-necklace-set-1?variant=gid://shopify/ProductVariant/45092176167139
2026-07-23 10:52:24,Fantasi Necklace Set,Default Title,AMS-102-6188,219560.0,New Arrival,1,0,1,https://www.theamethyststore.com/products/fantasi-necklace-set?variant=gid://shopify/ProductVariant/45092305600739
2026-07-23 10:52:24,Weslia Gold plated Plain Chain,Default Title,AMS-105-0472,20991.86,New Arrival,1,0,1,https://www.theamethyststore.com/products/weslia-gold-plated-plain-chain?variant=gid://shopify/ProductVariant/45093087641827
2026-07-23 10:52:24,Walida Victorian Long Necklace,Default Title,AMS-102-3824,119839.0,New Arrival,1,0,1,https://www.theamethyststore.com/products/walida-victorian-long-necklace?variant=gid://shopify/ProductVariant/45108183728355
2026-07-23 10:52:24,Ghazal Kundan Short Necklace,Default Title,AMS-102-1811,121346.1,New Arrival,1,0,1,https://www.theamethyststore.com/products/ghazal-kundan-short-necklace?variant=gid://shopify/ProductVariant/45108410286307
2026-07-23 10:52:24,Shruti Kundan Maangtikka,Default Title,AMS-109-1073,22678.82,New Arrival,1,0,1,https://www.theamethyststore.com/products/shruti-kundan-maangtikka?variant=gid://shopify/ProductVariant/45108453408995
2026-07-23 10:52:24,Single Layer Mangalsutra Chain,Default Title,AMS-105-0477,4700.0,New Arrival,40,0,40,https://www.theamethyststore.com/products/single-layer-mangalsutra-chain?variant=gid://shopify/ProductVariant/45108464386275
2026-07-23 10:52:24,Alluring Victorian Necklace Set,Default Title,AMS-102-6220,55500.0,New Arrival,1,0,1,https://www.theamethyststore.com/products/alluring-victorian-necklace-set-1?variant=gid://shopify/ProductVariant/45111475110115
2026-07-23 10:52:24,Marias Bracelet,Default Title,AMS-103-0449,31168.0,New Arrival,1,0,1,https://www.theamethyststore.com/products/marias-bracelet-1?variant=gid://shopify/ProductVariant/45115629011171
2026-07-23 10:52:24,Disha Maangtikka,Default Title,AMS-109-1092,12652.2,New Arrival,1,0,1,https://www.theamethyststore.com/products/disha-maangtikka?variant=gid://shopify/ProductVariant/45117698310371
2026-07-23 10:52:24,Siyani Nagas Tikka,Default Title,AMS-109-1098,4984.2,New Arrival,1,0,1,https://www.theamethyststore.com/products/siyani-nagas-tikka?variant=gid://shopify/ProductVariant/45118347772131
2026-07-23 10:52:24,Sarahi Pendant,Default Title,AMS-104-1678,11885.4,New Arrival,1,0,1,https://www.theamethyststore.com/products/sarahi-pendant?variant=gid://shopify/ProductVariant/45135577612515
2026-07-23 10:52:24,Heera Oxidised  Earrings,Default Title,AMS-106-5990,25304.4,New Arrival,1,0,1,https://www.theamethyststore.com/products/heera-oxidised-earrings?variant=gid://shopify/ProductVariant/45146733543651
2026-07-23 10:52:24,Laksha Oxidised  Earrings,Default Title,AMS-106-5991,13802.4,New Arrival,1,0,1,https://www.theamethyststore.com/products/laksha-oxidised-earrings?variant=gid://shopify/ProductVariant/45146754318563
2026-07-23 10:52:24,Laxmi Victorian Vanki Cum Chocker,Default Title,AMS-112-0379,38900.0,New Arrival,1,0,1,https://www.theamethyststore.com/products/nagas-vanki?variant=gid://shopify/ProductVariant/45151703564515
2026-07-23 10:52:24,Syomi Long Necklace Set,Default Title,AMS-102-6239,204700.0,New Arrival,1,0,1,https://www.theamethyststore.com/products/syomi-long-necklace-set?variant=gid://shopify/ProductVariant/45171986727139
2026-07-23 10:52:24,Fabian Victorian Maangtikka,Default Title,AMS-109-1109,17149.0,New Arrival,1,0,1,https://www.theamethyststore.com/products/fabian-victorian-maangtikka?variant=gid://shopify/ProductVariant/45176635195619
2026-07-23 10:52:24,Lazuli Stone Pendant,Default Title,AMS-104-1687,2683.8,New Arrival,1,0,1,https://www.theamethyststore.com/products/lazuli-stone-pendant?variant=gid://shopify/ProductVariant/45185953956067
2026-07-23 10:52:24,Hitika Stone Studs,Default Title,AMS-106-6000,5600.0,New Arrival,4,0,4,https://www.theamethyststore.com/products/hitika-stone-studs?variant=gid://shopify/ProductVariant/45186069790947
2026-07-23 10:52:24,Josephine Stone Pair Bangles,"2.4""","AMS-107-1527-2.4""",14555.0,Sale,1,2,1,https://www.theamethyststore.com/products/josephine-stone-pair-bangles?variant=gid://shopify/ProductVariant/47270275219683
2026-07-23 10:52:24,Royal Stone Short Necklace,Default Title,AMS-102-13920,84901.8,Sale,1,2,1,https://www.theamethyststore.com/products/royal-stone-short-necklace?variant=gid://shopify/ProductVariant/47848005599459
2026-07-23 10:52:24,Viruthika Nagas Pendant,Default Title,AMS-104-3146,14768.0,Sold Out,1,1,0,https://www.theamethyststore.com/products/viruthika-nagas-pendant?variant=gid://shopify/ProductVariant/47806572265699
2026-07-23 10:52:24,Ovisha Choker Set,Default Title,AMS-102-5487,187055.0,Sold Out,1,1,0,https://www.theamethyststore.com/products/ovisha-choker-set?variant=gid://shopify/ProductVariant/44366641627363
2026-07-23 11:08:09,Legacy Glow Moissanite Necklace Set,Default Title,AMS-102-17059,174000.0,New Arrival,1,0,1,https://www.theamethyststore.com/products/legacy-glow-moissanite-necklace-set?variant=gid://shopify/ProductVariant/49439371002083
2026-07-23 11:08:09,Anusha Stone Ring,Default Title,AMS-101-2140,2450.0,New Arrival,2,0,2,https://www.theamethyststore.com/products/stone-ring-12?variant=gid://shopify/ProductVariant/49439371231459
2026-07-23 11:08:09,Venisha Stone Ring,Default Title,AMS-101-2141,2500.0,New Arrival,3,0,3,https://www.theamethyststore.com/products/stone-ring-13?variant=gid://shopify/ProductVariant/49439408062691
2026-07-23 11:22:24,Vithirikaa Stone Ring,Default Title,AMS-101-2142,3000.0,New Arrival,4,0,4,https://www.theamethyststore.com/products/stone-ring-14?variant=gid://shopify/ProductVariant/49439410258147
2026-07-23 11:22:24,Elegance Moissanite Short Necklace Set,Default Title,AMS-102-17069,187500.0,New Arrival,1,0,1,https://www.theamethyststore.com/products/elegance-moissanite-short-necklace-set?variant=gid://shopify/ProductVariant/49439411339491
2026-07-23 11:22:24,Sithiraa Stone Ring,Default Title,AMS-101-2143,2900.0,New Arrival,2,0,2,https://www.theamethyststore.com/products/stone-ring-15?variant=gid://shopify/ProductVariant/49439412256995
2026-07-23 11:22:24,Attractive Stone Ring,Default Title,AMS-101-2144,2550.0,New Arrival,8,0,8,https://www.theamethyststore.com/products/stone-ring-16?variant=gid://shopify/ProductVariant/49439413076195
2026-07-23 11:22:24,Charvikha Stone Ring,Default Title,AMS-101-2145,2500.0,New Arrival,2,0,2,https://www.theamethyststore.com/products/stone-ring-17?variant=gid://shopify/ProductVariant/49439413698787
2026-07-23 11:22:24,Srikaa Stone Ring,Default Title,AMS-101-2146,3000.0,New Arrival,2,0,2,https://www.theamethyststore.com/products/stone-ring-18?variant=gid://shopify/ProductVariant/49439414780131
2026-07-23 11:22:24,Liyankaa Stone Ring,Default Title,AMS-101-2147,2400.0,New Arrival,3,0,3,https://www.theamethyststore.com/products/stone-ring-19?variant=gid://shopify/ProductVariant/49439419203811
2026-07-23 11:38:14,Luxurious Moissanite Short Necklace Set,Default Title,AMS-102-17057,131200.0,New Arrival,2,0,2,https://www.theamethyststore.com/products/luxurious-moissanite-short-necklace-set?variant=gid://shopify/ProductVariant/49439414812899
2026-07-23 11:38:14,shrisha Stone Ring,Default Title,AMS-101-2148,2500.0,New Arrival,5,0,5,https://www.theamethyststore.com/products/stone-ring-20?variant=gid://shopify/ProductVariant/49439424282851
2026-07-23 11:52:34,Kalash Guttapusalu Necklace Set,Default Title,AMS-102-5804,136450.0,New Arrival,1,0,1,https://www.theamethyststore.com/products/kalash-guttapusalu-necklace?variant=gid://shopify/ProductVariant/44741343477987
2026-07-23 11:52:34,Glowing Moissanite Short Necklace Set,Default Title,AMS-102-17058,91600.0,New Arrival,1,0,1,https://www.theamethyststore.com/products/glowing-moissanite-short-necklace-set?variant=gid://shopify/ProductVariant/49439468060899
2026-07-23 11:52:34,Grace Eternal Moissanite Choker Set,Default Title,AMS-102-17068,81300.0,New Arrival,1,0,1,https://www.theamethyststore.com/products/grace-eternal-moissanite-choker-set?variant=gid://shopify/ProductVariant/49439483429091
2026-07-23 11:52:34,Cute Heart Design Moissanite Choker Set,Default Title,AMS-102-17070,67700.0,New Arrival,1,0,1,https://www.theamethyststore.com/products/cute-heart-design-moissanite-choker-set?variant=gid://shopify/ProductVariant/49439489753315
2026-07-23 11:52:34,Glow Navarathna Moissanite Choker Set,Default Title,AMS-102-17071,171000.0,New Arrival,1,0,1,https://www.theamethyststore.com/products/glow-navarathna-moissanite-choker-set?variant=gid://shopify/ProductVariant/49439495782627
2026-07-23 12:08:31,Varuna Stone Drops,Default Title,AMS-106-4024,7200.0,Sale,1,4,3,https://www.theamethyststore.com/products/varuna-stone-drops?variant=gid://shopify/ProductVariant/43660167807203
2026-07-23 12:08:31,Sherinka Hasli Necklace,Default Title,AMS-102-16506,6100.0,Sale,1,3,2,https://www.theamethyststore.com/products/hasli-necklace-68?variant=gid://shopify/ProductVariant/49396534214883
2026-07-23 12:20:57,Classic Royal Moissanite Short Necklace Set,Default Title,AMS-102-17073,98600.0,Restock,1,0,1,https://www.theamethyststore.com/products/classic-royal-moissanite-short-necklace-set?variant=gid://shopify/ProductVariant/49439530320099
2026-07-23 12:20:57,Royal Impressions Moissanite Short Necklace Set,Default Title,AMS-102-17074,66900.0,New Arrival,1,0,1,https://www.theamethyststore.com/products/royal-impressions-moissanite-short-necklace-set?variant=gid://shopify/ProductVariant/49439537987811
2026-07-23 12:20:57,Royal Moissanite Short Necklace Set,Default Title,AMS-102-17075,56600.0,New Arrival,1,0,1,https://www.theamethyststore.com/products/royal-moissanite-short-necklace-set?variant=gid://shopify/ProductVariant/49439545753827
2026-07-23 12:20:57,Mango Spark Stone Short Necklace Set,Default Title,AMS-102-16138,83000.0,New Arrival,1,0,1,https://www.theamethyststore.com/products/stone-short-necklace-set-3?variant=gid://shopify/ProductVariant/49439545917667
2026-07-23 12:38:04,Royal Harmony Moissanite Short Necklace Set,Default Title,AMS-102-17076,51800.0,Restock,1,0,1,https://www.theamethyststore.com/products/royal-harmony-moissanite-short-necklace-set?variant=gid://shopify/ProductVariant/49439547588835
2026-07-23 12:38:04,Traditiona Nagas Pendant,Default Title,AMS-104-4721,10100.0,New Arrival,3,0,3,https://www.theamethyststore.com/products/traditiona-nagas-pendant?variant=gid://shopify/ProductVariant/49439551258851
2026-07-23 12:38:04,Bridal Diamond Design Hair Maatal,Default Title,AMS-109-2407,53200.0,New Arrival,1,0,1,https://www.theamethyststore.com/products/diamond-design-hair-maatal-1?variant=gid://shopify/ProductVariant/49439555911907
2026-07-23 12:38:04,Sparkling Diamond Stud,Default Title,AMS-106-15426,5900.0,New Arrival,1,0,1,https://www.theamethyststore.com/products/sparkling-diamond-stud?variant=gid://shopify/ProductVariant/49439564693731
2026-07-23 12:38:04,Aarohi Diamond Stud,Default Title,AMS-106-15425,4600.0,New Arrival,1,0,1,https://www.theamethyststore.com/products/aarohi-diamond-stud?variant=gid://shopify/ProductVariant/49439569805539
2026-07-23 12:52:04,Mihira Diamond Stud,Default Title,AMS-106-15424,8300.0,New Arrival,1,0,1,https://www.theamethyststore.com/products/mihira-diamond-stud?variant=gid://shopify/ProductVariant/49439571804387
2026-07-23 12:52:04,Samaira Diamond Stud,Default Title,AMS-106-15423,4300.0,New Arrival,1,0,1,https://www.theamethyststore.com/products/samaira-diamond-stud?variant=gid://shopify/ProductVariant/49439575343331
2026-07-23 13:08:43,Kiara Diamond Stud,Default Title,AMS-106-15422,5100.0,New Arrival,1,0,1,https://www.theamethyststore.com/products/kiara-diamond-stud?variant=gid://shopify/ProductVariant/49439601885411
2026-07-23 13:08:43,Krisha Stone Studs,Default Title,AMS-106-11865,3530.0,Sold Out,1,1,0,https://www.theamethyststore.com/products/krisha-stone-studs?variant=gid://shopify/ProductVariant/47926730326243
2026-07-23 13:22:23,Dazzling Diamond Stud,Default Title,AMS-106-15397,5600.0,New Arrival,1,0,1,https://www.theamethyststore.com/products/dazzling-diamond-stud-1?variant=gid://shopify/ProductVariant/49439643336931
2026-07-23 13:37:37,Ishvika Diamond Stud,Default Title,AMS-106-15398,7200.0,Restock,1,0,1,https://www.theamethyststore.com/products/ishvika-diamond-stud?variant=gid://shopify/ProductVariant/49439651791075
2026-07-23 13:37:37,Advika Diamond Stud,Default Title,AMS-106-15399,7300.0,New Arrival,1,0,1,https://www.theamethyststore.com/products/advika-diamond-stud?variant=gid://shopify/ProductVariant/49439653232867
2026-07-23 13:52:47,Padhmini Deep Nagas Necklace,Default Title,AMS-102-5128,168312.6,Restock,1,0,1,https://www.theamethyststore.com/products/padhmini-deep-nagas-necklace?variant=gid://shopify/ProductVariant/44083297747171
2026-07-23 13:52:47,Drishya Nose Pin,Default Title,AMS-113-0230,1300.0,Restock,1,0,1,https://www.theamethyststore.com/products/drishya-nose-pin?variant=gid://shopify/ProductVariant/44217470779619
2026-07-23 13:52:47,Shaysha Nagas Short Necklace,Default Title,AMS-102-7927,102176.1,Restock,1,0,1,https://www.theamethyststore.com/products/shaysha-nagas-short-necklace?variant=gid://shopify/ProductVariant/45800720007395
2026-07-23 13:52:47,Pink Revika Bugadi Earrings,Default Title,AMS-106-10651,3980.0,Sale,1,11,10,https://www.theamethyststore.com/products/pink-revika-bugadi-earrings?variant=gid://shopify/ProductVariant/47340224315619
2026-07-23 13:52:47,Glittering Avikam Short Necklace Set,Default Title,AMS-102-14772,22968.0,Sale,1,3,2,https://www.theamethyststore.com/products/glittering-avikam-short-necklace-set-1?variant=gid://shopify/ProductVariant/48301937393891
2026-07-23 13:52:47,Kanorra Diamond Stud,Default Title,AMS-106-15416,6200.0,New Arrival,1,0,1,https://www.theamethyststore.com/products/kanorra-diamond-stud?variant=gid://shopify/ProductVariant/49439660802275
2026-07-23 13:52:47,Bridal Avickam Vanki,Default Title,AMS-112-0932,61300.0,New Arrival,1,0,1,https://www.theamethyststore.com/products/vanki-2?variant=gid://shopify/ProductVariant/49439666012387
2026-07-23 14:08:22,Stunning Avikam Vanki,Default Title,AMS-112-0899,59000.0,New Arrival,2,0,2,https://www.theamethyststore.com/products/avikam-vanki-1?variant=gid://shopify/ProductVariant/49439668437219
2026-07-23 14:08:22,Attractive Bridal Avikam Vanki,Default Title,AMS-112-0898,52000.0,New Arrival,2,0,2,https://www.theamethyststore.com/products/avikam-vanki-2?variant=gid://shopify/ProductVariant/49439670042851
2026-07-23 14:08:22,Unique Catchy Avikam Vanki,Default Title,AMS-112-0897,46200.0,New Arrival,2,0,2,https://www.theamethyststore.com/products/avikam-vanki-3?variant=gid://shopify/ProductVariant/49439672107235
2026-07-23 14:08:22,Aurashree Diamond Stud,Default Title,AMS-106-15402,4200.0,New Arrival,1,0,1,https://www.theamethyststore.com/products/aurashree-diamond-stud?variant=gid://shopify/ProductVariant/49439672565987
2026-07-23 14:08:22,Sanvitha Avikam Vanki,Default Title,AMS-112-0896,54300.0,New Arrival,3,0,3,https://www.theamethyststore.com/products/avikam-vanki-4?variant=gid://shopify/ProductVariant/49439674138851
2026-07-23 14:08:22,Stunning Diamond Design Hair Maatal,Default Title,AMS-109-2405,55200.0,New Arrival,1,0,1,https://www.theamethyststore.com/products/diamond-design-hair-maatal-2?variant=gid://shopify/ProductVariant/49439675351267
2026-07-23 14:22:52,Vithasha Diamond Design Stud,Default Title,AMS-106-15421,5500.0,New Arrival,1,0,1,https://www.theamethyststore.com/products/diamond-stud-3?variant=gid://shopify/ProductVariant/49439676301539
2026-07-23 14:22:52,Diana Diamond Design Stud,Default Title,AMS-106-15420,5000.0,New Arrival,2,0,2,https://www.theamethyststore.com/products/diamond-design-stud?variant=gid://shopify/ProductVariant/49439683903715
2026-07-23 14:22:52,Cute Diamond Design Stud,Default Title,AMS-106-15418,4000.0,New Arrival,1,0,1,https://www.theamethyststore.com/products/diamond-design-stud-1?variant=gid://shopify/ProductVariant/49439685214435
2026-07-23 14:22:52,Catchy Diamond Design Stud,Default Title,AMS-106-15417,4700.0,New Arrival,2,0,2,https://www.theamethyststore.com/products/diamond-design-stud-2?variant=gid://shopify/ProductVariant/49439686295779
2026-07-23 14:22:52,Beautiful Diamond Design Stud,Default Title,AMS-106-15415,4100.0,New Arrival,1,0,1,https://www.theamethyststore.com/products/diamond-design-stud-3?variant=gid://shopify/ProductVariant/49439688065251
2026-07-23 14:38:30,Glittering Avikam Short Necklace Set,Default Title,AMS-102-14772,22968.0,Sale,1,2,1,https://www.theamethyststore.com/products/glittering-avikam-short-necklace-set-1?variant=gid://shopify/ProductVariant/48301937393891
2026-07-23 14:38:30,Nishanthi Stone Bracelet,Default Title,AMS-103-1356,9300.0,New Arrival,1,0,1,https://www.theamethyststore.com/products/nishanthi-stone-bracelet?variant=gid://shopify/ProductVariant/49439691800803
2026-07-23 14:38:30,Ananya Diamond Design Stud,Default Title,AMS-106-15414,5800.0,New Arrival,1,0,1,https://www.theamethyststore.com/products/diamond-design-stud-4?variant=gid://shopify/ProductVariant/49439691833571
2026-07-23 14:38:30,Yamikaa Diamond Design Stud,Default Title,AMS-106-15413,5100.0,New Arrival,1,0,1,https://www.theamethyststore.com/products/diamond-design-stud-5?variant=gid://shopify/ProductVariant/49439694258403
2026-07-23 14:38:30,Amazing Stone Bracelet,Default Title,AMS-103-1357,9150.0,New Arrival,2,0,2,https://www.theamethyststore.com/products/amazing-stone-bracelet?variant=gid://shopify/ProductVariant/49439695044835
2026-07-23 14:38:30,Devansha Stone Bracelet,Default Title,AMS-103-1359,9800.0,New Arrival,1,0,1,https://www.theamethyststore.com/products/devansha-stone-bracelet?variant=gid://shopify/ProductVariant/49439696683235
2026-07-23 14:38:30,Auranika Stone Bracelet,Default Title,AMS-103-1360,9550.0,New Arrival,1,0,1,https://www.theamethyststore.com/products/auranika-stone-bracelet?variant=gid://shopify/ProductVariant/49439697961187
2026-07-23 14:38:30,Hemorra Stone Bracelet,Default Title,AMS-103-1361,9150.0,New Arrival,1,0,1,https://www.theamethyststore.com/products/hemorra-stone-bracelet?variant=gid://shopify/ProductVariant/49439702352099
2026-07-23 14:38:30,Chandrikha Hook Jhumkas,Default Title,AMS-106-11662,10763.6,Sold Out,1,1,0,https://www.theamethyststore.com/products/chandrikha-hook-jhumkas?variant=gid://shopify/ProductVariant/47739526643939
2026-07-23 14:38:30,Yashika Hook Jhumkas,Default Title,AMS-106-12245,5112.0,Sold Out,1,1,0,https://www.theamethyststore.com/products/yashika-hook-jhumkas?variant=gid://shopify/ProductVariant/47842189770979
2026-07-23 14:38:30,Anisha Nagas Chain,Default Title,AMS-105-1396,14626.0,Sold Out,1,1,0,https://www.theamethyststore.com/products/anisha-nagas-chain-1?variant=gid://shopify/ProductVariant/47393241235683
2026-07-23 14:38:30,Janita Kundan Maatal,Default Title,AMS-109-1938,34790.0,Sold Out,1,1,0,https://www.theamethyststore.com/products/kundan-maatal?variant=gid://shopify/ProductVariant/47487469682915
2026-07-23 14:38:30,Kenisha Kundan Short Necklace,Default Title,AMS-102-14531,49320.0,Sold Out,1,1,0,https://www.theamethyststore.com/products/kenisha-kundan-short-necklace-1?variant=gid://shopify/ProductVariant/47951183446243
2026-07-23 14:38:30,Gaurika Kundan Maatal,Default Title,AMS-109-2239,29770.0,Sold Out,1,1,0,https://www.theamethyststore.com/products/gaurika-kundan-maatal?variant=gid://shopify/ProductVariant/48406543597795
2026-07-23 14:38:30,Aashvika Nagas Chain,Default Title,AMS-105-1866,18960.0,Sold Out,1,1,0,https://www.theamethyststore.com/products/nagas-chain-10?variant=gid://shopify/ProductVariant/48731658879203
2026-07-23 14:38:30,Darshika Needle Ear cuffs,Default Title,AMS-106-13448,6500.0,Sold Out,1,1,0,https://www.theamethyststore.com/products/darshika-needle-ear-cuffs?variant=gid://shopify/ProductVariant/48876387664099
2026-07-23 14:52:29,Hemarise Stone Bracelet,Default Title,AMS-103-1363,10850.0,New Arrival,1,0,1,https://www.theamethyststore.com/products/hemarise-stone-bracelet?variant=gid://shopify/ProductVariant/49439706546403
2026-07-23 14:52:29,Dhashvitha Kundan Long Necklace,Default Title,AMS-102-11122,66808.16,Sold Out,1,1,0,https://www.theamethyststore.com/products/dhashvitha-kundan-long-necklace?variant=gid://shopify/ProductVariant/47058999902435
2026-07-23 17:37:44,Rakshana Stone Studs,Default Title,AMS-106-7072,5942.7,Sale,1,2,1,https://www.theamethyststore.com/products/rakshana-stone-studs?variant=gid://shopify/ProductVariant/45750261580003
2026-07-24 05:08:39,Shinning Moissanite Jada Billa,Default Title,AMS-112-0771,6336.0,Sale,1,2,1,https://www.theamethyststore.com/products/stone-jada-billa-2?variant=gid://shopify/ProductVariant/48423934951651
2026-07-24 05:08:39,Glorious 3D Spl Short Necklace Set,Default Title,AMS-102-16371,11176.0,Sale,1,7,6,https://www.theamethyststore.com/products/glorious-3d-spl-short-necklace-set?variant=gid://shopify/ProductVariant/49283201106147
2026-07-24 05:08:39,Kenisha Kundan Jhumkas,Default Title,AMS-106-14865,28170.0,Sale,1,2,1,https://www.theamethyststore.com/products/kenisha-kundan-jhumkas?variant=gid://shopify/ProductVariant/49375726633187
2026-07-24 05:08:39,Trendy Plain Bracelet,Default Title,AMS-103-1338,4200.0,Sale,1,4,3,https://www.theamethyststore.com/products/trendy-plain-bracelet?variant=gid://shopify/ProductVariant/49390387003619
2026-07-24 05:08:39,Eshvika Plain Bracelet,Default Title,AMS-103-1337,3300.0,Sale,1,3,2,https://www.theamethyststore.com/products/eshvika-plain-bracelet?variant=gid://shopify/ProductVariant/49390397325539
2026-07-24 05:08:39,Rajanya Stone Short Necklace Set,Default Title,AMS-102-16489,89850.0,New Arrival,1,0,1,https://www.theamethyststore.com/products/rajanya-stone-short-necklace-set?variant=gid://shopify/ProductVariant/49442101493987
2026-07-24 05:08:39,Grandeur Stone Short Necklace,Default Title,AMS-102-16490,128620.0,New Arrival,1,0,1,https://www.theamethyststore.com/products/grandeur-stone-short-necklace-1?variant=gid://shopify/ProductVariant/49442102509795
2026-07-24 05:08:39,Ahir Oxidised Choker,Default Title,AMS-102-2384,34135.38,Sold Out,1,1,0,https://www.theamethyststore.com/products/ahir-oxidised-choker?variant=gid://shopify/ProductVariant/42236197404899
2026-07-24 05:08:39,Clarika Sheeshphool,Default Title,AMS-112-0279,16351.0,Sold Out,1,1,0,https://www.theamethyststore.com/products/clarika-sheeshphool?variant=gid://shopify/ProductVariant/46197083799779
2026-07-24 05:08:39,Boho Charm Bracelet,Default Title,AMS-103-0790,36800.0,Sold Out,1,1,0,https://www.theamethyststore.com/products/boho-charm-bracelet?variant=gid://shopify/ProductVariant/46915006267619
2026-07-24 05:08:39,Luna Tribe Bracelet,Default Title,AMS-103-0775,38100.0,Sold Out,1,1,0,https://www.theamethyststore.com/products/luna-tribe-bracelet?variant=gid://shopify/ProductVariant/46915031204067
2026-07-24 05:08:39,Hwasaa Short Necklace,Default Title,AMS-102-11399,122455.0,Sold Out,1,1,0,https://www.theamethyststore.com/products/hwasaa-short-necklace?variant=gid://shopify/ProductVariant/48399887335651
2026-07-24 05:08:39,Tranika Kundan Choker,Default Title,AMS-102-15541,30600.0,Sold Out,1,1,0,https://www.theamethyststore.com/products/tranika-kundan-choker?variant=gid://shopify/ProductVariant/48890697810147
2026-07-24 05:08:39,Grace Kundan Pair Bangle,"2.4""","AMS-107-3320-2.4""",65420.0,Sold Out,1,1,0,https://www.theamethyststore.com/products/kundan-pair-bangle-17?variant=gid://shopify/ProductVariant/49373457121507
2026-07-24 05:08:39,Canvika Layered Hair Maatal,Default Title,AMS-109-2290,27800.0,Sold Out,1,1,0,https://www.theamethyststore.com/products/layered-hair-maatal?variant=gid://shopify/ProductVariant/48903305724131
2026-07-24 05:22:49,Bridal Heritage Stone Short Necklace,Default Title,AMS-102-17004,74100.0,New Arrival,1,0,1,https://www.theamethyststore.com/products/bridal-heritage-stone-short-necklace?variant=gid://shopify/ProductVariant/49442103361763
2026-07-24 05:22:49,Priyasi Nose Pin,Default Title,AMS-113-0051,1300.0,Sold Out,1,1,0,https://www.theamethyststore.com/products/priyasi-nose-pin-1?variant=gid://shopify/ProductVariant/42390729916643
2026-07-24 05:22:49,Padhmini Deep Nagas Necklace,Default Title,AMS-102-5128,168312.6,Sold Out,1,1,0,https://www.theamethyststore.com/products/padhmini-deep-nagas-necklace?variant=gid://shopify/ProductVariant/44083297747171
2026-07-24 05:22:49,Drishya Nose Pin,Default Title,AMS-113-0230,1300.0,Sold Out,1,1,0,https://www.theamethyststore.com/products/drishya-nose-pin?variant=gid://shopify/ProductVariant/44217470779619
2026-07-24 05:22:49,Shaysha Nagas Short Necklace,Default Title,AMS-102-7927,102176.1,Sold Out,1,1,0,https://www.theamethyststore.com/products/shaysha-nagas-short-necklace?variant=gid://shopify/ProductVariant/45800720007395
2026-07-24 05:22:49,Varmanika Nagas Tikka,Default Title,AMS-109-1472,8434.8,Sold Out,1,1,0,https://www.theamethyststore.com/products/varmanika-nagas-tikka?variant=gid://shopify/ProductVariant/46381990019299
2026-07-24 05:37:52,Layer Charm Avikam Long Necklace Set,Default Title,AMS-102-17040,173200.0,New Arrival,1,0,1,https://www.theamethyststore.com/products/layer-charm-avikam-long-necklace-set-2?variant=gid://shopify/ProductVariant/49442127544547
2026-07-24 05:37:52,Bridal Treasure Avikam Long Necklace Set,Default Title,AMS-102-17041,161700.0,New Arrival,1,0,1,https://www.theamethyststore.com/products/bridal-treasure-avikam-long-necklace-set?variant=gid://shopify/ProductVariant/49442128462051
2026-07-24 05:52:55,Classic Dynasty Avikam Long Necklace Set,Default Title,AMS-102-17079,146700.0,New Arrival,1,0,1,https://www.theamethyststore.com/products/classic-dynasty-avikam-long-necklace-set?variant=gid://shopify/ProductVariant/49442128789731
2026-07-24 06:07:59,Thishika Nagas Long Necklace,Default Title,AMS-102-12599,104900.0,Sold Out,1,1,0,https://www.theamethyststore.com/products/thishika-nagas-long-necklace-1?variant=gid://shopify/ProductVariant/47386934837475
2026-07-24 06:23:00,Eshvika Plain Bracelet,Default Title,AMS-103-1337,3300.0,Sale,1,2,1,https://www.theamethyststore.com/products/eshvika-plain-bracelet?variant=gid://shopify/ProductVariant/49390397325539
2026-07-24 06:38:04,Classic Dynasty Avikam Necklace Set,Default Title,AMS-102-17082,56400.0,New Arrival,2,0,2,https://www.theamethyststore.com/products/classic-dynasty-avikam-necklace-set?variant=gid://shopify/ProductVariant/49442153660643
2026-07-24 06:38:04,Vinthika Stone Bracelet,Default Title,AMS-103-1364,9900.0,New Arrival,1,0,1,https://www.theamethyststore.com/products/stone-bracelet-9?variant=gid://shopify/ProductVariant/49442157691107
2026-07-24 06:38:04,Luxe Charm Avikam Necklace Set,Default Title,AMS-102-17087,143400.0,New Arrival,2,0,2,https://www.theamethyststore.com/products/luxe-charm-avikam-necklace-set?variant=gid://shopify/ProductVariant/49442158182627
2026-07-24 06:38:04,Surabhi Stone Bracelet,Default Title,AMS-103-1366,12250.0,New Arrival,2,0,2,https://www.theamethyststore.com/products/stone-bracelet-10?variant=gid://shopify/ProductVariant/49442158444771
2026-07-24 06:52:43,Attractive Stone Bracelet,Default Title,AMS-103-1367,10700.0,Restock,1,0,1,https://www.theamethyststore.com/products/stone-bracelet-11?variant=gid://shopify/ProductVariant/49442164113635
2026-07-24 06:52:43,Vedhikaa Stone Bracelet,Default Title,AMS-103-1368,12900.0,New Arrival,1,0,1,https://www.theamethyststore.com/products/stone-bracelet-12?variant=gid://shopify/ProductVariant/49442165817571
2026-07-24 06:52:43,Srikhaa Stone Bracelet,Default Title,AMS-103-1369,10800.0,New Arrival,4,0,4,https://www.theamethyststore.com/products/stone-bracelet-13?variant=gid://shopify/ProductVariant/49442166341859
2026-07-24 06:52:43,Rishikaa Stone Bracelet,Default Title,AMS-103-1371,9950.0,New Arrival,2,0,2,https://www.theamethyststore.com/products/stone-bracelet-14?variant=gid://shopify/ProductVariant/49442166800611
2026-07-24 06:52:43,Rashmikaa Stone Bracelet,Default Title,AMS-103-1372,8100.0,New Arrival,2,0,2,https://www.theamethyststore.com/products/stone-bracelet-15?variant=gid://shopify/ProductVariant/49442167292131
2026-07-24 07:08:27,Bridal Heritage Avikam Necklace Set,Default Title,AMS-102-17089,59100.0,New Arrival,1,0,1,https://www.theamethyststore.com/products/bridal-heritage-avikam-necklace-set?variant=gid://shopify/ProductVariant/49442159067363
2026-07-24 07:08:27,Elishaa Stone Bracelet,Default Title,AMS-103-1375,8000.0,Restock,1,0,1,https://www.theamethyststore.com/products/stone-bracelet-16?variant=gid://shopify/ProductVariant/49442172010723
2026-07-24 07:08:27,Gorgeous Avikam Necklace Set,Default Title,AMS-102-17109,39000.0,New Arrival,3,0,3,https://www.theamethyststore.com/products/gorgeous-avikam-necklace-set-1?variant=gid://shopify/ProductVariant/49442175221987
2026-07-24 07:08:27,Royal Vivaha Short Necklace,Default Title,AMS-102-17177,153600.0,New Arrival,1,0,1,https://www.theamethyststore.com/products/royal-vivaha-oxidised-short-necklace?variant=gid://shopify/ProductVariant/49442201960675
2026-07-24 07:08:27,Pramitha Stone Pair Bangles,"2.4""","AMS-107-2108-2.4""",30714.6,Sold Out,1,1,0,https://www.theamethyststore.com/products/pramitha-stone-pair-bangles?variant=gid://shopify/ProductVariant/46751788531939
2026-07-24 07:08:27,Elantra Mugappu Chain,Default Title,AMS-105-1967,18230.0,Sold Out,1,1,0,https://www.theamethyststore.com/products/elantra-mugappu-chain?variant=gid://shopify/ProductVariant/49363813957859
2026-07-24 07:23:01,Charmi Studs,Default Title,AMS-106-5066,7040.0,Sale,1,2,1,https://www.theamethyststore.com/products/charmi-studs?variant=gid://shopify/ProductVariant/44038840254691
2026-07-24 07:23:01,Dhivana Short Necklace,Default Title,AMS-102-12718,40200.0,Sale,1,8,7,https://www.theamethyststore.com/products/dhivana-short-necklace?variant=gid://shopify/ProductVariant/47629990822115
2026-07-24 07:23:01,Jhivikha Chain With Earrings,Default Title,AMS-105-1880,21700.0,Sale,1,3,2,https://www.theamethyststore.com/products/jhivikha-chain-with-earrings?variant=gid://shopify/ProductVariant/48903428341987
2026-07-24 07:23:01,Liyaankaa Stone Bracelet,Default Title,AMS-103-1378,9550.0,New Arrival,2,0,2,https://www.theamethyststore.com/products/stone-bracelet-17?variant=gid://shopify/ProductVariant/49442209071331
2026-07-24 07:23:01,Trendy Diamond Design Chain with Earrings,Default Title,AMS-105-2155,16200.0,New Arrival,1,0,1,https://www.theamethyststore.com/products/diamond-design-chain-with-earrings?variant=gid://shopify/ProductVariant/49442209366243
2026-07-24 07:23:01,Glow Diamond Design Chain with Earrings,Default Title,AMS-105-2156,19200.0,New Arrival,1,0,1,https://www.theamethyststore.com/products/glow-diamond-design-chain-with-earrings?variant=gid://shopify/ProductVariant/49442351448291
2026-07-24 07:23:01,Eternal Verse Chain with Earrings,Default Title,AMS-105-2157,10700.0,New Arrival,1,0,1,https://www.theamethyststore.com/products/eternal-verse-chain-with-earrings?variant=gid://shopify/ProductVariant/49442357575907
2026-07-24 07:38:09,Natasha Stone Jhumkas,Default Title,AMS-106-12149,7900.0,New Arrival,1,0,1,https://www.theamethyststore.com/products/natasha-hook-jhumkas?variant=gid://shopify/ProductVariant/47852461261027
2026-07-24 07:38:09,Harithaa  Mugappu Chain,Default Title,AMS-105-1966,13900.0,New Arrival,1,0,1,https://www.theamethyststore.com/products/mugappu-chain-16?variant=gid://shopify/ProductVariant/49442333720803
2026-07-24 07:38:09,Dual Birds Chain with Earrings,Default Title,AMS-105-2158,20000.0,New Arrival,1,0,1,https://www.theamethyststore.com/products/dual-birds-chain-with-earrings?variant=gid://shopify/ProductVariant/49442359181539
2026-07-24 07:38:09,Classics Avikam Chain with Earrings,Default Title,AMS-105-2159,15700.0,New Arrival,1,0,1,https://www.theamethyststore.com/products/classics-avikam-chain-with-earrings?variant=gid://shopify/ProductVariant/49442362163427
2026-07-24 07:38:09,Nivanthikaa Mugappu Chain,Default Title,AMS-105-1968,15050.0,New Arrival,1,0,1,https://www.theamethyststore.com/products/mugappu-chain-17?variant=gid://shopify/ProductVariant/49442363408611
2026-07-24 07:38:09,Hemarika Avikam Chain with Earrings,Default Title,AMS-105-2160,16600.0,New Arrival,1,0,1,https://www.theamethyststore.com/products/hemarika-avikam-chain-with-earrings?variant=gid://shopify/ProductVariant/49442363703523
2026-07-24 07:38:09,Mystic Diamond Design Stud,Default Title,AMS-106-15400,5200.0,New Arrival,1,0,1,https://www.theamethyststore.com/products/diamond-design-stud-6?variant=gid://shopify/ProductVariant/49442364981475
2026-07-24 07:52:40,Trendy Plain Bracelet,Default Title,AMS-103-1338,4200.0,Sale,1,3,2,https://www.theamethyststore.com/products/trendy-plain-bracelet?variant=gid://shopify/ProductVariant/49390387003619
2026-07-24 07:52:40,Mango Spark Stone Short Necklace Set,Default Title,AMS-102-16138,83000.0,Sold Out,1,1,0,https://www.theamethyststore.com/products/stone-short-necklace-set-3?variant=gid://shopify/ProductVariant/49439545917667
2026-07-24 07:52:40,Royal Harmony Moissanite Short Necklace Set,Default Title,AMS-102-17076,51800.0,Sold Out,1,1,0,https://www.theamethyststore.com/products/royal-harmony-moissanite-short-necklace-set?variant=gid://shopify/ProductVariant/49439547588835
2026-07-24 07:52:40,Traditiona Nagas Pendant,Default Title,AMS-104-4721,10100.0,Sold Out,3,3,0,https://www.theamethyststore.com/products/traditiona-nagas-pendant?variant=gid://shopify/ProductVariant/49439551258851
2026-07-24 07:52:40,Bridal Diamond Design Hair Maatal,Default Title,AMS-109-2407,53200.0,Sold Out,1,1,0,https://www.theamethyststore.com/products/diamond-design-hair-maatal-1?variant=gid://shopify/ProductVariant/49439555911907
2026-07-24 07:52:40,Sparkling Diamond Stud,Default Title,AMS-106-15426,5900.0,Sold Out,1,1,0,https://www.theamethyststore.com/products/sparkling-diamond-stud?variant=gid://shopify/ProductVariant/49439564693731
2026-07-24 07:52:40,Aarohi Diamond Stud,Default Title,AMS-106-15425,4600.0,Sold Out,1,1,0,https://www.theamethyststore.com/products/aarohi-diamond-stud?variant=gid://shopify/ProductVariant/49439569805539
2026-07-24 07:52:40,Mihira Diamond Stud,Default Title,AMS-106-15424,8300.0,Sold Out,1,1,0,https://www.theamethyststore.com/products/mihira-diamond-stud?variant=gid://shopify/ProductVariant/49439571804387
2026-07-24 07:52:40,Samaira Diamond Stud,Default Title,AMS-106-15423,4300.0,Sold Out,1,1,0,https://www.theamethyststore.com/products/samaira-diamond-stud?variant=gid://shopify/ProductVariant/49439575343331
2026-07-24 07:52:40,Kiara Diamond Stud,Default Title,AMS-106-15422,5100.0,Sold Out,1,1,0,https://www.theamethyststore.com/products/kiara-diamond-stud?variant=gid://shopify/ProductVariant/49439601885411
2026-07-24 07:52:40,Dazzling Diamond Stud,Default Title,AMS-106-15397,5600.0,Sold Out,1,1,0,https://www.theamethyststore.com/products/dazzling-diamond-stud-1?variant=gid://shopify/ProductVariant/49439643336931
2026-07-24 07:52:40,Ishvika Diamond Stud,Default Title,AMS-106-15398,7200.0,Sold Out,1,1,0,https://www.theamethyststore.com/products/ishvika-diamond-stud?variant=gid://shopify/ProductVariant/49439651791075
2026-07-24 07:52:40,Advika Diamond Stud,Default Title,AMS-106-15399,7300.0,Sold Out,1,1,0,https://www.theamethyststore.com/products/advika-diamond-stud?variant=gid://shopify/ProductVariant/49439653232867
2026-07-24 07:52:40,Kanorra Diamond Stud,Default Title,AMS-106-15416,6200.0,Sold Out,1,1,0,https://www.theamethyststore.com/products/kanorra-diamond-stud?variant=gid://shopify/ProductVariant/49439660802275
2026-07-24 07:52:40,Bridal Avikam Vanki,Default Title,AMS-112-0932,61300.0,Sold Out,1,1,0,https://www.theamethyststore.com/products/vanki-2?variant=gid://shopify/ProductVariant/49439666012387
2026-07-24 07:52:40,Stunning Avikam Vanki,Default Title,AMS-112-0899,59000.0,Sold Out,2,2,0,https://www.theamethyststore.com/products/avikam-vanki-1?variant=gid://shopify/ProductVariant/49439668437219
2026-07-24 07:52:40,Attractive Bridal Avikam Vanki,Default Title,AMS-112-0898,52000.0,Sold Out,2,2,0,https://www.theamethyststore.com/products/avikam-vanki-2?variant=gid://shopify/ProductVariant/49439670042851
2026-07-24 07:52:40,Unique Catchy Avikam Vanki,Default Title,AMS-112-0897,46200.0,Sold Out,2,2,0,https://www.theamethyststore.com/products/avikam-vanki-3?variant=gid://shopify/ProductVariant/49439672107235
2026-07-24 07:52:40,Aurashree Diamond Stud,Default Title,AMS-106-15402,4200.0,Sold Out,1,1,0,https://www.theamethyststore.com/products/aurashree-diamond-stud?variant=gid://shopify/ProductVariant/49439672565987
2026-07-24 07:52:40,Sanvitha Avikam Vanki,Default Title,AMS-112-0896,54300.0,Sold Out,3,3,0,https://www.theamethyststore.com/products/avikam-vanki-4?variant=gid://shopify/ProductVariant/49439674138851
2026-07-24 07:52:40,Stunning Diamond Design Hair Maatal,Default Title,AMS-109-2405,55200.0,Sold Out,1,1,0,https://www.theamethyststore.com/products/diamond-design-hair-maatal-2?variant=gid://shopify/ProductVariant/49439675351267
2026-07-24 07:52:40,Vithasha Diamond Design Stud,Default Title,AMS-106-15421,5500.0,Sold Out,1,1,0,https://www.theamethyststore.com/products/diamond-stud-3?variant=gid://shopify/ProductVariant/49439676301539
2026-07-24 07:52:40,Diana Diamond Design Stud,Default Title,AMS-106-15420,5000.0,Sold Out,2,2,0,https://www.theamethyststore.com/products/diamond-design-stud?variant=gid://shopify/ProductVariant/49439683903715
2026-07-24 07:52:40,Cute Diamond Design Stud,Default Title,AMS-106-15418,4000.0,Sold Out,1,1,0,https://www.theamethyststore.com/products/diamond-design-stud-1?variant=gid://shopify/ProductVariant/49439685214435
2026-07-24 07:52:40,Catchy Diamond Design Stud,Default Title,AMS-106-15417,4700.0,Sold Out,2,2,0,https://www.theamethyststore.com/products/diamond-design-stud-2?variant=gid://shopify/ProductVariant/49439686295779
2026-07-24 07:52:40,Beautiful Diamond Design Stud,Default Title,AMS-106-15415,4100.0,Sold Out,1,1,0,https://www.theamethyststore.com/products/diamond-design-stud-3?variant=gid://shopify/ProductVariant/49439688065251
2026-07-24 07:52:40,Nishanthi Stone Bracelet,Default Title,AMS-103-1356,9300.0,Sold Out,1,1,0,https://www.theamethyststore.com/products/nishanthi-stone-bracelet?variant=gid://shopify/ProductVariant/49439691800803
2026-07-24 07:52:40,Ananya Diamond Design Stud,Default Title,AMS-106-15414,5800.0,Sold Out,1,1,0,https://www.theamethyststore.com/products/diamond-design-stud-4?variant=gid://shopify/ProductVariant/49439691833571
2026-07-24 07:52:40,Yamikaa Diamond Design Stud,Default Title,AMS-106-15413,5100.0,Sold Out,1,1,0,https://www.theamethyststore.com/products/diamond-design-stud-5?variant=gid://shopify/ProductVariant/49439694258403
2026-07-24 07:52:40,Amazing Stone Bracelet,Default Title,AMS-103-1357,9150.0,Sold Out,2,2,0,https://www.theamethyststore.com/products/amazing-stone-bracelet?variant=gid://shopify/ProductVariant/49439695044835
2026-07-24 07:52:40,Devansha Stone Bracelet,Default Title,AMS-103-1359,9800.0,Sold Out,1,1,0,https://www.theamethyststore.com/products/devansha-stone-bracelet?variant=gid://shopify/ProductVariant/49439696683235
2026-07-24 07:52:40,Auranika Stone Bracelet,Default Title,AMS-103-1360,9550.0,Sold Out,1,1,0,https://www.theamethyststore.com/products/auranika-stone-bracelet?variant=gid://shopify/ProductVariant/49439697961187
2026-07-24 07:52:40,Hemorra Stone Bracelet,Default Title,AMS-103-1361,9150.0,Sold Out,1,1,0,https://www.theamethyststore.com/products/hemorra-stone-bracelet?variant=gid://shopify/ProductVariant/49439702352099
2026-07-24 07:52:40,Hemarise Stone Bracelet,Default Title,AMS-103-1363,10850.0,Sold Out,1,1,0,https://www.theamethyststore.com/products/hemarise-stone-bracelet?variant=gid://shopify/ProductVariant/49439706546403
2026-07-24 07:52:40,Rajanya Stone Short Necklace Set,Default Title,AMS-102-16489,89850.0,Sold Out,1,1,0,https://www.theamethyststore.com/products/rajanya-stone-short-necklace-set?variant=gid://shopify/ProductVariant/49442101493987
2026-07-24 07:52:40,Grandeur Stone Short Necklace,Default Title,AMS-102-16490,128620.0,Sold Out,1,1,0,https://www.theamethyststore.com/products/grandeur-stone-short-necklace-1?variant=gid://shopify/ProductVariant/49442102509795
2026-07-24 07:52:40,Bridal Heritage Stone Short Necklace,Default Title,AMS-102-17004,74100.0,Sold Out,1,1,0,https://www.theamethyststore.com/products/bridal-heritage-stone-short-necklace?variant=gid://shopify/ProductVariant/49442103361763
2026-07-24 07:52:40,Layer Charm Avikam Long Necklace Set,Default Title,AMS-102-17040,173200.0,Sold Out,1,1,0,https://www.theamethyststore.com/products/layer-charm-avikam-long-necklace-set-2?variant=gid://shopify/ProductVariant/49442127544547
2026-07-24 07:52:40,Bridal Treasure Avikam Long Necklace Set,Default Title,AMS-102-17041,161700.0,Sold Out,1,1,0,https://www.theamethyststore.com/products/bridal-treasure-avikam-long-necklace-set?variant=gid://shopify/ProductVariant/49442128462051
2026-07-24 07:52:40,Classic Dynasty Avikam Long Necklace Set,Default Title,AMS-102-17079,146700.0,Sold Out,1,1,0,https://www.theamethyststore.com/products/classic-dynasty-avikam-long-necklace-set?variant=gid://shopify/ProductVariant/49442128789731
2026-07-24 07:52:40,Classic Dynasty Avikam Necklace Set,Default Title,AMS-102-17082,56400.0,Sold Out,2,2,0,https://www.theamethyststore.com/products/classic-dynasty-avikam-necklace-set?variant=gid://shopify/ProductVariant/49442153660643
2026-07-24 07:52:40,Vinthika Stone Bracelet,Default Title,AMS-103-1364,9900.0,Sold Out,1,1,0,https://www.theamethyststore.com/products/stone-bracelet-9?variant=gid://shopify/ProductVariant/49442157691107
2026-07-24 07:52:40,Luxe Charm Avikam Necklace Set,Default Title,AMS-102-17087,143400.0,Sold Out,2,2,0,https://www.theamethyststore.com/products/luxe-charm-avikam-necklace-set?variant=gid://shopify/ProductVariant/49442158182627
2026-07-24 07:52:40,Surabhi Stone Bracelet,Default Title,AMS-103-1366,12250.0,Sold Out,2,2,0,https://www.theamethyststore.com/products/stone-bracelet-10?variant=gid://shopify/ProductVariant/49442158444771
2026-07-24 07:52:40,Bridal Heritage Avikam Necklace Set,Default Title,AMS-102-17089,59100.0,Sold Out,1,1,0,https://www.theamethyststore.com/products/bridal-heritage-avikam-necklace-set?variant=gid://shopify/ProductVariant/49442159067363
2026-07-24 07:52:40,Attractive Stone Bracelet,Default Title,AMS-103-1367,10700.0,Sold Out,1,1,0,https://www.theamethyststore.com/products/stone-bracelet-11?variant=gid://shopify/ProductVariant/49442164113635
2026-07-24 07:52:40,Vedhikaa Stone Bracelet,Default Title,AMS-103-1368,12900.0,Sold Out,1,1,0,https://www.theamethyststore.com/products/stone-bracelet-12?variant=gid://shopify/ProductVariant/49442165817571
2026-07-24 07:52:40,Srikhaa Stone Bracelet,Default Title,AMS-103-1369,10800.0,Sold Out,4,4,0,https://www.theamethyststore.com/products/stone-bracelet-13?variant=gid://shopify/ProductVariant/49442166341859
2026-07-24 07:52:40,Rishikaa Stone Bracelet,Default Title,AMS-103-1371,9950.0,Sold Out,2,2,0,https://www.theamethyststore.com/products/stone-bracelet-14?variant=gid://shopify/ProductVariant/49442166800611
2026-07-24 07:52:40,Rashmikaa Stone Bracelet,Default Title,AMS-103-1372,8100.0,Sold Out,2,2,0,https://www.theamethyststore.com/products/stone-bracelet-15?variant=gid://shopify/ProductVariant/49442167292131
2026-07-24 07:52:40,Elishaa Stone Bracelet,Default Title,AMS-103-1375,8000.0,Sold Out,1,1,0,https://www.theamethyststore.com/products/stone-bracelet-16?variant=gid://shopify/ProductVariant/49442172010723
2026-07-24 07:52:40,Gorgeous Avikam Necklace Set,Default Title,AMS-102-17109,39000.0,Sold Out,3,3,0,https://www.theamethyststore.com/products/gorgeous-avikam-necklace-set-1?variant=gid://shopify/ProductVariant/49442175221987
2026-07-24 07:52:40,Royal Vivaha Short Necklace,Default Title,AMS-102-17177,153600.0,Sold Out,1,1,0,https://www.theamethyststore.com/products/royal-vivaha-oxidised-short-necklace?variant=gid://shopify/ProductVariant/49442201960675
2026-07-24 07:52:40,Liyaankaa Stone Bracelet,Default Title,AMS-103-1378,9550.0,Sold Out,2,2,0,https://www.theamethyststore.com/products/stone-bracelet-17?variant=gid://shopify/ProductVariant/49442209071331
2026-07-24 07:52:40,Trendy Diamond Design Chain with Earrings,Default Title,AMS-105-2155,16200.0,Sold Out,1,1,0,https://www.theamethyststore.com/products/diamond-design-chain-with-earrings?variant=gid://shopify/ProductVariant/49442209366243
2026-07-24 07:52:40,Harithaa  Mugappu Chain,Default Title,AMS-105-1966,13900.0,Sold Out,1,1,0,https://www.theamethyststore.com/products/mugappu-chain-16?variant=gid://shopify/ProductVariant/49442333720803
2026-07-24 07:52:40,Glow Diamond Design Chain with Earrings,Default Title,AMS-105-2156,19200.0,Sold Out,1,1,0,https://www.theamethyststore.com/products/glow-diamond-design-chain-with-earrings?variant=gid://shopify/ProductVariant/49442351448291
2026-07-24 07:52:40,Eternal Verse Chain with Earrings,Default Title,AMS-105-2157,10700.0,Sold Out,1,1,0,https://www.theamethyststore.com/products/eternal-verse-chain-with-earrings?variant=gid://shopify/ProductVariant/49442357575907
2026-07-24 07:52:40,Dual Birds Chain with Earrings,Default Title,AMS-105-2158,20000.0,Sold Out,1,1,0,https://www.theamethyststore.com/products/dual-birds-chain-with-earrings?variant=gid://shopify/ProductVariant/49442359181539
2026-07-24 07:52:40,Classics Avikam Chain with Earrings,Default Title,AMS-105-2159,15700.0,Sold Out,1,1,0,https://www.theamethyststore.com/products/classics-avikam-chain-with-earrings?variant=gid://shopify/ProductVariant/49442362163427
2026-07-24 07:52:40,Nivanthikaa Mugappu Chain,Default Title,AMS-105-1968,15050.0,Sold Out,1,1,0,https://www.theamethyststore.com/products/mugappu-chain-17?variant=gid://shopify/ProductVariant/49442363408611
2026-07-24 07:52:40,Hemarika Avikam Chain with Earrings,Default Title,AMS-105-2160,16600.0,Sold Out,1,1,0,https://www.theamethyststore.com/products/hemarika-avikam-chain-with-earrings?variant=gid://shopify/ProductVariant/49442363703523
2026-07-24 07:52:40,Mystic Diamond Design Stud,Default Title,AMS-106-15400,5200.0,Sold Out,1,1,0,https://www.theamethyststore.com/products/diamond-design-stud-6?variant=gid://shopify/ProductVariant/49442364981475
2026-07-24 08:08:27,Mango Spark Stone Short Necklace Set,Default Title,AMS-102-16138,83000.0,New Arrival,1,0,1,https://www.theamethyststore.com/products/stone-short-necklace-set-3?variant=gid://shopify/ProductVariant/49439545917667
2026-07-24 08:08:27,Royal Harmony Moissanite Short Necklace Set,Default Title,AMS-102-17076,51800.0,New Arrival,1,0,1,https://www.theamethyststore.com/products/royal-harmony-moissanite-short-necklace-set?variant=gid://shopify/ProductVariant/49439547588835
2026-07-24 08:08:27,Traditiona Nagas Pendant,Default Title,AMS-104-4721,10100.0,New Arrival,3,0,3,https://www.theamethyststore.com/products/traditiona-nagas-pendant?variant=gid://shopify/ProductVariant/49439551258851
2026-07-24 08:08:27,Bridal Diamond Design Hair Maatal,Default Title,AMS-109-2407,53200.0,New Arrival,1,0,1,https://www.theamethyststore.com/products/diamond-design-hair-maatal-1?variant=gid://shopify/ProductVariant/49439555911907
2026-07-24 08:08:27,Sparkling Diamond Stud,Default Title,AMS-106-15426,5900.0,New Arrival,1,0,1,https://www.theamethyststore.com/products/sparkling-diamond-stud?variant=gid://shopify/ProductVariant/49439564693731
2026-07-24 08:08:27,Aarohi Diamond Stud,Default Title,AMS-106-15425,4600.0,New Arrival,1,0,1,https://www.theamethyststore.com/products/aarohi-diamond-stud?variant=gid://shopify/ProductVariant/49439569805539
2026-07-24 08:08:27,Mihira Diamond Stud,Default Title,AMS-106-15424,8300.0,New Arrival,1,0,1,https://www.theamethyststore.com/products/mihira-diamond-stud?variant=gid://shopify/ProductVariant/49439571804387
2026-07-24 08:08:27,Samaira Diamond Stud,Default Title,AMS-106-15423,4300.0,New Arrival,1,0,1,https://www.theamethyststore.com/products/samaira-diamond-stud?variant=gid://shopify/ProductVariant/49439575343331
2026-07-24 08:08:27,Kiara Diamond Stud,Default Title,AMS-106-15422,5100.0,New Arrival,1,0,1,https://www.theamethyststore.com/products/kiara-diamond-stud?variant=gid://shopify/ProductVariant/49439601885411
2026-07-24 08:08:27,Dazzling Diamond Stud,Default Title,AMS-106-15397,5600.0,New Arrival,1,0,1,https://www.theamethyststore.com/products/dazzling-diamond-stud-1?variant=gid://shopify/ProductVariant/49439643336931
2026-07-24 08:08:27,Ishvika Diamond Stud,Default Title,AMS-106-15398,7200.0,New Arrival,1,0,1,https://www.theamethyststore.com/products/ishvika-diamond-stud?variant=gid://shopify/ProductVariant/49439651791075
2026-07-24 08:08:27,Advika Diamond Stud,Default Title,AMS-106-15399,7300.0,New Arrival,1,0,1,https://www.theamethyststore.com/products/advika-diamond-stud?variant=gid://shopify/ProductVariant/49439653232867
2026-07-24 08:08:27,Kanorra Diamond Stud,Default Title,AMS-106-15416,6200.0,New Arrival,1,0,1,https://www.theamethyststore.com/products/kanorra-diamond-stud?variant=gid://shopify/ProductVariant/49439660802275
2026-07-24 08:08:27,Bridal Avikam Vanki,Default Title,AMS-112-0932,61300.0,New Arrival,1,0,1,https://www.theamethyststore.com/products/vanki-2?variant=gid://shopify/ProductVariant/49439666012387
2026-07-24 08:08:27,Stunning Avikam Vanki,Default Title,AMS-112-0899,59000.0,New Arrival,2,0,2,https://www.theamethyststore.com/products/avikam-vanki-1?variant=gid://shopify/ProductVariant/49439668437219
2026-07-24 08:08:27,Attractive Bridal Avikam Vanki,Default Title,AMS-112-0898,52000.0,New Arrival,2,0,2,https://www.theamethyststore.com/products/avikam-vanki-2?variant=gid://shopify/ProductVariant/49439670042851
2026-07-24 08:08:27,Unique Catchy Avikam Vanki,Default Title,AMS-112-0897,46200.0,New Arrival,2,0,2,https://www.theamethyststore.com/products/avikam-vanki-3?variant=gid://shopify/ProductVariant/49439672107235
2026-07-24 08:08:27,Aurashree Diamond Stud,Default Title,AMS-106-15402,4200.0,New Arrival,1,0,1,https://www.theamethyststore.com/products/aurashree-diamond-stud?variant=gid://shopify/ProductVariant/49439672565987
2026-07-24 08:08:27,Sanvitha Avikam Vanki,Default Title,AMS-112-0896,54300.0,New Arrival,3,0,3,https://www.theamethyststore.com/products/avikam-vanki-4?variant=gid://shopify/ProductVariant/49439674138851
2026-07-24 08:08:27,Stunning Diamond Design Hair Maatal,Default Title,AMS-109-2405,55200.0,New Arrival,1,0,1,https://www.theamethyststore.com/products/diamond-design-hair-maatal-2?variant=gid://shopify/ProductVariant/49439675351267
2026-07-24 08:08:27,Vithasha Diamond Design Stud,Default Title,AMS-106-15421,5500.0,New Arrival,1,0,1,https://www.theamethyststore.com/products/diamond-stud-3?variant=gid://shopify/ProductVariant/49439676301539
2026-07-24 08:08:27,Diana Diamond Design Stud,Default Title,AMS-106-15420,5000.0,New Arrival,2,0,2,https://www.theamethyststore.com/products/diamond-design-stud?variant=gid://shopify/ProductVariant/49439683903715
2026-07-24 08:08:27,Cute Diamond Design Stud,Default Title,AMS-106-15418,4000.0,New Arrival,1,0,1,https://www.theamethyststore.com/products/diamond-design-stud-1?variant=gid://shopify/ProductVariant/49439685214435
2026-07-24 08:08:27,Catchy Diamond Design Stud,Default Title,AMS-106-15417,4700.0,New Arrival,2,0,2,https://www.theamethyststore.com/products/diamond-design-stud-2?variant=gid://shopify/ProductVariant/49439686295779
2026-07-24 08:08:27,Beautiful Diamond Design Stud,Default Title,AMS-106-15415,4100.0,New Arrival,1,0,1,https://www.theamethyststore.com/products/diamond-design-stud-3?variant=gid://shopify/ProductVariant/49439688065251
2026-07-24 08:08:27,Nishanthi Stone Bracelet,Default Title,AMS-103-1356,9300.0,New Arrival,1,0,1,https://www.theamethyststore.com/products/nishanthi-stone-bracelet?variant=gid://shopify/ProductVariant/49439691800803
2026-07-24 08:08:27,Ananya Diamond Design Stud,Default Title,AMS-106-15414,5800.0,New Arrival,1,0,1,https://www.theamethyststore.com/products/diamond-design-stud-4?variant=gid://shopify/ProductVariant/49439691833571
2026-07-24 08:08:27,Yamikaa Diamond Design Stud,Default Title,AMS-106-15413,5100.0,New Arrival,1,0,1,https://www.theamethyststore.com/products/diamond-design-stud-5?variant=gid://shopify/ProductVariant/49439694258403
2026-07-24 08:08:27,Amazing Stone Bracelet,Default Title,AMS-103-1357,9150.0,New Arrival,2,0,2,https://www.theamethyststore.com/products/amazing-stone-bracelet?variant=gid://shopify/ProductVariant/49439695044835
2026-07-24 08:08:27,Devansha Stone Bracelet,Default Title,AMS-103-1359,9800.0,New Arrival,1,0,1,https://www.theamethyststore.com/products/devansha-stone-bracelet?variant=gid://shopify/ProductVariant/49439696683235
2026-07-24 08:08:27,Auranika Stone Bracelet,Default Title,AMS-103-1360,9550.0,New Arrival,1,0,1,https://www.theamethyststore.com/products/auranika-stone-bracelet?variant=gid://shopify/ProductVariant/49439697961187
2026-07-24 08:08:27,Hemorra Stone Bracelet,Default Title,AMS-103-1361,9150.0,New Arrival,1,0,1,https://www.theamethyststore.com/products/hemorra-stone-bracelet?variant=gid://shopify/ProductVariant/49439702352099
2026-07-24 08:08:27,Hemarise Stone Bracelet,Default Title,AMS-103-1363,10850.0,New Arrival,1,0,1,https://www.theamethyststore.com/products/hemarise-stone-bracelet?variant=gid://shopify/ProductVariant/49439706546403
2026-07-24 08:08:27,Rajanya Stone Short Necklace Set,Default Title,AMS-102-16489,89850.0,New Arrival,1,0,1,https://www.theamethyststore.com/products/rajanya-stone-short-necklace-set?variant=gid://shopify/ProductVariant/49442101493987
2026-07-24 08:08:27,Grandeur Stone Short Necklace,Default Title,AMS-102-16490,128620.0,New Arrival,1,0,1,https://www.theamethyststore.com/products/grandeur-stone-short-necklace-1?variant=gid://shopify/ProductVariant/49442102509795
2026-07-24 08:08:27,Bridal Heritage Stone Short Necklace,Default Title,AMS-102-17004,74100.0,New Arrival,1,0,1,https://www.theamethyststore.com/products/bridal-heritage-stone-short-necklace?variant=gid://shopify/ProductVariant/49442103361763
2026-07-24 08:08:27,Layer Charm Avikam Long Necklace Set,Default Title,AMS-102-17040,173200.0,New Arrival,1,0,1,https://www.theamethyststore.com/products/layer-charm-avikam-long-necklace-set-2?variant=gid://shopify/ProductVariant/49442127544547
2026-07-24 08:08:27,Bridal Treasure Avikam Long Necklace Set,Default Title,AMS-102-17041,161700.0,New Arrival,1,0,1,https://www.theamethyststore.com/products/bridal-treasure-avikam-long-necklace-set?variant=gid://shopify/ProductVariant/49442128462051
2026-07-24 08:08:27,Classic Dynasty Avikam Long Necklace Set,Default Title,AMS-102-17079,146700.0,New Arrival,1,0,1,https://www.theamethyststore.com/products/classic-dynasty-avikam-long-necklace-set?variant=gid://shopify/ProductVariant/49442128789731
2026-07-24 08:08:27,Classic Dynasty Avikam Necklace Set,Default Title,AMS-102-17082,56400.0,New Arrival,2,0,2,https://www.theamethyststore.com/products/classic-dynasty-avikam-necklace-set?variant=gid://shopify/ProductVariant/49442153660643
2026-07-24 08:08:27,Vinthika Stone Bracelet,Default Title,AMS-103-1364,9900.0,New Arrival,1,0,1,https://www.theamethyststore.com/products/stone-bracelet-9?variant=gid://shopify/ProductVariant/49442157691107
2026-07-24 08:08:27,Luxe Charm Avikam Necklace Set,Default Title,AMS-102-17087,143400.0,New Arrival,2,0,2,https://www.theamethyststore.com/products/luxe-charm-avikam-necklace-set?variant=gid://shopify/ProductVariant/49442158182627
2026-07-24 08:08:27,Surabhi Stone Bracelet,Default Title,AMS-103-1366,12250.0,New Arrival,2,0,2,https://www.theamethyststore.com/products/stone-bracelet-10?variant=gid://shopify/ProductVariant/49442158444771
2026-07-24 08:08:27,Bridal Heritage Avikam Necklace Set,Default Title,AMS-102-17089,59100.0,New Arrival,1,0,1,https://www.theamethyststore.com/products/bridal-heritage-avikam-necklace-set?variant=gid://shopify/ProductVariant/49442159067363
2026-07-24 08:08:27,Attractive Stone Bracelet,Default Title,AMS-103-1367,10700.0,New Arrival,1,0,1,https://www.theamethyststore.com/products/stone-bracelet-11?variant=gid://shopify/ProductVariant/49442164113635
2026-07-24 08:08:27,Vedhikaa Stone Bracelet,Default Title,AMS-103-1368,12900.0,New Arrival,1,0,1,https://www.theamethyststore.com/products/stone-bracelet-12?variant=gid://shopify/ProductVariant/49442165817571
2026-07-24 08:08:27,Srikhaa Stone Bracelet,Default Title,AMS-103-1369,10800.0,New Arrival,4,0,4,https://www.theamethyststore.com/products/stone-bracelet-13?variant=gid://shopify/ProductVariant/49442166341859
2026-07-24 08:08:27,Rishikaa Stone Bracelet,Default Title,AMS-103-1371,9950.0,New Arrival,2,0,2,https://www.theamethyststore.com/products/stone-bracelet-14?variant=gid://shopify/ProductVariant/49442166800611
2026-07-24 08:08:27,Rashmikaa Stone Bracelet,Default Title,AMS-103-1372,8100.0,New Arrival,2,0,2,https://www.theamethyststore.com/products/stone-bracelet-15?variant=gid://shopify/ProductVariant/49442167292131
2026-07-24 08:08:27,Elishaa Stone Bracelet,Default Title,AMS-103-1375,8000.0,New Arrival,1,0,1,https://www.theamethyststore.com/products/stone-bracelet-16?variant=gid://shopify/ProductVariant/49442172010723
2026-07-24 08:08:27,Gorgeous Avikam Necklace Set,Default Title,AMS-102-17109,39000.0,New Arrival,3,0,3,https://www.theamethyststore.com/products/gorgeous-avikam-necklace-set-1?variant=gid://shopify/ProductVariant/49442175221987
2026-07-24 08:08:27,Royal Vivaha Short Necklace,Default Title,AMS-102-17177,153600.0,New Arrival,1,0,1,https://www.theamethyststore.com/products/royal-vivaha-oxidised-short-necklace?variant=gid://shopify/ProductVariant/49442201960675
2026-07-24 08:08:27,Liyaankaa Stone Bracelet,Default Title,AMS-103-1378,9550.0,New Arrival,2,0,2,https://www.theamethyststore.com/products/stone-bracelet-17?variant=gid://shopify/ProductVariant/49442209071331
2026-07-24 08:08:27,Trendy Diamond Design Chain with Earrings,Default Title,AMS-105-2155,16200.0,New Arrival,1,0,1,https://www.theamethyststore.com/products/diamond-design-chain-with-earrings?variant=gid://shopify/ProductVariant/49442209366243
2026-07-24 08:08:27,Harithaa  Mugappu Chain,Default Title,AMS-105-1966,13900.0,New Arrival,1,0,1,https://www.theamethyststore.com/products/mugappu-chain-16?variant=gid://shopify/ProductVariant/49442333720803
2026-07-24 08:08:27,Glow Diamond Design Chain with Earrings,Default Title,AMS-105-2156,19200.0,New Arrival,1,0,1,https://www.theamethyststore.com/products/glow-diamond-design-chain-with-earrings?variant=gid://shopify/ProductVariant/49442351448291
2026-07-24 08:08:27,Eternal Verse Chain with Earrings,Default Title,AMS-105-2157,10700.0,New Arrival,1,0,1,https://www.theamethyststore.com/products/eternal-verse-chain-with-earrings?variant=gid://shopify/ProductVariant/49442357575907
2026-07-24 08:08:27,Dual Birds Chain with Earrings,Default Title,AMS-105-2158,20000.0,New Arrival,1,0,1,https://www.theamethyststore.com/products/dual-birds-chain-with-earrings?variant=gid://shopify/ProductVariant/49442359181539
2026-07-24 08:08:27,Classics Avikam Chain with Earrings,Default Title,AMS-105-2159,15700.0,New Arrival,1,0,1,https://www.theamethyststore.com/products/classics-avikam-chain-with-earrings?variant=gid://shopify/ProductVariant/49442362163427
2026-07-24 08:08:27,Nivanthikaa Mugappu Chain,Default Title,AMS-105-1968,15050.0,New Arrival,1,0,1,https://www.theamethyststore.com/products/mugappu-chain-17?variant=gid://shopify/ProductVariant/49442363408611
2026-07-24 08:08:27,Hemarika Avikam Chain with Earrings,Default Title,AMS-105-2160,16600.0,New Arrival,1,0,1,https://www.theamethyststore.com/products/hemarika-avikam-chain-with-earrings?variant=gid://shopify/ProductVariant/49442363703523
2026-07-24 08:08:27,Mystic Diamond Design Stud,Default Title,AMS-106-15400,5200.0,New Arrival,1,0,1,https://www.theamethyststore.com/products/diamond-design-stud-6?variant=gid://shopify/ProductVariant/49442364981475
2026-07-24 08:08:27,Vikasha Diamond Design Stud,Default Title,AMS-106-15403,4400.0,New Arrival,1,0,1,https://www.theamethyststore.com/products/diamond-design-stud-7?variant=gid://shopify/ProductVariant/49442367471843
2026-07-24 08:08:27,Spark Diamond Design Stud,Default Title,AMS-106-15404,5100.0,New Arrival,1,0,1,https://www.theamethyststore.com/products/diamond-design-stud-8?variant=gid://shopify/ProductVariant/49442368684259
2026-07-24 08:08:27,Divine Diamond Design Stud,Default Title,AMS-106-15405,5100.0,New Arrival,1,0,1,https://www.theamethyststore.com/products/diamond-design-stud-9?variant=gid://shopify/ProductVariant/49442369732835
2026-07-24 08:08:27,Ranvikha Diamond Design Stud,Default Title,AMS-106-15406,5200.0,Restock,1,0,1,https://www.theamethyststore.com/products/diamond-design-stud-10?variant=gid://shopify/ProductVariant/49442377892067
2026-07-24 08:08:27,Shivani Diamond Design Stud,Default Title,AMS-106-15407,4500.0,New Arrival,1,0,1,https://www.theamethyststore.com/products/diamond-design-stud-11?variant=gid://shopify/ProductVariant/49442387230947
2026-07-24 08:08:27,Nithyaa Diamond Design Stud,Default Title,AMS-106-15408,9400.0,New Arrival,2,0,2,https://www.theamethyststore.com/products/diamond-design-stud-12?variant=gid://shopify/ProductVariant/49442403287267
2026-07-24 08:22:59,Dhivanikaa Diamond Design Stud,Default Title,AMS-106-15409,5900.0,New Arrival,2,0,2,https://www.theamethyststore.com/products/diamond-design-stud-13?variant=gid://shopify/ProductVariant/49442431074531
2026-07-24 08:22:59,Priya Diamond Design Stud,Default Title,AMS-106-15410,4400.0,New Arrival,1,0,1,https://www.theamethyststore.com/products/diamond-design-stud-14?variant=gid://shopify/ProductVariant/49442431467747
2026-07-24 08:22:59,Aarohi Moissanite Short Necklace Set,Default Title,AMS-102-17115,58200.0,New Arrival,1,0,1,https://www.theamethyststore.com/products/aarohi-moissanite-short-necklace-set?variant=gid://shopify/ProductVariant/49442431566051
2026-07-24 08:22:59,Auranika Moissanite Short Necklace Set,Default Title,AMS-102-17116,78300.0,New Arrival,1,0,1,https://www.theamethyststore.com/products/auranika-moissanite-short-necklace-set?variant=gid://shopify/ProductVariant/49442433073379
2026-07-24 08:22:59,Ruchikaa Diamond Design Stud,Default Title,AMS-106-15411,7200.0,New Arrival,1,0,1,https://www.theamethyststore.com/products/diamond-design-stud-15?variant=gid://shopify/ProductVariant/49442438119651
2026-07-24 08:22:59,Kanorra Moissanite Short Necklace Set,Default Title,AMS-102-17118,62900.0,New Arrival,1,0,1,https://www.theamethyststore.com/products/kanorra-moissanite-short-necklace-set?variant=gid://shopify/ProductVariant/49442438480099
2026-07-24 08:22:59,Dheksha Diamond Design Stud,Default Title,AMS-106-15412,5000.0,New Arrival,1,0,1,https://www.theamethyststore.com/products/diamond-design-stud-16?variant=gid://shopify/ProductVariant/49442440118499
2026-07-24 08:22:59,Nadhiya Nagas Long Necklace,Default Title,AMS-102-15889,85200.0,Sold Out,1,1,0,https://www.theamethyststore.com/products/nadhiya-nagas-long-necklace?variant=gid://shopify/ProductVariant/49102611906787
2026-07-24 08:38:08,Elegant Diamond Design Stud,Default Title,AMS-106-15419,5300.0,New Arrival,1,0,1,https://www.theamethyststore.com/products/diamond-design-stud-17?variant=gid://shopify/ProductVariant/49442461221091
2026-07-24 08:38:08,Eshvika Plain Bracelet,Default Title,AMS-103-1337,3300.0,Sold Out,1,1,0,https://www.theamethyststore.com/products/eshvika-plain-bracelet?variant=gid://shopify/ProductVariant/49390397325539
2026-07-24 10:22:57,Venishaa Avikam Maangtikka,Default Title,AMS-109-2395,13000.0,Restock,3,1,4,https://www.theamethyststore.com/products/avikam-maangtikka-3?variant=gid://shopify/ProductVariant/49415267713251
2026-07-24 10:22:57,Disha Avikam Maangtikka,Default Title,AMS-109-2392,13500.0,Restock,3,1,4,https://www.theamethyststore.com/products/avikam-maangtikka-6?variant=gid://shopify/ProductVariant/49415677575395
2026-07-24 10:22:57,Bridal Diamond Design Hair Maatal,Default Title,AMS-109-2407,53200.0,Restock,3,1,4,https://www.theamethyststore.com/products/diamond-design-hair-maatal-1?variant=gid://shopify/ProductVariant/49439555911907
2026-07-24 10:22:57,Divyora Moissanite Short Necklace Set,Default Title,AMS-102-17128,51300.0,New Arrival,1,0,1,https://www.theamethyststore.com/products/divyora-moissanite-short-necklace-set?variant=gid://shopify/ProductVariant/49442594259171
2026-07-24 10:22:57,Stunning Moissanite Short Necklace Set,Default Title,AMS-102-17129,89900.0,New Arrival,1,0,1,https://www.theamethyststore.com/products/stunning-moissanite-short-necklace-set?variant=gid://shopify/ProductVariant/49442595274979
2026-07-24 10:22:57,Abinaa Moissanite Choker Set,Default Title,AMS-102-17117,63800.0,New Arrival,1,0,1,https://www.theamethyststore.com/products/moissanite-choker-set?variant=gid://shopify/ProductVariant/49442597437667
2026-07-24 10:22:57,Kiara Moissanite Short Necklace Set,Default Title,AMS-102-17130,36100.0,New Arrival,1,0,1,https://www.theamethyststore.com/products/kiara-moissanite-short-necklace-set?variant=gid://shopify/ProductVariant/49442598387939
2026-07-24 10:38:07,Modishi Diamond Design Pendant Set,Default Title,AMS-104-1755,14400.0,New Arrival,3,0,3,https://www.theamethyststore.com/products/modishi-diamond-design-pendant-set?variant=gid://shopify/ProductVariant/45326589853923
2026-07-24 10:38:07,Banwari Kundan Maatal,Default Title,AMS-109-1170,25800.0,New Arrival,1,0,1,https://www.theamethyststore.com/products/banwari-kundan-maatal?variant=gid://shopify/ProductVariant/45425734582499
2026-07-24 10:38:07,Sitting Lakshmi Devi 2D Idol,"1.5""","AMS-115-0011-1.5""",8500.0,Sold Out,1,1,0,https://www.theamethyststore.com/products/sitting-lakshmi-devi-idol?variant=gid://shopify/ProductVariant/45786478182627
2026-07-24 10:38:07,Cristy Studs,Default Title,AMS-106-3291,4800.0,Sold Out,2,2,0,https://www.theamethyststore.com/products/cristy-studs?variant=gid://shopify/ProductVariant/43320604328163
2026-07-24 11:08:59,Classic Charm Avikam Short Necklace Set,Default Title,AMS-102-10280,60200.0,New Arrival,3,0,3,https://www.theamethyststore.com/products/classic-charm-avikam-short-necklace-set?variant=gid://shopify/ProductVariant/46824214069475
2026-07-24 11:08:59,Classy Spark Avikam Short Necklace Set,Default Title,AMS-102-12060,45100.0,Restock,3,0,3,https://www.theamethyststore.com/products/classy-spark-avikam-short-necklace-set?variant=gid://shopify/ProductVariant/47261259989219
2026-07-24 11:08:59,Yalisha Moissanite Short Necklace Set,Default Title,AMS-102-17119,95700.0,New Arrival,1,0,1,https://www.theamethyststore.com/products/moissanite-short-necklace-set-3?variant=gid://shopify/ProductVariant/49442628632803
2026-07-24 11:08:59,Amazing Moissanite Short Necklace Set,Default Title,AMS-102-17072,93900.0,New Arrival,1,0,1,https://www.theamethyststore.com/products/amazing-moissanite-short-necklace-set?variant=gid://shopify/ProductVariant/49442677391587
2026-07-24 11:08:59,Hrithika Moissanite Short Necklace Set,Default Title,AMS-102-17120,48700.0,New Arrival,1,0,1,https://www.theamethyststore.com/products/moissanite-short-necklace-set-4?variant=gid://shopify/ProductVariant/49442683715811
2026-07-24 11:08:59,Chic Hasli with Pendant Set,Default Title,AMS-102-16610,21300.0,New Arrival,1,0,1,https://www.theamethyststore.com/products/chic-hasli-with-pendant-set?variant=gid://shopify/ProductVariant/49442685059299
2026-07-24 11:08:59,Samyra Stone Short Necklace,Default Title,AMS-102-15537,24850.0,Sold Out,1,1,0,https://www.theamethyststore.com/products/samyra-nagas-short-necklace?variant=gid://shopify/ProductVariant/48907741921507
2026-07-24 11:22:31,Lumiyaa Moissanite Short Necklace Set,Default Title,AMS-102-17121,59900.0,New Arrival,1,0,1,https://www.theamethyststore.com/products/moissanite-short-necklace-set-5?variant=gid://shopify/ProductVariant/49442699378915
2026-07-24 11:22:31,Yashikaa Moissanite Short Necklace Set,Default Title,AMS-102-17122,64500.0,New Arrival,1,0,1,https://www.theamethyststore.com/products/moissanite-short-necklace-set-6?variant=gid://shopify/ProductVariant/49442737291491
2026-07-24 11:37:47,Harintha Moissanite Short Necklace Set,Default Title,AMS-102-17123,76800.0,New Arrival,1,0,1,https://www.theamethyststore.com/products/moissanite-short-necklace-set-7?variant=gid://shopify/ProductVariant/49442749448419
2026-07-24 11:37:47,Ashritha Moissanite Short Necklace Set,Default Title,AMS-102-17124,32200.0,New Arrival,1,0,1,https://www.theamethyststore.com/products/moissanite-short-necklace-set-8?variant=gid://shopify/ProductVariant/49442751316195
2026-07-24 11:37:47,Vithisha Moissanite Short Necklace Set,Default Title,AMS-102-17125,61500.0,New Arrival,1,0,1,https://www.theamethyststore.com/products/moissanite-short-necklace-set-9?variant=gid://shopify/ProductVariant/49442752168163
2026-07-24 12:08:20,Thaarika  Moissanite Short Necklace Set,Default Title,AMS-102-17126,47400.0,New Arrival,1,0,1,https://www.theamethyststore.com/products/moissanite-short-necklace-set-10?variant=gid://shopify/ProductVariant/49442812395747
2026-07-24 12:08:20,Jenisha Moissanite Short Necklace Set,Default Title,AMS-102-17127,58200.0,New Arrival,1,0,1,https://www.theamethyststore.com/products/moissanite-short-necklace-set-11?variant=gid://shopify/ProductVariant/49442814951651
2026-07-24 12:52:11,Charming Avikam Earrings,Default Title,AMS-106-14314,5368.0,Sold Out,1,1,0,https://www.theamethyststore.com/products/charming-avikam-earrings?variant=gid://shopify/ProductVariant/49334778790115
2026-07-24 13:08:15,Twin Heart Studs,Default Title,AMS-106-10764,6600.0,Sale,1,3,2,https://www.theamethyststore.com/products/twin-heart-studs?variant=gid://shopify/ProductVariant/47451351613667
2026-07-24 13:08:15,Sanatani Long Necklace,Default Title,AMS-102-2284,192990.0,Sold Out,1,1,0,https://www.theamethyststore.com/products/sanatani-long-necklace-1?variant=gid://shopify/ProductVariant/42090059464931
2026-07-24 13:38:08,Aashvi Plain Bracelet,Default Title,AMS-103-1334,3400.0,Sale,1,2,1,https://www.theamethyststore.com/products/aashvi-plain-bracelet?variant=gid://shopify/ProductVariant/49390400766179
2026-07-24 13:38:08,Vinitha Nagas Jhumkas,Default Title,AMS-106-10914,12354.0,Sold Out,1,1,0,https://www.theamethyststore.com/products/vinitha-nagas-jhumkas-1?variant=gid://shopify/ProductVariant/47246765949155
2026-07-24 13:38:08,Siyani Nagas Short Necklace,Default Title,AMS-102-14277,52300.0,Sold Out,1,1,0,https://www.theamethyststore.com/products/siyani-nagas-short-necklace?variant=gid://shopify/ProductVariant/48168923070691
2026-07-24 14:07:47,Navitha Reversible Stone Necklace,Default Title,AMS-102-16798,50150.0,New Arrival,2,0,2,https://www.theamethyststore.com/products/reversible-stone-necklace-1?variant=gid://shopify/ProductVariant/49443186049251
2026-07-24 14:07:47,Celestial Luxe Diamond Like Oddiyanam,Default Title,AMS-110-0928,97000.0,Sold Out,1,1,0,https://www.theamethyststore.com/products/diamond-like-oddiyanam-9?variant=gid://shopify/ProductVariant/49436823879907
2026-07-24 14:22:17,Finthikaa Hasli Necklace,Default Title,AMS-102-16528,7500.0,Sold Out,1,1,0,https://www.theamethyststore.com/products/hasli-necklace-80?variant=gid://shopify/ProductVariant/49396620230883
2026-07-24 14:22:17,Jenisha Moissanite Short Necklace Set,Default Title,AMS-102-17127,58200.0,Sold Out,1,1,0,https://www.theamethyststore.com/products/moissanite-short-necklace-set-11?variant=gid://shopify/ProductVariant/49442814951651
2026-07-24 14:52:28,Farzana Diamond Design Pair Bangle,"2.8""",AMS-107-2412-2.8'',35000.0,Sale,1,2,1,https://www.theamethyststore.com/products/farzana-stone-pair-bangle?variant=gid://shopify/ProductVariant/49396531200227
2026-07-24 14:52:28,Vaidehi 3D Spl Pendant,Default Title,AMS-104-4446,3000.0,Sale,1,2,1,https://www.theamethyststore.com/products/vaidehi-3d-spl-pendant?variant=gid://shopify/ProductVariant/49334691561699
2026-07-24 16:43:23,Samaira Diamond Stud,Default Title,AMS-106-15423,4300.0,Sold Out,1,1,0,https://www.theamethyststore.com/products/samaira-diamond-stud?variant=gid://shopify/ProductVariant/49439575343331
2026-07-24 16:43:23,Kiara Diamond Stud,Default Title,AMS-106-15422,5100.0,Sold Out,1,1,0,https://www.theamethyststore.com/products/kiara-diamond-stud?variant=gid://shopify/ProductVariant/49439601885411
2026-07-24 16:43:23,Dazzling Diamond Stud,Default Title,AMS-106-15397,5600.0,Sold Out,1,1,0,https://www.theamethyststore.com/products/dazzling-diamond-stud-1?variant=gid://shopify/ProductVariant/49439643336931
2026-07-24 16:43:23,Ishvika Diamond Stud,Default Title,AMS-106-15398,7200.0,Sold Out,1,1,0,https://www.theamethyststore.com/products/ishvika-diamond-stud?variant=gid://shopify/ProductVariant/49439651791075
2026-07-24 16:43:23,Advika Diamond Stud,Default Title,AMS-106-15399,7300.0,Sold Out,1,1,0,https://www.theamethyststore.com/products/advika-diamond-stud?variant=gid://shopify/ProductVariant/49439653232867
2026-07-24 16:43:23,Kanorra Diamond Stud,Default Title,AMS-106-15416,6200.0,Sold Out,1,1,0,https://www.theamethyststore.com/products/kanorra-diamond-stud?variant=gid://shopify/ProductVariant/49439660802275
2026-07-24 16:43:23,Bridal Avikam Vanki,Default Title,AMS-112-0932,61300.0,Sold Out,1,1,0,https://www.theamethyststore.com/products/vanki-2?variant=gid://shopify/ProductVariant/49439666012387
2026-07-24 16:43:23,Stunning Avikam Vanki,Default Title,AMS-112-0899,59000.0,Sold Out,2,2,0,https://www.theamethyststore.com/products/avikam-vanki-1?variant=gid://shopify/ProductVariant/49439668437219
2026-07-24 16:43:23,Attractive Bridal Avikam Vanki,Default Title,AMS-112-0898,52000.0,Sold Out,2,2,0,https://www.theamethyststore.com/products/avikam-vanki-2?variant=gid://shopify/ProductVariant/49439670042851
2026-07-24 16:43:23,Unique Catchy Avikam Vanki,Default Title,AMS-112-0897,46200.0,Sold Out,2,2,0,https://www.theamethyststore.com/products/avikam-vanki-3?variant=gid://shopify/ProductVariant/49439672107235
2026-07-24 16:43:23,Aurashree Diamond Stud,Default Title,AMS-106-15402,4200.0,Sold Out,1,1,0,https://www.theamethyststore.com/products/aurashree-diamond-stud?variant=gid://shopify/ProductVariant/49439672565987
2026-07-24 16:43:23,Sanvitha Avikam Vanki,Default Title,AMS-112-0896,54300.0,Sold Out,3,3,0,https://www.theamethyststore.com/products/avikam-vanki-4?variant=gid://shopify/ProductVariant/49439674138851
2026-07-24 16:43:23,Stunning Diamond Design Hair Maatal,Default Title,AMS-109-2405,55200.0,Sold Out,1,1,0,https://www.theamethyststore.com/products/diamond-design-hair-maatal-2?variant=gid://shopify/ProductVariant/49439675351267
2026-07-24 16:43:23,Vithasha Diamond Design Stud,Default Title,AMS-106-15421,5500.0,Sold Out,1,1,0,https://www.theamethyststore.com/products/diamond-stud-3?variant=gid://shopify/ProductVariant/49439676301539
2026-07-24 16:43:23,Diana Diamond Design Stud,Default Title,AMS-106-15420,5000.0,Sold Out,2,2,0,https://www.theamethyststore.com/products/diamond-design-stud?variant=gid://shopify/ProductVariant/49439683903715
2026-07-24 16:43:23,Cute Diamond Design Stud,Default Title,AMS-106-15418,4000.0,Sold Out,1,1,0,https://www.theamethyststore.com/products/diamond-design-stud-1?variant=gid://shopify/ProductVariant/49439685214435
2026-07-24 16:43:23,Catchy Diamond Design Stud,Default Title,AMS-106-15417,4700.0,Sold Out,2,2,0,https://www.theamethyststore.com/products/diamond-design-stud-2?variant=gid://shopify/ProductVariant/49439686295779
2026-07-24 16:43:23,Beautiful Diamond Design Stud,Default Title,AMS-106-15415,4100.0,Sold Out,1,1,0,https://www.theamethyststore.com/products/diamond-design-stud-3?variant=gid://shopify/ProductVariant/49439688065251
2026-07-24 16:43:23,Nishanthi Stone Bracelet,Default Title,AMS-103-1356,9300.0,Sold Out,1,1,0,https://www.theamethyststore.com/products/nishanthi-stone-bracelet?variant=gid://shopify/ProductVariant/49439691800803
2026-07-24 16:43:23,Ananya Diamond Design Stud,Default Title,AMS-106-15414,5800.0,Sold Out,1,1,0,https://www.theamethyststore.com/products/diamond-design-stud-4?variant=gid://shopify/ProductVariant/49439691833571
2026-07-24 16:43:23,Yamikaa Diamond Design Stud,Default Title,AMS-106-15413,5100.0,Sold Out,1,1,0,https://www.theamethyststore.com/products/diamond-design-stud-5?variant=gid://shopify/ProductVariant/49439694258403
2026-07-24 16:43:23,Amazing Stone Bracelet,Default Title,AMS-103-1357,9150.0,Sold Out,2,2,0,https://www.theamethyststore.com/products/amazing-stone-bracelet?variant=gid://shopify/ProductVariant/49439695044835
2026-07-24 16:43:23,Devansha Stone Bracelet,Default Title,AMS-103-1359,9800.0,Sold Out,1,1,0,https://www.theamethyststore.com/products/devansha-stone-bracelet?variant=gid://shopify/ProductVariant/49439696683235
2026-07-24 16:43:23,Auranika Stone Bracelet,Default Title,AMS-103-1360,9550.0,Sold Out,1,1,0,https://www.theamethyststore.com/products/auranika-stone-bracelet?variant=gid://shopify/ProductVariant/49439697961187
2026-07-24 16:43:23,Hemorra Stone Bracelet,Default Title,AMS-103-1361,9150.0,Sold Out,1,1,0,https://www.theamethyststore.com/products/hemorra-stone-bracelet?variant=gid://shopify/ProductVariant/49439702352099
2026-07-24 16:43:23,Hemarise Stone Bracelet,Default Title,AMS-103-1363,10850.0,Sold Out,1,1,0,https://www.theamethyststore.com/products/hemarise-stone-bracelet?variant=gid://shopify/ProductVariant/49439706546403
2026-07-24 16:43:23,Rajanya Stone Short Necklace Set,Default Title,AMS-102-16489,89850.0,Sold Out,1,1,0,https://www.theamethyststore.com/products/rajanya-stone-short-necklace-set?variant=gid://shopify/ProductVariant/49442101493987
2026-07-24 16:43:23,Grandeur Stone Short Necklace,Default Title,AMS-102-16490,128620.0,Sold Out,1,1,0,https://www.theamethyststore.com/products/grandeur-stone-short-necklace-1?variant=gid://shopify/ProductVariant/49442102509795
2026-07-24 16:43:23,Bridal Heritage Stone Short Necklace,Default Title,AMS-102-17004,74100.0,Sold Out,1,1,0,https://www.theamethyststore.com/products/bridal-heritage-stone-short-necklace?variant=gid://shopify/ProductVariant/49442103361763
2026-07-24 16:43:23,Layer Charm Avikam Long Necklace Set,Default Title,AMS-102-17040,173200.0,Sold Out,1,1,0,https://www.theamethyststore.com/products/layer-charm-avikam-long-necklace-set-2?variant=gid://shopify/ProductVariant/49442127544547
2026-07-24 16:43:23,Bridal Treasure Avikam Long Necklace Set,Default Title,AMS-102-17041,161700.0,Sold Out,1,1,0,https://www.theamethyststore.com/products/bridal-treasure-avikam-long-necklace-set?variant=gid://shopify/ProductVariant/49442128462051
2026-07-24 16:43:23,Classic Dynasty Avikam Long Necklace Set,Default Title,AMS-102-17079,146700.0,Sold Out,1,1,0,https://www.theamethyststore.com/products/classic-dynasty-avikam-long-necklace-set?variant=gid://shopify/ProductVariant/49442128789731
2026-07-24 16:43:23,Classic Dynasty Avikam Necklace Set,Default Title,AMS-102-17082,56400.0,Sold Out,2,2,0,https://www.theamethyststore.com/products/classic-dynasty-avikam-necklace-set?variant=gid://shopify/ProductVariant/49442153660643
2026-07-24 16:43:23,Vinthika Stone Bracelet,Default Title,AMS-103-1364,9900.0,Sold Out,1,1,0,https://www.theamethyststore.com/products/stone-bracelet-9?variant=gid://shopify/ProductVariant/49442157691107
2026-07-24 16:43:23,Luxe Charm Avikam Necklace Set,Default Title,AMS-102-17087,143400.0,Sold Out,2,2,0,https://www.theamethyststore.com/products/luxe-charm-avikam-necklace-set?variant=gid://shopify/ProductVariant/49442158182627
2026-07-24 16:43:23,Surabhi Stone Bracelet,Default Title,AMS-103-1366,12250.0,Sold Out,2,2,0,https://www.theamethyststore.com/products/stone-bracelet-10?variant=gid://shopify/ProductVariant/49442158444771
2026-07-24 16:43:23,Bridal Heritage Avikam Necklace Set,Default Title,AMS-102-17089,59100.0,Sold Out,1,1,0,https://www.theamethyststore.com/products/bridal-heritage-avikam-necklace-set?variant=gid://shopify/ProductVariant/49442159067363
2026-07-24 16:43:23,Attractive Stone Bracelet,Default Title,AMS-103-1367,10700.0,Sold Out,1,1,0,https://www.theamethyststore.com/products/stone-bracelet-11?variant=gid://shopify/ProductVariant/49442164113635
2026-07-24 16:43:23,Vedhikaa Stone Bracelet,Default Title,AMS-103-1368,12900.0,Sold Out,1,1,0,https://www.theamethyststore.com/products/stone-bracelet-12?variant=gid://shopify/ProductVariant/49442165817571
2026-07-24 16:43:23,Srikhaa Stone Bracelet,Default Title,AMS-103-1369,10800.0,Sold Out,4,4,0,https://www.theamethyststore.com/products/stone-bracelet-13?variant=gid://shopify/ProductVariant/49442166341859
2026-07-24 16:43:23,Rishikaa Stone Bracelet,Default Title,AMS-103-1371,9950.0,Sold Out,2,2,0,https://www.theamethyststore.com/products/stone-bracelet-14?variant=gid://shopify/ProductVariant/49442166800611
2026-07-24 16:43:23,Rashmikaa Stone Bracelet,Default Title,AMS-103-1372,8100.0,Sold Out,2,2,0,https://www.theamethyststore.com/products/stone-bracelet-15?variant=gid://shopify/ProductVariant/49442167292131
2026-07-24 16:43:23,Elishaa Stone Bracelet,Default Title,AMS-103-1375,8000.0,Sold Out,1,1,0,https://www.theamethyststore.com/products/stone-bracelet-16?variant=gid://shopify/ProductVariant/49442172010723
2026-07-24 16:43:23,Gorgeous Avikam Necklace Set,Default Title,AMS-102-17109,39000.0,Sold Out,3,3,0,https://www.theamethyststore.com/products/gorgeous-avikam-necklace-set-1?variant=gid://shopify/ProductVariant/49442175221987
2026-07-24 16:43:23,Royal Vivaha Short Necklace,Default Title,AMS-102-17177,153600.0,Sold Out,1,1,0,https://www.theamethyststore.com/products/royal-vivaha-oxidised-short-necklace?variant=gid://shopify/ProductVariant/49442201960675
2026-07-24 16:43:23,Liyaankaa Stone Bracelet,Default Title,AMS-103-1378,9550.0,Sold Out,2,2,0,https://www.theamethyststore.com/products/stone-bracelet-17?variant=gid://shopify/ProductVariant/49442209071331
2026-07-24 16:43:23,Trendy Diamond Design Chain with Earrings,Default Title,AMS-105-2155,16200.0,Sold Out,1,1,0,https://www.theamethyststore.com/products/diamond-design-chain-with-earrings?variant=gid://shopify/ProductVariant/49442209366243
2026-07-24 16:43:23,Harithaa  Mugappu Chain,Default Title,AMS-105-1966,13900.0,Sold Out,1,1,0,https://www.theamethyststore.com/products/mugappu-chain-16?variant=gid://shopify/ProductVariant/49442333720803
2026-07-24 16:43:23,Glow Diamond Design Chain with Earrings,Default Title,AMS-105-2156,19200.0,Sold Out,1,1,0,https://www.theamethyststore.com/products/glow-diamond-design-chain-with-earrings?variant=gid://shopify/ProductVariant/49442351448291
2026-07-24 16:43:23,Eternal Verse Chain with Earrings,Default Title,AMS-105-2157,10700.0,Sold Out,1,1,0,https://www.theamethyststore.com/products/eternal-verse-chain-with-earrings?variant=gid://shopify/ProductVariant/49442357575907
2026-07-24 16:43:23,Dual Birds Chain with Earrings,Default Title,AMS-105-2158,20000.0,Sold Out,1,1,0,https://www.theamethyststore.com/products/dual-birds-chain-with-earrings?variant=gid://shopify/ProductVariant/49442359181539
2026-07-24 16:43:23,Classics Avikam Chain with Earrings,Default Title,AMS-105-2159,15700.0,Sold Out,1,1,0,https://www.theamethyststore.com/products/classics-avikam-chain-with-earrings?variant=gid://shopify/ProductVariant/49442362163427
2026-07-24 16:43:23,Nivanthikaa Mugappu Chain,Default Title,AMS-105-1968,15050.0,Sold Out,1,1,0,https://www.theamethyststore.com/products/mugappu-chain-17?variant=gid://shopify/ProductVariant/49442363408611
2026-07-24 16:43:23,Hemarika Avikam Chain with Earrings,Default Title,AMS-105-2160,16600.0,Sold Out,1,1,0,https://www.theamethyststore.com/products/hemarika-avikam-chain-with-earrings?variant=gid://shopify/ProductVariant/49442363703523
2026-07-24 16:43:23,Mystic Diamond Design Stud,Default Title,AMS-106-15400,5200.0,Sold Out,1,1,0,https://www.theamethyststore.com/products/diamond-design-stud-6?variant=gid://shopify/ProductVariant/49442364981475
2026-07-24 16:43:23,Vikasha Diamond Design Stud,Default Title,AMS-106-15403,4400.0,Sold Out,1,1,0,https://www.theamethyststore.com/products/diamond-design-stud-7?variant=gid://shopify/ProductVariant/49442367471843
2026-07-24 16:43:23,Spark Diamond Design Stud,Default Title,AMS-106-15404,5100.0,Sold Out,1,1,0,https://www.theamethyststore.com/products/diamond-design-stud-8?variant=gid://shopify/ProductVariant/49442368684259
2026-07-24 16:43:23,Divine Diamond Design Stud,Default Title,AMS-106-15405,5100.0,Sold Out,1,1,0,https://www.theamethyststore.com/products/diamond-design-stud-9?variant=gid://shopify/ProductVariant/49442369732835
2026-07-24 16:43:23,Ranvikha Diamond Design Stud,Default Title,AMS-106-15406,5200.0,Sold Out,1,1,0,https://www.theamethyststore.com/products/diamond-design-stud-10?variant=gid://shopify/ProductVariant/49442377892067
2026-07-24 16:43:23,Shivani Diamond Design Stud,Default Title,AMS-106-15407,4500.0,Sold Out,1,1,0,https://www.theamethyststore.com/products/diamond-design-stud-11?variant=gid://shopify/ProductVariant/49442387230947
2026-07-24 16:43:23,Nithyaa Diamond Design Stud,Default Title,AMS-106-15408,9400.0,Sold Out,2,2,0,https://www.theamethyststore.com/products/diamond-design-stud-12?variant=gid://shopify/ProductVariant/49442403287267
2026-07-24 16:43:23,Dhivanikaa Diamond Design Stud,Default Title,AMS-106-15409,5900.0,Sold Out,2,2,0,https://www.theamethyststore.com/products/diamond-design-stud-13?variant=gid://shopify/ProductVariant/49442431074531
2026-07-24 16:43:23,Priya Diamond Design Stud,Default Title,AMS-106-15410,4400.0,Sold Out,1,1,0,https://www.theamethyststore.com/products/diamond-design-stud-14?variant=gid://shopify/ProductVariant/49442431467747
2026-07-24 16:43:23,Aarohi Moissanite Short Necklace Set,Default Title,AMS-102-17115,58200.0,Sold Out,1,1,0,https://www.theamethyststore.com/products/aarohi-moissanite-short-necklace-set?variant=gid://shopify/ProductVariant/49442431566051
2026-07-24 16:43:23,Auranika Moissanite Short Necklace Set,Default Title,AMS-102-17116,78300.0,Sold Out,1,1,0,https://www.theamethyststore.com/products/auranika-moissanite-short-necklace-set?variant=gid://shopify/ProductVariant/49442433073379
2026-07-24 16:43:23,Ruchikaa Diamond Design Stud,Default Title,AMS-106-15411,7200.0,Sold Out,1,1,0,https://www.theamethyststore.com/products/diamond-design-stud-15?variant=gid://shopify/ProductVariant/49442438119651
2026-07-24 16:43:23,Kanorra Moissanite Short Necklace Set,Default Title,AMS-102-17118,62900.0,Sold Out,1,1,0,https://www.theamethyststore.com/products/kanorra-moissanite-short-necklace-set?variant=gid://shopify/ProductVariant/49442438480099
2026-07-24 16:43:23,Dheksha Diamond Design Stud,Default Title,AMS-106-15412,5000.0,Sold Out,1,1,0,https://www.theamethyststore.com/products/diamond-design-stud-16?variant=gid://shopify/ProductVariant/49442440118499
2026-07-24 16:43:23,Elegant Diamond Design Stud,Default Title,AMS-106-15419,5300.0,Sold Out,1,1,0,https://www.theamethyststore.com/products/diamond-design-stud-17?variant=gid://shopify/ProductVariant/49442461221091
2026-07-24 16:43:23,Divyora Moissanite Short Necklace Set,Default Title,AMS-102-17128,51300.0,Sold Out,1,1,0,https://www.theamethyststore.com/products/divyora-moissanite-short-necklace-set?variant=gid://shopify/ProductVariant/49442594259171
2026-07-24 16:43:23,Stunning Moissanite Short Necklace Set,Default Title,AMS-102-17129,89900.0,Sold Out,1,1,0,https://www.theamethyststore.com/products/stunning-moissanite-short-necklace-set?variant=gid://shopify/ProductVariant/49442595274979
2026-07-24 16:43:23,Abinaa Moissanite Choker Set,Default Title,AMS-102-17117,63800.0,Sold Out,1,1,0,https://www.theamethyststore.com/products/moissanite-choker-set?variant=gid://shopify/ProductVariant/49442597437667
2026-07-24 16:43:23,Kiara Moissanite Short Necklace Set,Default Title,AMS-102-17130,36100.0,Sold Out,1,1,0,https://www.theamethyststore.com/products/kiara-moissanite-short-necklace-set?variant=gid://shopify/ProductVariant/49442598387939
2026-07-24 16:43:23,Yalisha Moissanite Short Necklace Set,Default Title,AMS-102-17119,95700.0,Sold Out,1,1,0,https://www.theamethyststore.com/products/moissanite-short-necklace-set-3?variant=gid://shopify/ProductVariant/49442628632803
2026-07-24 16:43:23,Amazing Moissanite Short Necklace Set,Default Title,AMS-102-17072,93900.0,Sold Out,1,1,0,https://www.theamethyststore.com/products/amazing-moissanite-short-necklace-set?variant=gid://shopify/ProductVariant/49442677391587
2026-07-24 16:43:23,Hrithika Moissanite Short Necklace Set,Default Title,AMS-102-17120,48700.0,Sold Out,1,1,0,https://www.theamethyststore.com/products/moissanite-short-necklace-set-4?variant=gid://shopify/ProductVariant/49442683715811
2026-07-24 16:43:23,Chic Hasli with Pendant Set,Default Title,AMS-102-16610,21300.0,Sold Out,1,1,0,https://www.theamethyststore.com/products/chic-hasli-with-pendant-set?variant=gid://shopify/ProductVariant/49442685059299
2026-07-24 16:43:23,Lumiyaa Moissanite Short Necklace Set,Default Title,AMS-102-17121,59900.0,Sold Out,1,1,0,https://www.theamethyststore.com/products/moissanite-short-necklace-set-5?variant=gid://shopify/ProductVariant/49442699378915
2026-07-24 16:43:23,Yashikaa Moissanite Short Necklace Set,Default Title,AMS-102-17122,64500.0,Sold Out,1,1,0,https://www.theamethyststore.com/products/moissanite-short-necklace-set-6?variant=gid://shopify/ProductVariant/49442737291491
2026-07-24 16:43:23,Harintha Moissanite Short Necklace Set,Default Title,AMS-102-17123,76800.0,Sold Out,1,1,0,https://www.theamethyststore.com/products/moissanite-short-necklace-set-7?variant=gid://shopify/ProductVariant/49442749448419
2026-07-24 16:43:23,Ashritha Moissanite Short Necklace Set,Default Title,AMS-102-17124,32200.0,Sold Out,1,1,0,https://www.theamethyststore.com/products/moissanite-short-necklace-set-8?variant=gid://shopify/ProductVariant/49442751316195
2026-07-24 16:43:23,Vithisha Moissanite Short Necklace Set,Default Title,AMS-102-17125,61500.0,Sold Out,1,1,0,https://www.theamethyststore.com/products/moissanite-short-necklace-set-9?variant=gid://shopify/ProductVariant/49442752168163
2026-07-24 16:43:23,Thaarika  Moissanite Short Necklace Set,Default Title,AMS-102-17126,47400.0,Sold Out,1,1,0,https://www.theamethyststore.com/products/moissanite-short-necklace-set-10?variant=gid://shopify/ProductVariant/49442812395747
2026-07-24 16:43:23,Navitha Reversible Stone Necklace,Default Title,AMS-102-16798,50150.0,Sold Out,2,2,0,https://www.theamethyststore.com/products/reversible-stone-necklace-1?variant=gid://shopify/ProductVariant/49443186049251
2026-07-24 16:51:46,Samaira Diamond Stud,Default Title,AMS-106-15423,4300.0,New Arrival,1,0,1,https://www.theamethyststore.com/products/samaira-diamond-stud?variant=gid://shopify/ProductVariant/49439575343331
2026-07-24 16:51:46,Kiara Diamond Stud,Default Title,AMS-106-15422,5100.0,New Arrival,1,0,1,https://www.theamethyststore.com/products/kiara-diamond-stud?variant=gid://shopify/ProductVariant/49439601885411
2026-07-24 16:51:46,Dazzling Diamond Stud,Default Title,AMS-106-15397,5600.0,New Arrival,1,0,1,https://www.theamethyststore.com/products/dazzling-diamond-stud-1?variant=gid://shopify/ProductVariant/49439643336931
2026-07-24 16:51:46,Ishvika Diamond Stud,Default Title,AMS-106-15398,7200.0,New Arrival,1,0,1,https://www.theamethyststore.com/products/ishvika-diamond-stud?variant=gid://shopify/ProductVariant/49439651791075
2026-07-24 16:51:46,Advika Diamond Stud,Default Title,AMS-106-15399,7300.0,New Arrival,1,0,1,https://www.theamethyststore.com/products/advika-diamond-stud?variant=gid://shopify/ProductVariant/49439653232867
2026-07-24 16:51:46,Kanorra Diamond Stud,Default Title,AMS-106-15416,6200.0,New Arrival,1,0,1,https://www.theamethyststore.com/products/kanorra-diamond-stud?variant=gid://shopify/ProductVariant/49439660802275
2026-07-24 16:51:46,Bridal Avikam Vanki,Default Title,AMS-112-0932,61300.0,New Arrival,1,0,1,https://www.theamethyststore.com/products/vanki-2?variant=gid://shopify/ProductVariant/49439666012387
2026-07-24 16:51:46,Stunning Avikam Vanki,Default Title,AMS-112-0899,59000.0,New Arrival,2,0,2,https://www.theamethyststore.com/products/avikam-vanki-1?variant=gid://shopify/ProductVariant/49439668437219
2026-07-24 16:51:46,Attractive Bridal Avikam Vanki,Default Title,AMS-112-0898,52000.0,New Arrival,2,0,2,https://www.theamethyststore.com/products/avikam-vanki-2?variant=gid://shopify/ProductVariant/49439670042851
2026-07-24 16:51:46,Unique Catchy Avikam Vanki,Default Title,AMS-112-0897,46200.0,New Arrival,2,0,2,https://www.theamethyststore.com/products/avikam-vanki-3?variant=gid://shopify/ProductVariant/49439672107235
2026-07-24 16:51:46,Aurashree Diamond Stud,Default Title,AMS-106-15402,4200.0,New Arrival,1,0,1,https://www.theamethyststore.com/products/aurashree-diamond-stud?variant=gid://shopify/ProductVariant/49439672565987
2026-07-24 16:51:46,Sanvitha Avikam Vanki,Default Title,AMS-112-0896,54300.0,New Arrival,3,0,3,https://www.theamethyststore.com/products/avikam-vanki-4?variant=gid://shopify/ProductVariant/49439674138851
2026-07-24 16:51:46,Stunning Diamond Design Hair Maatal,Default Title,AMS-109-2405,55200.0,New Arrival,1,0,1,https://www.theamethyststore.com/products/diamond-design-hair-maatal-2?variant=gid://shopify/ProductVariant/49439675351267
2026-07-24 16:51:46,Vithasha Diamond Design Stud,Default Title,AMS-106-15421,5500.0,New Arrival,1,0,1,https://www.theamethyststore.com/products/diamond-stud-3?variant=gid://shopify/ProductVariant/49439676301539
2026-07-24 16:51:46,Diana Diamond Design Stud,Default Title,AMS-106-15420,5000.0,New Arrival,2,0,2,https://www.theamethyststore.com/products/diamond-design-stud?variant=gid://shopify/ProductVariant/49439683903715
2026-07-24 16:51:46,Cute Diamond Design Stud,Default Title,AMS-106-15418,4000.0,New Arrival,1,0,1,https://www.theamethyststore.com/products/diamond-design-stud-1?variant=gid://shopify/ProductVariant/49439685214435
2026-07-24 16:51:46,Catchy Diamond Design Stud,Default Title,AMS-106-15417,4700.0,New Arrival,2,0,2,https://www.theamethyststore.com/products/diamond-design-stud-2?variant=gid://shopify/ProductVariant/49439686295779
2026-07-24 16:51:46,Beautiful Diamond Design Stud,Default Title,AMS-106-15415,4100.0,New Arrival,1,0,1,https://www.theamethyststore.com/products/diamond-design-stud-3?variant=gid://shopify/ProductVariant/49439688065251
2026-07-24 16:51:46,Nishanthi Stone Bracelet,Default Title,AMS-103-1356,9300.0,New Arrival,1,0,1,https://www.theamethyststore.com/products/nishanthi-stone-bracelet?variant=gid://shopify/ProductVariant/49439691800803
2026-07-24 16:51:46,Ananya Diamond Design Stud,Default Title,AMS-106-15414,5800.0,New Arrival,1,0,1,https://www.theamethyststore.com/products/diamond-design-stud-4?variant=gid://shopify/ProductVariant/49439691833571
2026-07-24 16:51:46,Yamikaa Diamond Design Stud,Default Title,AMS-106-15413,5100.0,New Arrival,1,0,1,https://www.theamethyststore.com/products/diamond-design-stud-5?variant=gid://shopify/ProductVariant/49439694258403
2026-07-24 16:51:46,Amazing Stone Bracelet,Default Title,AMS-103-1357,9150.0,New Arrival,2,0,2,https://www.theamethyststore.com/products/amazing-stone-bracelet?variant=gid://shopify/ProductVariant/49439695044835
2026-07-24 16:51:46,Devansha Stone Bracelet,Default Title,AMS-103-1359,9800.0,New Arrival,1,0,1,https://www.theamethyststore.com/products/devansha-stone-bracelet?variant=gid://shopify/ProductVariant/49439696683235
2026-07-24 16:51:46,Auranika Stone Bracelet,Default Title,AMS-103-1360,9550.0,New Arrival,1,0,1,https://www.theamethyststore.com/products/auranika-stone-bracelet?variant=gid://shopify/ProductVariant/49439697961187
2026-07-24 16:51:46,Hemorra Stone Bracelet,Default Title,AMS-103-1361,9150.0,New Arrival,1,0,1,https://www.theamethyststore.com/products/hemorra-stone-bracelet?variant=gid://shopify/ProductVariant/49439702352099
2026-07-24 16:51:46,Hemarise Stone Bracelet,Default Title,AMS-103-1363,10850.0,New Arrival,1,0,1,https://www.theamethyststore.com/products/hemarise-stone-bracelet?variant=gid://shopify/ProductVariant/49439706546403
2026-07-24 16:51:46,Rajanya Stone Short Necklace Set,Default Title,AMS-102-16489,89850.0,New Arrival,1,0,1,https://www.theamethyststore.com/products/rajanya-stone-short-necklace-set?variant=gid://shopify/ProductVariant/49442101493987
2026-07-24 16:51:46,Grandeur Stone Short Necklace,Default Title,AMS-102-16490,128620.0,New Arrival,1,0,1,https://www.theamethyststore.com/products/grandeur-stone-short-necklace-1?variant=gid://shopify/ProductVariant/49442102509795
2026-07-24 16:51:46,Bridal Heritage Stone Short Necklace,Default Title,AMS-102-17004,74100.0,New Arrival,1,0,1,https://www.theamethyststore.com/products/bridal-heritage-stone-short-necklace?variant=gid://shopify/ProductVariant/49442103361763
2026-07-24 16:51:46,Layer Charm Avikam Long Necklace Set,Default Title,AMS-102-17040,173200.0,New Arrival,1,0,1,https://www.theamethyststore.com/products/layer-charm-avikam-long-necklace-set-2?variant=gid://shopify/ProductVariant/49442127544547
2026-07-24 16:51:46,Bridal Treasure Avikam Long Necklace Set,Default Title,AMS-102-17041,161700.0,New Arrival,1,0,1,https://www.theamethyststore.com/products/bridal-treasure-avikam-long-necklace-set?variant=gid://shopify/ProductVariant/49442128462051
2026-07-24 16:51:46,Classic Dynasty Avikam Long Necklace Set,Default Title,AMS-102-17079,146700.0,New Arrival,1,0,1,https://www.theamethyststore.com/products/classic-dynasty-avikam-long-necklace-set?variant=gid://shopify/ProductVariant/49442128789731
2026-07-24 16:51:46,Classic Dynasty Avikam Necklace Set,Default Title,AMS-102-17082,56400.0,New Arrival,2,0,2,https://www.theamethyststore.com/products/classic-dynasty-avikam-necklace-set?variant=gid://shopify/ProductVariant/49442153660643
2026-07-24 16:51:46,Vinthika Stone Bracelet,Default Title,AMS-103-1364,9900.0,New Arrival,1,0,1,https://www.theamethyststore.com/products/stone-bracelet-9?variant=gid://shopify/ProductVariant/49442157691107
2026-07-24 16:51:46,Luxe Charm Avikam Necklace Set,Default Title,AMS-102-17087,143400.0,New Arrival,2,0,2,https://www.theamethyststore.com/products/luxe-charm-avikam-necklace-set?variant=gid://shopify/ProductVariant/49442158182627
2026-07-24 16:51:46,Surabhi Stone Bracelet,Default Title,AMS-103-1366,12250.0,New Arrival,2,0,2,https://www.theamethyststore.com/products/stone-bracelet-10?variant=gid://shopify/ProductVariant/49442158444771
2026-07-24 16:51:46,Bridal Heritage Avikam Necklace Set,Default Title,AMS-102-17089,59100.0,New Arrival,1,0,1,https://www.theamethyststore.com/products/bridal-heritage-avikam-necklace-set?variant=gid://shopify/ProductVariant/49442159067363
2026-07-24 16:51:46,Attractive Stone Bracelet,Default Title,AMS-103-1367,10700.0,New Arrival,1,0,1,https://www.theamethyststore.com/products/stone-bracelet-11?variant=gid://shopify/ProductVariant/49442164113635
2026-07-24 16:51:46,Vedhikaa Stone Bracelet,Default Title,AMS-103-1368,12900.0,New Arrival,1,0,1,https://www.theamethyststore.com/products/stone-bracelet-12?variant=gid://shopify/ProductVariant/49442165817571
2026-07-24 16:51:46,Srikhaa Stone Bracelet,Default Title,AMS-103-1369,10800.0,New Arrival,4,0,4,https://www.theamethyststore.com/products/stone-bracelet-13?variant=gid://shopify/ProductVariant/49442166341859
2026-07-24 16:51:46,Rishikaa Stone Bracelet,Default Title,AMS-103-1371,9950.0,New Arrival,2,0,2,https://www.theamethyststore.com/products/stone-bracelet-14?variant=gid://shopify/ProductVariant/49442166800611
2026-07-24 16:51:46,Rashmikaa Stone Bracelet,Default Title,AMS-103-1372,8100.0,New Arrival,2,0,2,https://www.theamethyststore.com/products/stone-bracelet-15?variant=gid://shopify/ProductVariant/49442167292131
2026-07-24 16:51:46,Elishaa Stone Bracelet,Default Title,AMS-103-1375,8000.0,New Arrival,1,0,1,https://www.theamethyststore.com/products/stone-bracelet-16?variant=gid://shopify/ProductVariant/49442172010723
2026-07-24 16:51:46,Gorgeous Avikam Necklace Set,Default Title,AMS-102-17109,39000.0,New Arrival,3,0,3,https://www.theamethyststore.com/products/gorgeous-avikam-necklace-set-1?variant=gid://shopify/ProductVariant/49442175221987
2026-07-24 16:51:46,Royal Vivaha Short Necklace,Default Title,AMS-102-17177,153600.0,New Arrival,1,0,1,https://www.theamethyststore.com/products/royal-vivaha-oxidised-short-necklace?variant=gid://shopify/ProductVariant/49442201960675
2026-07-24 16:51:46,Liyaankaa Stone Bracelet,Default Title,AMS-103-1378,9550.0,New Arrival,2,0,2,https://www.theamethyststore.com/products/stone-bracelet-17?variant=gid://shopify/ProductVariant/49442209071331
2026-07-24 16:51:46,Trendy Diamond Design Chain with Earrings,Default Title,AMS-105-2155,16200.0,New Arrival,1,0,1,https://www.theamethyststore.com/products/diamond-design-chain-with-earrings?variant=gid://shopify/ProductVariant/49442209366243
2026-07-24 16:51:46,Harithaa  Mugappu Chain,Default Title,AMS-105-1966,13900.0,New Arrival,1,0,1,https://www.theamethyststore.com/products/mugappu-chain-16?variant=gid://shopify/ProductVariant/49442333720803
2026-07-24 16:51:46,Glow Diamond Design Chain with Earrings,Default Title,AMS-105-2156,19200.0,New Arrival,1,0,1,https://www.theamethyststore.com/products/glow-diamond-design-chain-with-earrings?variant=gid://shopify/ProductVariant/49442351448291
2026-07-24 16:51:46,Eternal Verse Chain with Earrings,Default Title,AMS-105-2157,10700.0,New Arrival,1,0,1,https://www.theamethyststore.com/products/eternal-verse-chain-with-earrings?variant=gid://shopify/ProductVariant/49442357575907
2026-07-24 16:51:46,Dual Birds Chain with Earrings,Default Title,AMS-105-2158,20000.0,New Arrival,1,0,1,https://www.theamethyststore.com/products/dual-birds-chain-with-earrings?variant=gid://shopify/ProductVariant/49442359181539
2026-07-24 16:51:46,Classics Avikam Chain with Earrings,Default Title,AMS-105-2159,15700.0,New Arrival,1,0,1,https://www.theamethyststore.com/products/classics-avikam-chain-with-earrings?variant=gid://shopify/ProductVariant/49442362163427
2026-07-24 16:51:46,Nivanthikaa Mugappu Chain,Default Title,AMS-105-1968,15050.0,New Arrival,1,0,1,https://www.theamethyststore.com/products/mugappu-chain-17?variant=gid://shopify/ProductVariant/49442363408611
2026-07-24 16:51:46,Hemarika Avikam Chain with Earrings,Default Title,AMS-105-2160,16600.0,New Arrival,1,0,1,https://www.theamethyststore.com/products/hemarika-avikam-chain-with-earrings?variant=gid://shopify/ProductVariant/49442363703523
2026-07-24 16:51:46,Mystic Diamond Design Stud,Default Title,AMS-106-15400,5200.0,New Arrival,1,0,1,https://www.theamethyststore.com/products/diamond-design-stud-6?variant=gid://shopify/ProductVariant/49442364981475
2026-07-24 16:51:46,Vikasha Diamond Design Stud,Default Title,AMS-106-15403,4400.0,New Arrival,1,0,1,https://www.theamethyststore.com/products/diamond-design-stud-7?variant=gid://shopify/ProductVariant/49442367471843
2026-07-24 16:51:46,Spark Diamond Design Stud,Default Title,AMS-106-15404,5100.0,New Arrival,1,0,1,https://www.theamethyststore.com/products/diamond-design-stud-8?variant=gid://shopify/ProductVariant/49442368684259
2026-07-24 16:51:46,Divine Diamond Design Stud,Default Title,AMS-106-15405,5100.0,New Arrival,1,0,1,https://www.theamethyststore.com/products/diamond-design-stud-9?variant=gid://shopify/ProductVariant/49442369732835
2026-07-24 16:51:46,Ranvikha Diamond Design Stud,Default Title,AMS-106-15406,5200.0,New Arrival,1,0,1,https://www.theamethyststore.com/products/diamond-design-stud-10?variant=gid://shopify/ProductVariant/49442377892067
2026-07-24 16:51:46,Shivani Diamond Design Stud,Default Title,AMS-106-15407,4500.0,New Arrival,1,0,1,https://www.theamethyststore.com/products/diamond-design-stud-11?variant=gid://shopify/ProductVariant/49442387230947
2026-07-24 16:51:46,Nithyaa Diamond Design Stud,Default Title,AMS-106-15408,9400.0,New Arrival,2,0,2,https://www.theamethyststore.com/products/diamond-design-stud-12?variant=gid://shopify/ProductVariant/49442403287267
2026-07-24 16:51:46,Dhivanikaa Diamond Design Stud,Default Title,AMS-106-15409,5900.0,New Arrival,2,0,2,https://www.theamethyststore.com/products/diamond-design-stud-13?variant=gid://shopify/ProductVariant/49442431074531
2026-07-24 16:51:46,Priya Diamond Design Stud,Default Title,AMS-106-15410,4400.0,New Arrival,1,0,1,https://www.theamethyststore.com/products/diamond-design-stud-14?variant=gid://shopify/ProductVariant/49442431467747
2026-07-24 16:51:46,Aarohi Moissanite Short Necklace Set,Default Title,AMS-102-17115,58200.0,New Arrival,1,0,1,https://www.theamethyststore.com/products/aarohi-moissanite-short-necklace-set?variant=gid://shopify/ProductVariant/49442431566051
2026-07-24 16:51:46,Auranika Moissanite Short Necklace Set,Default Title,AMS-102-17116,78300.0,New Arrival,1,0,1,https://www.theamethyststore.com/products/auranika-moissanite-short-necklace-set?variant=gid://shopify/ProductVariant/49442433073379
2026-07-24 16:51:46,Ruchikaa Diamond Design Stud,Default Title,AMS-106-15411,7200.0,New Arrival,1,0,1,https://www.theamethyststore.com/products/diamond-design-stud-15?variant=gid://shopify/ProductVariant/49442438119651
2026-07-24 16:51:46,Kanorra Moissanite Short Necklace Set,Default Title,AMS-102-17118,62900.0,New Arrival,1,0,1,https://www.theamethyststore.com/products/kanorra-moissanite-short-necklace-set?variant=gid://shopify/ProductVariant/49442438480099
2026-07-24 16:51:46,Dheksha Diamond Design Stud,Default Title,AMS-106-15412,5000.0,New Arrival,1,0,1,https://www.theamethyststore.com/products/diamond-design-stud-16?variant=gid://shopify/ProductVariant/49442440118499
2026-07-24 16:51:46,Elegant Diamond Design Stud,Default Title,AMS-106-15419,5300.0,New Arrival,1,0,1,https://www.theamethyststore.com/products/diamond-design-stud-17?variant=gid://shopify/ProductVariant/49442461221091
2026-07-24 16:51:46,Divyora Moissanite Short Necklace Set,Default Title,AMS-102-17128,51300.0,New Arrival,1,0,1,https://www.theamethyststore.com/products/divyora-moissanite-short-necklace-set?variant=gid://shopify/ProductVariant/49442594259171
2026-07-24 16:51:46,Stunning Moissanite Short Necklace Set,Default Title,AMS-102-17129,89900.0,New Arrival,1,0,1,https://www.theamethyststore.com/products/stunning-moissanite-short-necklace-set?variant=gid://shopify/ProductVariant/49442595274979
2026-07-24 16:51:46,Abinaa Moissanite Choker Set,Default Title,AMS-102-17117,63800.0,New Arrival,1,0,1,https://www.theamethyststore.com/products/moissanite-choker-set?variant=gid://shopify/ProductVariant/49442597437667
2026-07-24 16:51:46,Kiara Moissanite Short Necklace Set,Default Title,AMS-102-17130,36100.0,New Arrival,1,0,1,https://www.theamethyststore.com/products/kiara-moissanite-short-necklace-set?variant=gid://shopify/ProductVariant/49442598387939
2026-07-24 16:51:46,Yalisha Moissanite Short Necklace Set,Default Title,AMS-102-17119,95700.0,New Arrival,1,0,1,https://www.theamethyststore.com/products/moissanite-short-necklace-set-3?variant=gid://shopify/ProductVariant/49442628632803
2026-07-24 16:51:46,Amazing Moissanite Short Necklace Set,Default Title,AMS-102-17072,93900.0,New Arrival,1,0,1,https://www.theamethyststore.com/products/amazing-moissanite-short-necklace-set?variant=gid://shopify/ProductVariant/49442677391587
2026-07-24 16:51:46,Hrithika Moissanite Short Necklace Set,Default Title,AMS-102-17120,48700.0,New Arrival,1,0,1,https://www.theamethyststore.com/products/moissanite-short-necklace-set-4?variant=gid://shopify/ProductVariant/49442683715811
2026-07-24 16:51:46,Chic Hasli with Pendant Set,Default Title,AMS-102-16610,21300.0,New Arrival,1,0,1,https://www.theamethyststore.com/products/chic-hasli-with-pendant-set?variant=gid://shopify/ProductVariant/49442685059299
2026-07-24 16:51:46,Lumiyaa Moissanite Short Necklace Set,Default Title,AMS-102-17121,59900.0,New Arrival,1,0,1,https://www.theamethyststore.com/products/moissanite-short-necklace-set-5?variant=gid://shopify/ProductVariant/49442699378915
2026-07-24 16:51:46,Yashikaa Moissanite Short Necklace Set,Default Title,AMS-102-17122,64500.0,New Arrival,1,0,1,https://www.theamethyststore.com/products/moissanite-short-necklace-set-6?variant=gid://shopify/ProductVariant/49442737291491
2026-07-24 16:51:46,Harintha Moissanite Short Necklace Set,Default Title,AMS-102-17123,76800.0,New Arrival,1,0,1,https://www.theamethyststore.com/products/moissanite-short-necklace-set-7?variant=gid://shopify/ProductVariant/49442749448419
2026-07-24 16:51:46,Ashritha Moissanite Short Necklace Set,Default Title,AMS-102-17124,32200.0,New Arrival,1,0,1,https://www.theamethyststore.com/products/moissanite-short-necklace-set-8?variant=gid://shopify/ProductVariant/49442751316195
2026-07-24 16:51:46,Vithisha Moissanite Short Necklace Set,Default Title,AMS-102-17125,61500.0,New Arrival,1,0,1,https://www.theamethyststore.com/products/moissanite-short-necklace-set-9?variant=gid://shopify/ProductVariant/49442752168163
2026-07-24 16:51:46,Thaarika  Moissanite Short Necklace Set,Default Title,AMS-102-17126,47400.0,New Arrival,1,0,1,https://www.theamethyststore.com/products/moissanite-short-necklace-set-10?variant=gid://shopify/ProductVariant/49442812395747
2026-07-24 16:51:46,Navitha Reversible Stone Necklace,Default Title,AMS-102-16798,50150.0,New Arrival,2,0,2,https://www.theamethyststore.com/products/reversible-stone-necklace-1?variant=gid://shopify/ProductVariant/49443186049251
2026-07-24 19:52:29,Delightful Kundan Studs,Default Title,AMS-106-2069,10700.0,Sale,1,4,3,https://www.theamethyststore.com/products/delightful-kundan-studs?variant=gid://shopify/ProductVariant/40683063181462
2026-07-24 19:52:29,Sherin Drops,Default Title,AMS-106-4017,7700.0,Sale,1,3,2,https://www.theamethyststore.com/products/sherin-drops?variant=gid://shopify/ProductVariant/43660006654179
2026-07-24 19:52:29,Nivar Earrings,Default Title,AMS-106-2280,6800.0,Sold Out,1,1,0,https://www.theamethyststore.com/products/nivar-earrings?variant=gid://shopify/ProductVariant/42416930848995
2026-07-24 21:53:14,Yajita Bullakku Nose pin,Default Title,AMS-113-0376,1300.0,Sold Out,1,1,0,https://www.theamethyststore.com/products/yajita-bullakku-nose-pin?variant=gid://shopify/ProductVariant/47797398012131
2026-07-25 04:54:08,Chara Nagas Nakshi Tikka,Default Title,AMS-109-0911,12652.2,Sold Out,1,1,0,https://www.theamethyststore.com/products/chara-nagas-nakshi-tikka?variant=gid://shopify/ProductVariant/44298441687267
2026-07-25 04:54:08,Lushikha Nagas Choker,Default Title,AMS-102-11822,39916.2,Sold Out,1,1,0,https://www.theamethyststore.com/products/lushikha-nagas-choker?variant=gid://shopify/ProductVariant/47328634372323
2026-07-25 04:54:08,Lakshi Bullakku Nose Pin,Default Title,AMS-113-0421,1300.0,Sold Out,1,1,0,https://www.theamethyststore.com/products/lakshi-bullakku-nose-pin?variant=gid://shopify/ProductVariant/47807905136867
2026-07-25 05:09:24,Ojasvi Nagas Jhumkas,Default Title,AMS-106-14022,13750.0,Sold Out,1,1,0,https://www.theamethyststore.com/products/ojasvi-nagas-jhumkas?variant=gid://shopify/ProductVariant/49158419972323
2026-07-25 05:24:16,Fahara Stone Jhumkas,Default Title,AMS-106-9934,16750.0,Restock,1,1,2,https://www.theamethyststore.com/products/fahara-stone-jhumkas?variant=gid://shopify/ProductVariant/47032755716323
2026-07-25 05:24:16,Dazzle Diamond Design Studs,Default Title,AMS-106-14291,6400.0,Restock,2,1,3,https://www.theamethyststore.com/products/dazzle-diamond-design-studs-1?variant=gid://shopify/ProductVariant/49332528972003
2026-07-25 05:24:16,Vinitha Diamond Design Studs,Default Title,AMS-106-14292,4700.0,Restock,1,2,3,https://www.theamethyststore.com/products/diamond-design-studs-17?variant=gid://shopify/ProductVariant/49334749298915
2026-07-25 05:24:16,Little Cute Avikam Earrings,Default Title,AMS-106-14313,5600.0,Restock,1,1,2,https://www.theamethyststore.com/products/little-cute-avikam-earrings-1?variant=gid://shopify/ProductVariant/49334752936163
2026-07-25 05:24:16,Erisha Avikam Earrings,Default Title,AMS-106-14295,5400.0,Restock,1,1,2,https://www.theamethyststore.com/products/erisha-avikam-earrings?variant=gid://shopify/ProductVariant/49363420414179
2026-07-25 05:24:16,Venishaa Diamond Design Studs,Default Title,AMS-106-15023,12100.0,Restock,1,2,3,https://www.theamethyststore.com/products/diamond-design-studs-25?variant=gid://shopify/ProductVariant/49420699730147
2026-07-25 05:24:16,Dazzle Diamond Design Studs,Default Title,AMS-106-15020,15600.0,Restock,3,1,4,https://www.theamethyststore.com/products/dazzle-diamond-design-studs-2?variant=gid://shopify/ProductVariant/49420706709731
2026-07-25 05:24:16,Glittering Ring,Default Title,AMS-101-2160,8000.0,Restock,1,0,1,https://www.theamethyststore.com/products/glittering-ring-2?variant=gid://shopify/ProductVariant/49445332156643
2026-07-25 05:38:42,Floral Avikam Bracelet,Default Title,AMS-103-0585,26200.0,New Arrival,3,0,3,https://www.theamethyststore.com/products/floral-avikam-bracelet?variant=gid://shopify/ProductVariant/45706205987043
2026-07-25 05:38:42,Sarvani Avikam Necklace Set,Default Title,AMS-102-8960,92800.0,Restock,2,1,3,https://www.theamethyststore.com/products/sarvani-avikam-necklace-set?variant=gid://shopify/ProductVariant/46201611124963
2026-07-25 05:38:42,Tejaswini Diamond Design Studs,Default Title,AMS-106-13158,7700.0,Restock,2,3,5,https://www.theamethyststore.com/products/tejaswini-diamond-design-studs?variant=gid://shopify/ProductVariant/48732098920675
2026-07-25 05:38:42,Githara Jhumkas,Default Title,AMS-106-13766,15000.0,Restock,1,1,2,https://www.theamethyststore.com/products/githara-jhumkas?variant=gid://shopify/ProductVariant/48908442009827
2026-07-25 05:38:42,Dheevikha Diamond Design Studs,Default Title,AMS-106-14288,7100.0,Restock,1,1,2,https://www.theamethyststore.com/products/diamond-design-studs-15?variant=gid://shopify/ProductVariant/49334713417955
2026-07-25 05:38:42,Gleaming Glory Diamond Design Pendant,Default Title,AMS-104-4729,11800.0,Restock,3,1,4,https://www.theamethyststore.com/products/gleaming-glory-diamond-design-pendant?variant=gid://shopify/ProductVariant/49436364570851
2026-07-25 05:38:42,Shinning Moissanite Ring,Default Title,AMS-101-2161,11400.0,New Arrival,1,0,1,https://www.theamethyststore.com/products/shinning-moissanite-ring?variant=gid://shopify/ProductVariant/49445345394915
2026-07-25 05:38:42,Lotus Moissanite Ring,Default Title,AMS-101-2162,9300.0,New Arrival,2,0,2,https://www.theamethyststore.com/products/lotus-moissanite-ring?variant=gid://shopify/ProductVariant/49445494423779
2026-07-25 05:54:22,Devika Attigai Necklace,Default Title,AMS-102-2644,14350.0,Restock,2,2,4,https://www.theamethyststore.com/products/devika-necklace?variant=gid://shopify/ProductVariant/42667647172835
2026-07-25 05:54:22,Saaji Stone Short Necklace,Default Title,AMS-102-6883,14000.0,Restock,2,0,2,https://www.theamethyststore.com/products/saaji-stone-short-necklace?variant=gid://shopify/ProductVariant/45397342486755
2026-07-25 05:54:22,Mystic Aura Nagas Short Necklace,Default Title,AMS-102-16338,32160.0,Restock,1,0,1,https://www.theamethyststore.com/products/mystic-aura-nagas-short-necklace?variant=gid://shopify/ProductVariant/49320149090531
2026-07-25 06:09:15,Rishikha Stone Ring,Default Title,AMS-101-1594,2600.0,Restock,3,2,5,https://www.theamethyststore.com/products/rishikha-stone-ring?variant=gid://shopify/ProductVariant/47089417388259
2026-07-25 06:09:15,Thishika Nagas Long Necklace,Default Title,AMS-102-12599,104900.0,Restock,1,0,1,https://www.theamethyststore.com/products/thishika-nagas-long-necklace-1?variant=gid://shopify/ProductVariant/47386934837475
2026-07-25 06:09:15,Nandhitha Stone Ring,Default Title,AMS-101-1627,3000.0,Restock,1,18,19,https://www.theamethyststore.com/products/nandhitha-stone-ring?variant=gid://shopify/ProductVariant/47392953893091
2026-07-25 06:09:15,Idhika Avikam Earrings,Default Title,AMS-106-14305,5500.0,Restock,1,1,2,https://www.theamethyststore.com/products/idhika-avikam-earrings?variant=gid://shopify/ProductVariant/49363795378403
2026-07-25 06:22:26,Manisha Moissanite Ring,Default Title,AMS-101-2163,8000.0,Restock,2,0,2,https://www.theamethyststore.com/products/manisha-moissanite-ring?variant=gid://shopify/ProductVariant/49445739233507
2026-07-25 06:42:50,Classy Vintage Pair Bangles,"2.4""","AMS-107-3475-2.4""",65900.0,New Arrival,1,0,1,https://www.theamethyststore.com/products/pair-bangles-17?variant=gid://shopify/ProductVariant/49445912543459
2026-07-25 06:42:50,Hemorra Moissanite Ring,Default Title,AMS-101-2164,8000.0,New Arrival,1,0,1,https://www.theamethyststore.com/products/hemorra-moissanite-ring?variant=gid://shopify/ProductVariant/49445945802979
2026-07-25 06:42:50,Grandeur Moissanite Ring,Default Title,AMS-101-2165,12500.0,New Arrival,2,0,2,https://www.theamethyststore.com/products/grandeur-moissanite-ring?variant=gid://shopify/ProductVariant/49445980209379
2026-07-25 06:42:50,Amora Pair Bangles,"2.4""","AMS-107-3476-2.4""",65000.0,New Arrival,1,0,1,https://www.theamethyststore.com/products/pair-bangles-18?variant=gid://shopify/ProductVariant/49445988466915
2026-07-25 06:42:50,Pretty Look Moissanite Ring,Default Title,AMS-101-2166,7400.0,New Arrival,1,0,1,https://www.theamethyststore.com/products/pretty-look-moissanite-ring?variant=gid://shopify/ProductVariant/49446002852067
2026-07-25 06:42:50,Mehera Pair Bangles,"2.4""","AMS-107-3477-2.4""",72000.0,New Arrival,1,0,1,https://www.theamethyststore.com/products/pair-bangles-19?variant=gid://shopify/ProductVariant/49446011535587
2026-07-25 06:42:50,Stunning Moissanite Ring,Default Title,AMS-101-2167,10000.0,New Arrival,1,0,1,https://www.theamethyststore.com/products/stunning-moissanite-ring?variant=gid://shopify/ProductVariant/49446023921891
2026-07-25 06:42:50,Sparkling Moissanite Ring,Default Title,AMS-101-2168,8000.0,New Arrival,2,0,2,https://www.theamethyststore.com/products/sparkling-moissanite-ring?variant=gid://shopify/ProductVariant/49446041780451
2026-07-25 06:42:50,Mesmerizing Moissanite Ring,Default Title,AMS-101-2170,11800.0,New Arrival,1,0,1,https://www.theamethyststore.com/products/mesmerizing-moissanite-ring?variant=gid://shopify/ProductVariant/49446055248099
2026-07-25 06:42:50,Thishika Nagas Long Necklace,Default Title,AMS-102-12599,104900.0,Sold Out,1,1,0,https://www.theamethyststore.com/products/thishika-nagas-long-necklace-1?variant=gid://shopify/ProductVariant/47386934837475
2026-07-25 06:52:09,White Gleaming Moissanite Ring,Default Title,AMS-101-2171,8700.0,New Arrival,1,0,1,https://www.theamethyststore.com/products/white-gleaming-moissanite-ring?variant=gid://shopify/ProductVariant/49446097912035
2026-07-25 06:52:09,Gleaming Moissanite Ring,Default Title,AMS-101-2172,8200.0,New Arrival,1,0,1,https://www.theamethyststore.com/products/gleaming-moissanite-ring?variant=gid://shopify/ProductVariant/49446119801059
2026-07-25 06:52:09,Elegant Moissanite Ring,Default Title,AMS-101-2173,11700.0,New Arrival,1,0,1,https://www.theamethyststore.com/products/elegant-moissanite-ring?variant=gid://shopify/ProductVariant/49446168330467
2026-07-25 07:08:01,Anvitha Pair Bangles,"2.4""","AMS-107-3478-2.4""",80000.0,New Arrival,1,0,1,https://www.theamethyststore.com/products/pair-bangles-20?variant=gid://shopify/ProductVariant/49446031917283
2026-07-25 07:22:55,Miraya Pair Bangles,"2.4""",AMS-107-3479-2.4,82000.0,New Arrival,1,0,1,https://www.theamethyststore.com/products/pair-bangles-21?variant=gid://shopify/ProductVariant/49446229016803
2026-07-25 07:22:55,Glittering Moissanite Ring,Default Title,AMS-101-2174,8500.0,New Arrival,1,0,1,https://www.theamethyststore.com/products/glittering-moissanite-ring?variant=gid://shopify/ProductVariant/49446243696867
2026-07-25 07:22:55,Inesha Pair Bangles,"2.4""",AMS-107-3480-2.4,78000.0,New Arrival,1,0,1,https://www.theamethyststore.com/products/pair-bangles-22?variant=gid://shopify/ProductVariant/49446259261667
2026-07-25 07:22:55,Sparkling Moissanite Ring,Default Title,AMS-101-2175,8100.0,New Arrival,1,0,1,https://www.theamethyststore.com/products/sparkling-moissanite-ring-1?variant=gid://shopify/ProductVariant/49446259753187
2026-07-25 07:22:55,Mesmerizing Moissanite Ring,Default Title,AMS-101-2176,9000.0,New Arrival,2,0,2,https://www.theamethyststore.com/products/mesmerizing-moissanite-ring-1?variant=gid://shopify/ProductVariant/49446276104419
2026-07-25 07:22:55,Asvikhaa Hasli with Pendant,Default Title,AMS-102-16614,10400.0,Sold Out,1,1,0,https://www.theamethyststore.com/products/hasli-with-pendant-7?variant=gid://shopify/ProductVariant/49390276116707
2026-07-25 07:37:49,Ahaana Pair Bangles,"2.4""",AMS-107-3481-2.4,73600.0,New Arrival,1,0,1,https://www.theamethyststore.com/products/pair-bangles-23?variant=gid://shopify/ProductVariant/49446289047779
2026-07-25 07:37:49,Sithara Pair Bangles,"2.4""",AMS-107-3482-2.4,71600.0,New Arrival,1,0,1,https://www.theamethyststore.com/products/pair-bangles-24?variant=gid://shopify/ProductVariant/49446322536675
2026-07-25 07:37:49,Viyan Pair Bangles,"2.4""",AMS-107-3483-2.4,84000.0,New Arrival,1,0,1,https://www.theamethyststore.com/products/pair-bangles-25?variant=gid://shopify/ProductVariant/49446376210659
2026-07-25 07:37:49,Santhiya Pair Bangles,"2.4""",AMS-107-3484-2.4,77000.0,New Arrival,1,0,1,https://www.theamethyststore.com/products/pair-bangles-26?variant=gid://shopify/ProductVariant/49446439846115
2026-07-25 07:54:43,Shinning charm Pair Bangles,"2.4""",AMS-107-3485-2.4,68600.0,New Arrival,1,0,1,https://www.theamethyststore.com/products/pair-bangles-27?variant=gid://shopify/ProductVariant/49446495584483
2026-07-25 07:54:43,Tharinikaa Pair Bangles,"2.4""",AMS-107-3486-2.4,80200.0,New Arrival,1,0,1,https://www.theamethyststore.com/products/pair-bangles-28?variant=gid://shopify/ProductVariant/49446544048355
2026-07-25 08:08:58,Shrishaa Pair Bangles,"2.4""",AMS-107-3487-2.4,79400.0,New Arrival,1,0,1,https://www.theamethyststore.com/products/pair-bangles-29?variant=gid://shopify/ProductVariant/49446749896931
2026-07-25 08:08:58,Shanthikaa Pair Bangles,"2.4""",AMS-107-3488-2.4,66800.0,New Arrival,1,0,1,https://www.theamethyststore.com/products/pair-bangles-30?variant=gid://shopify/ProductVariant/49446797082851
2026-07-25 08:22:32,Dhanishka Pair Bangles,"2.4""",AMS-107-3489-2.4,87600.0,New Arrival,1,0,1,https://www.theamethyststore.com/products/pair-bangles-31?variant=gid://shopify/ProductVariant/49446844203235
2026-07-25 08:22:32,Vimika Pair Bangles,"2.4""",AMS-107-3490-2.4,80000.0,New Arrival,1,0,1,https://www.theamethyststore.com/products/pair-bangles-32?variant=gid://shopify/ProductVariant/49446882771171
2026-07-25 08:22:32,Esnikaa Pair Bangles,"2.4""",AMS-107-3491-2.4,71800.0,New Arrival,2,0,2,https://www.theamethyststore.com/products/pair-bangles-33?variant=gid://shopify/ProductVariant/49446926614755
2026-07-25 08:38:42,Eshani Chain,Default Title,AMS-105-1035,4928.0,Sale,1,2,1,https://www.theamethyststore.com/products/eshani-chain?variant=gid://shopify/ProductVariant/46971657683171
2026-07-25 09:54:07,Nithivikaa Hasli Necklace,Default Title,AMS-102-16505,5600.0,Sale,1,7,6,https://www.theamethyststore.com/products/hasli-necklace-67?variant=gid://shopify/ProductVariant/49396532216035
2026-07-25 09:54:07,Navya Stone Studs,Default Title,AMS-106-9768,3696.0,Sold Out,1,1,0,https://www.theamethyststore.com/products/navya-stone-studs-1?variant=gid://shopify/ProductVariant/47102740005091
2026-07-25 09:54:07,Nishanthi Stone Pair Bangles,"2.4""","AMS-107-3254-2.4""",30250.0,Sold Out,1,1,0,https://www.theamethyststore.com/products/stone-pair-bangles-21?variant=gid://shopify/ProductVariant/49301491253475
2026-07-25 10:09:23,Yaazhi Moissanite Studs,Default Title,AMS-106-15496,4700.0,New Arrival,3,0,3,https://www.theamethyststore.com/products/moissanite-studs-3?variant=gid://shopify/ProductVariant/49447172210915
2026-07-25 10:09:23,Auranikha Moissanite Ring,Default Title,AMS-101-2177,8300.0,New Arrival,2,0,2,https://www.theamethyststore.com/products/auranikha-moissanite-ring?variant=gid://shopify/ProductVariant/49447178141923
2026-07-25 10:09:23,Classic Moissanite Ring,Default Title,AMS-101-2178,10500.0,New Arrival,1,0,1,https://www.theamethyststore.com/products/classic-moissanite-ring?variant=gid://shopify/ProductVariant/49447186890979
2026-07-25 10:09:23,Ashvikaa Moissanite Studs,Default Title,AMS-106-15497,4700.0,New Arrival,2,0,2,https://www.theamethyststore.com/products/moissanite-studs-4?variant=gid://shopify/ProductVariant/49447195738339
2026-07-25 10:09:23,Spark Moissanite Ring,Default Title,AMS-101-2179,7800.0,New Arrival,2,0,2,https://www.theamethyststore.com/products/spark-moissanite-ring?variant=gid://shopify/ProductVariant/49447200620771
2026-07-25 10:09:23,Bhavikha Moissanite Studs,Default Title,AMS-106-15498,4800.0,New Arrival,3,0,3,https://www.theamethyststore.com/products/moissanite-studs-5?variant=gid://shopify/ProductVariant/49447209468131
2026-07-25 10:09:23,Pavithra Moissanite Studs,Default Title,AMS-106-15499,5100.0,New Arrival,2,0,2,https://www.theamethyststore.com/products/moissanite-studs-6?variant=gid://shopify/ProductVariant/49447218643171
2026-07-25 10:09:23,Harithaa Moissanite Ring,Default Title,AMS-101-2180,8200.0,New Arrival,2,0,2,https://www.theamethyststore.com/products/harithaa-moissanite-ring?variant=gid://shopify/ProductVariant/49447219232995
2026-07-25 10:22:33,Fabulous Moissanite Ring,Default Title,AMS-101-2181,7900.0,New Arrival,1,0,1,https://www.theamethyststore.com/products/fabulous-moissanite-ring?variant=gid://shopify/ProductVariant/49447222935779
2026-07-25 10:22:33,Round Moissanite Studs,Default Title,AMS-106-15501,5400.0,New Arrival,2,0,2,https://www.theamethyststore.com/products/moissanite-studs-7?variant=gid://shopify/ProductVariant/49447224967395
2026-07-25 10:22:33,Facinate Moissanite Ring,Default Title,AMS-101-2182,9900.0,New Arrival,1,0,1,https://www.theamethyststore.com/products/facinate-moissanite-ring?variant=gid://shopify/ProductVariant/49447236927715
2026-07-25 10:22:33,Floral Moissanite Studs,Default Title,AMS-106-15502,8400.0,New Arrival,3,0,3,https://www.theamethyststore.com/products/moissanite-studs-8?variant=gid://shopify/ProductVariant/49447247282403
2026-07-25 10:22:33,Royal Charm Moissanite Ring,Default Title,AMS-101-2183,7200.0,New Arrival,1,0,1,https://www.theamethyststore.com/products/royal-charm-moissanite-ring?variant=gid://shopify/ProductVariant/49447251706083
2026-07-25 10:22:33,Cutie Moissanite Studs,Default Title,AMS-106-15503,5800.0,New Arrival,1,0,1,https://www.theamethyststore.com/products/moissanite-studs-9?variant=gid://shopify/ProductVariant/49447281819875
2026-07-25 10:22:33,Heritage Moissanite Ring,Default Title,AMS-101-2184,8400.0,New Arrival,1,0,1,https://www.theamethyststore.com/products/heritage-moissanite-ring?variant=gid://shopify/ProductVariant/49447281950947
2026-07-25 10:22:33,Catchy Moissanite Studs,Default Title,AMS-106-15504,9700.0,New Arrival,1,0,1,https://www.theamethyststore.com/products/moissanite-studs-10?variant=gid://shopify/ProductVariant/49447292829923
2026-07-25 10:38:06,Unique Design Moissanite Ring,Default Title,AMS-101-2185,8300.0,New Arrival,1,0,1,https://www.theamethyststore.com/products/unique-design-moissanite-ring?variant=gid://shopify/ProductVariant/49447312294115
2026-07-25 10:38:06,Dhinksha Moissanite Studs,Default Title,AMS-106-15505,4400.0,New Arrival,2,0,2,https://www.theamethyststore.com/products/moissanite-studs-11?variant=gid://shopify/ProductVariant/49447323828451
2026-07-25 10:38:06,Yamikhaa Moissanite Ring,Default Title,AMS-101-2186,8300.0,New Arrival,1,0,1,https://www.theamethyststore.com/products/yamikhaa-moissanite-ring?variant=gid://shopify/ProductVariant/49447326843107
2026-07-25 10:38:06,Vithina Moissanite Studs,Default Title,AMS-106-15506,6400.0,New Arrival,3,0,3,https://www.theamethyststore.com/products/moissanite-studs-12?variant=gid://shopify/ProductVariant/49447327170787
2026-07-25 10:53:37,Glitz Moissanite Ring,Default Title,AMS-101-2188,11800.0,New Arrival,1,0,1,https://www.theamethyststore.com/products/glitz-moissanite-ring?variant=gid://shopify/ProductVariant/49447329693923
2026-07-25 10:53:37,Aadhyaa Moissanite Studs,Default Title,AMS-106-15507,8200.0,New Arrival,3,0,3,https://www.theamethyststore.com/products/moissanite-studs-13?variant=gid://shopify/ProductVariant/49447330250979
2026-07-25 10:53:37,Kanorra Moissanite Ring,Default Title,AMS-101-2189,8000.0,New Arrival,1,0,1,https://www.theamethyststore.com/products/kanorra-moissanite-ring?variant=gid://shopify/ProductVariant/49447330480355
2026-07-25 10:53:37,Marvellous Moissanite Ring,Default Title,AMS-101-2190,10300.0,New Arrival,1,0,1,https://www.theamethyststore.com/products/marvellous-moissanite-ring?variant=gid://shopify/ProductVariant/49447331463395
2026-07-25 10:53:37,Timeless Moissanite Studs,Default Title,AMS-106-15508,11900.0,New Arrival,1,0,1,https://www.theamethyststore.com/products/moissanite-studs-14?variant=gid://shopify/ProductVariant/49447332053219
2026-07-25 10:53:37,Amazing Moissanite Pendant Set,Default Title,AMS-104-4688,23000.0,New Arrival,1,0,1,https://www.theamethyststore.com/products/amazing-moissanite-pendant-set?variant=gid://shopify/ProductVariant/49447332872419
2026-07-25 10:53:37,Shinning Moissanite Pendant Set,Default Title,AMS-104-4733,64200.0,New Arrival,1,0,1,https://www.theamethyststore.com/products/shinning-moissanite-pendant-set?variant=gid://shopify/ProductVariant/49447333822691
2026-07-25 11:09:33,Dhanvi Ring,12,"AMS-101-1567-12""",4664.0,Sale,1,3,2,https://www.theamethyststore.com/products/ring-19?variant=gid://shopify/ProductVariant/47128330436835
2026-07-25 11:09:33,Dazzle Moissanite Studs,Default Title,AMS-106-15509,4100.0,New Arrival,2,0,2,https://www.theamethyststore.com/products/moissanite-studs-15?variant=gid://shopify/ProductVariant/49447335624931
2026-07-25 11:09:33,Venisha Moissanite Studs,Default Title,AMS-106-15510,4600.0,New Arrival,1,0,1,https://www.theamethyststore.com/products/moissanite-studs-16?variant=gid://shopify/ProductVariant/49447338672355
2026-07-25 11:53:27,Shinning Moissanite Pendant Set,Default Title,AMS-104-4734,15100.0,New Arrival,1,0,1,https://www.theamethyststore.com/products/shinning-moissanite-pendant-set-1?variant=gid://shopify/ProductVariant/49447335198947
2026-07-25 12:22:28,Mesmerizing Moissanite Pendant Set,Default Title,AMS-104-4735,42900.0,New Arrival,1,0,1,https://www.theamethyststore.com/products/mesmerizing-moissanite-pendant-set?variant=gid://shopify/ProductVariant/49447356956899
2026-07-25 12:22:28,Minthikaa Moissanite Studs,Default Title,AMS-106-15511,5600.0,New Arrival,1,0,1,https://www.theamethyststore.com/products/moissanite-studs-17?variant=gid://shopify/ProductVariant/49447368753379
2026-07-25 12:38:10,Tarinkaa Moissanite Studs,Default Title,AMS-106-15513,7500.0,New Arrival,1,0,1,https://www.theamethyststore.com/products/moissanite-studs-18?variant=gid://shopify/ProductVariant/49447369244899
2026-07-25 12:38:10,Amazing Moissanite Pendant Set,Default Title,AMS-104-4736,30200.0,New Arrival,1,0,1,https://www.theamethyststore.com/products/amazing-moissanite-pendant-set-1?variant=gid://shopify/ProductVariant/49447372456163
2026-07-25 12:38:10,Nivethika Moissanite Studs,Default Title,AMS-106-15514,14400.0,New Arrival,1,0,1,https://www.theamethyststore.com/products/moissanite-studs-19?variant=gid://shopify/ProductVariant/49447378059491
2026-07-25 12:38:10,Pranisha Nagas Chain,Default Title,AMS-105-1420,19525.0,Sold Out,1,1,0,https://www.theamethyststore.com/products/pranisha-nagas-chain?variant=gid://shopify/ProductVariant/47721463021795
2026-07-25 12:38:10,Priyanka Nagas Pair Bangles,"2.6""","AMS-107-3298-2.6""",39050.0,Sold Out,1,1,0,https://www.theamethyststore.com/products/nagas-pair-bangles-47?variant=gid://shopify/ProductVariant/49320503541987
2026-07-25 13:08:08,Amazing Hasli Necklace,Default Title,AMS-102-16576,4800.0,Sale,1,6,5,https://www.theamethyststore.com/products/amazing-hasli-necklace?variant=gid://shopify/ProductVariant/49396634910947
2026-07-25 13:08:08,Anisha Moissanite Studs,Default Title,AMS-106-15516,7700.0,New Arrival,1,0,1,https://www.theamethyststore.com/products/moissanite-studs-20?variant=gid://shopify/ProductVariant/49447380812003
2026-07-25 13:08:08,Srinika Moissanite Studs,Default Title,AMS-106-15517,8700.0,New Arrival,4,0,4,https://www.theamethyststore.com/products/moissanite-studs-21?variant=gid://shopify/ProductVariant/49447380975843
2026-07-25 13:08:08,Mesmerizing Moissanite Pendant Set,Default Title,AMS-104-4737,40100.0,New Arrival,1,0,1,https://www.theamethyststore.com/products/mesmerizing-moissanite-pendant-set-1?variant=gid://shopify/ProductVariant/49447381074147
2026-07-25 13:08:08,Vishalini Moissanite Studs,Default Title,AMS-106-15519,7400.0,New Arrival,1,0,1,https://www.theamethyststore.com/products/moissanite-studs-22?variant=gid://shopify/ProductVariant/49447381696739
2026-07-25 13:08:08,Shine Charm Moissanite Pendant Set,Default Title,AMS-104-4738,25300.0,New Arrival,1,0,1,https://www.theamethyststore.com/products/shine-charm-moissanite-pendant-set?variant=gid://shopify/ProductVariant/49447381827811
2026-07-25 13:08:08,Hanitha Moissanite Studs,Default Title,AMS-106-15520,4100.0,New Arrival,2,0,2,https://www.theamethyststore.com/products/moissanite-studs-23?variant=gid://shopify/ProductVariant/49447382515939
2026-07-25 13:08:08,Catchy Moissanite Studs,Default Title,AMS-106-15521,7100.0,New Arrival,1,0,1,https://www.theamethyststore.com/products/moissanite-studs-24?variant=gid://shopify/ProductVariant/49447382581475
2026-07-25 13:08:08,Strinking Moissanite Drops,Default Title,AMS-106-15500,7200.0,New Arrival,3,0,3,https://www.theamethyststore.com/products/moissanite-drops?variant=gid://shopify/ProductVariant/49447383007459
2026-07-25 13:08:08,Sparkling Moissanite Pendant Set,Default Title,AMS-104-4739,43400.0,New Arrival,1,0,1,https://www.theamethyststore.com/products/sparkling-moissanite-pendant-set?variant=gid://shopify/ProductVariant/49447384514787
2026-07-25 13:08:08,Gleaming Moissanite Pendant Set,Default Title,AMS-104-4740,15500.0,New Arrival,1,0,1,https://www.theamethyststore.com/products/gleaming-moissanite-pendant-set?variant=gid://shopify/ProductVariant/49447385661667
2026-07-25 13:08:08,Fabulous Nagas Long Necklace,Default Title,AMS-102-14556,95220.0,Sold Out,1,1,0,https://www.theamethyststore.com/products/nagas-long-necklace-22?variant=gid://shopify/ProductVariant/48033700479203
2026-07-25 13:23:03,Attractive Moissanite Drops,Default Title,AMS-106-15512,5600.0,New Arrival,1,0,1,https://www.theamethyststore.com/products/moissanite-drops-1?variant=gid://shopify/ProductVariant/49447419936995
2026-07-25 13:23:03,Glittering Moissanite Pendant Set,Default Title,AMS-104-4741,29400.0,New Arrival,1,0,1,https://www.theamethyststore.com/products/glittering-moissanite-pendant-set?variant=gid://shopify/ProductVariant/49447419969763
2026-07-25 13:23:03,Ethinika Moissanite Drops,Default Title,AMS-106-15515,10600.0,New Arrival,1,0,1,https://www.theamethyststore.com/products/moissanite-drops-2?variant=gid://shopify/ProductVariant/49447422001379
2026-07-25 13:23:03,Stunning Moissanite Pendant Set,Default Title,AMS-104-4742,38700.0,New Arrival,1,0,1,https://www.theamethyststore.com/products/stunning-moissanite-pendant-set?variant=gid://shopify/ProductVariant/49447422034147
2026-07-25 13:23:03,Unique Moissanite Drops,Default Title,AMS-106-15518,5500.0,New Arrival,1,0,1,https://www.theamethyststore.com/products/moissanite-drops-3?variant=gid://shopify/ProductVariant/49447422296291
2026-07-25 13:23:03,Lathisha Moissanite Pendant Set,Default Title,AMS-104-4743,39600.0,New Arrival,1,0,1,https://www.theamethyststore.com/products/lathisha-moissanite-pendant-set?variant=gid://shopify/ProductVariant/49447422329059
2026-07-25 13:23:03,Catchy Chic Moissanite Pendant Set,Default Title,AMS-104-4749,44400.0,New Arrival,1,0,1,https://www.theamethyststore.com/products/moissanite-pendant-set?variant=gid://shopify/ProductVariant/49447422427363
2026-07-25 13:23:03,Dhashitha Moissanite Pendant Set,Default Title,AMS-104-4744,34800.0,New Arrival,1,0,1,https://www.theamethyststore.com/products/dhashitha-moissanite-pendant-set?variant=gid://shopify/ProductVariant/49447422853347
2026-07-25 13:23:03,Elegant Moissanite Pendant Set,Default Title,AMS-104-4750,62100.0,New Arrival,1,0,1,https://www.theamethyststore.com/products/moissanite-pendant-set-1?variant=gid://shopify/ProductVariant/49447422984419
2026-07-25 13:23:03,Attractive Moissanite Pendant Set,Default Title,AMS-104-4745,17900.0,New Arrival,1,0,1,https://www.theamethyststore.com/products/attractive-moissanite-pendant-set?variant=gid://shopify/ProductVariant/49447423049955
2026-07-25 13:37:51,Anushiya Moissanite Pendant,Default Title,AMS-104-4746,13000.0,New Arrival,1,0,1,https://www.theamethyststore.com/products/anushiya-moissanite-pendant?variant=gid://shopify/ProductVariant/49447425081571
2026-07-25 13:37:51,Yashikaa Moissanite Pendant Set,Default Title,AMS-104-4751,39800.0,New Arrival,1,0,1,https://www.theamethyststore.com/products/moissanite-pendant-set-2?variant=gid://shopify/ProductVariant/49447425736931
2026-07-25 13:37:51,Charming Moissanite Pendant Set,Default Title,AMS-104-4747,25000.0,New Arrival,1,0,1,https://www.theamethyststore.com/products/charming-moissanite-pendant-set?variant=gid://shopify/ProductVariant/49447430160611
2026-07-25 13:37:51,Mahitha Moissanite Pendant Set,Default Title,AMS-104-4748,24900.0,New Arrival,1,0,1,https://www.theamethyststore.com/products/mahitha-moissanite-pendant-set?variant=gid://shopify/ProductVariant/49447437369571
2026-07-25 13:37:51,Dhishikha Reversible Stone Necklace,Default Title,AMS-102-16286,50300.0,New Arrival,1,0,1,https://www.theamethyststore.com/products/dhishikha-reversible-stone-necklace?variant=gid://shopify/ProductVariant/49447452639459
2026-07-25 13:51:49,Lakkesh Stone Ring,Default Title,AMS-101-1632,3800.0,Sale,1,5,4,https://www.theamethyststore.com/products/lakkesh-stone-ring?variant=gid://shopify/ProductVariant/47392959496419
2026-07-25 14:37:11,Dymtrus Avikam Hair Maatal,Default Title,AMS-109-1159,53300.0,Sale,1,4,3,https://www.theamethyststore.com/products/dymtrus-avikam-hair-maatal?variant=gid://shopify/ProductVariant/45281421754595
2026-07-25 14:53:22,Yashikha Short Necklace,Default Title,AMS-102-7852,20895.3,Sale,1,2,1,https://www.theamethyststore.com/products/yashikha-short-necklace?variant=gid://shopify/ProductVariant/45775571058915
2026-07-25 14:53:22,"Mangalsutra Chain Double layer-24""",Default Title,AMS-105-0382-M,6500.0,Sale,1,14,13,https://www.theamethyststore.com/products/mangalsutra-chain-double-layer-24?variant=gid://shopify/ProductVariant/46779086012643
2026-07-25 14:53:22,Golden Glow Chain,Default Title,AMS-105-1480,18019.8,Sale,1,5,4,https://www.theamethyststore.com/products/golden-glow-chain?variant=gid://shopify/ProductVariant/47697009377507
2026-07-25 14:53:22,Elegant Hasli Necklace,Default Title,AMS-102-15190,8100.0,Sale,1,14,13,https://www.theamethyststore.com/products/elegant-hasli-necklace?variant=gid://shopify/ProductVariant/48763379548387
2026-07-25 14:53:22,Lishma Kundan Jhumkas,Default Title,AMS-106-5247,22000.0,Sold Out,1,1,0,https://www.theamethyststore.com/products/lishma-kundan-jhumkas?variant=gid://shopify/ProductVariant/44274875138275
2026-07-25 14:53:22,Lenora Long Necklace Set,Default Title,AMS-102-5745,129376.0,Sold Out,1,1,0,https://www.theamethyststore.com/products/lenora-long-necklace-set?variant=gid://shopify/ProductVariant/44542574166243
2026-07-25 14:53:22,Cassia Victorian Necklace Set,Default Title,AMS-102-6290,91618.0,Sold Out,1,1,0,https://www.theamethyststore.com/products/cassia-victorian-necklace-set?variant=gid://shopify/ProductVariant/45208033591523
2026-07-25 14:53:22,Trendy Choker Necklace,Default Title,AMS-102-8440,12425.0,Sold Out,1,1,0,https://www.theamethyststore.com/products/trendy-choker-necklace?variant=gid://shopify/ProductVariant/46059731124451
2026-07-25 14:53:22,Beautiful 3D Spl Short Necklace Set,Default Title,AMS-102-16368,11704.0,Sold Out,1,1,0,https://www.theamethyststore.com/products/beautiful-3d-spl-short-necklace-set?variant=gid://shopify/ProductVariant/49333355348195
2026-07-25 14:53:22,Githali Stone Jhumkas,Default Title,AMS-106-11720,9800.0,Sold Out,1,1,0,https://www.theamethyststore.com/products/githali-stone-jhumkas?variant=gid://shopify/ProductVariant/48295852736739
2026-07-25 14:53:22,Aashikha Nagas Mini Short Necklace,Default Title,AMS-102-16030,12200.0,Sold Out,1,1,0,https://www.theamethyststore.com/products/aashikha-nagas-mini-short-necklace?variant=gid://shopify/ProductVariant/49273595363555
2026-07-25 14:53:22,Nikarikha Nagas Mini Short Necklace,Default Title,AMS-102-16042,13400.0,Sold Out,1,1,0,https://www.theamethyststore.com/products/nikarikha-nagas-mini-short-necklace?variant=gid://shopify/ProductVariant/49275330232547
2026-07-26 02:52:31,Dual Elegance Oddiyanam,Default Title,AMS-110-0524 Oddiyanam Cum Necklace,77789.0,Sold Out,1,1,0,https://www.theamethyststore.com/products/dual-elegance-oddiyanam?variant=gid://shopify/ProductVariant/46080038961379
2026-07-26 02:52:31,Graceful Oddiyanam,Default Title,AMS-110-0523 Oddiyanam Cum Necklace,131031.0,Sold Out,2,2,0,https://www.theamethyststore.com/products/graceful-oddiyanam?variant=gid://shopify/ProductVariant/46080092537059
2026-07-26 02:52:31,Nikki Stone Ring,Default Title,AMS-101-0716,2600.0,Sold Out,1,1,0,https://www.theamethyststore.com/products/nikki-stone-ring?variant=gid://shopify/ProductVariant/46092904268003
2026-07-26 02:52:31,Lakshi Stone Ring,Default Title,AMS-101-0718,2700.0,Sold Out,1,1,0,https://www.theamethyststore.com/products/lakshi-stone-ring?variant=gid://shopify/ProductVariant/46092910559459
2026-07-26 02:52:31,Mukitha Stone Ring,Default Title,AMS-101-0719,2500.0,Sold Out,8,8,0,https://www.theamethyststore.com/products/mukitha-stone-ring?variant=gid://shopify/ProductVariant/46092913180899
2026-07-26 02:52:31,Rithikha Ring,Default Title,AMS-101-0727,4976.0,Sold Out,1,1,0,https://www.theamethyststore.com/products/rithikha-ring?variant=gid://shopify/ProductVariant/46097424285923
2026-07-26 02:52:31,Square Designed Victorian Ring,Default Title,AMS-101-0765,9900.0,Sold Out,1,1,0,https://www.theamethyststore.com/products/square-designed-victorian-ring?variant=gid://shopify/ProductVariant/46100217364707
2026-07-26 02:52:31,God Venkateswara Long Necklace,Default Title,AMS-102-8458,112316.0,Sold Out,2,2,0,https://www.theamethyststore.com/products/god-venkateswara-long-necklace?variant=gid://shopify/ProductVariant/46100827832547
2026-07-26 02:52:31,Dhara Nagas Long Necklace,Default Title,AMS-102-8691,136620.0,Sold Out,1,1,0,https://www.theamethyststore.com/products/dhara-nagas-long-necklace?variant=gid://shopify/ProductVariant/46101166555363
2026-07-26 02:52:31,Peacock Designed Nagas Long Necklace,Default Title,AMS-102-8692,137928.86,Sold Out,1,1,0,https://www.theamethyststore.com/products/peacock-designed-nagas-long-necklace?variant=gid://shopify/ProductVariant/46101201453283
2026-07-26 02:52:31,Hearty Drops,Default Title,AMS-106-7536,5272.46,Sold Out,1,1,0,https://www.theamethyststore.com/products/hearty-drops?variant=gid://shopify/ProductVariant/46101250474211
2026-07-26 02:52:31,Ashvitha Kundan Choker,Default Title,AMS-102-8698,62590.76,Sold Out,1,1,0,https://www.theamethyststore.com/products/ashvitha-kundan-choker?variant=gid://shopify/ProductVariant/46103675338979
2026-07-26 02:52:31,Trishikha Kundan Short Necklace,Default Title,AMS-102-8696,143400.0,Sold Out,1,1,0,https://www.theamethyststore.com/products/trishikha-kundan-short-necklace?variant=gid://shopify/ProductVariant/46104114495715
2026-07-26 02:52:31,Lord Ganesha Long Necklace,Default Title,AMS-102-8704,88987.14,Sold Out,1,1,0,https://www.theamethyststore.com/products/lord-ganesha-long-necklace?variant=gid://shopify/ProductVariant/46116171841763
2026-07-26 02:52:31,Multi Colour Bracelet,Default Title,AMS-103-0614,37224.0,Sold Out,1,1,0,https://www.theamethyststore.com/products/multi-colour-bracelet-1?variant=gid://shopify/ProductVariant/46116756324579
2026-07-26 02:52:31,Heart Designed Stone Pendant,Default Title,AMS-104-2150,2683.8,Sold Out,2,2,0,https://www.theamethyststore.com/products/heart-designed-stone-pendant?variant=gid://shopify/ProductVariant/46116891033827
2026-07-26 02:52:31,Saithanya Hair Maatal,Default Title,AMS-109-1298,11406.86,Sold Out,2,2,0,https://www.theamethyststore.com/products/saithanya-hair-maatal?variant=gid://shopify/ProductVariant/46117066473699
2026-07-26 02:52:31,Navil Hair Maatal,Default Title,AMS-109-1300,11406.86,Sold Out,1,1,0,https://www.theamethyststore.com/products/navil-hair-maatal?variant=gid://shopify/ProductVariant/46117074370787
2026-07-26 02:52:31,Nithikha Stone Drops,Default Title,AMS-106-7538,5559.3,Sold Out,2,2,0,https://www.theamethyststore.com/products/nithikha-stone-drops?variant=gid://shopify/ProductVariant/46117250007267
2026-07-26 02:52:31,Pavika Stone Maatal,Default Title,AMS-109-1304,22717.16,Sold Out,1,1,0,https://www.theamethyststore.com/products/pavika-stone-maatal?variant=gid://shopify/ProductVariant/46117296931043
2026-07-26 02:52:31,Likhita Drop Earrings,Default Title,AMS-106-7563,7668.0,Sold Out,2,2,0,https://www.theamethyststore.com/products/likhita-drop-earrings?variant=gid://shopify/ProductVariant/46117304598755
2026-07-26 02:52:31,Jeevitha Jhumkhas,Default Title,AMS-106-7568,11366.0,Sold Out,2,2,0,https://www.theamethyststore.com/products/jeevitha-jhumkhas?variant=gid://shopify/ProductVariant/46117421809891
2026-07-26 02:52:31,Cute Squares Baby Anklets,Default Title,AMS-114-0416,3100.0,Sold Out,1,1,0,https://www.theamethyststore.com/products/cute-squares-baby-anklets?variant=gid://shopify/ProductVariant/46117422727395
2026-07-26 02:52:31,Pranita Studs,Default Title,AMS-106-7618,15527.7,Sold Out,1,1,0,https://www.theamethyststore.com/products/pranita-studs?variant=gid://shopify/ProductVariant/46117520113891
2026-07-26 02:52:31,Aadhira Kundan Studs,Default Title,AMS-106-7571,12413.0,Sold Out,1,1,0,https://www.theamethyststore.com/products/aadhira-kundan-studs?variant=gid://shopify/ProductVariant/46117559730403
2026-07-26 02:52:31,Dhakshi Kundan Earrings,Default Title,AMS-106-7567,14128.0,Sold Out,1,1,0,https://www.theamethyststore.com/products/dhakshi-kundan-earrings?variant=gid://shopify/ProductVariant/46117577851107
2026-07-26 02:52:31,Peacock Designed Oxidised Earrings,Default Title,AMS-106-7623,34080.0,Sold Out,1,1,0,https://www.theamethyststore.com/products/peacock-designed-oxidised-earrings?variant=gid://shopify/ProductVariant/46119841890531
2026-07-26 02:52:31,Shivani Kundan Jhumkas,Default Title,AMS-106-7742,50992.2,Sold Out,1,1,0,https://www.theamethyststore.com/products/shivani-kundan-jhumkas?variant=gid://shopify/ProductVariant/46120015331555
2026-07-26 02:52:31,Vinisha Kundan Maangtikka,Default Title,AMS-109-1248,13342.32,Sold Out,1,1,0,https://www.theamethyststore.com/products/vinisha-kundan-maangtikka?variant=gid://shopify/ProductVariant/46120258339043
2026-07-26 02:52:31,Yakitha Kundan Maangtikka,Default Title,AMS-109-1249,13170.5,Sold Out,1,1,0,https://www.theamethyststore.com/products/yakitha-kundan-maangtikka?variant=gid://shopify/ProductVariant/46120261386467
2026-07-26 02:52:31,Dhashikha Kundan Maangtikka,Default Title,AMS-109-1252,12748.76,Sold Out,2,2,0,https://www.theamethyststore.com/products/dhashikha-kundan-maangtikka?variant=gid://shopify/ProductVariant/46120626913507
2026-07-26 02:52:31,Shervikha Kundan Maangtikka,Default Title,AMS-109-1253,18729.8,Sold Out,1,1,0,https://www.theamethyststore.com/products/shervikha-kundan-maangtikka?variant=gid://shopify/ProductVariant/46120636285155
2026-07-26 02:52:31,Pavikha Kundan Maangtikka,Default Title,AMS-109-1289,16966.16,Sold Out,1,1,0,https://www.theamethyststore.com/products/pavikha-kundan-maangtikka?variant=gid://shopify/ProductVariant/46120655159523
2026-07-26 02:52:31,Aninya Kundan Maangtikka,Default Title,AMS-109-1358,17176.32,Sold Out,1,1,0,https://www.theamethyststore.com/products/aninya-kundan-maangtikka?variant=gid://shopify/ProductVariant/46120696676579
2026-07-26 02:52:31,Aditi Kundan Maangtikka,Default Title,AMS-109-1355,19100.0,Sold Out,1,1,0,https://www.theamethyststore.com/products/aditi-kundan-maangtikka?variant=gid://shopify/ProductVariant/46120815853795
2026-07-26 02:52:31,Samara Stone Nose Pin,Default Title,AMS-113-0293,3530.0,Sold Out,1,1,0,https://www.theamethyststore.com/products/samara-stone-nose-pin?variant=gid://shopify/ProductVariant/46120854028515
2026-07-26 02:52:31,Lakshikha Maangtikka,Default Title,AMS-109-1361,36133.0,Sold Out,1,1,0,https://www.theamethyststore.com/products/lakshikha-kundan-maangtikka?variant=gid://shopify/ProductVariant/46121060892899
2026-07-26 02:52:31,Mango Designed Hair Maatal,Default Title,AMS-109-1307,20703.6,Sold Out,1,1,0,https://www.theamethyststore.com/products/mango-designed-hair-maatal?variant=gid://shopify/ProductVariant/46123821727971
2026-07-26 02:52:31,Taahira Hair Maatal,Default Title,AMS-109-1302,13419.0,Sold Out,1,1,0,https://www.theamethyststore.com/products/taahira-hair-maatal?variant=gid://shopify/ProductVariant/46123913281763
2026-07-26 02:52:31,Bridal Kundan Maangtikka,Default Title,AMS-109-1288,51574.4,Sold Out,2,2,0,https://www.theamethyststore.com/products/bridal-kundan-maangtikka?variant=gid://shopify/ProductVariant/46124098420963
2026-07-26 02:52:31,Facinate Victorian Studs,Default Title,AMS-106-7665,20600.0,Sold Out,2,2,0,https://www.theamethyststore.com/products/facinate-victorian-studs?variant=gid://shopify/ProductVariant/46129192698083
2026-07-26 02:52:31,Nishanthini Stone Drops,Default Title,AMS-106-7744,10160.1,Sold Out,1,1,0,https://www.theamethyststore.com/products/nishanthini-stone-drops?variant=gid://shopify/ProductVariant/46132104528099
2026-07-26 02:52:31,Navarathna Stone Drops,Default Title,AMS-106-7754,10390.14,Sold Out,1,1,0,https://www.theamethyststore.com/products/navarathna-stone-drops?variant=gid://shopify/ProductVariant/46132163805411
2026-07-26 02:52:31,kamilla Chandhubaali Earrings,Default Title,AMS-106-7806,21278.7,Sold Out,1,1,0,https://www.theamethyststore.com/products/kamilla-chandhubaali-earrings?variant=gid://shopify/ProductVariant/46137063178467
2026-07-26 02:52:31,Aaila Stone Long Earrings,Default Title,AMS-106-7811,20320.2,Sold Out,1,1,0,https://www.theamethyststore.com/products/aaila-stone-long-earrings?variant=gid://shopify/ProductVariant/46137093488867
2026-07-26 02:52:31,Akaay Nagas Ring,Default Title,AMS-101-0773,5464.16,Sold Out,1,1,0,https://www.theamethyststore.com/products/nagas-ring?variant=gid://shopify/ProductVariant/46137170690275
2026-07-26 02:52:31,jennie Nagas Ring,Default Title,AMS-101-0774,5655.86,Sold Out,1,1,0,https://www.theamethyststore.com/products/jennie-nagas-ring?variant=gid://shopify/ProductVariant/46137176686819
2026-07-26 02:52:31,Rasitha Chandubaali Earrings,Default Title,AMS-106-7751,15432.56,Sold Out,1,1,0,https://www.theamethyststore.com/products/rasitha-chandubaali-earrings?variant=gid://shopify/ProductVariant/46139362083043
2026-07-26 02:52:31,Jovika Nagas Jhumkas,Default Title,AMS-106-7756,25861.04,Sold Out,1,1,0,https://www.theamethyststore.com/products/jovika-nagas-jhumkas?variant=gid://shopify/ProductVariant/46139427717347
2026-07-26 02:52:31,Lara Beads chain with Pendant,Default Title,AMS-105-0730,46391.4,Sold Out,1,1,0,https://www.theamethyststore.com/products/lara-beads-chain-with-pendant?variant=gid://shopify/ProductVariant/46139758149859
2026-07-26 02:52:31,Puvi Beads chain with Pendant,Default Title,AMS-105-0733,35196.12,Sold Out,1,1,0,https://www.theamethyststore.com/products/puvi-beads-chain-with-pendant?variant=gid://shopify/ProductVariant/46139797799139
2026-07-26 02:52:31,Fancy Earrings,Default Title,AMS-106-7785,16617.0,Sold Out,1,1,0,https://www.theamethyststore.com/products/fancy-earrings-1?variant=gid://shopify/ProductVariant/46139917172963
2026-07-26 02:52:31,Trendy Blue Long Earrings,Default Title,AMS-106-7788,18501.0,Sold Out,1,1,0,https://www.theamethyststore.com/products/trendy-blue-long-earrings?variant=gid://shopify/ProductVariant/46139948761315
2026-07-26 02:52:31,Tribal Long Earrings,Default Title,AMS-106-7797,17639.0,Sold Out,1,1,0,https://www.theamethyststore.com/products/tribal-long-earrings?variant=gid://shopify/ProductVariant/46139968684259
2026-07-26 02:52:31,Sparkling Long Earrings,Default Title,AMS-106-7793,15418.0,Sold Out,1,1,0,https://www.theamethyststore.com/products/sparkling-long-earrings?variant=gid://shopify/ProductVariant/46140381659363
2026-07-26 02:52:31,Isha Beads chain with Pendant,Default Title,AMS-105-0720,60482.06,Sold Out,1,1,0,https://www.theamethyststore.com/products/isha-beads-chain-with-pendant?variant=gid://shopify/ProductVariant/46140405481699
2026-07-26 02:52:31,Akshya Avikam Long Necklace Set,Default Title,AMS-102-8633,141471.0,Sold Out,1,1,0,https://www.theamethyststore.com/products/akshya-avikam-long-necklace-set?variant=gid://shopify/ProductVariant/46140415639779
2026-07-26 02:52:31,Daisiya Diamond Design Necklace,Default Title,AMS-102-8637,35000.0,Sold Out,1,1,0,https://www.theamethyststore.com/products/daisiya-diamond-design-necklace?variant=gid://shopify/ProductVariant/46140434317539
2026-07-26 02:52:31,Facinate Long Earrings,Default Title,AMS-106-7907,22784.0,Sold Out,1,1,0,https://www.theamethyststore.com/products/facinate-long-earrings?variant=gid://shopify/ProductVariant/46140497789155
2026-07-26 02:52:31,Layer Floral Long Earrings,Default Title,AMS-106-7908,16103.0,Sold Out,1,1,0,https://www.theamethyststore.com/products/layer-floral-long-earrings?variant=gid://shopify/ProductVariant/46140530917603
2026-07-26 02:52:31,Dazzling Beads chain with Pendant,Default Title,AMS-105-0753,71500.0,Sold Out,1,1,0,https://www.theamethyststore.com/products/dazzling-beads-chain-with-pendant?variant=gid://shopify/ProductVariant/46143511593187
2026-07-26 02:52:31,Viji Bead Chain with Pendant,Default Title,AMS-105-0755,50033.7,Sold Out,1,1,0,https://www.theamethyststore.com/products/viji-bead-chain-with-pendant?variant=gid://shopify/ProductVariant/46143531417827
2026-07-26 02:52:31,Ganapathy Pendant with Beads Chain,Default Title,AMS-105-0756,65944.8,Sold Out,1,1,0,https://www.theamethyststore.com/products/ganapathy-pendant-with-beads-chain?variant=gid://shopify/ProductVariant/46143599313123
2026-07-26 02:52:31,Yamunasri Long Necklace,Default Title,AMS-102-8755,72970.0,Sold Out,1,1,0,https://www.theamethyststore.com/products/yamunasri-long-necklace?variant=gid://shopify/ProductVariant/46143702171875
2026-07-26 02:52:31,Sita Ram Pendant with Bead Chain,Default Title,AMS-105-0760,66903.3,Sold Out,1,1,0,https://www.theamethyststore.com/products/sita-ram-pendant-with-bead-chain?variant=gid://shopify/ProductVariant/46143718457571
2026-07-26 02:52:31,Mila Earrings,Default Title,AMS-106-7850,9776.7,Sold Out,1,1,0,https://www.theamethyststore.com/products/mila-earrings-1?variant=gid://shopify/ProductVariant/46144690782435
2026-07-26 02:52:31,Vandhanasri Stone Earrings,Default Title,AMS-106-7901,16294.5,Sold Out,1,1,0,https://www.theamethyststore.com/products/vandhanasri-stone-earrings?variant=gid://shopify/ProductVariant/46145023607011
2026-07-26 02:52:31,Sriwathi Earings,Default Title,AMS-106-7864,10160.1,Sold Out,1,1,0,https://www.theamethyststore.com/products/sriwathi-earings?variant=gid://shopify/ProductVariant/46145127645411
2026-07-26 02:52:31,Aditi Nagas Earings,Default Title,AMS-106-7869,8953.1,Sold Out,1,1,0,https://www.theamethyststore.com/products/aditi-nagas-earings?variant=gid://shopify/ProductVariant/46145181450467
2026-07-26 02:52:31,Brindha Nagas Earings,Default Title,AMS-106-7870,10256.66,Sold Out,1,1,0,https://www.theamethyststore.com/products/brindha-nagas-earings?variant=gid://shopify/ProductVariant/46145184596195
2026-07-26 02:52:31,Milly Nagas Earings,Default Title,AMS-106-7871,8723.06,Sold Out,1,1,0,https://www.theamethyststore.com/products/milly-nagas-earings?variant=gid://shopify/ProductVariant/46145202028771
2026-07-26 02:52:31,Luna Nagas Earings,Default Title,AMS-106-7872,9009.9,Sold Out,1,1,0,https://www.theamethyststore.com/products/luna-nagas-earings?variant=gid://shopify/ProductVariant/46145214284003
2026-07-26 02:52:31,Vithera Nagas Nakshi Oddiyanam,Default Title,AMS-110-0553,82239.3,Sold Out,1,1,0,https://www.theamethyststore.com/products/vithera-nagas-nakshi-oddiyanam?variant=gid://shopify/ProductVariant/46149236031715
2026-07-26 02:52:31,Srilakshmi Nagas Nakshi Oddiyanam,Default Title,AMS-110-0556,104956.46,Sold Out,1,1,0,https://www.theamethyststore.com/products/srilakshmi-nagas-nakshi-oddiyanam?variant=gid://shopify/ProductVariant/46149248876771
2026-07-26 02:52:31,Brindha Nagas Nakshi Oddiyanam,Default Title,AMS-110-0558,98533.8,Sold Out,1,1,0,https://www.theamethyststore.com/products/brindha-nagas-nakshi-oddiyanam?variant=gid://shopify/ProductVariant/46149303828707
2026-07-26 02:52:31,Praveena Nagas Nakshi Oddiyanam,Default Title,AMS-110-0560,85200.0,Sold Out,1,1,0,https://www.theamethyststore.com/products/praveena-nagas-nakshi-oddiyanam?variant=gid://shopify/ProductVariant/46149341085923
2026-07-26 02:52:31,Rithu Stone Mini Choker,Default Title,AMS-102-8731,14914.26,Sold Out,1,1,0,https://www.theamethyststore.com/products/stone-mini-choker?variant=gid://shopify/ProductVariant/46149705400547
2026-07-26 02:52:31,Luna Stone Mini Choker,Default Title,AMS-102-8733,15719.4,Sold Out,1,1,0,https://www.theamethyststore.com/products/luna-stone-mini-choker?variant=gid://shopify/ProductVariant/46149714411747
2026-07-26 02:52:31,Sophia Stone Mini Choker,Default Title,AMS-102-8734,20511.9,Sold Out,1,1,0,https://www.theamethyststore.com/products/sophia-stone-mini-choker?variant=gid://shopify/ProductVariant/46149728207075
2026-07-26 02:52:31,Reena Stone Mini Choker,Default Title,AMS-102-8739,28294.92,Sold Out,1,1,0,https://www.theamethyststore.com/products/reena-stone-mini-choker?variant=gid://shopify/ProductVariant/46149759926499
2026-07-26 02:52:31,Karisha Long Necklace,Default Title,AMS-102-8744,114426.44,Sold Out,1,1,0,https://www.theamethyststore.com/products/karisha-long-necklace?variant=gid://shopify/ProductVariant/46150155960547
2026-07-26 02:52:31,Rithvika Long Necklace,Default Title,AMS-102-8745,174376.0,Sold Out,1,1,0,https://www.theamethyststore.com/products/rithvika-long-necklace?variant=gid://shopify/ProductVariant/46150162841827
2026-07-26 02:52:31,Nabina  Nagas Tikka,Default Title,AMS-109-1367,8434.8,Sold Out,1,1,0,https://www.theamethyststore.com/products/nabina-nagas-tikka?variant=gid://shopify/ProductVariant/46150307807459
2026-07-26 02:52:31,Yashiba Stone Pendant Set,Default Title,AMS-104-2312,8946.0,Sold Out,1,1,0,https://www.theamethyststore.com/products/yashiba-stone-pendant-set?variant=gid://shopify/ProductVariant/46150661046499
2026-07-26 02:52:31,Samyukthini Pendant,Default Title,AMS-104-2283,15911.1,Sold Out,1,1,0,https://www.theamethyststore.com/products/samyukthini-pendant?variant=gid://shopify/ProductVariant/46154072391907
2026-07-26 02:52:31,Green Beads Pendant,Default Title,AMS-104-2293,17657.7,Sold Out,2,2,0,https://www.theamethyststore.com/products/green-beads-pendant?variant=gid://shopify/ProductVariant/46154095231203
2026-07-26 02:52:31,Raksha Stone Pendant,Default Title,AMS-104-2296,16716.24,Sold Out,1,1,0,https://www.theamethyststore.com/products/raksha-stone-pendant-1?variant=gid://shopify/ProductVariant/46154146906339
2026-07-26 02:52:31,Rithuna Stone Jhumkas,Default Title,AMS-106-7826,20703.6,Sold Out,3,3,0,https://www.theamethyststore.com/products/rithuna-stone-jhumkas?variant=gid://shopify/ProductVariant/46154935533795
2026-07-26 02:52:31,Lakshmi Nagas Studs,Default Title,AMS-106-7827,9873.26,Sold Out,1,1,0,https://www.theamethyststore.com/products/lakshmi-nagas-studs?variant=gid://shopify/ProductVariant/46154939662563
2026-07-26 02:52:31,Lakshitha Bridal Tikka,Default Title,AMS-109-1365,45624.6,Sold Out,1,1,0,https://www.theamethyststore.com/products/lakshitha-bridal-tikka?variant=gid://shopify/ProductVariant/46154987897059
2026-07-26 03:07:28,Dual Elegance Oddiyanam,Default Title,AMS-110-0524 Oddiyanam Cum Necklace,77789.0,New Arrival,1,0,1,https://www.theamethyststore.com/products/dual-elegance-oddiyanam?variant=gid://shopify/ProductVariant/46080038961379
2026-07-26 03:07:28,Graceful Oddiyanam,Default Title,AMS-110-0523 Oddiyanam Cum Necklace,131031.0,New Arrival,2,0,2,https://www.theamethyststore.com/products/graceful-oddiyanam?variant=gid://shopify/ProductVariant/46080092537059
2026-07-26 03:07:28,Nikki Stone Ring,Default Title,AMS-101-0716,2600.0,New Arrival,1,0,1,https://www.theamethyststore.com/products/nikki-stone-ring?variant=gid://shopify/ProductVariant/46092904268003
2026-07-26 03:07:28,Lakshi Stone Ring,Default Title,AMS-101-0718,2700.0,New Arrival,1,0,1,https://www.theamethyststore.com/products/lakshi-stone-ring?variant=gid://shopify/ProductVariant/46092910559459
2026-07-26 03:07:28,Mukitha Stone Ring,Default Title,AMS-101-0719,2500.0,New Arrival,8,0,8,https://www.theamethyststore.com/products/mukitha-stone-ring?variant=gid://shopify/ProductVariant/46092913180899
2026-07-26 03:07:28,Rithikha Ring,Default Title,AMS-101-0727,4976.0,New Arrival,1,0,1,https://www.theamethyststore.com/products/rithikha-ring?variant=gid://shopify/ProductVariant/46097424285923
2026-07-26 03:07:28,Square Designed Victorian Ring,Default Title,AMS-101-0765,9900.0,New Arrival,1,0,1,https://www.theamethyststore.com/products/square-designed-victorian-ring?variant=gid://shopify/ProductVariant/46100217364707
2026-07-26 03:07:28,God Venkateswara Long Necklace,Default Title,AMS-102-8458,112316.0,New Arrival,2,0,2,https://www.theamethyststore.com/products/god-venkateswara-long-necklace?variant=gid://shopify/ProductVariant/46100827832547
2026-07-26 03:07:28,Dhara Nagas Long Necklace,Default Title,AMS-102-8691,136620.0,New Arrival,1,0,1,https://www.theamethyststore.com/products/dhara-nagas-long-necklace?variant=gid://shopify/ProductVariant/46101166555363
2026-07-26 03:07:28,Peacock Designed Nagas Long Necklace,Default Title,AMS-102-8692,137928.86,New Arrival,1,0,1,https://www.theamethyststore.com/products/peacock-designed-nagas-long-necklace?variant=gid://shopify/ProductVariant/46101201453283
2026-07-26 03:07:28,Hearty Drops,Default Title,AMS-106-7536,5272.46,New Arrival,1,0,1,https://www.theamethyststore.com/products/hearty-drops?variant=gid://shopify/ProductVariant/46101250474211
2026-07-26 03:07:28,Ashvitha Kundan Choker,Default Title,AMS-102-8698,62590.76,New Arrival,1,0,1,https://www.theamethyststore.com/products/ashvitha-kundan-choker?variant=gid://shopify/ProductVariant/46103675338979
2026-07-26 03:07:28,Trishikha Kundan Short Necklace,Default Title,AMS-102-8696,143400.0,New Arrival,1,0,1,https://www.theamethyststore.com/products/trishikha-kundan-short-necklace?variant=gid://shopify/ProductVariant/46104114495715
2026-07-26 03:07:28,Lord Ganesha Long Necklace,Default Title,AMS-102-8704,88987.14,New Arrival,1,0,1,https://www.theamethyststore.com/products/lord-ganesha-long-necklace?variant=gid://shopify/ProductVariant/46116171841763
2026-07-26 03:07:28,Multi Colour Bracelet,Default Title,AMS-103-0614,37224.0,New Arrival,1,0,1,https://www.theamethyststore.com/products/multi-colour-bracelet-1?variant=gid://shopify/ProductVariant/46116756324579
2026-07-26 03:07:28,Heart Designed Stone Pendant,Default Title,AMS-104-2150,2683.8,New Arrival,2,0,2,https://www.theamethyststore.com/products/heart-designed-stone-pendant?variant=gid://shopify/ProductVariant/46116891033827
2026-07-26 03:07:28,Saithanya Hair Maatal,Default Title,AMS-109-1298,11406.86,New Arrival,2,0,2,https://www.theamethyststore.com/products/saithanya-hair-maatal?variant=gid://shopify/ProductVariant/46117066473699
2026-07-26 03:07:28,Navil Hair Maatal,Default Title,AMS-109-1300,11406.86,New Arrival,1,0,1,https://www.theamethyststore.com/products/navil-hair-maatal?variant=gid://shopify/ProductVariant/46117074370787
2026-07-26 03:07:28,Nithikha Stone Drops,Default Title,AMS-106-7538,5559.3,New Arrival,2,0,2,https://www.theamethyststore.com/products/nithikha-stone-drops?variant=gid://shopify/ProductVariant/46117250007267
2026-07-26 03:07:28,Pavika Stone Maatal,Default Title,AMS-109-1304,22717.16,New Arrival,1,0,1,https://www.theamethyststore.com/products/pavika-stone-maatal?variant=gid://shopify/ProductVariant/46117296931043
2026-07-26 03:07:28,Likhita Drop Earrings,Default Title,AMS-106-7563,7668.0,New Arrival,2,0,2,https://www.theamethyststore.com/products/likhita-drop-earrings?variant=gid://shopify/ProductVariant/46117304598755
2026-07-26 03:07:28,Jeevitha Jhumkhas,Default Title,AMS-106-7568,11366.0,New Arrival,2,0,2,https://www.theamethyststore.com/products/jeevitha-jhumkhas?variant=gid://shopify/ProductVariant/46117421809891
2026-07-26 03:07:28,Cute Squares Baby Anklets,Default Title,AMS-114-0416,3100.0,New Arrival,1,0,1,https://www.theamethyststore.com/products/cute-squares-baby-anklets?variant=gid://shopify/ProductVariant/46117422727395
2026-07-26 03:07:28,Pranita Studs,Default Title,AMS-106-7618,15527.7,New Arrival,1,0,1,https://www.theamethyststore.com/products/pranita-studs?variant=gid://shopify/ProductVariant/46117520113891
2026-07-26 03:07:28,Aadhira Kundan Studs,Default Title,AMS-106-7571,12413.0,New Arrival,1,0,1,https://www.theamethyststore.com/products/aadhira-kundan-studs?variant=gid://shopify/ProductVariant/46117559730403
2026-07-26 03:07:28,Dhakshi Kundan Earrings,Default Title,AMS-106-7567,14128.0,New Arrival,1,0,1,https://www.theamethyststore.com/products/dhakshi-kundan-earrings?variant=gid://shopify/ProductVariant/46117577851107
2026-07-26 03:07:28,Peacock Designed Oxidised Earrings,Default Title,AMS-106-7623,34080.0,New Arrival,1,0,1,https://www.theamethyststore.com/products/peacock-designed-oxidised-earrings?variant=gid://shopify/ProductVariant/46119841890531
2026-07-26 03:07:28,Shivani Kundan Jhumkas,Default Title,AMS-106-7742,50992.2,New Arrival,1,0,1,https://www.theamethyststore.com/products/shivani-kundan-jhumkas?variant=gid://shopify/ProductVariant/46120015331555
2026-07-26 03:07:28,Vinisha Kundan Maangtikka,Default Title,AMS-109-1248,13342.32,New Arrival,1,0,1,https://www.theamethyststore.com/products/vinisha-kundan-maangtikka?variant=gid://shopify/ProductVariant/46120258339043
2026-07-26 03:07:28,Yakitha Kundan Maangtikka,Default Title,AMS-109-1249,13170.5,New Arrival,1,0,1,https://www.theamethyststore.com/products/yakitha-kundan-maangtikka?variant=gid://shopify/ProductVariant/46120261386467
2026-07-26 03:07:28,Dhashikha Kundan Maangtikka,Default Title,AMS-109-1252,12748.76,New Arrival,2,0,2,https://www.theamethyststore.com/products/dhashikha-kundan-maangtikka?variant=gid://shopify/ProductVariant/46120626913507
2026-07-26 03:07:28,Shervikha Kundan Maangtikka,Default Title,AMS-109-1253,18729.8,New Arrival,1,0,1,https://www.theamethyststore.com/products/shervikha-kundan-maangtikka?variant=gid://shopify/ProductVariant/46120636285155
2026-07-26 03:07:28,Pavikha Kundan Maangtikka,Default Title,AMS-109-1289,16966.16,New Arrival,1,0,1,https://www.theamethyststore.com/products/pavikha-kundan-maangtikka?variant=gid://shopify/ProductVariant/46120655159523
2026-07-26 03:07:28,Aninya Kundan Maangtikka,Default Title,AMS-109-1358,17176.32,New Arrival,1,0,1,https://www.theamethyststore.com/products/aninya-kundan-maangtikka?variant=gid://shopify/ProductVariant/46120696676579
2026-07-26 03:07:28,Aditi Kundan Maangtikka,Default Title,AMS-109-1355,19100.0,New Arrival,1,0,1,https://www.theamethyststore.com/products/aditi-kundan-maangtikka?variant=gid://shopify/ProductVariant/46120815853795
2026-07-26 03:07:28,Samara Stone Nose Pin,Default Title,AMS-113-0293,3530.0,New Arrival,1,0,1,https://www.theamethyststore.com/products/samara-stone-nose-pin?variant=gid://shopify/ProductVariant/46120854028515
2026-07-26 03:07:28,Lakshikha Maangtikka,Default Title,AMS-109-1361,36133.0,New Arrival,1,0,1,https://www.theamethyststore.com/products/lakshikha-kundan-maangtikka?variant=gid://shopify/ProductVariant/46121060892899
2026-07-26 03:07:28,Mango Designed Hair Maatal,Default Title,AMS-109-1307,20703.6,New Arrival,1,0,1,https://www.theamethyststore.com/products/mango-designed-hair-maatal?variant=gid://shopify/ProductVariant/46123821727971
2026-07-26 03:07:28,Taahira Hair Maatal,Default Title,AMS-109-1302,13419.0,New Arrival,1,0,1,https://www.theamethyststore.com/products/taahira-hair-maatal?variant=gid://shopify/ProductVariant/46123913281763
2026-07-26 03:07:28,Bridal Kundan Maangtikka,Default Title,AMS-109-1288,51574.4,New Arrival,2,0,2,https://www.theamethyststore.com/products/bridal-kundan-maangtikka?variant=gid://shopify/ProductVariant/46124098420963
2026-07-26 03:07:28,Facinate Victorian Studs,Default Title,AMS-106-7665,20600.0,New Arrival,2,0,2,https://www.theamethyststore.com/products/facinate-victorian-studs?variant=gid://shopify/ProductVariant/46129192698083
2026-07-26 03:07:28,Nishanthini Stone Drops,Default Title,AMS-106-7744,10160.1,New Arrival,1,0,1,https://www.theamethyststore.com/products/nishanthini-stone-drops?variant=gid://shopify/ProductVariant/46132104528099
2026-07-26 03:07:28,Navarathna Stone Drops,Default Title,AMS-106-7754,10390.14,New Arrival,1,0,1,https://www.theamethyststore.com/products/navarathna-stone-drops?variant=gid://shopify/ProductVariant/46132163805411
2026-07-26 03:07:28,kamilla Chandhubaali Earrings,Default Title,AMS-106-7806,21278.7,New Arrival,1,0,1,https://www.theamethyststore.com/products/kamilla-chandhubaali-earrings?variant=gid://shopify/ProductVariant/46137063178467
2026-07-26 03:07:28,Aaila Stone Long Earrings,Default Title,AMS-106-7811,20320.2,New Arrival,1,0,1,https://www.theamethyststore.com/products/aaila-stone-long-earrings?variant=gid://shopify/ProductVariant/46137093488867
2026-07-26 03:07:28,Akaay Nagas Ring,Default Title,AMS-101-0773,5464.16,New Arrival,1,0,1,https://www.theamethyststore.com/products/nagas-ring?variant=gid://shopify/ProductVariant/46137170690275
2026-07-26 03:07:28,jennie Nagas Ring,Default Title,AMS-101-0774,5655.86,New Arrival,1,0,1,https://www.theamethyststore.com/products/jennie-nagas-ring?variant=gid://shopify/ProductVariant/46137176686819
2026-07-26 03:07:28,Rasitha Chandubaali Earrings,Default Title,AMS-106-7751,15432.56,New Arrival,1,0,1,https://www.theamethyststore.com/products/rasitha-chandubaali-earrings?variant=gid://shopify/ProductVariant/46139362083043
2026-07-26 03:07:28,Jovika Nagas Jhumkas,Default Title,AMS-106-7756,25861.04,New Arrival,1,0,1,https://www.theamethyststore.com/products/jovika-nagas-jhumkas?variant=gid://shopify/ProductVariant/46139427717347
2026-07-26 03:07:28,Lara Beads chain with Pendant,Default Title,AMS-105-0730,46391.4,New Arrival,1,0,1,https://www.theamethyststore.com/products/lara-beads-chain-with-pendant?variant=gid://shopify/ProductVariant/46139758149859
2026-07-26 03:07:28,Puvi Beads chain with Pendant,Default Title,AMS-105-0733,35196.12,New Arrival,1,0,1,https://www.theamethyststore.com/products/puvi-beads-chain-with-pendant?variant=gid://shopify/ProductVariant/46139797799139
2026-07-26 03:07:28,Fancy Earrings,Default Title,AMS-106-7785,16617.0,New Arrival,1,0,1,https://www.theamethyststore.com/products/fancy-earrings-1?variant=gid://shopify/ProductVariant/46139917172963
2026-07-26 03:07:28,Trendy Blue Long Earrings,Default Title,AMS-106-7788,18501.0,New Arrival,1,0,1,https://www.theamethyststore.com/products/trendy-blue-long-earrings?variant=gid://shopify/ProductVariant/46139948761315
2026-07-26 03:07:28,Tribal Long Earrings,Default Title,AMS-106-7797,17639.0,New Arrival,1,0,1,https://www.theamethyststore.com/products/tribal-long-earrings?variant=gid://shopify/ProductVariant/46139968684259
2026-07-26 03:07:28,Sparkling Long Earrings,Default Title,AMS-106-7793,15418.0,New Arrival,1,0,1,https://www.theamethyststore.com/products/sparkling-long-earrings?variant=gid://shopify/ProductVariant/46140381659363
2026-07-26 03:07:28,Isha Beads chain with Pendant,Default Title,AMS-105-0720,60482.06,New Arrival,1,0,1,https://www.theamethyststore.com/products/isha-beads-chain-with-pendant?variant=gid://shopify/ProductVariant/46140405481699
2026-07-26 03:07:28,Akshya Avikam Long Necklace Set,Default Title,AMS-102-8633,141471.0,New Arrival,1,0,1,https://www.theamethyststore.com/products/akshya-avikam-long-necklace-set?variant=gid://shopify/ProductVariant/46140415639779
2026-07-26 03:07:28,Daisiya Diamond Design Necklace,Default Title,AMS-102-8637,35000.0,New Arrival,1,0,1,https://www.theamethyststore.com/products/daisiya-diamond-design-necklace?variant=gid://shopify/ProductVariant/46140434317539
2026-07-26 03:07:28,Facinate Long Earrings,Default Title,AMS-106-7907,22784.0,New Arrival,1,0,1,https://www.theamethyststore.com/products/facinate-long-earrings?variant=gid://shopify/ProductVariant/46140497789155
2026-07-26 03:07:28,Layer Floral Long Earrings,Default Title,AMS-106-7908,16103.0,New Arrival,1,0,1,https://www.theamethyststore.com/products/layer-floral-long-earrings?variant=gid://shopify/ProductVariant/46140530917603
2026-07-26 03:07:28,Dazzling Beads chain with Pendant,Default Title,AMS-105-0753,71500.0,New Arrival,1,0,1,https://www.theamethyststore.com/products/dazzling-beads-chain-with-pendant?variant=gid://shopify/ProductVariant/46143511593187
2026-07-26 03:07:28,Viji Bead Chain with Pendant,Default Title,AMS-105-0755,50033.7,New Arrival,1,0,1,https://www.theamethyststore.com/products/viji-bead-chain-with-pendant?variant=gid://shopify/ProductVariant/46143531417827
2026-07-26 03:07:28,Ganapathy Pendant with Beads Chain,Default Title,AMS-105-0756,65944.8,New Arrival,1,0,1,https://www.theamethyststore.com/products/ganapathy-pendant-with-beads-chain?variant=gid://shopify/ProductVariant/46143599313123
2026-07-26 03:07:28,Yamunasri Long Necklace,Default Title,AMS-102-8755,72970.0,New Arrival,1,0,1,https://www.theamethyststore.com/products/yamunasri-long-necklace?variant=gid://shopify/ProductVariant/46143702171875
2026-07-26 03:07:28,Sita Ram Pendant with Bead Chain,Default Title,AMS-105-0760,66903.3,New Arrival,1,0,1,https://www.theamethyststore.com/products/sita-ram-pendant-with-bead-chain?variant=gid://shopify/ProductVariant/46143718457571
2026-07-26 03:07:28,Mila Earrings,Default Title,AMS-106-7850,9776.7,New Arrival,1,0,1,https://www.theamethyststore.com/products/mila-earrings-1?variant=gid://shopify/ProductVariant/46144690782435
2026-07-26 03:07:28,Vandhanasri Stone Earrings,Default Title,AMS-106-7901,16294.5,New Arrival,1,0,1,https://www.theamethyststore.com/products/vandhanasri-stone-earrings?variant=gid://shopify/ProductVariant/46145023607011
2026-07-26 03:07:28,Sriwathi Earings,Default Title,AMS-106-7864,10160.1,New Arrival,1,0,1,https://www.theamethyststore.com/products/sriwathi-earings?variant=gid://shopify/ProductVariant/46145127645411
2026-07-26 03:07:28,Aditi Nagas Earings,Default Title,AMS-106-7869,8953.1,New Arrival,1,0,1,https://www.theamethyststore.com/products/aditi-nagas-earings?variant=gid://shopify/ProductVariant/46145181450467
2026-07-26 03:07:28,Brindha Nagas Earings,Default Title,AMS-106-7870,10256.66,New Arrival,1,0,1,https://www.theamethyststore.com/products/brindha-nagas-earings?variant=gid://shopify/ProductVariant/46145184596195
2026-07-26 03:07:28,Milly Nagas Earings,Default Title,AMS-106-7871,8723.06,New Arrival,1,0,1,https://www.theamethyststore.com/products/milly-nagas-earings?variant=gid://shopify/ProductVariant/46145202028771
2026-07-26 03:07:28,Luna Nagas Earings,Default Title,AMS-106-7872,9009.9,New Arrival,1,0,1,https://www.theamethyststore.com/products/luna-nagas-earings?variant=gid://shopify/ProductVariant/46145214284003
2026-07-26 03:07:28,Vithera Nagas Nakshi Oddiyanam,Default Title,AMS-110-0553,82239.3,New Arrival,1,0,1,https://www.theamethyststore.com/products/vithera-nagas-nakshi-oddiyanam?variant=gid://shopify/ProductVariant/46149236031715
2026-07-26 03:07:28,Srilakshmi Nagas Nakshi Oddiyanam,Default Title,AMS-110-0556,104956.46,New Arrival,1,0,1,https://www.theamethyststore.com/products/srilakshmi-nagas-nakshi-oddiyanam?variant=gid://shopify/ProductVariant/46149248876771
2026-07-26 03:07:28,Brindha Nagas Nakshi Oddiyanam,Default Title,AMS-110-0558,98533.8,New Arrival,1,0,1,https://www.theamethyststore.com/products/brindha-nagas-nakshi-oddiyanam?variant=gid://shopify/ProductVariant/46149303828707
2026-07-26 03:07:28,Praveena Nagas Nakshi Oddiyanam,Default Title,AMS-110-0560,85200.0,New Arrival,1,0,1,https://www.theamethyststore.com/products/praveena-nagas-nakshi-oddiyanam?variant=gid://shopify/ProductVariant/46149341085923
2026-07-26 03:07:28,Rithu Stone Mini Choker,Default Title,AMS-102-8731,14914.26,New Arrival,1,0,1,https://www.theamethyststore.com/products/stone-mini-choker?variant=gid://shopify/ProductVariant/46149705400547
2026-07-26 03:07:28,Luna Stone Mini Choker,Default Title,AMS-102-8733,15719.4,New Arrival,1,0,1,https://www.theamethyststore.com/products/luna-stone-mini-choker?variant=gid://shopify/ProductVariant/46149714411747
2026-07-26 03:07:28,Sophia Stone Mini Choker,Default Title,AMS-102-8734,20511.9,New Arrival,1,0,1,https://www.theamethyststore.com/products/sophia-stone-mini-choker?variant=gid://shopify/ProductVariant/46149728207075
2026-07-26 03:07:28,Reena Stone Mini Choker,Default Title,AMS-102-8739,28294.92,New Arrival,1,0,1,https://www.theamethyststore.com/products/reena-stone-mini-choker?variant=gid://shopify/ProductVariant/46149759926499
2026-07-26 03:07:28,Karisha Long Necklace,Default Title,AMS-102-8744,114426.44,New Arrival,1,0,1,https://www.theamethyststore.com/products/karisha-long-necklace?variant=gid://shopify/ProductVariant/46150155960547
2026-07-26 03:07:28,Rithvika Long Necklace,Default Title,AMS-102-8745,174376.0,New Arrival,1,0,1,https://www.theamethyststore.com/products/rithvika-long-necklace?variant=gid://shopify/ProductVariant/46150162841827
2026-07-26 03:07:28,Nabina  Nagas Tikka,Default Title,AMS-109-1367,8434.8,New Arrival,1,0,1,https://www.theamethyststore.com/products/nabina-nagas-tikka?variant=gid://shopify/ProductVariant/46150307807459
2026-07-26 03:07:28,Yashiba Stone Pendant Set,Default Title,AMS-104-2312,8946.0,New Arrival,1,0,1,https://www.theamethyststore.com/products/yashiba-stone-pendant-set?variant=gid://shopify/ProductVariant/46150661046499
2026-07-26 03:07:28,Samyukthini Pendant,Default Title,AMS-104-2283,15911.1,New Arrival,1,0,1,https://www.theamethyststore.com/products/samyukthini-pendant?variant=gid://shopify/ProductVariant/46154072391907
2026-07-26 03:07:28,Green Beads Pendant,Default Title,AMS-104-2293,17657.7,New Arrival,2,0,2,https://www.theamethyststore.com/products/green-beads-pendant?variant=gid://shopify/ProductVariant/46154095231203
2026-07-26 03:07:28,Raksha Stone Pendant,Default Title,AMS-104-2296,16716.24,New Arrival,1,0,1,https://www.theamethyststore.com/products/raksha-stone-pendant-1?variant=gid://shopify/ProductVariant/46154146906339
2026-07-26 03:07:28,Rithuna Stone Jhumkas,Default Title,AMS-106-7826,20703.6,New Arrival,3,0,3,https://www.theamethyststore.com/products/rithuna-stone-jhumkas?variant=gid://shopify/ProductVariant/46154935533795
2026-07-26 03:07:28,Lakshmi Nagas Studs,Default Title,AMS-106-7827,9873.26,New Arrival,1,0,1,https://www.theamethyststore.com/products/lakshmi-nagas-studs?variant=gid://shopify/ProductVariant/46154939662563
2026-07-26 03:07:28,Lakshitha Bridal Tikka,Default Title,AMS-109-1365,45624.6,New Arrival,1,0,1,https://www.theamethyststore.com/products/lakshitha-bridal-tikka?variant=gid://shopify/ProductVariant/46154987897059
2026-07-26 04:54:00,prathishka Nagas Earrings,Default Title,AMS-106-8221,27668.0,Sold Out,1,1,0,https://www.theamethyststore.com/products/prathishka-nagas-earrings?variant=gid://shopify/ProductVariant/46326684877027
2026-07-26 05:09:13,Athira Kundan Oddiyanam,Default Title,AMS-110-0754,161700.0,New Arrival,1,0,1,https://www.theamethyststore.com/products/athira-kundan-oddiyanam?variant=gid://shopify/ProductVariant/47252095402211
2026-07-26 05:09:13,Glitz Moissanite Jhumkas,Default Title,AMS-106-15004,42000.0,New Arrival,1,0,1,https://www.theamethyststore.com/products/glitz-moissanite-jhumkas?variant=gid://shopify/ProductVariant/49447951958243
2026-07-26 05:09:13,Shimmering Moissanite Jhumkas,Default Title,AMS-106-15005,33500.0,New Arrival,1,0,1,https://www.theamethyststore.com/products/shimmering-moissanite-jhumkas?variant=gid://shopify/ProductVariant/49447952187619
2026-07-26 05:09:13,Admiring Moissanite Jhumkas,Default Title,AMS-106-15006,31800.0,New Arrival,1,0,1,https://www.theamethyststore.com/products/admiring-moissanite-jhumkas?variant=gid://shopify/ProductVariant/49447952285923
2026-07-26 05:09:13,Admirable Moissanite Jhumkas,Default Title,AMS-106-15007,38800.0,New Arrival,1,0,1,https://www.theamethyststore.com/products/admirable-moissanite-jhumkas?variant=gid://shopify/ProductVariant/49447952679139
2026-07-26 05:09:13,Stunning Moissanite Jhumkas,Default Title,AMS-106-15008,36700.0,New Arrival,1,0,1,https://www.theamethyststore.com/products/stunning-moissanite-jhumkas?variant=gid://shopify/ProductVariant/49447953105123
2026-07-26 05:24:36,Kanshikha Kundan Pair Bangle,"2.4""","AMS-107-1745-2.4""",71700.0,Restock,1,1,2,https://www.theamethyststore.com/products/kanshikha-kundan-pair-bangle?variant=gid://shopify/ProductVariant/45966449737955
2026-07-26 05:24:36,Uthidha Kundan Maatal,Default Title,AMS-109-1763,32650.0,New Arrival,1,0,1,https://www.theamethyststore.com/products/uthidha-kundan-maatal?variant=gid://shopify/ProductVariant/46942731960547
2026-07-26 05:24:36,Gleaming Kundan Studs,Default Title,AMS-106-13209,19200.0,New Arrival,1,0,1,https://www.theamethyststore.com/products/gleaming-kundan-studs-2?variant=gid://shopify/ProductVariant/48632237785315
2026-07-26 05:24:36,Shine Charm Moissanite Jhumkas,Default Title,AMS-106-15009,44500.0,New Arrival,1,0,1,https://www.theamethyststore.com/products/shine-charm-moissanite-jhumkas?variant=gid://shopify/ProductVariant/49447953694947
2026-07-26 05:24:36,Mesmerizing Moissanite Jhumkas,Default Title,AMS-106-15010,48000.0,New Arrival,1,0,1,https://www.theamethyststore.com/products/mesmerizing-moissanite-jhumkas?variant=gid://shopify/ProductVariant/49447954907363
2026-07-26 05:39:14,Laydia Avikam Pendant Set,Default Title,AMS-104-1635,14700.0,New Arrival,2,0,2,https://www.theamethyststore.com/products/laydia-avikam-pendant-set?variant=gid://shopify/ProductVariant/44985352749283
2026-07-26 05:39:14,Grand Luxe Kundan Ring,Default Title,AMS-101-1915,9350.0,Restock,1,0,1,https://www.theamethyststore.com/products/vaishakha-kundan-ring?variant=gid://shopify/ProductVariant/47798722986211
2026-07-26 05:39:14,Pujitha Diamond Design Chain with Earrings,Default Title,AMS-105-1975,15800.0,Restock,2,0,2,https://www.theamethyststore.com/products/pujitha-diamond-design-chain-with-earrings?variant=gid://shopify/ProductVariant/49262344798435
2026-07-26 05:39:14,Charming Moissanite Jhumkas,Default Title,AMS-106-15011,40600.0,New Arrival,1,0,1,https://www.theamethyststore.com/products/charming-moissanite-jhumkas?variant=gid://shopify/ProductVariant/49447970210019
2026-07-26 05:39:14,Henisha Moissanite Jhumkas,Default Title,AMS-106-15012,37500.0,New Arrival,1,0,1,https://www.theamethyststore.com/products/henisha-moissanite-jhumkas?variant=gid://shopify/ProductVariant/49447970603235
2026-07-26 05:52:33,Venitha Moissanite  aangtikka,Default Title,AMS-109-2409,12200.0,New Arrival,1,0,1,https://www.theamethyststore.com/products/stone-maangtikka-9?variant=gid://shopify/ProductVariant/49447972339939
2026-07-26 05:52:33,Jivika Stone Pair Bangles,"2.6""","AMS-107-0848-2.6""",31857.0,Sold Out,1,1,0,https://www.theamethyststore.com/products/jivika-stone-pair-bangles?variant=gid://shopify/ProductVariant/48889689538787
2026-07-26 06:08:51,Vinthikaa Moissanite  Maangtikka,Default Title,AMS-109-2410,16200.0,New Arrival,1,0,1,https://www.theamethyststore.com/products/moissanite-maangtikka?variant=gid://shopify/ProductVariant/49447974043875
2026-07-26 06:08:51,Lakshmi Mugappu Chain,Default Title,AMS-105-1889,15380.0,Sold Out,1,1,0,https://www.theamethyststore.com/products/lakshmi-mugappu-chain-2?variant=gid://shopify/ProductVariant/48886538207459
2026-07-26 06:24:11,Shinning Moissanite Jhumkas,Default Title,AMS-106-15013,31700.0,New Arrival,1,0,1,https://www.theamethyststore.com/products/shinning-moissanite-jhumkas?variant=gid://shopify/ProductVariant/49447974797539
2026-07-26 06:24:11,Vanthika Victorian Vanki,Default Title,AMS-112-0902,57600.0,New Arrival,3,0,3,https://www.theamethyststore.com/products/victorian-vanki?variant=gid://shopify/ProductVariant/49447978467555
2026-07-26 06:39:07,Charm Moissanite Jhumkas,Default Title,AMS-106-15014,30900.0,Restock,1,0,1,https://www.theamethyststore.com/products/charm-moissanite-jhumkas?variant=gid://shopify/ProductVariant/49447980466403
2026-07-26 06:39:07,Dazzling Victorian Pair Bangles,"2.6""","AMS-107-3407-2.6""",58400.0,New Arrival,1,0,1,https://www.theamethyststore.com/products/victorian-pair-bangles-6?variant=gid://shopify/ProductVariant/49447980663011
2026-07-26 06:39:07,Stunning Look Moissanite Jhumkas,Default Title,AMS-106-15015,37300.0,New Arrival,1,0,1,https://www.theamethyststore.com/products/stunning-look-moissanite-jhumkas?variant=gid://shopify/ProductVariant/49447981514979
2026-07-26 06:52:40,Gorgeous Moissanite Jhumkas,Default Title,AMS-106-15016,38800.0,Restock,1,0,1,https://www.theamethyststore.com/products/moissanite-jhumkas?variant=gid://shopify/ProductVariant/49447983907043
2026-07-26 06:52:40,Vivitha Victorian Pair Bangles,"2.6""","AMS-107-3408-2.6""",88000.0,New Arrival,1,0,1,https://www.theamethyststore.com/products/victorian-pair-bangles-7?variant=gid://shopify/ProductVariant/49447986462947
2026-07-26 07:08:55,Fabulous Victorian Pendant,Default Title,AMS-104-4715,19800.0,New Arrival,3,0,3,https://www.theamethyststore.com/products/fabulous-victorian-pendant?variant=gid://shopify/ProductVariant/49447986921699
2026-07-26 07:22:36,Smiritha Victorian Pair Bangles,"2.6""","AMS-107-3409-2.6""",64800.0,New Arrival,1,0,1,https://www.theamethyststore.com/products/victorian-pair-bangles-8?variant=gid://shopify/ProductVariant/49447988756707
2026-07-26 07:22:36,Arishaa Victorian Pair Bangles,"2.6""","AMS-107-3426-2.6""",81800.0,New Arrival,1,0,1,https://www.theamethyststore.com/products/victorian-pair-bangles-9?variant=gid://shopify/ProductVariant/49447990788323
2026-07-26 07:22:36,Sparkle Victorian Pendant,Default Title,AMS-104-4731,28500.0,New Arrival,3,0,3,https://www.theamethyststore.com/products/sparkle-victorian-pendant?variant=gid://shopify/ProductVariant/49447991017699
2026-07-26 07:22:36,Bridal Victorian Hair Maatal,Default Title,AMS-109-2406,77800.0,New Arrival,3,0,3,https://www.theamethyststore.com/products/victorian-hair-maatal-1?variant=gid://shopify/ProductVariant/49447991738595
2026-07-26 07:22:36,Divine Look 3D Spl Pendant,Default Title,AMS-104-4782,5700.0,New Arrival,5,0,5,https://www.theamethyststore.com/products/divine-look-3d-spl-pendant-6?variant=gid://shopify/ProductVariant/49447991771363
2026-07-26 07:22:36,Divine 3D Spl Pendant,Default Title,AMS-104-4783,7800.0,New Arrival,5,0,5,https://www.theamethyststore.com/products/divine-3d-spl-pendant-2?variant=gid://shopify/ProductVariant/49447992819939
2026-07-26 07:37:24,Ahaana Victorian Maangtikka,Default Title,AMS-109-2408,80500.0,New Arrival,1,0,1,https://www.theamethyststore.com/products/victorian-maangtikka-8?variant=gid://shopify/ProductVariant/49447993475299
2026-07-26 07:37:24,Divine Look Victorian Pendant set,Default Title,AMS-104-4732,40100.0,New Arrival,3,0,3,https://www.theamethyststore.com/products/divine-look-victorian-pendant-set?variant=gid://shopify/ProductVariant/49447993508067
2026-07-26 07:37:24,Elegant Brooch Pin,Default Title,AMS-121-0180,14400.0,New Arrival,1,0,1,https://www.theamethyststore.com/products/brooch-pin-3?variant=gid://shopify/ProductVariant/49448005435619
2026-07-26 07:52:18,Cutest Diamond Design Chain with Earrings,Default Title,AMS-105-1980,22600.0,New Arrival,2,0,2,https://www.theamethyststore.com/products/cutest-diamond-design-chain-with-earrings?variant=gid://shopify/ProductVariant/49448008220899
2026-07-26 07:52:18,Inesha Brooch Pin,Default Title,AMS-121-0181,14300.0,New Arrival,1,0,1,https://www.theamethyststore.com/products/brooch-pin-4?variant=gid://shopify/ProductVariant/49448009072867
2026-07-26 07:52:18,Amazing Moissanite Choker Set,Default Title,AMS-102-16385,123700.0,New Arrival,1,0,1,https://www.theamethyststore.com/products/amazing-moissanite-choker-set?variant=gid://shopify/ProductVariant/49448010940643
2026-07-26 07:52:18,Royal Elephant Brooch Pin,Default Title,AMS-121-0182,17400.0,New Arrival,1,0,1,https://www.theamethyststore.com/products/brooch-pin-5?variant=gid://shopify/ProductVariant/49448011268323
2026-07-26 07:52:18,Peacock Brooch Pin,Default Title,AMS-121-0183,11500.0,New Arrival,1,0,1,https://www.theamethyststore.com/products/brooch-pin-6?variant=gid://shopify/ProductVariant/49448013005027
2026-07-26 07:52:18,Gleaming Moissanite Bracelet,Default Title,AMS-103-1400,25900.0,New Arrival,1,0,1,https://www.theamethyststore.com/products/bracelet-21?variant=gid://shopify/ProductVariant/49448013201635
2026-07-26 08:05:38,Classy Brooch Pin,Default Title,AMS-121-0184,17600.0,Restock,1,0,1,https://www.theamethyststore.com/products/brooch-pin-7?variant=gid://shopify/ProductVariant/49448015593699
2026-07-26 08:05:38,Mesmerizing Moissanite Bracelet,Default Title,AMS-103-1397,25000.0,New Arrival,1,0,1,https://www.theamethyststore.com/products/mesmerizing-moissanite-bracelet?variant=gid://shopify/ProductVariant/49448015626467
2026-07-26 08:05:38,Bold Brooch Pin,Default Title,AMS-121-0185,27000.0,New Arrival,1,0,1,https://www.theamethyststore.com/products/brooch-pin-8?variant=gid://shopify/ProductVariant/49448016707811
2026-07-26 08:05:38,Gleaming Moissanite Bracelet,Default Title,AMS-103-1398,25600.0,New Arrival,1,0,1,https://www.theamethyststore.com/products/gleaming-moissanite-bracelet?variant=gid://shopify/ProductVariant/49448019034339
2026-07-26 08:05:38,Shine Charming Moissanite Bracelet,Default Title,AMS-103-1399,26300.0,New Arrival,1,0,1,https://www.theamethyststore.com/products/shine-charming-moissanite-bracelet?variant=gid://shopify/ProductVariant/49448019951843
2026-07-26 08:22:33,Inshitha Brooch Pin,Default Title,AMS-121-0186,18500.0,New Arrival,1,0,1,https://www.theamethyststore.com/products/brooch-pin-9?variant=gid://shopify/ProductVariant/49448018510051
2026-07-26 08:22:33,Stunning Brooch Pin,Default Title,AMS-121-0187,17400.0,New Arrival,1,0,1,https://www.theamethyststore.com/products/brooch-pin-10?variant=gid://shopify/ProductVariant/49448023425251
2026-07-26 08:22:33,Akshikha Brooch Pin,Default Title,AMS-121-0188,14500.0,New Arrival,1,0,1,https://www.theamethyststore.com/products/brooch-pin-11?variant=gid://shopify/ProductVariant/49448028700899
2026-07-26 08:22:33,Yashmika Brooch Pin,Default Title,AMS-121-0189,16800.0,New Arrival,1,0,1,https://www.theamethyststore.com/products/brooch-pin-12?variant=gid://shopify/ProductVariant/49448033386723
2026-07-26 08:52:03,Thara Toe Ring,Default Title,AMS-117-0507,2300.0,Sold Out,1,1,0,https://www.theamethyststore.com/products/thara-toe-ring?variant=gid://shopify/ProductVariant/47020189974755
2026-07-26 10:10:57,Yalika Stone Studs,Default Title,AMS-106-6867,4900.0,Sale,1,4,3,https://www.theamethyststore.com/products/yalika-stone-studs?variant=gid://shopify/ProductVariant/45598094622947
2026-07-26 10:10:57,Ananya Short Necklace,Default Title,AMS-102-8519,24950.0,Sold Out,1,1,0,https://www.theamethyststore.com/products/ananya-short-necklace-1?variant=gid://shopify/ProductVariant/46006314795235
2026-07-26 10:10:57,Divisha Nagas Choker,Default Title,AMS-102-10197,87912.0,Sold Out,1,1,0,https://www.theamethyststore.com/products/divisha-nagas-choker?variant=gid://shopify/ProductVariant/46764625264867
2026-07-26 10:10:57,Grand Divine Nagas Short Necklace,Default Title,AMS-102-11269,101100.0,Sold Out,1,1,0,https://www.theamethyststore.com/products/grand-divine-nagas-short-necklace?variant=gid://shopify/ProductVariant/47089268883683
2026-07-26 10:10:57,Tharika Nagas Jhumkas,Default Title,AMS-106-11165,19123.0,Sold Out,1,1,0,https://www.theamethyststore.com/products/tharika-nagas-jhumkas?variant=gid://shopify/ProductVariant/47552678985955
2026-07-26 10:23:45,Kavinka Kundan Anklet,Default Title,AMS-114-0814,17640.0,Sale,1,2,1,https://www.theamethyststore.com/products/kavinka-kundan-anklet?variant=gid://shopify/ProductVariant/47939694428387
2026-07-26 10:38:21,Enchanting Victorian Long Necklace Set,Default Title,AMS-102-16397,133000.0,New Arrival,1,0,1,https://www.theamethyststore.com/products/victorian-long-necklace-set-11?variant=gid://shopify/ProductVariant/49448198504675
2026-07-26 10:52:33,Classy Victorian Long Necklace Set,Default Title,AMS-102-17088,218700.0,New Arrival,1,0,1,https://www.theamethyststore.com/products/victorian-long-necklace-set-12?variant=gid://shopify/ProductVariant/49448202502371
2026-07-26 10:52:33,Dhinisha Moissanite Choker Set,Default Title,AMS-102-16388,55400.0,New Arrival,1,0,1,https://www.theamethyststore.com/products/dhinisha-moissanite-choker-set?variant=gid://shopify/ProductVariant/49448202830051
2026-07-26 11:08:06,Gorgeous Moissanite Choker Set,Default Title,AMS-102-16389,73700.0,New Arrival,1,0,1,https://www.theamethyststore.com/products/gorgeous-moissanite-choker-set?variant=gid://shopify/ProductVariant/49448204009699
2026-07-26 11:08:06,Prachikaa Victorian Long Necklace Set,Default Title,AMS-102-17113,195500.0,New Arrival,1,0,1,https://www.theamethyststore.com/products/victorian-long-necklace-set-13?variant=gid://shopify/ProductVariant/49448205517027
2026-07-26 11:08:06,Glittering Moissanite Choker Set,Default Title,AMS-102-16395,85000.0,New Arrival,1,0,1,https://www.theamethyststore.com/products/glittering-moissanite-choker-set?variant=gid://shopify/ProductVariant/49448208236771
2026-07-26 11:23:29,Cat eye Beads Long Necklace,Default Title,AMS-102-11356,48995.0,Sale,1,2,1,https://www.theamethyststore.com/products/cat-eye-beads-long-necklace?variant=gid://shopify/ProductVariant/47204695245027
2026-07-26 11:23:29,Dasavatara Victorian Long Necklace Set,Default Title,AMS-102-17090,212400.0,Restock,1,0,1,https://www.theamethyststore.com/products/victorian-long-necklace-set-14?variant=gid://shopify/ProductVariant/49448208171235
2026-07-26 11:23:29,Mesmerizing Moissanite Bracelet,Default Title,AMS-103-1401,23600.0,New Arrival,1,0,1,https://www.theamethyststore.com/products/mesmerizing-moissanite-bracelet-1?variant=gid://shopify/ProductVariant/49448214364387
2026-07-26 11:23:29,Lathisha Moissanite Bracelet,Default Title,AMS-103-1402,23500.0,New Arrival,1,0,1,https://www.theamethyststore.com/products/lathisha-moissanite-bracelet?variant=gid://shopify/ProductVariant/49448215937251
2026-07-26 11:23:29,Stunning Moissanite Choker Set,Default Title,AMS-102-16399,84300.0,New Arrival,1,0,1,https://www.theamethyststore.com/products/moissanite-choker-set-1?variant=gid://shopify/ProductVariant/49448217116899
2026-07-26 11:23:29,White Charming Moissanite Bracelet,Default Title,AMS-103-1403,27200.0,New Arrival,1,0,1,https://www.theamethyststore.com/products/white-charming-moissanite-bracelet?variant=gid://shopify/ProductVariant/49448218099939
2026-07-26 11:23:29,Dazzle Victorian Short Necklace Set,Default Title,AMS-102-17078,170100.0,New Arrival,1,0,1,https://www.theamethyststore.com/products/victorian-short-necklace-set-6?variant=gid://shopify/ProductVariant/49448220426467
2026-07-26 11:23:29,Floral Drop Earrings,Default Title,AMS-106-9201,5952.0,Sold Out,1,1,0,https://www.theamethyststore.com/products/floral-drop-earrings?variant=gid://shopify/ProductVariant/47049002156259
2026-07-26 11:23:29,Yazas Long Earrings,Default Title,AMS-106-5706,4048.0,Sold Out,1,1,0,https://www.theamethyststore.com/products/yazas-long-earrings?variant=gid://shopify/ProductVariant/44617864020195
2026-07-26 11:23:29,Atlas Earings,Default Title,AMS-106-8926,13203.0,Sold Out,1,1,0,https://www.theamethyststore.com/products/atlas-earings?variant=gid://shopify/ProductVariant/46913115783395
2026-07-26 11:37:58,Shinning Moissanite Bracelet,Default Title,AMS-103-1404,30600.0,New Arrival,1,0,1,https://www.theamethyststore.com/products/shinning-moissanite-bracelet?variant=gid://shopify/ProductVariant/49448220328163
2026-07-26 11:37:58,Glamming Victorian Short Necklace Set,Default Title,AMS-102-17081,60000.0,New Arrival,1,0,1,https://www.theamethyststore.com/products/victorian-short-necklace-set-7?variant=gid://shopify/ProductVariant/49448226423011
2026-07-26 11:37:58,Grandeur Avikam Necklace Set,Default Title,AMS-102-17164,234300.0,New Arrival,2,0,2,https://www.theamethyststore.com/products/grandeur-avikam-necklace-set-1?variant=gid://shopify/ProductVariant/49448226848995
2026-07-26 11:37:58,Luxurious Avikam Necklace Set,Default Title,AMS-102-17171,61400.0,New Arrival,3,0,3,https://www.theamethyststore.com/products/luxurious-avikam-necklace-set-1?variant=gid://shopify/ProductVariant/49448228913379
2026-07-26 11:37:58,Catchy Victorian Short Necklace Set,Default Title,AMS-102-17080,125200.0,New Arrival,1,0,1,https://www.theamethyststore.com/products/victorian-short-necklace-set-8?variant=gid://shopify/ProductVariant/49448230355171
2026-07-26 11:53:32,Grand Look Avikam Choker Set,Default Title,AMS-102-17173,252800.0,New Arrival,1,0,1,https://www.theamethyststore.com/products/grand-look-avikam-choker-set?variant=gid://shopify/ProductVariant/49448233304291
2026-07-26 11:53:32,Grandeur Avikam Choker Set,Default Title,AMS-102-17174,157100.0,New Arrival,2,0,2,https://www.theamethyststore.com/products/grandeur-avikam-choker-set-1?variant=gid://shopify/ProductVariant/49448242774243
2026-07-26 11:53:32,Raasika Victorian Short Necklace Set,Default Title,AMS-102-17110,41000.0,New Arrival,2,0,2,https://www.theamethyststore.com/products/victorian-short-necklace-set-9?variant=gid://shopify/ProductVariant/49448244674787
2026-07-26 11:53:32,Glitz Victorian Bracelet,Default Title,AMS-103-1396,23400.0,New Arrival,3,0,3,https://www.theamethyststore.com/products/glitz-victorian-bracelet?variant=gid://shopify/ProductVariant/49448249491683
2026-07-26 11:53:32,Bhavika Victorian Short Necklace Set,Default Title,AMS-102-17111,103700.0,New Arrival,1,0,1,https://www.theamethyststore.com/products/victorian-short-necklace-set-10?variant=gid://shopify/ProductVariant/49448249524451
2026-07-26 12:08:23,Yajira Kundan Short Necklace,Default Title,AMS-102-7050,56658.0,Sale,1,2,1,https://www.theamethyststore.com/products/yajira-kundan-short-necklace?variant=gid://shopify/ProductVariant/45458745688291
2026-07-26 12:08:23,Vinthara Victorian Short Necklace Set,Default Title,AMS-102-17112,50600.0,New Arrival,2,0,2,https://www.theamethyststore.com/products/victorian-short-necklace-set-11?variant=gid://shopify/ProductVariant/49448252309731
2026-07-26 12:08:23,Gleaming Victorian Bracelet,Default Title,AMS-103-1405,21500.0,New Arrival,1,0,1,https://www.theamethyststore.com/products/gleaming-victorian-bracelet?variant=gid://shopify/ProductVariant/49448252735715
2026-07-26 12:08:23,Prathikaa Victorian Choker Set,Default Title,AMS-102-17105,98600.0,New Arrival,1,0,1,https://www.theamethyststore.com/products/victorian-choker-set-3?variant=gid://shopify/ProductVariant/49448257126627
2026-07-26 12:08:23,Ruhika Kundan Jhumkas,Default Title,AMS-106-14864,33450.0,Sold Out,1,1,0,https://www.theamethyststore.com/products/ruhika-kundan-jhumkas?variant=gid://shopify/ProductVariant/49373594419427
2026-07-26 12:23:06,Firoz Short Necklace,Default Title,AMS-102-5008,18700.0,Sale,1,3,2,https://www.theamethyststore.com/products/firoz-short-necklace?variant=gid://shopify/ProductVariant/44016680272099
2026-07-26 12:38:41,Mesmerizing Moissanite Bracelet,Default Title,AMS-103-1406,22800.0,New Arrival,2,0,2,https://www.theamethyststore.com/products/mesmerizing-moissanite-bracelet-2?variant=gid://shopify/ProductVariant/49448273117411
2026-07-26 13:22:29,Saanvikha Short Necklace Set,Default Title,AMS-102-16186,58080.0,Sold Out,1,1,0,https://www.theamethyststore.com/products/short-necklace-set-68?variant=gid://shopify/ProductVariant/49267967688931
2026-07-26 13:37:21,Sparkling Moissanite Bracelet,Default Title,AMS-103-1407,22800.0,Restock,1,0,1,https://www.theamethyststore.com/products/sparkling-moissanite-bracelet?variant=gid://shopify/ProductVariant/49448300052707
2026-07-26 13:37:21,Gorgeous Look Avikam Bracelet,Default Title,AMS-103-1432,26900.0,New Arrival,3,0,3,https://www.theamethyststore.com/products/gorgeous-look-avikam-bracelet?variant=gid://shopify/ProductVariant/49448304247011
2026-07-26 14:09:47,Elena Avikam Pendant Set,Default Title,AMS-104-4218,7744.0,Sold Out,1,1,0,https://www.theamethyststore.com/products/elena-avikam-pendant-set?variant=gid://shopify/ProductVariant/49251915792611
2026-07-26 14:09:47,Traditional Nagas Short Necklace,Default Title,AMS-102-16302,94336.0,Sold Out,1,1,0,https://www.theamethyststore.com/products/nagas-short-necklace-40?variant=gid://shopify/ProductVariant/49273619120355
2026-07-26 14:09:47,Eternal Tradition Nagas Short Necklace,Default Title,AMS-102-16247,42870.0,Sold Out,1,1,0,https://www.theamethyststore.com/products/eternal-tradition-nagas-short-necklace?variant=gid://shopify/ProductVariant/49320489156835
2026-07-26 14:09:47,Heritage Bugadi Earrings,Default Title,AMS-106-13104,8520.0,Sold Out,1,1,0,https://www.theamethyststore.com/products/heritage-bugadi-earrings?variant=gid://shopify/ProductVariant/48345659834595
2026-07-26 14:22:52,Amethyst Leafy Pendant,Default Title,AMS-104-1748,1800.0,Sale,1,6,5,https://www.theamethyststore.com/products/amethyst-leafy-pendant?variant=gid://shopify/ProductVariant/45281021427939
2026-07-26 14:22:52,Trishali Hook Jhumkas,Default Title,AMS-106-11290,7355.6,Sold Out,1,1,0,https://www.theamethyststore.com/products/trishali-hook-jhumkas?variant=gid://shopify/ProductVariant/47626201006307
2026-07-26 14:38:49,Sarinika Earrings,Default Title,AMS-106-3641,28550.0,Sale,1,2,1,https://www.theamethyststore.com/products/sarinika-earrings?variant=gid://shopify/ProductVariant/43586910290147
2026-07-26 14:38:49,Matshiya Short Necklace,Default Title,AMS-102-9966,110085.5,Sale,1,2,1,https://www.theamethyststore.com/products/matshiya-short-necklace?variant=gid://shopify/ProductVariant/46752690962659
2026-07-26 14:38:49,Vinitha Nagas Maangtikka,Default Title,AMS-109-0707,14760.9,Sold Out,1,1,0,https://www.theamethyststore.com/products/vinitha-nagas-maangtikka?variant=gid://shopify/ProductVariant/43855572500707
2026-07-26 14:38:49,Rithka Avikam Long  Necklace Set,Default Title,AMS-102-5277,183568.0,Sold Out,1,1,0,https://www.theamethyststore.com/products/rithka-avikam-long-necklace-set?variant=gid://shopify/ProductVariant/44205083885795
2026-07-26 14:38:49,Dhisha Diamond Design Ring,Default Title,AMS-101-1152,6062.0,Sold Out,1,1,0,https://www.theamethyststore.com/products/dhisha-diamond-design-ring?variant=gid://shopify/ProductVariant/46761870786787
2026-07-26 14:38:49,Beauty Spark Short Necklace Set,Default Title,AMS-102-13261,26032.0,Sold Out,1,1,0,https://www.theamethyststore.com/products/beauty-spark-short-necklace-set?variant=gid://shopify/ProductVariant/47732673642723
2026-07-26 14:38:49,Sharika Nagas Long Necklace Set,Default Title,AMS-102-11900,123400.0,Sold Out,1,1,0,https://www.theamethyststore.com/products/sharika-nagas-long-necklace-set?variant=gid://shopify/ProductVariant/47238670811363
2026-07-26 14:38:49,Luna Nagas Drops,Default Title,AMS-106-10750,8477.4,Sold Out,1,1,0,https://www.theamethyststore.com/products/luna-nagas-drops?variant=gid://shopify/ProductVariant/47350448652515
2026-07-26 14:38:49,Zarikha Chandubaali Earrings,Default Title,AMS-106-10733,15080.4,Sold Out,1,1,0,https://www.theamethyststore.com/products/zarikha-chandubaali-earrings?variant=gid://shopify/ProductVariant/47372804063459
2026-07-26 14:38:49,Gleaming Short Necklace Set,Default Title,AMS-102-12628,22702.0,Sold Out,1,1,0,https://www.theamethyststore.com/products/gleaming-short-necklace-set-1?variant=gid://shopify/ProductVariant/47397697618147
2026-07-26 14:38:49,Sharmikha Nagas Short Necklace Set,Default Title,AMS-102-12688,85208.0,Sold Out,1,1,0,https://www.theamethyststore.com/products/sharmikha-nagas-short-necklace-set?variant=gid://shopify/ProductVariant/47520846151907
2026-07-26 14:38:49,Bridal Deep Nagas Oddiyanam,Default Title,AMS-110-0864,171160.0,Sold Out,1,1,0,https://www.theamethyststore.com/products/deep-nagas-oddiyanam?variant=gid://shopify/ProductVariant/48427830804707
2026-07-26 14:52:38,Ramar Pattabisegam Oddiyanam,Default Title,AMS-110-0229,173100.0,Sold Out,1,1,0,https://www.theamethyststore.com/products/ramar-pattabisegam-oddiyanam?variant=gid://shopify/ProductVariant/43321088278755
2026-07-26 14:52:38,Shukti Beads Long Necklace,Default Title,AMS-102-3471,42950.0,Sold Out,1,1,0,https://www.theamethyststore.com/products/shukti-beads-long-necklace?variant=gid://shopify/ProductVariant/43387764244707
2026-07-26 14:52:38,Karunika Victorian Necklace Set,Default Title,AMS-102-4334,94171.0,Sold Out,2,2,0,https://www.theamethyststore.com/products/karunika-victorian-necklace-set?variant=gid://shopify/ProductVariant/43846038814947
2026-07-26 14:52:38,Srivi Maangtikka,Default Title,AMS-109-0781-MS,16720.0,Sold Out,1,1,0,https://www.theamethyststore.com/products/srivi-maangtikka?variant=gid://shopify/ProductVariant/43929678676195
2026-07-26 14:52:38,Nithva Nagas Necklace,Default Title,AMS-102-4968,129972.6,Sold Out,1,1,0,https://www.theamethyststore.com/products/nithva-nagas-necklace?variant=gid://shopify/ProductVariant/44006127763683
2026-07-26 14:52:38,Sharvari Beads Long Earrings,Default Title,AMS-106-5246,18300.0,Sold Out,1,1,0,https://www.theamethyststore.com/products/sharvari-beads-long-earrings?variant=gid://shopify/ProductVariant/44274874941667
2026-07-26 14:52:38,Pahal Long Earrings,Default Title,AMS-106-5593,41184.0,Sold Out,1,1,0,https://www.theamethyststore.com/products/pahal-long-earrings?variant=gid://shopify/ProductVariant/44543046713571
2026-07-26 14:52:38,Maruki Earrings,Default Title,AMS-106-5592,41184.0,Sold Out,1,1,0,https://www.theamethyststore.com/products/maruki-earrings?variant=gid://shopify/ProductVariant/44543052808419
2026-07-26 14:52:38,Syomi Long Necklace Set,Default Title,AMS-102-6239,204700.0,Sold Out,1,1,0,https://www.theamethyststore.com/products/syomi-long-necklace-set?variant=gid://shopify/ProductVariant/45171986727139
2026-07-26 14:52:38,Thiyashri Stone Earrings,Default Title,AMS-106-7200,16409.52,Sold Out,1,1,0,https://www.theamethyststore.com/products/thiyashri-stone-earrings?variant=gid://shopify/ProductVariant/45755767488739
2026-07-26 14:52:38,Kalika Chandhubaali Earrings,Default Title,AMS-106-7593,28179.9,Sold Out,1,1,0,https://www.theamethyststore.com/products/kalika-chandhubaali-earrings?variant=gid://shopify/ProductVariant/46020682580195
2026-07-26 14:52:38,Mesmerising Grand  Avikam Choker Set,Default Title,AMS-102-8783,193037.0,Sold Out,1,1,0,https://www.theamethyststore.com/products/mesmerising-grand-avikam-choker-set?variant=gid://shopify/ProductVariant/46254136066275
2026-07-26 14:52:38,Ethereal Trinkets Bracelet,Default Title,AMS-103-0779,49000.0,Sold Out,1,1,0,https://www.theamethyststore.com/products/ethereal-trinkets-bracelet?variant=gid://shopify/ProductVariant/46902262726883
2026-07-26 14:52:38,Mystic Short Necklace Set,Default Title,AMS-102-10073,89936.0,Sold Out,1,1,0,https://www.theamethyststore.com/products/mystic-choker-set?variant=gid://shopify/ProductVariant/46905641599203
2026-07-26 14:52:38,Mystic Forest Drops,Default Title,AMS-106-8891,16066.0,Sold Out,1,1,0,https://www.theamethyststore.com/products/mystic-forest-drops?variant=gid://shopify/ProductVariant/46912533922019
2026-07-26 14:52:38,Mystic Halo Long Earrings,Default Title,AMS-106-8849,38808.0,Sold Out,1,1,0,https://www.theamethyststore.com/products/mystic-halo-long-earrings?variant=gid://shopify/ProductVariant/46925058506979
2026-07-26 14:52:38,Laavika Nagas Oddiyanam,Default Title,AMS-110-0631,161040.0,Sold Out,1,1,0,https://www.theamethyststore.com/products/laavika-nagas-oddiyanam?variant=gid://shopify/ProductVariant/47037571793123
2026-07-26 14:52:38,Dhansi Boho Choker Set,Default Title,AMS-102-11091,150194.0,Sold Out,1,1,0,https://www.theamethyststore.com/products/dhansi-boho-choker-set?variant=gid://shopify/ProductVariant/47070258299107
2026-07-26 14:52:38,Vinishasri Short Necklace Set,Default Title,AMS-102-11313,28600.0,Sold Out,1,1,0,https://www.theamethyststore.com/products/vinishasri-short-necklace-set?variant=gid://shopify/ProductVariant/47081670279395
2026-07-26 14:52:38,Ahanika Studs,Default Title,AMS-106-9115,13992.0,Sold Out,1,1,0,https://www.theamethyststore.com/products/ahanika-studs?variant=gid://shopify/ProductVariant/47086751416547
2026-07-26 14:52:38,Designer Studs,Default Title,AMS-106-9273,10912.0,Sold Out,1,1,0,https://www.theamethyststore.com/products/designer-studs?variant=gid://shopify/ProductVariant/47101909106915
2026-07-26 14:52:38,Sarvi Short Necklace Set,Default Title,AMS-102-12573,115507.0,Sold Out,1,1,0,https://www.theamethyststore.com/products/sarvi-short-necklace-set?variant=gid://shopify/ProductVariant/47570685591779
2026-07-26 14:52:38,Bridal Look Nagas Oddiyanam,Default Title,AMS-110-0804,132528.0,Sold Out,1,1,0,https://www.theamethyststore.com/products/bridal-look-nagas-oddiyanam-1?variant=gid://shopify/ProductVariant/47791808381155
2026-07-26 14:52:38,Mawrina Long Necklace,Default Title,AMS-102-14322,52925.0,Sold Out,1,1,0,https://www.theamethyststore.com/products/mawrina-long-necklace?variant=gid://shopify/ProductVariant/48285935993059
2026-07-26 14:52:38,Vismaya Boho Choker Set,Default Title,AMS-102-15116,116424.0,Sold Out,1,1,0,https://www.theamethyststore.com/products/vismaya-boho-choker-set?variant=gid://shopify/ProductVariant/48423763476707
2026-07-26 14:52:38,Classic Hook Earrings,Default Title,AMS-106-13252,27346.0,Sold Out,1,1,0,https://www.theamethyststore.com/products/hook-earrings-5?variant=gid://shopify/ProductVariant/48632462704867
2026-07-26 14:52:38,Aarna Boho Long Necklace,Default Title,AMS-102-15404,90900.0,Sold Out,1,1,0,https://www.theamethyststore.com/products/aarna-boho-long-necklace?variant=gid://shopify/ProductVariant/48668024307939
2026-07-26 15:09:05,Graceful Oddiyanam,Default Title,AMS-110-0523 Oddiyanam Cum Necklace,131031.0,Sale,1,2,1,https://www.theamethyststore.com/products/graceful-oddiyanam?variant=gid://shopify/ProductVariant/46080092537059
2026-07-26 15:09:05,Madhila Layer Necklace Set,Default Title,AMS-102-6959,186476.0,Sold Out,1,1,0,https://www.theamethyststore.com/products/madhila-layer-necklace-set?variant=gid://shopify/ProductVariant/45425550754019
2026-07-26 15:09:05,Classic Boho Hook Drop,Default Title,AMS-106-8936,10306.0,Sold Out,1,1,0,https://www.theamethyststore.com/products/classic-boho-hook-drop?variant=gid://shopify/ProductVariant/46902380658915
2026-07-26 15:09:05,Bridal Look Necklace Set,Default Title,AMS-102-11023,156640.0,Sold Out,1,1,0,https://www.theamethyststore.com/products/bridal-look-short-necklace-set?variant=gid://shopify/ProductVariant/46943385387235
2026-07-26 17:22:31,Amrit Toe Ring,Default Title,AMS-117-0365,2400.0,Sold Out,1,1,0,https://www.theamethyststore.com/products/amrit-toe-ring?variant=gid://shopify/ProductVariant/47208458387683
2026-07-26 17:22:31,Vogue Charm Toe Ring,Default Title,AMS-117-0402,2300.0,Sold Out,1,1,0,https://www.theamethyststore.com/products/vogue-charm-toe-ring?variant=gid://shopify/ProductVariant/47208611119331
2026-07-26 21:37:36,Aashvi Plain Bracelet,Default Title,AMS-103-1334,3400.0,Sold Out,1,1,0,https://www.theamethyststore.com/products/aashvi-plain-bracelet?variant=gid://shopify/ProductVariant/49390400766179
2026-07-26 21:52:22,Splendid Rakhi,Default Title,AMS-116-0015,1496.0,Sale,1,6,5,https://www.theamethyststore.com/products/splendid-rakhi?variant=gid://shopify/ProductVariant/43147152064739
2026-07-26 21:52:22,Rounded Silver Rakhi,Default Title,AMS-116-0014,1496.0,Sale,1,6,5,https://www.theamethyststore.com/products/rounded-silver-rakhi?variant=gid://shopify/ProductVariant/43147195056355
2026-07-27 01:37:56,Kavitha Kundan Pendant,Default Title,AMS-104-2701,21278.7,Sold Out,1,1,0,https://www.theamethyststore.com/products/kavitha-kundan-pendant?variant=gid://shopify/ProductVariant/46939314651363
2026-07-27 04:52:40,Kritik Kundan Studs,Default Title,AMS-106-4853,21526.0,Sold Out,1,1,0,https://www.theamethyststore.com/products/kritik-studs?variant=gid://shopify/ProductVariant/43970040791267
2026-07-27 04:52:40,Nisarna Short Necklace Set,Default Title,AMS-102-5417,70100.0,Sold Out,1,1,0,https://www.theamethyststore.com/products/nisarna-short-necklace?variant=gid://shopify/ProductVariant/44321511538915
2026-07-27 05:07:46,Taahira Kundan Ring,Default Title,AMS-101-0844,9776.7,Sale,1,3,2,https://www.theamethyststore.com/products/taahira-kundan-ring?variant=gid://shopify/ProductVariant/46272065863907
2026-07-27 05:07:46,Aabharana Kundan Ring,Default Title,AMS-101-1367,4300.0,Sale,1,3,2,https://www.theamethyststore.com/products/aabharana-kundan-ring?variant=gid://shopify/ProductVariant/46979796107491
2026-07-27 05:07:46,Chic & Trendy Short Necklace,Black,AMS-102-7255-Black,11300.0,Sale,1,10,9,https://www.theamethyststore.com/products/short-necklace-18?variant=gid://shopify/ProductVariant/47067941699811
2026-07-27 05:07:46,Unique Kundan Vanki,Default Title,AMS-112-0828,21400.0,Sale,2,3,1,https://www.theamethyststore.com/products/nagas-vanki-2?variant=gid://shopify/ProductVariant/49279017681123
2026-07-27 05:07:46,Ravishing Navarathna Pair Bangles,"2.4""","AMS-107-0318-2.4""",24345.9,Sold Out,1,1,0,https://www.theamethyststore.com/products/ravishing-navarathna-pair-bangles?variant=gid://shopify/ProductVariant/43134110925027
2026-07-27 05:07:46,Rupani Nagas Pair Bangle,"2.6""","AMS-107-1076-2.6""",64602.9,Sold Out,1,1,0,https://www.theamethyststore.com/products/rupani-nagas-pair-bangle?variant=gid://shopify/ProductVariant/44352546373859
2026-07-27 05:07:46,Amali Kundan Studs,Default Title,AMS-106-6593,21267.0,Sold Out,1,1,0,https://www.theamethyststore.com/products/amali-kundan-studs?variant=gid://shopify/ProductVariant/45478757761251
2026-07-27 05:07:46,Adhani Choker Necklace,Default Title,AMS-102-7032,89076.6,Sold Out,1,1,0,https://www.theamethyststore.com/products/adhani-choker-necklace?variant=gid://shopify/ProductVariant/45509372739811
2026-07-27 05:07:46,Boho Alchemy Earrings,Default Title,AMS-106-8959,30536.0,Sold Out,1,1,0,https://www.theamethyststore.com/products/boho-alchemy-earrings?variant=gid://shopify/ProductVariant/46902418211043
2026-07-27 05:07:46,Shinning Charm Kundan Ring,Default Title,AMS-101-1368,3067.2,Sold Out,1,1,0,https://www.theamethyststore.com/products/shinning-charm-kundan-ring?variant=gid://shopify/ProductVariant/46979838378211
2026-07-27 05:07:46,Devika Drop Earrings,Default Title,AMS-106-10180,5104.0,Sold Out,1,1,0,https://www.theamethyststore.com/products/devika-drop-earrings?variant=gid://shopify/ProductVariant/47081252782307
2026-07-27 05:07:46,Stunning Nagas Jhumkas,Default Title,AMS-106-10958,43441.0,Sold Out,1,1,0,https://www.theamethyststore.com/products/stunning-nagas-jhumkas?variant=gid://shopify/ProductVariant/47339035001059
2026-07-27 05:07:46,Stunning Victorian Jhumkas,Default Title,AMS-106-11436,50780.0,Sold Out,1,1,0,https://www.theamethyststore.com/products/stunning-victorian-jhumkas?variant=gid://shopify/ProductVariant/47696805331171
2026-07-27 05:07:46,Yathini Kundan Ring,Default Title,AMS-101-1904,3834.0,Sold Out,1,1,0,https://www.theamethyststore.com/products/yathini-kundan-ring?variant=gid://shopify/ProductVariant/47798170681571
2026-07-27 05:07:46,Girija 3D Spl Pendant,Default Title,AMS-104-4111,31944.0,Sold Out,1,1,0,https://www.theamethyststore.com/products/3d-spl-pendant-23?variant=gid://shopify/ProductVariant/48957471785187
2026-07-27 05:23:42,Dhivana Short Necklace,Default Title,AMS-102-12718,40200.0,Restock,1,7,8,https://www.theamethyststore.com/products/dhivana-short-necklace?variant=gid://shopify/ProductVariant/47629990822115
2026-07-27 05:23:42,Golden Glow Chain,Default Title,AMS-105-1480,18019.8,Restock,1,4,5,https://www.theamethyststore.com/products/golden-glow-chain?variant=gid://shopify/ProductVariant/47697009377507
2026-07-27 05:23:42,Elegant Hasli Necklace,Default Title,AMS-102-15190,8100.0,Restock,1,13,14,https://www.theamethyststore.com/products/elegant-hasli-necklace?variant=gid://shopify/ProductVariant/48763379548387
2026-07-27 05:23:42,Luxurious Kundan Long Necklace,Default Title,AMS-102-17036,153200.0,Restock,1,2,3,https://www.theamethyststore.com/products/kundan-short-necklace-38?variant=gid://shopify/ProductVariant/49421378420963
2026-07-27 05:23:42,Stunning Kundan Pair Bangle,"2.4""","AMS-107-3405-2.4""",124000.0,Restock,1,1,2,https://www.theamethyststore.com/products/kundan-pair-bangle-19?variant=gid://shopify/ProductVariant/49423895658723
2026-07-27 05:38:28,Lishma Kundan Jhumkas,Default Title,AMS-106-5247,22000.0,Restock,1,0,1,https://www.theamethyststore.com/products/lishma-kundan-jhumkas?variant=gid://shopify/ProductVariant/44274875138275
2026-07-27 06:37:59,Ziva Avikam Earrings,Default Title,AMS-106-12077,5456.0,Sold Out,1,1,0,https://www.theamethyststore.com/products/ziva-avikam-earrings?variant=gid://shopify/ProductVariant/47850403823843
2026-07-27 06:53:47,Trendy Choker Necklace,Default Title,AMS-102-8440,12425.0,Restock,1,0,1,https://www.theamethyststore.com/products/trendy-choker-necklace?variant=gid://shopify/ProductVariant/46059731124451
2026-07-27 07:21:58,Granika Nagas Earrings,Default Title,AMS-106-8213,28216.0,Sold Out,1,1,0,https://www.theamethyststore.com/products/granika-nagas-earrings?variant=gid://shopify/ProductVariant/46326536798435
2026-07-27 07:21:58,Sharada Nagas Short Necklace,Default Title,AMS-102-13939,40228.6,Sold Out,1,1,0,https://www.theamethyststore.com/products/sharada-nagas-short-necklace?variant=gid://shopify/ProductVariant/47854815641827
2026-07-27 07:21:58,Perumal 3D Spl Pendant,Default Title,AMS-104-3913,2816.0,Sold Out,1,1,0,https://www.theamethyststore.com/products/perumal-3d-spl-pendant?variant=gid://shopify/ProductVariant/48842771300579
2026-07-27 07:21:58,Luxurious Nagas Long Necklace,Default Title,AMS-102-15715,139100.0,Sold Out,1,1,0,https://www.theamethyststore.com/products/luxurious-nagas-long-necklace-5?variant=gid://shopify/ProductVariant/48923648688355
2026-07-27 08:37:47,Tvesha Plain Bracelet,Default Title,AMS-103-1333,3700.0,Sale,1,3,2,https://www.theamethyststore.com/products/tvesha-plain-bracelet?variant=gid://shopify/ProductVariant/49390401421539
2026-07-27 08:37:47,Dazzling Dream Avikam Bracelet,Default Title,AMS-103-1351,17600.0,Sold Out,1,1,0,https://www.theamethyststore.com/products/avikam-bracelet-9?variant=gid://shopify/ProductVariant/49359487303907
2026-07-27 09:52:34,Navaratna Stone Drops,Default Title,AMS-106-14151,8600.0,Sold Out,1,1,0,https://www.theamethyststore.com/products/stone-drops-41?variant=gid://shopify/ProductVariant/49294987329763
2026-07-27 09:52:34,Charming Stone Pendant,Default Title,AMS-104-4332,8250.0,Sold Out,1,1,0,https://www.theamethyststore.com/products/charming-stone-pendant-2?variant=gid://shopify/ProductVariant/49318213288163
2026-07-27 10:37:52,Gandaberunda Kundan Pendant,Default Title,AMS-104-4346,39730.0,Sold Out,1,1,0,https://www.theamethyststore.com/products/gandaberunda-kundan-pendant?variant=gid://shopify/ProductVariant/49257687974115
2026-07-27 10:52:32,Pretty Kundan Short Necklace,Default Title,AMS-102-14402,38830.0,Sold Out,1,1,0,https://www.theamethyststore.com/products/pretty-kundan-short-necklace?variant=gid://shopify/ProductVariant/48294561841379
2026-07-27 11:37:53,Stunning Victorian Long Necklace Set,Default Title,AMS-102-12566,223526.0,Sale,1,2,1,https://www.theamethyststore.com/products/stunning-victorian-long-necklace-set-1?variant=gid://shopify/ProductVariant/47379439714531
2026-07-27 11:37:53,Dual Birds Long Earrings,Default Title,AMS-106-10792,32893.0,Sold Out,1,1,0,https://www.theamethyststore.com/products/dual-birds-long-earrings?variant=gid://shopify/ProductVariant/47570456838371
2026-07-27 11:37:53,Tribal Aura Boho Choker,Default Title,AMS-102-14520,43779.0,Sold Out,1,1,0,https://www.theamethyststore.com/products/tribal-aura-boho-choker?variant=gid://shopify/ProductVariant/47859014107363
2026-07-27 12:08:28,Leaves Green Studs,Default Title,AMS-106-1856,8094.0,Sale,1,4,3,https://www.theamethyststore.com/products/gold-plated-green-leaves-stone-studs?variant=gid://shopify/ProductVariant/39370450337942
2026-07-27 12:08:28,Jivika Stone Earrings,Default Title,AMS-106-4884,24729.3,Sale,1,3,2,https://www.theamethyststore.com/products/jivika-stone-earrings?variant=gid://shopify/ProductVariant/43961534972131
2026-07-27 12:08:28,Charvi Victorian Studs,Default Title,AMS-106-7283,11955.0,Sale,1,2,1,https://www.theamethyststore.com/products/charvi-victorian-studs?variant=gid://shopify/ProductVariant/45776090398947
2026-07-27 12:08:28,Jashwathi Stone Studs,Default Title,AMS-106-9169,15474.0,Sale,1,2,1,https://www.theamethyststore.com/products/jashwathi-stone-studs?variant=gid://shopify/ProductVariant/46883847241955
2026-07-27 12:08:28,Glitz Stone Jhumkas,Default Title,AMS-106-10154,17398.0,Sale,1,3,2,https://www.theamethyststore.com/products/glitz-stone-jhumkas-2?variant=gid://shopify/ProductVariant/47079456473315
2026-07-27 12:08:28,Shinning Charm Stone Studs,Default Title,AMS-106-10268,16611.0,Sale,1,2,1,https://www.theamethyststore.com/products/shinning-charm-stone-studs?variant=gid://shopify/ProductVariant/47201160462563
2026-07-27 12:08:28,Beautiful Moissanite Studs,Default Title,AMS-106-12637,15101.0,Sale,1,4,3,https://www.theamethyststore.com/products/moissanite-studs?variant=gid://shopify/ProductVariant/48292713005283
2026-07-27 12:08:28,Dual Elegance Oddiyanam,Default Title,AMS-110-0524 Oddiyanam Cum Necklace,77789.0,Sold Out,1,1,0,https://www.theamethyststore.com/products/dual-elegance-oddiyanam?variant=gid://shopify/ProductVariant/46080038961379
2026-07-27 12:08:28,Pretiest Victorian Long Earrings,Default Title,AMS-106-9361,17408.0,Sold Out,1,1,0,https://www.theamethyststore.com/products/pretiest-victorian-long-earrings?variant=gid://shopify/ProductVariant/46836726726883
2026-07-27 12:08:28,Trendy Victorian Long Earrings,Default Title,AMS-106-13523,20064.0,Sold Out,1,1,0,https://www.theamethyststore.com/products/trendy-victorian-long-earrings-2?variant=gid://shopify/ProductVariant/48916687421667
2026-07-27 12:22:03,Arsha Studs,Default Title,AMS-106-3658,15294.0,Sale,2,3,1,https://www.theamethyststore.com/products/arsha-studs?variant=gid://shopify/ProductVariant/43535023112419
2026-07-27 12:22:03,Lekha Stone Studs,Default Title,AMS-106-6513,17688.0,Sale,1,3,2,https://www.theamethyststore.com/products/lekha-stone-studs?variant=gid://shopify/ProductVariant/45466035650787
2026-07-27 12:22:03,Lalisha Long Earrings,Default Title,AMS-106-8988,10768.0,Sold Out,1,1,0,https://www.theamethyststore.com/products/lalisha-long-earrings?variant=gid://shopify/ProductVariant/47049098526947
2026-07-27 12:37:59,Vividh Earrings,Default Title,AMS-106-2457,17030.0,Sold Out,1,1,0,https://www.theamethyststore.com/products/vividh-earrings?variant=gid://shopify/ProductVariant/42648968986851
2026-07-27 12:37:59,Shriya Stone Studs,Default Title,AMS-106-4373,20698.0,Sold Out,1,1,0,https://www.theamethyststore.com/products/shriya-stone-studs?variant=gid://shopify/ProductVariant/43802980876515
2026-07-27 12:37:59,Tausin Drops,Default Title,AMS-106-5043,22952.0,Sold Out,1,1,0,https://www.theamethyststore.com/products/tausin-drops?variant=gid://shopify/ProductVariant/44029612458211
2026-07-27 12:37:59,Siyani Kundan Studs,Default Title,AMS-106-5709,21407.0,Sold Out,1,1,0,https://www.theamethyststore.com/products/siyani-kundan-studs?variant=gid://shopify/ProductVariant/44617886138595
2026-07-27 12:37:59,Adhithi Kundan Studs,Default Title,AMS-106-6605,30096.0,Sold Out,1,1,0,https://www.theamethyststore.com/products/adhithi-kundan-studs?variant=gid://shopify/ProductVariant/45478801342691
2026-07-27 12:37:59,Bhavinan Kundan Drops,Default Title,AMS-106-6626,9871.0,Sold Out,1,1,0,https://www.theamethyststore.com/products/bhavinan-kundan-drops?variant=gid://shopify/ProductVariant/45479502053603
2026-07-27 12:37:59,Jeevitha Jhumkhas,Default Title,AMS-106-7568,11366.0,Sold Out,2,2,0,https://www.theamethyststore.com/products/jeevitha-jhumkhas?variant=gid://shopify/ProductVariant/46117421809891
2026-07-27 12:46:03,Rann Beautiful Studs,Default Title,AMS-106-1331,13629.0,Sale,1,4,3,https://www.theamethyststore.com/products/copy-of-alluring-mayur-earring?variant=gid://shopify/ProductVariant/37496177164438
2026-07-27 12:46:03,Simply Stylish,Default Title,AMS-106-1248,11546.0,Sold Out,1,1,0,https://www.theamethyststore.com/products/copy-of-ideal-studs?variant=gid://shopify/ProductVariant/37500165324950
2026-07-27 13:38:39,Vinisha Victorian Pendant Set,Default Title,AMS-104-3591,63132.0,Sold Out,1,1,0,https://www.theamethyststore.com/products/vinisha-victorian-pendant-set?variant=gid://shopify/ProductVariant/47432068432099
2026-07-27 13:52:40,Cutie Diamond Design Pendant,Default Title,AMS-104-4679,7700.0,Sale,1,3,2,https://www.theamethyststore.com/products/diamond-design-pendant-24?variant=gid://shopify/ProductVariant/49415057473763
2026-07-27 13:52:40,Ranvitha Avikam Short Necklace,Default Title,AMS-102-15745,23672.0,Sold Out,1,1,0,https://www.theamethyststore.com/products/ranvitha-avikam-short-necklace?variant=gid://shopify/ProductVariant/48987443724515
2026-07-27 13:52:40,Lalita Stone Maatal,Default Title,AMS-109-1237,19553.4,Sold Out,1,1,0,https://www.theamethyststore.com/products/lalita-stone-maatal?variant=gid://shopify/ProductVariant/45956616683747
2026-07-27 14:22:59,Attractive Stone Ring,Default Title,AMS-101-2144,2550.0,Sale,1,8,7,https://www.theamethyststore.com/products/stone-ring-16?variant=gid://shopify/ProductVariant/49439413076195
2026-07-27 14:38:13,Easha Nose Pin,Default Title,AMS-113-0245,1300.0,Sale,1,20,19,https://www.theamethyststore.com/products/easha-nose-pin?variant=gid://shopify/ProductVariant/43691549786339
2026-07-27 14:38:13,Golden Glow Chain,Default Title,AMS-105-1480,18019.8,Sale,1,5,4,https://www.theamethyststore.com/products/golden-glow-chain?variant=gid://shopify/ProductVariant/47697009377507
2026-07-27 14:38:13,Elegant Hasli Necklace,Default Title,AMS-102-15190,8100.0,Sale,1,14,13,https://www.theamethyststore.com/products/elegant-hasli-necklace?variant=gid://shopify/ProductVariant/48763379548387
2026-07-27 14:38:13,Cutest Diamond Design Chain with Earrings,Default Title,AMS-105-1980,22600.0,Sale,1,2,1,https://www.theamethyststore.com/products/cutest-diamond-design-chain-with-earrings?variant=gid://shopify/ProductVariant/49448008220899
2026-07-27 14:38:13,Lishma Kundan Jhumkas,Default Title,AMS-106-5247,22000.0,Sold Out,1,1,0,https://www.theamethyststore.com/products/lishma-kundan-jhumkas?variant=gid://shopify/ProductVariant/44274875138275
2026-07-27 14:38:13,Trendy Choker Necklace,Default Title,AMS-102-8440,12425.0,Sold Out,1,1,0,https://www.theamethyststore.com/products/trendy-choker-necklace?variant=gid://shopify/ProductVariant/46059731124451
2026-07-27 14:38:13,Tashvi Long Earrings,Default Title,AMS-106-10710,31288.0,Sold Out,1,1,0,https://www.theamethyststore.com/products/long-earrings-11?variant=gid://shopify/ProductVariant/47527686504675
2026-07-27 14:38:13,Chic & Dainty Avikam Long Necklace Set,Default Title,AMS-102-15220,165528.0,Sold Out,1,1,0,https://www.theamethyststore.com/products/chic-dainty-avikam-long-necklace-set?variant=gid://shopify/ProductVariant/48532989444323
2026-07-27 14:53:27,Camilla Studs,Default Title,AMS-106-10760,5632.0,Sale,1,4,3,https://www.theamethyststore.com/products/camilla-studs-1?variant=gid://shopify/ProductVariant/47441357045987
2026-07-28 03:22:06,Classic Avikam Pair Bangles,"2.8""","AMS-107-2704-2.8""",79474.0,Sold Out,1,1,0,https://www.theamethyststore.com/products/avikam-pair-bangles-1?variant=gid://shopify/ProductVariant/47442486853859
2026-07-28 03:22:06,Chic & Fabulous Chain With Earrings,Default Title,AMS-105-1341,20429.0,Sold Out,1,1,0,https://www.theamethyststore.com/products/chic-fabulous-chain-with-earrings?variant=gid://shopify/ProductVariant/47447524999395
2026-07-28 03:22:06,Elisha Chain With Earrings,Default Title,AMS-105-1347,18525.0,Sold Out,1,1,0,https://www.theamethyststore.com/products/elisha-chain-with-earrings?variant=gid://shopify/ProductVariant/47447637688547
2026-07-28 03:22:06,Eternal Glow Chain With Earrings,Default Title,AMS-105-1339,19900.0,Sold Out,2,2,0,https://www.theamethyststore.com/products/eternal-glow-chain-with-earrings?variant=gid://shopify/ProductVariant/47447731241187
2026-07-28 03:22:06,Green Heart Chain With Earrings,Default Title,AMS-105-1340,23450.0,Sold Out,1,1,0,https://www.theamethyststore.com/products/green-heart-chain-with-earrings?variant=gid://shopify/ProductVariant/47447745954019
2026-07-28 03:22:06,Shervitha Chain With Earrings,Default Title,AMS-105-1343,19851.0,Sold Out,1,1,0,https://www.theamethyststore.com/products/shervitha-chain-with-earrings?variant=gid://shopify/ProductVariant/47447772528867
2026-07-28 03:22:06,Fabulous Chain With Earrings,Default Title,AMS-105-1356,20549.0,Sold Out,1,1,0,https://www.theamethyststore.com/products/fabulous-chain-with-earrings-1?variant=gid://shopify/ProductVariant/47447781572835
2026-07-28 03:22:06,Gleaming Chain With Earrings,Default Title,AMS-105-1344,19752.0,Sold Out,1,1,0,https://www.theamethyststore.com/products/gleaming-chain-with-earrings?variant=gid://shopify/ProductVariant/47447782654179
2026-07-28 03:22:06,Red Heart Chain With Earrings,Default Title,AMS-105-1354,25694.0,Sold Out,1,1,0,https://www.theamethyststore.com/products/red-heart-chain-with-earrings?variant=gid://shopify/ProductVariant/47447787438307
2026-07-28 03:22:06,Zephyra Chain With Earrings,Default Title,AMS-105-1346,21646.0,Sold Out,1,1,0,https://www.theamethyststore.com/products/zephyra-chain-with-earrings?variant=gid://shopify/ProductVariant/47447808147683
2026-07-28 03:22:06,Avanika  Chain With Earrings,Default Title,AMS-105-1353,14636.0,Sold Out,1,1,0,https://www.theamethyststore.com/products/chain-with-earrings-4?variant=gid://shopify/ProductVariant/47447809687779
2026-07-28 03:22:06,Nanthika Chain With Earrings,Default Title,AMS-105-1349,14995.0,Sold Out,1,1,0,https://www.theamethyststore.com/products/nanthika-chain-with-earrings?variant=gid://shopify/ProductVariant/47447869063395
2026-07-28 03:22:06,Trendy Layer Long Necklace,Default Title,AMS-102-12384,48200.0,Sold Out,1,1,0,https://www.theamethyststore.com/products/trendy-layer-long-necklace?variant=gid://shopify/ProductVariant/47447907303651
2026-07-28 03:22:06,Bhavika Chain With Earrings,Default Title,AMS-105-1348,23042.0,Sold Out,1,1,0,https://www.theamethyststore.com/products/bhavika-chain-with-earrings?variant=gid://shopify/ProductVariant/47447955800291
2026-07-28 03:22:06,Adorable Victorian Short Necklace Set,Default Title,AMS-102-12279,68686.0,Sold Out,1,1,0,https://www.theamethyststore.com/products/adorable-victorian-short-necklace-set?variant=gid://shopify/ProductVariant/47448050532579
2026-07-28 03:22:06,Hwasa Ring,8,"AMS-101-1685-08""",6900.0,Sold Out,2,2,0,https://www.theamethyststore.com/products/hwasa-ring?variant=gid://shopify/ProductVariant/47451262124259
2026-07-28 03:22:06,Hwasa Ring,10,"AMS-101-1685-10""",7100.0,Sold Out,2,2,0,https://www.theamethyststore.com/products/hwasa-ring?variant=gid://shopify/ProductVariant/47451262157027
2026-07-28 03:22:06,Hwasa Ring,12,"AMS-101-1685-12""",7400.0,Sold Out,2,2,0,https://www.theamethyststore.com/products/hwasa-ring?variant=gid://shopify/ProductVariant/47451262189795
2026-07-28 03:22:06,Hwasa Ring,14,"AMS-101-1685-14""",7600.0,Sold Out,1,1,0,https://www.theamethyststore.com/products/hwasa-ring?variant=gid://shopify/ProductVariant/47451262222563
2026-07-28 03:22:06,Sparkling Pair Bangles,"2.4""","AMS-107-2762-2.4""",55440.0,Sold Out,4,4,0,https://www.theamethyststore.com/products/sparkling-pair-bangles-1?variant=gid://shopify/ProductVariant/47451262615779
2026-07-28 03:22:06,Sparkling Pair Bangles,"2.6""","AMS-107-2762-2.6""",55792.0,Sold Out,2,2,0,https://www.theamethyststore.com/products/sparkling-pair-bangles-1?variant=gid://shopify/ProductVariant/47451262648547
2026-07-28 03:22:06,Sparkling Pair Bangles,"2.8""","AMS-107-2762-2.8""",56056.0,Sold Out,2,2,0,https://www.theamethyststore.com/products/sparkling-pair-bangles-1?variant=gid://shopify/ProductVariant/47451262681315
2026-07-28 03:22:06,Tanisha Spark Studs,Default Title,AMS-106-10796,9592.0,Sold Out,5,5,0,https://www.theamethyststore.com/products/studs-14?variant=gid://shopify/ProductVariant/47451270381795
2026-07-28 03:22:06,Triangle Studs,Default Title,AMS-106-10795,6952.0,Sold Out,4,4,0,https://www.theamethyststore.com/products/studs-15?variant=gid://shopify/ProductVariant/47451272315107
2026-07-28 03:22:06,Vikshi Ring,8,"AMS-101-1687-08""",1700.0,Sold Out,3,3,0,https://www.theamethyststore.com/products/vikshi-ring-1?variant=gid://shopify/ProductVariant/47451272675555
2026-07-28 03:22:06,Vikshi Ring,10,"AMS-101-1687-10""",1800.0,Sold Out,2,2,0,https://www.theamethyststore.com/products/vikshi-ring-1?variant=gid://shopify/ProductVariant/47451272708323
2026-07-28 03:22:06,Vikshi Ring,12,"AMS-101-1687-12""",2200.0,Sold Out,2,2,0,https://www.theamethyststore.com/products/vikshi-ring-1?variant=gid://shopify/ProductVariant/47451272741091
2026-07-28 03:22:06,Vikshi Ring,14,"AMS-101-1687-14""",2100.0,Sold Out,2,2,0,https://www.theamethyststore.com/products/vikshi-ring-1?variant=gid://shopify/ProductVariant/47451272773859
2026-07-28 03:22:06,Little Cute Studs,Default Title,AMS-106-10794,3784.0,Sold Out,4,4,0,https://www.theamethyststore.com/products/studs-16?variant=gid://shopify/ProductVariant/47451280736483
2026-07-28 03:22:06,Gleaming Studs,Default Title,AMS-106-10765,3344.0,Sold Out,3,3,0,https://www.theamethyststore.com/products/gleaming-studs-1?variant=gid://shopify/ProductVariant/47451317567715
2026-07-28 03:22:06,Sherin Ring,8,"AMS-101-1689-08""",3400.0,Sold Out,3,3,0,https://www.theamethyststore.com/products/ring-36?variant=gid://shopify/ProductVariant/47451342274787
2026-07-28 03:22:06,Sherin Ring,10,"AMS-101-1689-10""",3600.0,Sold Out,3,3,0,https://www.theamethyststore.com/products/ring-36?variant=gid://shopify/ProductVariant/47451342307555
2026-07-28 03:22:06,Sherin Ring,12,"AMS-101-1689-12""",3800.0,Sold Out,3,3,0,https://www.theamethyststore.com/products/ring-36?variant=gid://shopify/ProductVariant/47451342340323
2026-07-28 03:22:06,Sherin Ring,14,"AMS-101-1689-14""",4000.0,Sold Out,2,2,0,https://www.theamethyststore.com/products/ring-36?variant=gid://shopify/ProductVariant/47451342373091
2026-07-28 03:22:06,Twin Heart Studs,Default Title,AMS-106-10764,6600.0,Sold Out,2,2,0,https://www.theamethyststore.com/products/twin-heart-studs?variant=gid://shopify/ProductVariant/47451351613667
2026-07-28 03:22:06,Glitz Studs,Default Title,AMS-106-10715,6248.0,Sold Out,4,4,0,https://www.theamethyststore.com/products/glitz-studs-2?variant=gid://shopify/ProductVariant/47451401781475
2026-07-28 03:22:06,Mehitha Ring,8,"AMS-101-1690-08""",4300.0,Sold Out,3,3,0,https://www.theamethyststore.com/products/ring-37?variant=gid://shopify/ProductVariant/47451406860515
2026-07-28 03:22:06,Mehitha Ring,10,"AMS-101-1690-10""",4500.0,Sold Out,3,3,0,https://www.theamethyststore.com/products/ring-37?variant=gid://shopify/ProductVariant/47451406893283
2026-07-28 03:22:06,Mehitha Ring,12,"AMS-101-1690-12""",4600.0,Sold Out,2,2,0,https://www.theamethyststore.com/products/ring-37?variant=gid://shopify/ProductVariant/47451406926051
2026-07-28 03:22:06,Smirithi Ring,8,"AMS-101-1691-08""",4500.0,Sold Out,3,3,0,https://www.theamethyststore.com/products/smirithi-ring?variant=gid://shopify/ProductVariant/47451412857059
2026-07-28 03:22:06,Smirithi Ring,10,"AMS-101-1691-10""",4600.0,Sold Out,2,2,0,https://www.theamethyststore.com/products/smirithi-ring?variant=gid://shopify/ProductVariant/47451412889827
2026-07-28 03:22:06,Smirithi Ring,12,"AMS-101-1691-12""",4800.0,Sold Out,2,2,0,https://www.theamethyststore.com/products/smirithi-ring?variant=gid://shopify/ProductVariant/47451412922595
2026-07-28 03:22:06,Smirithi Ring,14,"AMS-101-1691-14""",4500.0,Sold Out,1,1,0,https://www.theamethyststore.com/products/smirithi-ring?variant=gid://shopify/ProductVariant/47451412988131
2026-07-28 03:22:06,Classic Swarovski Chain,Default Title,AMS-105-1388,5280.0,Sold Out,1,1,0,https://www.theamethyststore.com/products/classic-swarovski-chain?variant=gid://shopify/ProductVariant/47451425210595
2026-07-28 03:22:06,Pragalya Ring,12,"AMS-101-1692-12""",5400.0,Sold Out,2,2,0,https://www.theamethyststore.com/products/ring-38?variant=gid://shopify/ProductVariant/47451491762403
2026-07-28 03:22:06,Twin Heart Chain with Earrings,Default Title,AMS-105-1367,8888.0,Sold Out,3,3,0,https://www.theamethyststore.com/products/twin-heart-chain-with-earrings?variant=gid://shopify/ProductVariant/47451493695715
2026-07-28 03:22:06,Wanton Ring,8,"AMS-101-1693-08""",4600.0,Sold Out,2,2,0,https://www.theamethyststore.com/products/wanton-ring?variant=gid://shopify/ProductVariant/47451520893155
2026-07-28 03:22:06,Wanton Ring,10,"AMS-101-1693-10""",5400.0,Sold Out,2,2,0,https://www.theamethyststore.com/products/wanton-ring?variant=gid://shopify/ProductVariant/47451520925923
2026-07-28 03:22:06,Wanton Ring,12,"AMS-101-1693-12""",5600.0,Sold Out,2,2,0,https://www.theamethyststore.com/products/wanton-ring?variant=gid://shopify/ProductVariant/47451520958691
2026-07-28 03:22:06,Wanton Ring,14,"AMS-101-1693-14""",5800.0,Sold Out,2,2,0,https://www.theamethyststore.com/products/wanton-ring?variant=gid://shopify/ProductVariant/47451520991459
2026-07-28 03:22:06,Laydia Ring,14,"AMS-101-1694-14""",5900.0,Sold Out,1,1,0,https://www.theamethyststore.com/products/laydia-ring?variant=gid://shopify/ProductVariant/47451530887395
2026-07-28 03:22:06,Laydia Ring,16,"AMS-101-1694-16""",6100.0,Sold Out,2,2,0,https://www.theamethyststore.com/products/laydia-ring?variant=gid://shopify/ProductVariant/47456156877027
2026-07-28 03:22:06,Fancy Swarovski Bracelet,Default Title,AMS-103-0970,18480.0,Sold Out,4,4,0,https://www.theamethyststore.com/products/fancy-swarovski-bracelet?variant=gid://shopify/ProductVariant/47451723661539
2026-07-28 03:22:06,Shinning Swarovski Bracelet,Default Title,AMS-103-0968,15136.0,Sold Out,3,3,0,https://www.theamethyststore.com/products/shinning-swarovski-bracelet?variant=gid://shopify/ProductVariant/47451821539555
2026-07-28 03:22:06,Kiora Chain Type Bracelet,Default Title,AMS-103-0980,19448.0,Sold Out,2,2,0,https://www.theamethyststore.com/products/kiora-chain-type-bracelet?variant=gid://shopify/ProductVariant/47456149471459
2026-07-28 03:22:06,Ferikha Chain Type Bracelet,Default Title,AMS-103-0978,22792.0,Sold Out,2,2,0,https://www.theamethyststore.com/products/ferikha-chain-type-bracelet?variant=gid://shopify/ProductVariant/47456163004643
2026-07-28 03:22:06,Sriza Ring,12,"AMS-101-1695-12""",7700.0,Sold Out,1,1,0,https://www.theamethyststore.com/products/sriza-ring?variant=gid://shopify/ProductVariant/47456167821539
2026-07-28 03:22:06,Runica Ring,12,"AMS-101-1696-12""",7200.0,Sold Out,1,1,0,https://www.theamethyststore.com/products/ring-39?variant=gid://shopify/ProductVariant/47456176111843
2026-07-28 03:22:06,Royal Queen's  Ring,8,"AMS-101-1697-08""",8700.0,Sold Out,1,1,0,https://www.theamethyststore.com/products/ring-40?variant=gid://shopify/ProductVariant/47456184664291
2026-07-28 03:22:06,Royal Queen's  Ring,14,"AMS-101-1697-14""",10500.0,Sold Out,2,2,0,https://www.theamethyststore.com/products/ring-40?variant=gid://shopify/ProductVariant/47456183910627
2026-07-28 03:22:06,Lovely Pink Chain Type Bracelet,Default Title,AMS-103-0975,24376.0,Sold Out,4,4,0,https://www.theamethyststore.com/products/lovely-pink-chain-type-bracelet?variant=gid://shopify/ProductVariant/47456188137699
2026-07-28 03:22:06,Parvisha Ring,10,"AMS-101-1698-10""",2800.0,Sold Out,1,1,0,https://www.theamethyststore.com/products/ring-41?variant=gid://shopify/ProductVariant/47456193937635
2026-07-28 03:22:06,Parvisha Ring,14,"AMS-101-1698-14""",3000.0,Sold Out,1,1,0,https://www.theamethyststore.com/products/ring-41?variant=gid://shopify/ProductVariant/47456193249507
2026-07-28 03:22:06,Heart Spark Chain Type Bracelet,Default Title,AMS-103-0974,23936.0,Sold Out,2,2,0,https://www.theamethyststore.com/products/heart-spark-chain-type-bracelet?variant=gid://shopify/ProductVariant/47456193544419
2026-07-28 03:22:06,Classic Chain Type Bracelet,Default Title,AMS-103-0973,19272.0,Sold Out,4,4,0,https://www.theamethyststore.com/products/classic-chain-type-bracelet?variant=gid://shopify/ProductVariant/47456200720611
2026-07-28 03:22:06,Isabella Short Necklace Set,Default Title,AMS-102-12398,53768.0,Sold Out,2,2,0,https://www.theamethyststore.com/products/isabella-short-necklace-set?variant=gid://shopify/ProductVariant/47456241156323
2026-07-28 03:22:06,Multi Charm Chain Type Bracelet,Default Title,AMS-103-0949,29656.0,Sold Out,2,2,0,https://www.theamethyststore.com/products/multi-charm-chain-type-bracelet?variant=gid://shopify/ProductVariant/47456245907683
2026-07-28 03:22:06,Mary Short Necklace Set,Default Title,AMS-102-12399,34700.0,Sold Out,1,1,0,https://www.theamethyststore.com/products/mary-short-necklace-set?variant=gid://shopify/ProductVariant/47456260030691
2026-07-28 03:22:06,Princess Short Necklace Set,Default Title,AMS-102-12400,29656.0,Sold Out,2,2,0,https://www.theamethyststore.com/products/princess-short-necklace-set?variant=gid://shopify/ProductVariant/47456267370723
2026-07-28 03:22:06,Fantasy Short Necklace Set,Default Title,AMS-102-12625,37312.0,Sold Out,1,1,0,https://www.theamethyststore.com/products/short-necklace-set-12?variant=gid://shopify/ProductVariant/47456273629411
2026-07-28 03:22:06,Kashvini Ring,12,"AMS-101-1702-12""",8800.0,Sold Out,1,1,0,https://www.theamethyststore.com/products/ring-42?variant=gid://shopify/ProductVariant/47457657356515
2026-07-28 03:22:06,Cathrine Chain Type Bracelet,Default Title,AMS-103-0948,39424.0,Sold Out,2,2,0,https://www.theamethyststore.com/products/cathrine-chain-type-bracelet?variant=gid://shopify/ProductVariant/47458384543971
2026-07-28 03:22:06,Grandeur Shine Stone Ring,Default Title,AMS-101-1785,4757.0,Sold Out,2,2,0,https://www.theamethyststore.com/products/grandeur-shine-stone-ring?variant=gid://shopify/ProductVariant/47469387677923
2026-07-28 03:22:06,Anikha Kundan Short Necklace,Default Title,AMS-102-12662,41506.6,Sold Out,1,1,0,https://www.theamethyststore.com/products/anikha-kundan-short-necklace?variant=gid://shopify/ProductVariant/47469405995235
2026-07-28 03:22:06,Charming Kundan Earrings,Default Title,AMS-106-11035,45461.3,Sold Out,1,1,0,https://www.theamethyststore.com/products/charming-kundan-earrings?variant=gid://shopify/ProductVariant/47469452787939
2026-07-28 03:22:06,Heritage Kundan Short Necklace,Default Title,AMS-102-12669,35571.0,Sold Out,1,1,0,https://www.theamethyststore.com/products/heritage-kundan-short-necklace?variant=gid://shopify/ProductVariant/47469465403619
2026-07-28 03:22:06,Bhavikha Kundan Short Necklace,Default Title,AMS-102-12671,35159.2,Sold Out,1,1,0,https://www.theamethyststore.com/products/bhavikha-kundan-short-necklace?variant=gid://shopify/ProductVariant/47469470122211
2026-07-28 03:22:06,Rose Floral Kundan Jhumkas,Default Title,AMS-106-11060,18886.0,Sold Out,1,1,0,https://www.theamethyststore.com/products/rose-floral-kundan-jhumkas?variant=gid://shopify/ProductVariant/47469488210147
2026-07-28 03:22:06,Ekisha Kundan Jhumkas,Default Title,AMS-106-11063,20093.0,Sold Out,1,1,0,https://www.theamethyststore.com/products/ekisha-kundan-jhumkas?variant=gid://shopify/ProductVariant/47469515636963
2026-07-28 03:22:06,Aditri Kundan Jhumkas,Default Title,AMS-106-11064,18800.0,Sold Out,1,1,0,https://www.theamethyststore.com/products/aditri-kundan-jhumkas?variant=gid://shopify/ProductVariant/47469603815651
2026-07-28 03:22:06,Sparkling Peacock Nagas Drops,Default Title,AMS-106-11105,10569.0,Sold Out,1,1,0,https://www.theamethyststore.com/products/sparkling-peacock-nagas-drops?variant=gid://shopify/ProductVariant/47470099267811
2026-07-28 03:22:06,Bridal Kundan Maatal,Default Title,AMS-109-1943,25702.0,Sold Out,1,1,0,https://www.theamethyststore.com/products/bridal-kundan-maatal-1?variant=gid://shopify/ProductVariant/47470473019619
2026-07-28 03:22:06,Dishitha Nagas Jhumkas,Default Title,AMS-106-11100,35904.0,Sold Out,1,1,0,https://www.theamethyststore.com/products/dishitha-nagas-jhumkas?variant=gid://shopify/ProductVariant/47470665498851
2026-07-28 03:22:06,Catchy Kundan Studs,Default Title,AMS-106-11044,19652.8,Sold Out,1,1,0,https://www.theamethyststore.com/products/catchy-kundan-studs-1?variant=gid://shopify/ProductVariant/47471082766563
2026-07-28 03:22:06,Eternal Glow Kundan Jada Billa,Default Title,AMS-112-0635,16614.0,Sold Out,1,1,0,https://www.theamethyststore.com/products/eternal-glow-kundan-jada-billa?variant=gid://shopify/ProductVariant/47471210004707
2026-07-28 03:22:06,Bridal Kundan Jada Billa,Default Title,AMS-112-0636,52300.0,Sold Out,2,2,0,https://www.theamethyststore.com/products/kundan-jada-billa-1?variant=gid://shopify/ProductVariant/47471281340643
2026-07-28 03:22:06,Swasthikha Toe Ring,Default Title,AMS-117-0620,5822.0,Sold Out,2,2,0,https://www.theamethyststore.com/products/swasthikha-toe-ring?variant=gid://shopify/ProductVariant/47471427911907
2026-07-28 03:22:06,Shara Toe Ring,Default Title,AMS-117-0621,3720.4,Sold Out,2,2,0,https://www.theamethyststore.com/products/shara-toe-ring?variant=gid://shopify/ProductVariant/47471440232675
2026-07-28 03:22:06,Yasira Toe Ring,Default Title,AMS-117-0624,4189.0,Sold Out,2,2,0,https://www.theamethyststore.com/products/yasira-toe-ring?variant=gid://shopify/ProductVariant/47471446261987
2026-07-28 03:22:06,Vrindha Toe Ring,Default Title,AMS-117-0625,3876.6,Sold Out,2,2,0,https://www.theamethyststore.com/products/vrindha-toe-ring?variant=gid://shopify/ProductVariant/47471451046115
2026-07-28 03:22:06,Attractive Nagas Long Necklace,Default Title,AMS-102-13522,78071.6,Sold Out,1,1,0,https://www.theamethyststore.com/products/attractive-nagas-long-necklace?variant=gid://shopify/ProductVariant/47792064463075
2026-07-28 03:22:06,Aadhina Nagas Long Necklace Set,Default Title,AMS-102-13645,111798.0,Sold Out,1,1,0,https://www.theamethyststore.com/products/aadhina-nagas-long-necklace-set?variant=gid://shopify/ProductVariant/47792920264931
2026-07-28 03:22:06,Kanishka Nagas Short Necklace,Default Title,AMS-102-13543,24850.0,Sold Out,1,1,0,https://www.theamethyststore.com/products/kanishka-nagas-short-necklace?variant=gid://shopify/ProductVariant/47793155408099
2026-07-28 03:22:06,Shinning Kundan Long Necklace,Default Title,AMS-102-13689,216800.0,Sold Out,1,1,0,https://www.theamethyststore.com/products/long-necklace-20?variant=gid://shopify/ProductVariant/47793157800163
2026-07-28 03:22:06,Gorgeous Nagas Tikka,Default Title,AMS-109-1696,14256.0,Sold Out,5,5,0,https://www.theamethyststore.com/products/gorgeous-nagas-tikka?variant=gid://shopify/ProductVariant/47793457692899
2026-07-28 03:22:06,Aashini Nagas Short Necklace,Default Title,AMS-102-13583,21158.0,Sold Out,1,1,0,https://www.theamethyststore.com/products/aashini-nagas-short-necklace?variant=gid://shopify/ProductVariant/47793462083811
2026-07-28 03:22:06,Divine Glow Nagas Tikka,Default Title,AMS-109-1695,11900.0,Sold Out,2,2,0,https://www.theamethyststore.com/products/divine-glow-nagas-tikka?variant=gid://shopify/ProductVariant/47793463787747
2026-07-28 03:22:06,Tanusha Nagas Short Necklace,Default Title,AMS-102-13581,44872.0,Sold Out,1,1,0,https://www.theamethyststore.com/products/tanusha-nagas-short-necklace-1?variant=gid://shopify/ProductVariant/47793464574179
2026-07-28 03:22:06,Kenisha Kundan Needle Ear cuffs,Default Title,AMS-106-11985,7029.0,Sold Out,1,1,0,https://www.theamethyststore.com/products/kenisha-kundan-needle-ear-cuffs?variant=gid://shopify/ProductVariant/47793466048739
2026-07-28 03:22:06,Beautiful Chain,Default Title,AMS-105-1545,37630.0,Sold Out,1,1,0,https://www.theamethyststore.com/products/beautiful-chain?variant=gid://shopify/ProductVariant/47793478303971
2026-07-28 03:22:06,Fabulous Kundan Long Necklace,Default Title,AMS-102-13687,183989.4,Sold Out,1,1,0,https://www.theamethyststore.com/products/fabulous-kundan-long-necklace-1?variant=gid://shopify/ProductVariant/47793587814627
2026-07-28 03:22:06,Grandeur Nagas Pair Bangles,"2.6""","AMS-107-2998-2.6""",80321.0,Sold Out,1,1,0,https://www.theamethyststore.com/products/nagas-pair-bangles-4?variant=gid://shopify/ProductVariant/47793693327587
2026-07-28 03:22:06,Anura Stone Short Necklace,Default Title,AMS-102-13553,60776.0,Sold Out,1,1,0,https://www.theamethyststore.com/products/anura-stone-short-necklace?variant=gid://shopify/ProductVariant/47793798021347
2026-07-28 03:22:06,Aathesh Stone Short Necklace,Default Title,AMS-102-13580,65036.0,Sold Out,1,1,0,https://www.theamethyststore.com/products/aathesh-stone-short-necklace?variant=gid://shopify/ProductVariant/47794036834531
2026-07-28 03:22:06,Stunning Stone Maangtikka,Default Title,AMS-109-1700,46320.4,Sold Out,1,1,0,https://www.theamethyststore.com/products/stunning-stone-maangtikka?variant=gid://shopify/ProductVariant/47794044731619
2026-07-28 03:22:06,Fabulous Stone Maangtikka,Default Title,AMS-109-1701,41961.0,Sold Out,1,1,0,https://www.theamethyststore.com/products/fabulous-stone-maangtikka?variant=gid://shopify/ProductVariant/47794068947171
2026-07-28 03:22:06,Pretty Look Stone Maangtikka,Default Title,AMS-109-1702,40470.0,Sold Out,1,1,0,https://www.theamethyststore.com/products/pretty-look-stone-maangtikka?variant=gid://shopify/ProductVariant/47794092212451
2026-07-28 03:22:06,Srisha Stone Maangtikka,Default Title,AMS-109-1704,46661.2,Sold Out,1,1,0,https://www.theamethyststore.com/products/srisha-stone-maangtikka?variant=gid://shopify/ProductVariant/47794106106083
2026-07-28 03:22:06,Dhashikha Stone Maangtikka,Default Title,AMS-109-1705,41748.0,Sold Out,1,1,0,https://www.theamethyststore.com/products/dhashikha-stone-maangtikka?variant=gid://shopify/ProductVariant/47794138546403
2026-07-28 03:22:06,Manisha Stone Maangtikka,Default Title,AMS-109-1708,45766.6,Sold Out,1,1,0,https://www.theamethyststore.com/products/manisha-stone-maangtikka?variant=gid://shopify/ProductVariant/47794179965155
2026-07-28 03:22:06,Luxurious Stone Maangtikka,Default Title,AMS-109-1709,40399.0,Sold Out,1,1,0,https://www.theamethyststore.com/products/luxurious-stone-maangtikka?variant=gid://shopify/ProductVariant/47794188288227
2026-07-28 03:22:06,Nithrasa Stone Short Necklace,Default Title,AMS-102-13614,29820.0,Sold Out,1,1,0,https://www.theamethyststore.com/products/nithrasa-stone-short-necklace?variant=gid://shopify/ProductVariant/47794223743203
2026-07-28 03:22:06,Trishali Stone Short Necklace,Default Title,AMS-102-13584,60208.0,Sold Out,1,1,0,https://www.theamethyststore.com/products/trishali-stone-short-necklace?variant=gid://shopify/ProductVariant/47794253955299
2026-07-28 03:22:06,Sherikha Stone Short Necklace,Default Title,AMS-102-13613,30714.6,Sold Out,1,1,0,https://www.theamethyststore.com/products/sherikha-stone-short-necklace?variant=gid://shopify/ProductVariant/47794260607203
2026-07-28 03:22:06,Charika Hook Jhumkas,Default Title,AMS-106-12004,4118.0,Sold Out,1,1,0,https://www.theamethyststore.com/products/charika-hook-jhumkas?variant=gid://shopify/ProductVariant/47794429821155
2026-07-28 03:22:06,Jhansika Hook Jhumkas,Default Title,AMS-106-12009,4189.0,Sold Out,1,1,0,https://www.theamethyststore.com/products/jhansika-hook-jhumkas?variant=gid://shopify/ProductVariant/47794441289955
2026-07-28 03:22:06,Frithika Hook Jhumkas,Default Title,AMS-106-12010,7384.0,Sold Out,1,1,0,https://www.theamethyststore.com/products/frithika-hook-jhumkas?variant=gid://shopify/ProductVariant/47794446041315
2026-07-28 03:22:06,Janani Hook Jhumkas,Default Title,AMS-106-12012,3976.0,Sold Out,1,1,0,https://www.theamethyststore.com/products/janani-hook-jhumkas?variant=gid://shopify/ProductVariant/47794447712483
2026-07-28 03:22:06,Grand Kundan Short Necklace,Default Title,AMS-102-13808,83780.0,Sold Out,1,1,0,https://www.theamethyststore.com/products/grand-kundan-short-necklace?variant=gid://shopify/ProductVariant/47794509316323
2026-07-28 03:22:06,Abina Hook Jhumkas,Default Title,AMS-106-12015,6390.0,Sold Out,1,1,0,https://www.theamethyststore.com/products/abina-hook-jhumkas?variant=gid://shopify/ProductVariant/47794509381859
2026-07-28 03:22:06,Gleaming Stone Short Necklace,Default Title,AMS-102-13607,38624.0,Sold Out,1,1,0,https://www.theamethyststore.com/products/gleaming-stone-short-necklace-1?variant=gid://shopify/ProductVariant/47794512003299
2026-07-28 03:22:06,Jhansika Stone Short Necklace,Default Title,AMS-102-13620,101487.4,Sold Out,1,1,0,https://www.theamethyststore.com/products/jhansika-stone-short-necklace?variant=gid://shopify/ProductVariant/47794514067683
2026-07-28 03:22:06,Nitharsha Stone Short Necklace,Default Title,AMS-102-13627,68273.6,Sold Out,1,1,0,https://www.theamethyststore.com/products/stone-short-necklace-10?variant=gid://shopify/ProductVariant/47794518032611
2026-07-28 03:22:06,Amrutha Stone Long Necklace,Default Title,AMS-102-13577,85171.6,Sold Out,1,1,0,https://www.theamethyststore.com/products/amrutha-stone-long-necklace?variant=gid://shopify/ProductVariant/47794542870755
2026-07-28 03:22:06,Classic Nagas Pair Bangles,"2.8""","AMS-107-2900-2.8""",23998.0,Sold Out,1,1,0,https://www.theamethyststore.com/products/classic-nagas-pair-bangles?variant=gid://shopify/ProductVariant/47797060337891
2026-07-28 03:22:06,Vinathikha Nagas Pair Bangles,"2.6""","AMS-107-2994-2.6""",67936.0,Sold Out,1,1,0,https://www.theamethyststore.com/products/vinathikha-nagas-pair-bangles?variant=gid://shopify/ProductVariant/47797064794339
2026-07-28 03:22:06,Elina Nagas Pair Bangles,"2.6""","AMS-107-2995-2.6""",69168.0,Sold Out,4,4,0,https://www.theamethyststore.com/products/elina-nagas-pair-bangles?variant=gid://shopify/ProductVariant/47797070692579
2026-07-28 03:22:06,Chic & Fabulous Kundan Chain,Default Title,AMS-105-1540,41322.0,Sold Out,1,1,0,https://www.theamethyststore.com/products/chic-fabulous-kundan-chain?variant=gid://shopify/ProductVariant/47797102805219
2026-07-28 03:22:06,Sruthika Nagas Short Necklace,Default Title,AMS-102-13610,29749.0,Sold Out,1,1,0,https://www.theamethyststore.com/products/sruthika-nagas-short-necklace?variant=gid://shopify/ProductVariant/47797121220835
2026-07-28 03:22:06,Rishnikha Nagas Short Necklace,Default Title,AMS-102-13611,28684.0,Sold Out,1,1,0,https://www.theamethyststore.com/products/rishnikha-nagas-short-necklace?variant=gid://shopify/ProductVariant/47797145534691
2026-07-28 03:22:06,Haridhya Long Necklace Set,Default Title,AMS-102-13621,163726.0,Sold Out,1,1,0,https://www.theamethyststore.com/products/haridhya-long-necklace-set?variant=gid://shopify/ProductVariant/47797169062115
2026-07-28 03:22:06,Bridal Bullakku Nose pin,Default Title,AMS-113-0369,1300.0,Sold Out,2,2,0,https://www.theamethyststore.com/products/nose-pin-5?variant=gid://shopify/ProductVariant/47797257175267
2026-07-28 03:22:06,Dhishya Hook Jhumkas,Default Title,AMS-106-12017,4402.0,Sold Out,1,1,0,https://www.theamethyststore.com/products/dhishya-hook-jhumkas?variant=gid://shopify/ProductVariant/47797393096931
2026-07-28 03:22:06,Shine Floral Bullakku Nose pin,Default Title,AMS-113-0377,1300.0,Sold Out,1,1,0,https://www.theamethyststore.com/products/shine-floral-bullakku-nose-pin?variant=gid://shopify/ProductVariant/47797405876451
2026-07-28 03:22:06,Mayura Bullakku Nose pin,Default Title,AMS-113-0381,1300.0,Sold Out,3,3,0,https://www.theamethyststore.com/products/mayura-bullakku-nose-pin?variant=gid://shopify/ProductVariant/47797408694499
2026-07-28 03:22:06,Krithika Hook Jhumkas,Default Title,AMS-106-12100,5041.0,Sold Out,1,1,0,https://www.theamethyststore.com/products/hook-jhumkas-4?variant=gid://shopify/ProductVariant/47797408956643
2026-07-28 03:22:06,Irvika Hook Jhumkas,Default Title,AMS-106-12103,4118.0,Sold Out,1,1,0,https://www.theamethyststore.com/products/irvika-hook-jhumkas?variant=gid://shopify/ProductVariant/47797422948579
2026-07-28 03:22:06,Classic Bullakku Nose pin,Default Title,AMS-113-0394,1600.0,Sold Out,2,2,0,https://www.theamethyststore.com/products/classic-bullakku-nose-pin?variant=gid://shopify/ProductVariant/47797429338339
2026-07-28 03:22:06,Yashwini Bullakku Nose pin,Default Title,AMS-113-0395,1300.0,Sold Out,3,3,0,https://www.theamethyststore.com/products/yashwini-bullakku-nose-pin?variant=gid://shopify/ProductVariant/47797438906595
2026-07-28 03:22:06,Vinisha Hook Jhumkas,Default Title,AMS-106-12109,4970.0,Sold Out,1,1,0,https://www.theamethyststore.com/products/vinisha-hook-jhumkas?variant=gid://shopify/ProductVariant/47797442543843
2026-07-28 03:22:06,Brenda Hook Jhumkas,Default Title,AMS-106-12111,4402.0,Sold Out,1,1,0,https://www.theamethyststore.com/products/brenda-hook-jhumkas?variant=gid://shopify/ProductVariant/47797510439139
2026-07-28 03:22:06,Yasodha Hook Jhumkas,Default Title,AMS-106-12112,4544.0,Sold Out,1,1,0,https://www.theamethyststore.com/products/yasodha-hook-jhumkas?variant=gid://shopify/ProductVariant/47797576532195
2026-07-28 03:22:06,Farisha Nose pin,Default Title,AMS-113-0399,1300.0,Sold Out,1,1,0,https://www.theamethyststore.com/products/farisha-nose-pin?variant=gid://shopify/ProductVariant/47797582725347
2026-07-28 03:22:06,Srisha Hook Jhumkas,Default Title,AMS-106-12107,4402.0,Sold Out,1,1,0,https://www.theamethyststore.com/products/srisha-hook-jhumkas?variant=gid://shopify/ProductVariant/47797591867619
2026-07-28 03:22:06,Gowshikha Nose pin,Default Title,AMS-113-0404,1300.0,Sold Out,3,3,0,https://www.theamethyststore.com/products/gowshikha-nose-pin?variant=gid://shopify/ProductVariant/47797598486755
2026-07-28 03:22:06,Ashwikha Bullakku Nose pin,Default Title,AMS-113-0411,1300.0,Sold Out,3,3,0,https://www.theamethyststore.com/products/ashwikha-bullakku-nose-pin?variant=gid://shopify/ProductVariant/47797604876515
2026-07-28 03:22:06,Classy Hook Jhumkas,Default Title,AMS-106-12194,8023.0,Sold Out,1,1,0,https://www.theamethyststore.com/products/classy-hook-jhumkas?variant=gid://shopify/ProductVariant/47797610709219
2026-07-28 03:22:06,Alonza Bullakku Nose pin,Default Title,AMS-113-0412,1300.0,Sold Out,1,1,0,https://www.theamethyststore.com/products/alonza-bullakku-nose-pin?variant=gid://shopify/ProductVariant/47797612511459
2026-07-28 03:22:06,Liyasri Bullakku Nose pin,Default Title,AMS-113-0413,1300.0,Sold Out,1,1,0,https://www.theamethyststore.com/products/liyasri-bullakku-nose-pin?variant=gid://shopify/ProductVariant/47797623750883
2026-07-28 03:22:06,Calista Hook Jhumkas,Default Title,AMS-106-12195,4402.0,Sold Out,1,1,0,https://www.theamethyststore.com/products/calista-hook-jhumkas?variant=gid://shopify/ProductVariant/47797628141795
2026-07-28 03:22:06,Vithusha Stone Short Necklace,Default Title,AMS-102-13589,55451.0,Sold Out,1,1,0,https://www.theamethyststore.com/products/vithusha-stone-short-necklace?variant=gid://shopify/ProductVariant/47797647376611
2026-07-28 03:22:06,Shine Grandeur Kundan Ring,Default Title,AMS-101-1895,5964.0,Sold Out,1,1,0,https://www.theamethyststore.com/products/shine-grandeur-kundan-ring?variant=gid://shopify/ProductVariant/47797946253539
2026-07-28 03:22:06,Athesha Hook Jhumkas,Default Title,AMS-106-12125,4118.0,Sold Out,1,1,0,https://www.theamethyststore.com/products/athesha-hook-jhumkas?variant=gid://shopify/ProductVariant/47797949104355
2026-07-28 03:22:06,Thishya Hook Jhumkas,Default Title,AMS-106-12197,4260.0,Sold Out,1,1,0,https://www.theamethyststore.com/products/thishya-hook-jhumkas?variant=gid://shopify/ProductVariant/47797951496419
2026-07-28 03:22:06,Rithika Hook Jhumkas,Default Title,AMS-106-12203,4402.0,Sold Out,1,1,0,https://www.theamethyststore.com/products/rithika-hook-jhumkas?variant=gid://shopify/ProductVariant/47797954183395
2026-07-28 03:22:06,Moon Designed Kundan Ring,Default Title,AMS-101-1898,9088.0,Sold Out,1,1,0,https://www.theamethyststore.com/products/moon-designed-kundan-ring?variant=gid://shopify/ProductVariant/47797954347235
2026-07-28 03:22:06,Nithisha Kundan Ring,Default Title,AMS-101-1899,4402.0,Sold Out,1,1,0,https://www.theamethyststore.com/products/kundan-ring-9?variant=gid://shopify/ProductVariant/47797957263587
2026-07-28 03:22:06,Vinisha Hook Jhumkas,Default Title,AMS-106-12207,4686.0,Sold Out,1,1,0,https://www.theamethyststore.com/products/vinisha-hook-jhumkas-1?variant=gid://shopify/ProductVariant/47797960048867
2026-07-28 03:22:06,Rayna Hook Jhumkas,Default Title,AMS-106-12211,4402.0,Sold Out,1,1,0,https://www.theamethyststore.com/products/rayna-hook-jhumkas?variant=gid://shopify/ProductVariant/47797983969507
2026-07-28 03:22:06,Dheekshi Hook Jhumkas,Default Title,AMS-106-12217,3834.0,Sold Out,1,1,0,https://www.theamethyststore.com/products/dheekshi-hook-jhumkas?variant=gid://shopify/ProductVariant/47798005203171
2026-07-28 03:22:06,Unisha Kundan Ring,Default Title,AMS-101-1900,8520.0,Sold Out,1,1,0,https://www.theamethyststore.com/products/kundan-ring-10?variant=gid://shopify/ProductVariant/47798081028323
2026-07-28 03:22:06,Florikha Kundan Ring,Default Title,AMS-101-1901,3834.0,Sold Out,1,1,0,https://www.theamethyststore.com/products/florikha-kundan-ring?variant=gid://shopify/ProductVariant/47798084927715
2026-07-28 03:22:06,Dhishya Hook Jhumkas,Default Title,AMS-106-12196,4402.0,Sold Out,1,1,0,https://www.theamethyststore.com/products/dhishya-hook-jhumkas-1?variant=gid://shopify/ProductVariant/47798170190051
2026-07-28 03:22:06,Elisha Kundan Ring,Default Title,AMS-101-1905,8236.0,Sold Out,1,1,0,https://www.theamethyststore.com/products/elisha-kundan-ring-1?variant=gid://shopify/ProductVariant/47798181396707
2026-07-28 03:22:06,Ganishka Hook Jhumkas,Default Title,AMS-106-12229,4260.0,Sold Out,1,1,0,https://www.theamethyststore.com/products/ganishka-hook-jhumkas?variant=gid://shopify/ProductVariant/47798181986531
2026-07-28 03:22:06,Zethikha Kundan Ring,Default Title,AMS-101-1906,8236.0,Sold Out,1,1,0,https://www.theamethyststore.com/products/zethikha-kundan-ring?variant=gid://shopify/ProductVariant/47798277374179
2026-07-28 03:22:06,Dharinika Hook Jhumkas,Default Title,AMS-106-12231,4260.0,Sold Out,1,1,0,https://www.theamethyststore.com/products/dharinika-hook-jhumkas?variant=gid://shopify/ProductVariant/47798314402019
2026-07-28 03:22:06,Hritha Kundan Ring,Default Title,AMS-101-1907,10295.0,Sold Out,1,1,0,https://www.theamethyststore.com/products/hritha-kundan-ring?variant=gid://shopify/ProductVariant/47798316302563
2026-07-28 03:22:06,Nishali Kundan Ring,Default Title,AMS-101-1908,7313.0,Sold Out,1,1,0,https://www.theamethyststore.com/products/nishali-kundan-ring?variant=gid://shopify/ProductVariant/47798348873955
2026-07-28 03:22:06,Aura Kundan Ring,Default Title,AMS-101-1909,9301.0,Sold Out,1,1,0,https://www.theamethyststore.com/products/aura-kundan-ring?variant=gid://shopify/ProductVariant/47798385901795
2026-07-28 03:22:06,Shuchita Kundan Ring,Default Title,AMS-101-1912,4402.0,Sold Out,1,1,0,https://www.theamethyststore.com/products/shuchita-kundan-ring-1?variant=gid://shopify/ProductVariant/47798555771107
2026-07-28 03:22:06,Charm Hook Jhumkas,Default Title,AMS-106-12238,3905.0,Sold Out,1,1,0,https://www.theamethyststore.com/products/charm-hook-jhumkas?variant=gid://shopify/ProductVariant/47798590013667
2026-07-28 03:22:06,Athishkha Kundan Ring,Default Title,AMS-101-1913,4118.0,Sold Out,1,1,0,https://www.theamethyststore.com/products/athishkha-kundan-ring?variant=gid://shopify/ProductVariant/47798609379555
2026-07-28 03:22:06,Frizza Kundan Ring,Default Title,AMS-101-1914,4260.0,Sold Out,1,1,0,https://www.theamethyststore.com/products/frizza-kundan-ring-1?variant=gid://shopify/ProductVariant/47798672294115
2026-07-28 03:22:06,Grand Luxe Kundan Ring,Default Title,AMS-101-1915,9350.0,Sold Out,1,1,0,https://www.theamethyststore.com/products/vaishakha-kundan-ring?variant=gid://shopify/ProductVariant/47798722986211
2026-07-28 03:22:06,Chic & Fabulous Kundan Short Necklace,Default Title,AMS-102-13806,101743.0,Sold Out,1,1,0,https://www.theamethyststore.com/products/kundan-short-necklace-8?variant=gid://shopify/ProductVariant/47798916776163
2026-07-28 03:22:06,Elisha Hook Drops,Default Title,AMS-106-12003,5041.0,Sold Out,1,1,0,https://www.theamethyststore.com/products/elisha-hook-drops?variant=gid://shopify/ProductVariant/47798938009827
2026-07-28 03:22:06,Trendy Glow Kundan Studs,Default Title,AMS-106-12074,17608.0,Sold Out,2,2,0,https://www.theamethyststore.com/products/trendy-glow-kundan-studs?variant=gid://shopify/ProductVariant/47798958620899
2026-07-28 03:22:06,Liyana Kundan Earrings,Default Title,AMS-106-11568,31098.0,Sold Out,1,1,0,https://www.theamethyststore.com/products/liyana-kundan-earrings?variant=gid://shopify/ProductVariant/47798976774371
2026-07-28 03:22:06,Akshara Hook Drops,Default Title,AMS-106-12008,4828.0,Sold Out,1,1,0,https://www.theamethyststore.com/products/akshara-hook-drops?variant=gid://shopify/ProductVariant/47800647090403
2026-07-28 03:22:06,Lavanya Nagas Long Necklace,Default Title,AMS-102-15511,80450.0,Sold Out,1,1,0,https://www.theamethyststore.com/products/lavanya-nagas-long-necklace?variant=gid://shopify/ProductVariant/48890173456611
2026-07-28 03:22:06,Swathika Nagas Long Necklace,Default Title,AMS-102-15514,74200.0,Sold Out,1,1,0,https://www.theamethyststore.com/products/swathika-nagas-long-necklace?variant=gid://shopify/ProductVariant/48890202554595
2026-07-28 03:22:06,Atharika Nagas Long Necklace,Default Title,AMS-102-15515,76500.0,Sold Out,1,1,0,https://www.theamethyststore.com/products/atharika-nagas-long-necklace?variant=gid://shopify/ProductVariant/48890204258531
2026-07-28 03:22:06,Shivika Nagas Long Necklace,Default Title,AMS-102-15516,78800.0,Sold Out,1,1,0,https://www.theamethyststore.com/products/nagas-long-necklace-32?variant=gid://shopify/ProductVariant/48890211860707
2026-07-28 03:22:06,Ruthika Nagas Long Necklace,Default Title,AMS-102-15520,40300.0,Sold Out,1,1,0,https://www.theamethyststore.com/products/ruthika-nagas-long-necklace?variant=gid://shopify/ProductVariant/48890229031139
2026-07-28 03:22:06,Dharunika Long Earrings,Default Title,AMS-106-13692,17980.0,Sold Out,1,1,0,https://www.theamethyststore.com/products/dharunika-long-earrings?variant=gid://shopify/ProductVariant/48890663567587
2026-07-28 03:22:06,Yazhira Long Earrings,Default Title,AMS-106-13694,18060.0,Sold Out,1,1,0,https://www.theamethyststore.com/products/long-earrings-32?variant=gid://shopify/ProductVariant/48890669367523
2026-07-28 03:22:06,Saarmika Kundan Long Earrings,Default Title,AMS-106-13697,17620.0,Sold Out,1,1,0,https://www.theamethyststore.com/products/saarmika-kundan-long-earrings?variant=gid://shopify/ProductVariant/48890681524451
2026-07-28 03:22:06,Ahalyaa Kundan Long Earrings,Default Title,AMS-106-13698,17820.0,Sold Out,1,1,0,https://www.theamethyststore.com/products/kundan-long-earrings-5?variant=gid://shopify/ProductVariant/48890682736867
2026-07-28 03:22:06,Aathirai Kundan Long Earrings,Default Title,AMS-106-13699,16970.0,Sold Out,1,1,0,https://www.theamethyststore.com/products/aathirai-kundan-long-earrings?variant=gid://shopify/ProductVariant/48890685489379
2026-07-28 03:22:06,Yazhira Kundan Long Earrings,Default Title,AMS-106-13700,18370.0,Sold Out,1,1,0,https://www.theamethyststore.com/products/kundan-long-earrings-6?variant=gid://shopify/ProductVariant/48890690928867
2026-07-28 03:22:06,Vaishnira Kundan Long Earrings,Default Title,AMS-106-13701,16450.0,Sold Out,1,1,0,https://www.theamethyststore.com/products/vaishnira-kundan-long-earrings?variant=gid://shopify/ProductVariant/48890717307107
2026-07-28 03:22:06,Navishka Kundan Long Earrings,Default Title,AMS-106-13705,16330.0,Sold Out,1,1,0,https://www.theamethyststore.com/products/navishka-kundan-long-earrings?variant=gid://shopify/ProductVariant/48890785628387
2026-07-28 03:22:06,Floral Kundan Long Earrings,Default Title,AMS-106-13707,15570.0,Sold Out,1,1,0,https://www.theamethyststore.com/products/floral-kundan-long-earrings?variant=gid://shopify/ProductVariant/48890870661347
2026-07-28 03:22:06,Vrithika Kundan Necklace,Default Title,AMS-102-15544,73720.0,Sold Out,1,1,0,https://www.theamethyststore.com/products/vrithika-kundan-short-necklace?variant=gid://shopify/ProductVariant/48890875216099
2026-07-28 03:22:06,Aaradhya Kundan Long Earrings,Default Title,AMS-106-13708,15580.0,Sold Out,1,1,0,https://www.theamethyststore.com/products/aaradhya-kundan-long-earrings?variant=gid://shopify/ProductVariant/48890875445475
2026-07-28 03:22:06,Samaira Kundan Long Necklace,Default Title,AMS-102-15545,68500.0,Sold Out,1,1,0,https://www.theamethyststore.com/products/kundan-necklace-1?variant=gid://shopify/ProductVariant/48891011399907
2026-07-28 03:22:06,Roshvika Kundan Long Earrings,Default Title,AMS-106-13709,30300.0,Sold Out,1,1,0,https://www.theamethyststore.com/products/roshvika-kundan-long-earrings?variant=gid://shopify/ProductVariant/48891054883043
2026-07-28 03:22:06,Yalini Kundan Long Necklace,Default Title,AMS-102-15546,75900.0,Sold Out,1,1,0,https://www.theamethyststore.com/products/yalini-kundan-long-necklace?variant=gid://shopify/ProductVariant/48891169669347
2026-07-28 03:22:06,Lakshmi 3D Spl Pendant,Default Title,AMS-104-4033,48400.0,Sold Out,1,1,0,https://www.theamethyststore.com/products/lakshmi-3d-spl-pendant-1?variant=gid://shopify/ProductVariant/48891237236963
2026-07-28 03:22:06,Nethraya Kundan Chain,Default Title,AMS-105-1933,14550.0,Sold Out,1,1,0,https://www.theamethyststore.com/products/nethraya-kundan-chain?variant=gid://shopify/ProductVariant/48891257159907
2026-07-28 03:22:06,DIana Kundan Long Necklace,Default Title,AMS-102-15547,92300.0,Sold Out,1,1,0,https://www.theamethyststore.com/products/diana-kundan-long-necklace?variant=gid://shopify/ProductVariant/48891260829923
2026-07-28 03:22:06,Sharvika Kundan Chain,Default Title,AMS-105-1935,14500.0,Sold Out,1,1,0,https://www.theamethyststore.com/products/sharvika-kundan-chain?variant=gid://shopify/ProductVariant/48891319615715
2026-07-28 03:22:06,Yaazira Kundan Chain,Default Title,AMS-105-1936,13870.0,Sold Out,1,1,0,https://www.theamethyststore.com/products/yaazira-kundan-chain?variant=gid://shopify/ProductVariant/48891329773795
2026-07-28 03:22:06,Kavinaya Kundan Chain,Default Title,AMS-105-1937,11400.0,Sold Out,1,1,0,https://www.theamethyststore.com/products/kavinaya-kundan-chain?variant=gid://shopify/ProductVariant/48891409367267
2026-07-28 03:22:06,Fivika Kundan Long Necklace,Default Title,AMS-102-15548,92300.0,Sold Out,1,1,0,https://www.theamethyststore.com/products/kundan-long-necklace-17?variant=gid://shopify/ProductVariant/48891451801827
2026-07-28 03:22:06,Lakshmi Mugappu Chain,Default Title,AMS-105-1891,15450.0,Sold Out,1,1,0,https://www.theamethyststore.com/products/lakshmi-mugappu-chain-3?variant=gid://shopify/ProductVariant/48891496792291
2026-07-28 03:22:06,Henisha Kundan Long Necklace,Default Title,AMS-102-15552,75600.0,Sold Out,1,1,0,https://www.theamethyststore.com/products/kundan-long-necklace-18?variant=gid://shopify/ProductVariant/48891508719843
2026-07-28 03:22:06,Elegant Mugappu Chain,Default Title,AMS-105-1892,15920.0,Sold Out,1,1,0,https://www.theamethyststore.com/products/elegant-mugappu-chain-1?variant=gid://shopify/ProductVariant/48891509801187
2026-07-28 03:22:06,Tharvika Mugappu Chain,Default Title,AMS-105-1893,14870.0,Sold Out,1,1,0,https://www.theamethyststore.com/products/tharvika-mugappu-chain?variant=gid://shopify/ProductVariant/48891522023651
2026-07-28 03:22:06,Dhiksha Kundan Short Necklace,Default Title,AMS-102-15549,46400.0,Sold Out,1,1,0,https://www.theamethyststore.com/products/dhiksha-kundan-short-necklace?variant=gid://shopify/ProductVariant/48891581006051
2026-07-28 03:22:06,Varisha Kundan Short Necklace,Default Title,AMS-102-15550,45400.0,Sold Out,1,1,0,https://www.theamethyststore.com/products/varisha-kundan-short-necklace?variant=gid://shopify/ProductVariant/48891633795299
2026-07-28 03:22:06,Yaalika Mugappu Chain,Default Title,AMS-105-1896,16200.0,Sold Out,1,1,0,https://www.theamethyststore.com/products/yaalika-mugappu-chain?variant=gid://shopify/ProductVariant/48891652112611
2026-07-28 03:22:06,Viditha Nagas Short Necklace,Default Title,AMS-102-15512,33000.0,Sold Out,1,1,0,https://www.theamethyststore.com/products/viditha-nagas-short-necklace?variant=gid://shopify/ProductVariant/48891785707747
2026-07-28 03:22:06,Royal Stone Bracelet,Default Title,AMS-103-1249,34950.0,Sold Out,1,1,0,https://www.theamethyststore.com/products/stone-bracelet-7?variant=gid://shopify/ProductVariant/48903085916387
2026-07-28 03:22:06,Attractive Stone Bracelet,Default Title,AMS-103-1250,31500.0,Sold Out,1,1,0,https://www.theamethyststore.com/products/attractive-stone-bracelet-1?variant=gid://shopify/ProductVariant/48903086899427
2026-07-28 03:22:06,Varshitha Mugappu Chain,Default Title,AMS-105-1898,14700.0,Sold Out,1,1,0,https://www.theamethyststore.com/products/mugappu-chain-15?variant=gid://shopify/ProductVariant/48903088767203
2026-07-28 03:22:06,Catchy Beads Chain,Default Title,AMS-105-1899,7920.0,Sold Out,1,1,0,https://www.theamethyststore.com/products/catchy-beads-chain?variant=gid://shopify/ProductVariant/48903092044003
2026-07-28 03:22:06,Vivera Nagas Earings,Default Title,AMS-106-2237,29950.0,Sold Out,1,1,0,https://www.theamethyststore.com/products/vivera-nagas-earings?variant=gid://shopify/ProductVariant/48903106232547
2026-07-28 03:22:06,Janvikha Stone Jhumkas,Default Title,AMS-106-10834,25300.0,Sold Out,1,1,0,https://www.theamethyststore.com/products/stone-jhumkas-7?variant=gid://shopify/ProductVariant/48903225606371
2026-07-28 03:22:06,Maala Kundan Studs,Default Title,AMS-106-13354,6800.0,Sold Out,6,6,0,https://www.theamethyststore.com/products/maala-kundan-studs?variant=gid://shopify/ProductVariant/48903240450275
2026-07-28 03:22:06,Dhivasri Stone Jhumkas,Default Title,AMS-106-13424,24800.0,Sold Out,1,1,0,https://www.theamethyststore.com/products/dhivasri-stone-jhumkas?variant=gid://shopify/ProductVariant/48903245267171
2026-07-28 03:22:06,Dhankshika Stone Jhumkas,Default Title,AMS-106-13425,31600.0,Sold Out,1,1,0,https://www.theamethyststore.com/products/dhankshika-stone-jhumkas?variant=gid://shopify/ProductVariant/48903263879395
2026-07-28 03:22:06,Vitharsa Diamond Design Studs,Default Title,AMS-106-13430,6336.0,Sold Out,1,1,0,https://www.theamethyststore.com/products/diamond-design-studs-7?variant=gid://shopify/ProductVariant/48903298089187
2026-07-28 03:22:06,Floral Diamond Design Studs,Default Title,AMS-106-13432,7128.0,Sold Out,1,1,0,https://www.theamethyststore.com/products/floral-diamond-design-studs-1?variant=gid://shopify/ProductVariant/48903298515171
2026-07-28 03:22:06,Thara Moissanite Hair Maatal,Default Title,AMS-109-2291,46200.0,Sold Out,4,4,0,https://www.theamethyststore.com/products/thara-moissanite-hair-maatal?variant=gid://shopify/ProductVariant/48903340490979
2026-07-28 03:22:06,Vedhika Kundan Drops,Default Title,AMS-106-13672,9350.0,Sold Out,1,1,0,https://www.theamethyststore.com/products/vedhika-kundan-drops?variant=gid://shopify/ProductVariant/48903347896547
2026-07-28 03:22:06,Unique Bugadi Earrings,Default Title,AMS-106-13675,11900.0,Sold Out,1,1,0,https://www.theamethyststore.com/products/bugadi-earrings-3?variant=gid://shopify/ProductVariant/48903351664867
2026-07-28 03:22:06,Yamini Kundan Studs,Default Title,AMS-106-13677,8500.0,Sold Out,1,1,0,https://www.theamethyststore.com/products/yamini-kundan-studs-1?variant=gid://shopify/ProductVariant/48903352484067
2026-07-28 03:22:06,Arvika Single Bangle,"2.4""",AMS-107-3113-2.4,23400.0,Sold Out,1,1,0,https://www.theamethyststore.com/products/single-bangle-8?variant=gid://shopify/ProductVariant/48903353434339
2026-07-28 03:22:06,Trithika Choker Necklace Set,Default Title,AMS-102-15427,51128.0,Sold Out,1,1,0,https://www.theamethyststore.com/products/choker-necklace-set-1?variant=gid://shopify/ProductVariant/48903355334883
2026-07-28 03:22:06,Aryvika Choker Necklace Set,Default Title,AMS-102-15428,50952.0,Sold Out,1,1,0,https://www.theamethyststore.com/products/aryvika-choker-necklace-set?variant=gid://shopify/ProductVariant/48903355924707
2026-07-28 03:22:06,Cute Choker Necklace Set,Default Title,AMS-102-15430,38896.0,Sold Out,1,1,0,https://www.theamethyststore.com/products/cute-choker-necklace-set?variant=gid://shopify/ProductVariant/48903356186851
2026-07-28 03:22:06,Dhanvikha Long Necklace Set,Default Title,AMS-102-15426,51480.0,Sold Out,2,2,0,https://www.theamethyststore.com/products/dhanvikha-long-necklace-set?variant=gid://shopify/ProductVariant/48903359529187
2026-07-28 03:22:06,Radha Krishna 3D Spl Pendant,Default Title,AMS-104-3974,10208.0,Sold Out,1,1,0,https://www.theamethyststore.com/products/radha-krishna-3d-spl-pendant-1?variant=gid://shopify/ProductVariant/48903363297507
2026-07-28 03:22:06,Monica Long Necklace,Default Title,AMS-102-15445,51392.0,Sold Out,1,1,0,https://www.theamethyststore.com/products/monica-long-necklace?variant=gid://shopify/ProductVariant/48903363592419
2026-07-28 03:22:06,God Vinayaga 3D Spl Pendant,Default Title,AMS-104-3959,14784.0,Sold Out,1,1,0,https://www.theamethyststore.com/products/3d-spl-pendant-14?variant=gid://shopify/ProductVariant/48903368966371
2026-07-28 03:22:06,Sanjana Short Necklace,Default Title,AMS-102-15448,65032.0,Sold Out,1,1,0,https://www.theamethyststore.com/products/sanjana-short-necklace-2?variant=gid://shopify/ProductVariant/48903390953699
2026-07-28 03:22:06,Aisha Choker Necklace Set,Default Title,AMS-102-15478,55968.0,Sold Out,1,1,0,https://www.theamethyststore.com/products/aisha-choker-necklace-set?variant=gid://shopify/ProductVariant/48903403569379
2026-07-28 03:22:06,Jesitha Plain Chain,Default Title,AMS-105-1883-20,14480.0,Sold Out,3,3,0,https://www.theamethyststore.com/products/jesitha-plain-chain?variant=gid://shopify/ProductVariant/48903414644963
2026-07-28 03:22:06,Dipthin Chain With Earrings,Default Title,AMS-105-1879,24464.0,Sold Out,2,2,0,https://www.theamethyststore.com/products/dipthin-chain-with-earrings?variant=gid://shopify/ProductVariant/48903428112611
2026-07-28 03:22:06,Jhivikha Chain With Earrings,Default Title,AMS-105-1880,21700.0,Sold Out,2,2,0,https://www.theamethyststore.com/products/jhivikha-chain-with-earrings?variant=gid://shopify/ProductVariant/48903428341987
2026-07-28 03:22:06,Pragya Stone Short  Necklace,Default Title,AMS-102-15525,30000.0,Sold Out,1,1,0,https://www.theamethyststore.com/products/pragya-stone-short-necklace?variant=gid://shopify/ProductVariant/48903434338531
2026-07-28 03:22:06,Akashara Pair Bangle,"2.6""","AMS-107-3124-2.6""",48928.0,Sold Out,1,1,0,https://www.theamethyststore.com/products/pair-bangle-25?variant=gid://shopify/ProductVariant/48903435288803
2026-07-28 03:22:06,Akashara Pair Bangle,"2.8""","AMS-107-3124-2.8""",58256.0,Sold Out,1,1,0,https://www.theamethyststore.com/products/pair-bangle-25?variant=gid://shopify/ProductVariant/49098824548579
2026-07-28 03:22:06,Srika Pair Bangle,"2.6""",AMs-107-3126-2.6,43648.0,Sold Out,1,1,0,https://www.theamethyststore.com/products/srika-pair-bangle?variant=gid://shopify/ProductVariant/48903439778019
2026-07-28 03:22:06,Srika Pair Bangle,"2.8""","AMS-107-3126-2.8""",45232.0,Sold Out,1,1,0,https://www.theamethyststore.com/products/srika-pair-bangle?variant=gid://shopify/ProductVariant/49098802921699
2026-07-28 03:22:06,Nethrika Stone Short Necklace,Default Title,AMS-102-15528,42760.0,Sold Out,1,1,0,https://www.theamethyststore.com/products/nethrika-stone-short-necklace?variant=gid://shopify/ProductVariant/48903439810787
2026-07-28 03:22:06,Luxurious Stone Short Necklace,Default Title,AMS-102-15530,62600.0,Sold Out,1,1,0,https://www.theamethyststore.com/products/stone-short-necklace-14?variant=gid://shopify/ProductVariant/48903439876323
2026-07-28 03:22:06,Attractive Kundan Choker,Default Title,AMS-102-15553,71600.0,Sold Out,1,1,0,https://www.theamethyststore.com/products/kundan-choker-15?variant=gid://shopify/ProductVariant/48903445250275
2026-07-28 03:22:06,Hridika Stone Short Necklace,Default Title,AMS-102-15687,44120.0,Sold Out,1,1,0,https://www.theamethyststore.com/products/hridika-stone-short-necklace?variant=gid://shopify/ProductVariant/48903448166627
2026-07-28 03:22:06,Zeyora Stone Short Necklace,Default Title,AMS-102-15679,28520.0,Sold Out,1,1,0,https://www.theamethyststore.com/products/darshika-stone-short-necklace?variant=gid://shopify/ProductVariant/48903453901027
2026-07-28 03:22:06,Eshmita Stone Short Necklace,Default Title,AMS-102-15669,28420.0,Sold Out,1,1,0,https://www.theamethyststore.com/products/eshmita-stone-short-necklace?variant=gid://shopify/ProductVariant/48903459045603
2026-07-28 03:22:06,Dhivya Stone Pendant,Default Title,AMS-104-4000,12950.0,Sold Out,3,3,0,https://www.theamethyststore.com/products/dhivya-stone-pendant?variant=gid://shopify/ProductVariant/48903459406051
2026-07-28 03:22:06,Tavira Stone Short Necklace,Default Title,AMS-102-15673,22980.0,Sold Out,1,1,0,https://www.theamethyststore.com/products/tavira-stone-short-necklace?variant=gid://shopify/ProductVariant/48903461077219
2026-07-28 03:22:06,Thrithika Stone Pendant,Default Title,AMS-104-4001,9700.0,Sold Out,1,1,0,https://www.theamethyststore.com/products/stone-pendant-25?variant=gid://shopify/ProductVariant/48903470317795
2026-07-28 03:22:06,Trishaya Stone Short Necklace,Default Title,AMS-102-15672,22570.0,Sold Out,1,1,0,https://www.theamethyststore.com/products/trishaya-stone-short-necklace?variant=gid://shopify/ProductVariant/48903470973155
2026-07-28 03:22:06,Avirika Stone Short Necklace,Default Title,AMS-102-15659,29300.0,Sold Out,1,1,0,https://www.theamethyststore.com/products/avirika-stone-short-necklace?variant=gid://shopify/ProductVariant/48903477952739
2026-07-28 03:22:06,Vaishira Stone Short Necklace,Default Title,AMS-102-15644,27870.0,Sold Out,1,1,0,https://www.theamethyststore.com/products/vaishira-stone-short-necklace?variant=gid://shopify/ProductVariant/48903486931171
2026-07-28 03:22:06,Samaira Stone Pendant,Default Title,AMS-104-4004,10600.0,Sold Out,1,1,0,https://www.theamethyststore.com/products/samaira-stone-pendant?variant=gid://shopify/ProductVariant/48903489618147
2026-07-28 03:22:06,Glitz Stone Short Necklace,Default Title,AMS-102-15632,22230.0,Sold Out,1,1,0,https://www.theamethyststore.com/products/stone-short-necklace-15?variant=gid://shopify/ProductVariant/48903504462051
2026-07-28 03:22:06,Zaanvika Stone Short Necklace,Default Title,AMS-102-15631,18680.0,Sold Out,1,1,0,https://www.theamethyststore.com/products/zaanvika-stone-short-necklace?variant=gid://shopify/ProductVariant/48903527497955
2026-07-28 03:22:06,Aarika Nagas Pendant,Default Title,AMS-104-4027,7304.0,Sold Out,1,1,0,https://www.theamethyststore.com/products/aarika-nagas-pendant?variant=gid://shopify/ProductVariant/48903528120547
2026-07-28 03:22:06,Grandeur Stone Short Necklace,Default Title,AMS-102-15527,46570.0,Sold Out,1,1,0,https://www.theamethyststore.com/products/grandeur-stone-short-necklace?variant=gid://shopify/ProductVariant/48903530086627
2026-07-28 03:22:06,Vaishira Stone Short Necklace,Default Title,AMS-102-15643,21670.0,Sold Out,1,1,0,https://www.theamethyststore.com/products/vaishira-stone-short-necklace-1?variant=gid://shopify/ProductVariant/48903533986019
2026-07-28 03:22:06,Zivanya Stone Short Necklace,Default Title,AMS-102-15642,21950.0,Sold Out,1,1,0,https://www.theamethyststore.com/products/zivanya-stone-short-necklace?variant=gid://shopify/ProductVariant/48903537623267
2026-07-28 03:22:06,Riyanaa Stone Short Necklace,Default Title,AMS-102-15535,18440.0,Sold Out,1,1,0,https://www.theamethyststore.com/products/riyanaa-stone-short-necklace?variant=gid://shopify/ProductVariant/48903540113635
2026-07-28 03:22:06,Aadhya Stone Jada Billa,Default Title,AMS-112-0792,11500.0,Sold Out,1,1,0,https://www.theamethyststore.com/products/aadhya-stone-jada-billa?variant=gid://shopify/ProductVariant/48903540179171
2026-07-28 03:22:06,Chaarvi Stone Jada Billa,Default Title,AMS-112-0796,11500.0,Sold Out,1,1,0,https://www.theamethyststore.com/products/chaarvi-stone-jada-billa?variant=gid://shopify/ProductVariant/48903541096675
2026-07-28 03:22:06,Evania Stone Jada Billa,Default Title,AMS-112-0797,9400.0,Sold Out,1,1,0,https://www.theamethyststore.com/products/evania-stone-jada-billa?variant=gid://shopify/ProductVariant/48903545618659
2026-07-28 03:38:04,Classic Avikam Pair Bangles,"2.8""","AMS-107-2704-2.8""",79474.0,New Arrival,1,0,1,https://www.theamethyststore.com/products/avikam-pair-bangles-1?variant=gid://shopify/ProductVariant/47442486853859
2026-07-28 03:38:04,Chic & Fabulous Chain With Earrings,Default Title,AMS-105-1341,20429.0,New Arrival,1,0,1,https://www.theamethyststore.com/products/chic-fabulous-chain-with-earrings?variant=gid://shopify/ProductVariant/47447524999395
2026-07-28 03:38:04,Elisha Chain With Earrings,Default Title,AMS-105-1347,18525.0,New Arrival,1,0,1,https://www.theamethyststore.com/products/elisha-chain-with-earrings?variant=gid://shopify/ProductVariant/47447637688547
2026-07-28 03:38:04,Eternal Glow Chain With Earrings,Default Title,AMS-105-1339,19900.0,New Arrival,2,0,2,https://www.theamethyststore.com/products/eternal-glow-chain-with-earrings?variant=gid://shopify/ProductVariant/47447731241187
2026-07-28 03:38:04,Green Heart Chain With Earrings,Default Title,AMS-105-1340,23450.0,New Arrival,1,0,1,https://www.theamethyststore.com/products/green-heart-chain-with-earrings?variant=gid://shopify/ProductVariant/47447745954019
2026-07-28 03:38:04,Shervitha Chain With Earrings,Default Title,AMS-105-1343,19851.0,New Arrival,1,0,1,https://www.theamethyststore.com/products/shervitha-chain-with-earrings?variant=gid://shopify/ProductVariant/47447772528867
2026-07-28 03:38:04,Fabulous Chain With Earrings,Default Title,AMS-105-1356,20549.0,New Arrival,1,0,1,https://www.theamethyststore.com/products/fabulous-chain-with-earrings-1?variant=gid://shopify/ProductVariant/47447781572835
2026-07-28 03:38:04,Gleaming Chain With Earrings,Default Title,AMS-105-1344,19752.0,New Arrival,1,0,1,https://www.theamethyststore.com/products/gleaming-chain-with-earrings?variant=gid://shopify/ProductVariant/47447782654179
2026-07-28 03:38:04,Red Heart Chain With Earrings,Default Title,AMS-105-1354,25694.0,New Arrival,1,0,1,https://www.theamethyststore.com/products/red-heart-chain-with-earrings?variant=gid://shopify/ProductVariant/47447787438307
2026-07-28 03:38:04,Zephyra Chain With Earrings,Default Title,AMS-105-1346,21646.0,New Arrival,1,0,1,https://www.theamethyststore.com/products/zephyra-chain-with-earrings?variant=gid://shopify/ProductVariant/47447808147683
2026-07-28 03:38:04,Avanika  Chain With Earrings,Default Title,AMS-105-1353,14636.0,New Arrival,1,0,1,https://www.theamethyststore.com/products/chain-with-earrings-4?variant=gid://shopify/ProductVariant/47447809687779
2026-07-28 03:38:04,Nanthika Chain With Earrings,Default Title,AMS-105-1349,14995.0,New Arrival,1,0,1,https://www.theamethyststore.com/products/nanthika-chain-with-earrings?variant=gid://shopify/ProductVariant/47447869063395
2026-07-28 03:38:04,Trendy Layer Long Necklace,Default Title,AMS-102-12384,48200.0,New Arrival,1,0,1,https://www.theamethyststore.com/products/trendy-layer-long-necklace?variant=gid://shopify/ProductVariant/47447907303651
2026-07-28 03:38:04,Bhavika Chain With Earrings,Default Title,AMS-105-1348,23042.0,New Arrival,1,0,1,https://www.theamethyststore.com/products/bhavika-chain-with-earrings?variant=gid://shopify/ProductVariant/47447955800291
2026-07-28 03:38:04,Adorable Victorian Short Necklace Set,Default Title,AMS-102-12279,68686.0,New Arrival,1,0,1,https://www.theamethyststore.com/products/adorable-victorian-short-necklace-set?variant=gid://shopify/ProductVariant/47448050532579
2026-07-28 03:38:04,Hwasa Ring,8,"AMS-101-1685-08""",6900.0,New Arrival,2,0,2,https://www.theamethyststore.com/products/hwasa-ring?variant=gid://shopify/ProductVariant/47451262124259
2026-07-28 03:38:04,Hwasa Ring,10,"AMS-101-1685-10""",7100.0,New Arrival,2,0,2,https://www.theamethyststore.com/products/hwasa-ring?variant=gid://shopify/ProductVariant/47451262157027
2026-07-28 03:38:04,Hwasa Ring,12,"AMS-101-1685-12""",7400.0,New Arrival,2,0,2,https://www.theamethyststore.com/products/hwasa-ring?variant=gid://shopify/ProductVariant/47451262189795
2026-07-28 03:38:04,Hwasa Ring,14,"AMS-101-1685-14""",7600.0,New Arrival,1,0,1,https://www.theamethyststore.com/products/hwasa-ring?variant=gid://shopify/ProductVariant/47451262222563
2026-07-28 03:38:04,Sparkling Pair Bangles,"2.4""","AMS-107-2762-2.4""",55440.0,New Arrival,4,0,4,https://www.theamethyststore.com/products/sparkling-pair-bangles-1?variant=gid://shopify/ProductVariant/47451262615779
2026-07-28 03:38:04,Sparkling Pair Bangles,"2.6""","AMS-107-2762-2.6""",55792.0,New Arrival,2,0,2,https://www.theamethyststore.com/products/sparkling-pair-bangles-1?variant=gid://shopify/ProductVariant/47451262648547
2026-07-28 03:38:04,Sparkling Pair Bangles,"2.8""","AMS-107-2762-2.8""",56056.0,New Arrival,2,0,2,https://www.theamethyststore.com/products/sparkling-pair-bangles-1?variant=gid://shopify/ProductVariant/47451262681315
2026-07-28 03:38:04,Tanisha Spark Studs,Default Title,AMS-106-10796,9592.0,New Arrival,5,0,5,https://www.theamethyststore.com/products/studs-14?variant=gid://shopify/ProductVariant/47451270381795
2026-07-28 03:38:04,Triangle Studs,Default Title,AMS-106-10795,6952.0,New Arrival,4,0,4,https://www.theamethyststore.com/products/studs-15?variant=gid://shopify/ProductVariant/47451272315107
2026-07-28 03:38:04,Vikshi Ring,8,"AMS-101-1687-08""",1700.0,New Arrival,3,0,3,https://www.theamethyststore.com/products/vikshi-ring-1?variant=gid://shopify/ProductVariant/47451272675555
2026-07-28 03:38:04,Vikshi Ring,10,"AMS-101-1687-10""",1800.0,New Arrival,2,0,2,https://www.theamethyststore.com/products/vikshi-ring-1?variant=gid://shopify/ProductVariant/47451272708323
2026-07-28 03:38:04,Vikshi Ring,12,"AMS-101-1687-12""",2200.0,New Arrival,2,0,2,https://www.theamethyststore.com/products/vikshi-ring-1?variant=gid://shopify/ProductVariant/47451272741091
2026-07-28 03:38:04,Vikshi Ring,14,"AMS-101-1687-14""",2100.0,New Arrival,2,0,2,https://www.theamethyststore.com/products/vikshi-ring-1?variant=gid://shopify/ProductVariant/47451272773859
2026-07-28 03:38:04,Little Cute Studs,Default Title,AMS-106-10794,3784.0,New Arrival,4,0,4,https://www.theamethyststore.com/products/studs-16?variant=gid://shopify/ProductVariant/47451280736483
2026-07-28 03:38:04,Gleaming Studs,Default Title,AMS-106-10765,3344.0,New Arrival,3,0,3,https://www.theamethyststore.com/products/gleaming-studs-1?variant=gid://shopify/ProductVariant/47451317567715
2026-07-28 03:38:04,Sherin Ring,8,"AMS-101-1689-08""",3400.0,New Arrival,3,0,3,https://www.theamethyststore.com/products/ring-36?variant=gid://shopify/ProductVariant/47451342274787
2026-07-28 03:38:04,Sherin Ring,10,"AMS-101-1689-10""",3600.0,New Arrival,3,0,3,https://www.theamethyststore.com/products/ring-36?variant=gid://shopify/ProductVariant/47451342307555
2026-07-28 03:38:04,Sherin Ring,12,"AMS-101-1689-12""",3800.0,New Arrival,3,0,3,https://www.theamethyststore.com/products/ring-36?variant=gid://shopify/ProductVariant/47451342340323
2026-07-28 03:38:04,Sherin Ring,14,"AMS-101-1689-14""",4000.0,New Arrival,2,0,2,https://www.theamethyststore.com/products/ring-36?variant=gid://shopify/ProductVariant/47451342373091
2026-07-28 03:38:04,Twin Heart Studs,Default Title,AMS-106-10764,6600.0,New Arrival,2,0,2,https://www.theamethyststore.com/products/twin-heart-studs?variant=gid://shopify/ProductVariant/47451351613667
2026-07-28 03:38:04,Glitz Studs,Default Title,AMS-106-10715,6248.0,New Arrival,4,0,4,https://www.theamethyststore.com/products/glitz-studs-2?variant=gid://shopify/ProductVariant/47451401781475
2026-07-28 03:38:04,Mehitha Ring,8,"AMS-101-1690-08""",4300.0,New Arrival,3,0,3,https://www.theamethyststore.com/products/ring-37?variant=gid://shopify/ProductVariant/47451406860515
2026-07-28 03:38:04,Mehitha Ring,10,"AMS-101-1690-10""",4500.0,New Arrival,3,0,3,https://www.theamethyststore.com/products/ring-37?variant=gid://shopify/ProductVariant/47451406893283
2026-07-28 03:38:04,Mehitha Ring,12,"AMS-101-1690-12""",4600.0,New Arrival,2,0,2,https://www.theamethyststore.com/products/ring-37?variant=gid://shopify/ProductVariant/47451406926051
2026-07-28 03:38:04,Smirithi Ring,8,"AMS-101-1691-08""",4500.0,New Arrival,3,0,3,https://www.theamethyststore.com/products/smirithi-ring?variant=gid://shopify/ProductVariant/47451412857059
2026-07-28 03:38:04,Smirithi Ring,10,"AMS-101-1691-10""",4600.0,New Arrival,2,0,2,https://www.theamethyststore.com/products/smirithi-ring?variant=gid://shopify/ProductVariant/47451412889827
2026-07-28 03:38:04,Smirithi Ring,12,"AMS-101-1691-12""",4800.0,New Arrival,2,0,2,https://www.theamethyststore.com/products/smirithi-ring?variant=gid://shopify/ProductVariant/47451412922595
2026-07-28 03:38:04,Smirithi Ring,14,"AMS-101-1691-14""",4500.0,New Arrival,1,0,1,https://www.theamethyststore.com/products/smirithi-ring?variant=gid://shopify/ProductVariant/47451412988131
2026-07-28 03:38:04,Classic Swarovski Chain,Default Title,AMS-105-1388,5280.0,New Arrival,1,0,1,https://www.theamethyststore.com/products/classic-swarovski-chain?variant=gid://shopify/ProductVariant/47451425210595
2026-07-28 03:38:04,Pragalya Ring,12,"AMS-101-1692-12""",5400.0,New Arrival,2,0,2,https://www.theamethyststore.com/products/ring-38?variant=gid://shopify/ProductVariant/47451491762403
2026-07-28 03:38:04,Twin Heart Chain with Earrings,Default Title,AMS-105-1367,8888.0,New Arrival,3,0,3,https://www.theamethyststore.com/products/twin-heart-chain-with-earrings?variant=gid://shopify/ProductVariant/47451493695715
2026-07-28 03:38:04,Wanton Ring,8,"AMS-101-1693-08""",4600.0,New Arrival,2,0,2,https://www.theamethyststore.com/products/wanton-ring?variant=gid://shopify/ProductVariant/47451520893155
2026-07-28 03:38:04,Wanton Ring,10,"AMS-101-1693-10""",5400.0,New Arrival,2,0,2,https://www.theamethyststore.com/products/wanton-ring?variant=gid://shopify/ProductVariant/47451520925923
2026-07-28 03:38:04,Wanton Ring,12,"AMS-101-1693-12""",5600.0,New Arrival,2,0,2,https://www.theamethyststore.com/products/wanton-ring?variant=gid://shopify/ProductVariant/47451520958691
2026-07-28 03:38:04,Wanton Ring,14,"AMS-101-1693-14""",5800.0,New Arrival,2,0,2,https://www.theamethyststore.com/products/wanton-ring?variant=gid://shopify/ProductVariant/47451520991459
2026-07-28 03:38:04,Laydia Ring,14,"AMS-101-1694-14""",5900.0,New Arrival,1,0,1,https://www.theamethyststore.com/products/laydia-ring?variant=gid://shopify/ProductVariant/47451530887395
2026-07-28 03:38:04,Laydia Ring,16,"AMS-101-1694-16""",6100.0,New Arrival,2,0,2,https://www.theamethyststore.com/products/laydia-ring?variant=gid://shopify/ProductVariant/47456156877027
2026-07-28 03:38:04,Fancy Swarovski Bracelet,Default Title,AMS-103-0970,18480.0,New Arrival,4,0,4,https://www.theamethyststore.com/products/fancy-swarovski-bracelet?variant=gid://shopify/ProductVariant/47451723661539
2026-07-28 03:38:04,Shinning Swarovski Bracelet,Default Title,AMS-103-0968,15136.0,New Arrival,3,0,3,https://www.theamethyststore.com/products/shinning-swarovski-bracelet?variant=gid://shopify/ProductVariant/47451821539555
2026-07-28 03:38:04,Kiora Chain Type Bracelet,Default Title,AMS-103-0980,19448.0,New Arrival,2,0,2,https://www.theamethyststore.com/products/kiora-chain-type-bracelet?variant=gid://shopify/ProductVariant/47456149471459
2026-07-28 03:38:04,Ferikha Chain Type Bracelet,Default Title,AMS-103-0978,22792.0,New Arrival,2,0,2,https://www.theamethyststore.com/products/ferikha-chain-type-bracelet?variant=gid://shopify/ProductVariant/47456163004643
2026-07-28 03:38:04,Sriza Ring,12,"AMS-101-1695-12""",7700.0,New Arrival,1,0,1,https://www.theamethyststore.com/products/sriza-ring?variant=gid://shopify/ProductVariant/47456167821539
2026-07-28 03:38:04,Runica Ring,12,"AMS-101-1696-12""",7200.0,New Arrival,1,0,1,https://www.theamethyststore.com/products/ring-39?variant=gid://shopify/ProductVariant/47456176111843
2026-07-28 03:38:04,Royal Queen's  Ring,8,"AMS-101-1697-08""",8700.0,New Arrival,1,0,1,https://www.theamethyststore.com/products/ring-40?variant=gid://shopify/ProductVariant/47456184664291
2026-07-28 03:38:04,Royal Queen's  Ring,14,"AMS-101-1697-14""",10500.0,New Arrival,2,0,2,https://www.theamethyststore.com/products/ring-40?variant=gid://shopify/ProductVariant/47456183910627
2026-07-28 03:38:04,Lovely Pink Chain Type Bracelet,Default Title,AMS-103-0975,24376.0,New Arrival,4,0,4,https://www.theamethyststore.com/products/lovely-pink-chain-type-bracelet?variant=gid://shopify/ProductVariant/47456188137699
2026-07-28 03:38:04,Parvisha Ring,10,"AMS-101-1698-10""",2800.0,New Arrival,1,0,1,https://www.theamethyststore.com/products/ring-41?variant=gid://shopify/ProductVariant/47456193937635
2026-07-28 03:38:04,Parvisha Ring,14,"AMS-101-1698-14""",3000.0,New Arrival,1,0,1,https://www.theamethyststore.com/products/ring-41?variant=gid://shopify/ProductVariant/47456193249507
2026-07-28 03:38:04,Heart Spark Chain Type Bracelet,Default Title,AMS-103-0974,23936.0,New Arrival,2,0,2,https://www.theamethyststore.com/products/heart-spark-chain-type-bracelet?variant=gid://shopify/ProductVariant/47456193544419
2026-07-28 03:38:04,Classic Chain Type Bracelet,Default Title,AMS-103-0973,19272.0,New Arrival,4,0,4,https://www.theamethyststore.com/products/classic-chain-type-bracelet?variant=gid://shopify/ProductVariant/47456200720611
2026-07-28 03:38:04,Isabella Short Necklace Set,Default Title,AMS-102-12398,53768.0,New Arrival,2,0,2,https://www.theamethyststore.com/products/isabella-short-necklace-set?variant=gid://shopify/ProductVariant/47456241156323
2026-07-28 03:38:04,Multi Charm Chain Type Bracelet,Default Title,AMS-103-0949,29656.0,New Arrival,2,0,2,https://www.theamethyststore.com/products/multi-charm-chain-type-bracelet?variant=gid://shopify/ProductVariant/47456245907683
2026-07-28 03:38:04,Mary Short Necklace Set,Default Title,AMS-102-12399,34700.0,New Arrival,1,0,1,https://www.theamethyststore.com/products/mary-short-necklace-set?variant=gid://shopify/ProductVariant/47456260030691
2026-07-28 03:38:04,Princess Short Necklace Set,Default Title,AMS-102-12400,29656.0,New Arrival,2,0,2,https://www.theamethyststore.com/products/princess-short-necklace-set?variant=gid://shopify/ProductVariant/47456267370723
2026-07-28 03:38:04,Fantasy Short Necklace Set,Default Title,AMS-102-12625,37312.0,New Arrival,1,0,1,https://www.theamethyststore.com/products/short-necklace-set-12?variant=gid://shopify/ProductVariant/47456273629411
2026-07-28 03:38:04,Kashvini Ring,12,"AMS-101-1702-12""",8800.0,New Arrival,1,0,1,https://www.theamethyststore.com/products/ring-42?variant=gid://shopify/ProductVariant/47457657356515
2026-07-28 03:38:04,Cathrine Chain Type Bracelet,Default Title,AMS-103-0948,39424.0,New Arrival,2,0,2,https://www.theamethyststore.com/products/cathrine-chain-type-bracelet?variant=gid://shopify/ProductVariant/47458384543971
2026-07-28 03:38:04,Grandeur Shine Stone Ring,Default Title,AMS-101-1785,4757.0,New Arrival,2,0,2,https://www.theamethyststore.com/products/grandeur-shine-stone-ring?variant=gid://shopify/ProductVariant/47469387677923
2026-07-28 03:38:04,Anikha Kundan Short Necklace,Default Title,AMS-102-12662,41506.6,New Arrival,1,0,1,https://www.theamethyststore.com/products/anikha-kundan-short-necklace?variant=gid://shopify/ProductVariant/47469405995235
2026-07-28 03:38:04,Charming Kundan Earrings,Default Title,AMS-106-11035,45461.3,New Arrival,1,0,1,https://www.theamethyststore.com/products/charming-kundan-earrings?variant=gid://shopify/ProductVariant/47469452787939
2026-07-28 03:38:04,Heritage Kundan Short Necklace,Default Title,AMS-102-12669,35571.0,New Arrival,1,0,1,https://www.theamethyststore.com/products/heritage-kundan-short-necklace?variant=gid://shopify/ProductVariant/47469465403619
2026-07-28 03:38:04,Bhavikha Kundan Short Necklace,Default Title,AMS-102-12671,35159.2,New Arrival,1,0,1,https://www.theamethyststore.com/products/bhavikha-kundan-short-necklace?variant=gid://shopify/ProductVariant/47469470122211
2026-07-28 03:38:04,Rose Floral Kundan Jhumkas,Default Title,AMS-106-11060,18886.0,New Arrival,1,0,1,https://www.theamethyststore.com/products/rose-floral-kundan-jhumkas?variant=gid://shopify/ProductVariant/47469488210147
2026-07-28 03:38:04,Ekisha Kundan Jhumkas,Default Title,AMS-106-11063,20093.0,New Arrival,1,0,1,https://www.theamethyststore.com/products/ekisha-kundan-jhumkas?variant=gid://shopify/ProductVariant/47469515636963
2026-07-28 03:38:04,Aditri Kundan Jhumkas,Default Title,AMS-106-11064,18800.0,New Arrival,1,0,1,https://www.theamethyststore.com/products/aditri-kundan-jhumkas?variant=gid://shopify/ProductVariant/47469603815651
2026-07-28 03:38:04,Sparkling Peacock Nagas Drops,Default Title,AMS-106-11105,10569.0,New Arrival,1,0,1,https://www.theamethyststore.com/products/sparkling-peacock-nagas-drops?variant=gid://shopify/ProductVariant/47470099267811
2026-07-28 03:38:04,Bridal Kundan Maatal,Default Title,AMS-109-1943,25702.0,New Arrival,1,0,1,https://www.theamethyststore.com/products/bridal-kundan-maatal-1?variant=gid://shopify/ProductVariant/47470473019619
2026-07-28 03:38:04,Dishitha Nagas Jhumkas,Default Title,AMS-106-11100,35904.0,New Arrival,1,0,1,https://www.theamethyststore.com/products/dishitha-nagas-jhumkas?variant=gid://shopify/ProductVariant/47470665498851
2026-07-28 03:38:04,Catchy Kundan Studs,Default Title,AMS-106-11044,19652.8,New Arrival,1,0,1,https://www.theamethyststore.com/products/catchy-kundan-studs-1?variant=gid://shopify/ProductVariant/47471082766563
2026-07-28 03:38:04,Eternal Glow Kundan Jada Billa,Default Title,AMS-112-0635,16614.0,New Arrival,1,0,1,https://www.theamethyststore.com/products/eternal-glow-kundan-jada-billa?variant=gid://shopify/ProductVariant/47471210004707
2026-07-28 03:38:04,Bridal Kundan Jada Billa,Default Title,AMS-112-0636,52300.0,New Arrival,2,0,2,https://www.theamethyststore.com/products/kundan-jada-billa-1?variant=gid://shopify/ProductVariant/47471281340643
2026-07-28 03:38:04,Swasthikha Toe Ring,Default Title,AMS-117-0620,5822.0,New Arrival,2,0,2,https://www.theamethyststore.com/products/swasthikha-toe-ring?variant=gid://shopify/ProductVariant/47471427911907
2026-07-28 03:38:04,Shara Toe Ring,Default Title,AMS-117-0621,3720.4,New Arrival,2,0,2,https://www.theamethyststore.com/products/shara-toe-ring?variant=gid://shopify/ProductVariant/47471440232675
2026-07-28 03:38:04,Yasira Toe Ring,Default Title,AMS-117-0624,4189.0,New Arrival,2,0,2,https://www.theamethyststore.com/products/yasira-toe-ring?variant=gid://shopify/ProductVariant/47471446261987
2026-07-28 03:38:04,Vrindha Toe Ring,Default Title,AMS-117-0625,3876.6,New Arrival,2,0,2,https://www.theamethyststore.com/products/vrindha-toe-ring?variant=gid://shopify/ProductVariant/47471451046115
2026-07-28 03:38:04,Attractive Nagas Long Necklace,Default Title,AMS-102-13522,78071.6,New Arrival,1,0,1,https://www.theamethyststore.com/products/attractive-nagas-long-necklace?variant=gid://shopify/ProductVariant/47792064463075
2026-07-28 03:38:04,Aadhina Nagas Long Necklace Set,Default Title,AMS-102-13645,111798.0,New Arrival,1,0,1,https://www.theamethyststore.com/products/aadhina-nagas-long-necklace-set?variant=gid://shopify/ProductVariant/47792920264931
2026-07-28 03:38:04,Kanishka Nagas Short Necklace,Default Title,AMS-102-13543,24850.0,New Arrival,1,0,1,https://www.theamethyststore.com/products/kanishka-nagas-short-necklace?variant=gid://shopify/ProductVariant/47793155408099
2026-07-28 03:38:04,Shinning Kundan Long Necklace,Default Title,AMS-102-13689,216800.0,New Arrival,1,0,1,https://www.theamethyststore.com/products/long-necklace-20?variant=gid://shopify/ProductVariant/47793157800163
2026-07-28 03:38:04,Gorgeous Nagas Tikka,Default Title,AMS-109-1696,14256.0,New Arrival,5,0,5,https://www.theamethyststore.com/products/gorgeous-nagas-tikka?variant=gid://shopify/ProductVariant/47793457692899
2026-07-28 03:38:04,Aashini Nagas Short Necklace,Default Title,AMS-102-13583,21158.0,New Arrival,1,0,1,https://www.theamethyststore.com/products/aashini-nagas-short-necklace?variant=gid://shopify/ProductVariant/47793462083811
2026-07-28 03:38:04,Divine Glow Nagas Tikka,Default Title,AMS-109-1695,11900.0,New Arrival,2,0,2,https://www.theamethyststore.com/products/divine-glow-nagas-tikka?variant=gid://shopify/ProductVariant/47793463787747
2026-07-28 03:38:04,Tanusha Nagas Short Necklace,Default Title,AMS-102-13581,44872.0,New Arrival,1,0,1,https://www.theamethyststore.com/products/tanusha-nagas-short-necklace-1?variant=gid://shopify/ProductVariant/47793464574179
2026-07-28 03:38:04,Kenisha Kundan Needle Ear cuffs,Default Title,AMS-106-11985,7029.0,New Arrival,1,0,1,https://www.theamethyststore.com/products/kenisha-kundan-needle-ear-cuffs?variant=gid://shopify/ProductVariant/47793466048739
2026-07-28 03:38:04,Beautiful Chain,Default Title,AMS-105-1545,37630.0,New Arrival,1,0,1,https://www.theamethyststore.com/products/beautiful-chain?variant=gid://shopify/ProductVariant/47793478303971
2026-07-28 03:38:04,Fabulous Kundan Long Necklace,Default Title,AMS-102-13687,183989.4,New Arrival,1,0,1,https://www.theamethyststore.com/products/fabulous-kundan-long-necklace-1?variant=gid://shopify/ProductVariant/47793587814627
2026-07-28 03:38:04,Grandeur Nagas Pair Bangles,"2.6""","AMS-107-2998-2.6""",80321.0,New Arrival,1,0,1,https://www.theamethyststore.com/products/nagas-pair-bangles-4?variant=gid://shopify/ProductVariant/47793693327587
2026-07-28 03:38:04,Anura Stone Short Necklace,Default Title,AMS-102-13553,60776.0,New Arrival,1,0,1,https://www.theamethyststore.com/products/anura-stone-short-necklace?variant=gid://shopify/ProductVariant/47793798021347
2026-07-28 03:38:04,Aathesh Stone Short Necklace,Default Title,AMS-102-13580,65036.0,New Arrival,1,0,1,https://www.theamethyststore.com/products/aathesh-stone-short-necklace?variant=gid://shopify/ProductVariant/47794036834531
2026-07-28 03:38:04,Stunning Stone Maangtikka,Default Title,AMS-109-1700,46320.4,New Arrival,1,0,1,https://www.theamethyststore.com/products/stunning-stone-maangtikka?variant=gid://shopify/ProductVariant/47794044731619
2026-07-28 03:38:04,Fabulous Stone Maangtikka,Default Title,AMS-109-1701,41961.0,New Arrival,1,0,1,https://www.theamethyststore.com/products/fabulous-stone-maangtikka?variant=gid://shopify/ProductVariant/47794068947171
2026-07-28 03:38:04,Pretty Look Stone Maangtikka,Default Title,AMS-109-1702,40470.0,New Arrival,1,0,1,https://www.theamethyststore.com/products/pretty-look-stone-maangtikka?variant=gid://shopify/ProductVariant/47794092212451
2026-07-28 03:38:04,Srisha Stone Maangtikka,Default Title,AMS-109-1704,46661.2,New Arrival,1,0,1,https://www.theamethyststore.com/products/srisha-stone-maangtikka?variant=gid://shopify/ProductVariant/47794106106083
2026-07-28 03:38:04,Dhashikha Stone Maangtikka,Default Title,AMS-109-1705,41748.0,New Arrival,1,0,1,https://www.theamethyststore.com/products/dhashikha-stone-maangtikka?variant=gid://shopify/ProductVariant/47794138546403
2026-07-28 03:38:04,Manisha Stone Maangtikka,Default Title,AMS-109-1708,45766.6,New Arrival,1,0,1,https://www.theamethyststore.com/products/manisha-stone-maangtikka?variant=gid://shopify/ProductVariant/47794179965155
2026-07-28 03:38:04,Luxurious Stone Maangtikka,Default Title,AMS-109-1709,40399.0,New Arrival,1,0,1,https://www.theamethyststore.com/products/luxurious-stone-maangtikka?variant=gid://shopify/ProductVariant/47794188288227
2026-07-28 03:38:04,Nithrasa Stone Short Necklace,Default Title,AMS-102-13614,29820.0,New Arrival,1,0,1,https://www.theamethyststore.com/products/nithrasa-stone-short-necklace?variant=gid://shopify/ProductVariant/47794223743203
2026-07-28 03:38:04,Trishali Stone Short Necklace,Default Title,AMS-102-13584,60208.0,New Arrival,1,0,1,https://www.theamethyststore.com/products/trishali-stone-short-necklace?variant=gid://shopify/ProductVariant/47794253955299
2026-07-28 03:38:04,Sherikha Stone Short Necklace,Default Title,AMS-102-13613,30714.6,New Arrival,1,0,1,https://www.theamethyststore.com/products/sherikha-stone-short-necklace?variant=gid://shopify/ProductVariant/47794260607203
2026-07-28 03:38:04,Charika Hook Jhumkas,Default Title,AMS-106-12004,4118.0,New Arrival,1,0,1,https://www.theamethyststore.com/products/charika-hook-jhumkas?variant=gid://shopify/ProductVariant/47794429821155
2026-07-28 03:38:04,Jhansika Hook Jhumkas,Default Title,AMS-106-12009,4189.0,New Arrival,1,0,1,https://www.theamethyststore.com/products/jhansika-hook-jhumkas?variant=gid://shopify/ProductVariant/47794441289955
2026-07-28 03:38:04,Frithika Hook Jhumkas,Default Title,AMS-106-12010,7384.0,New Arrival,1,0,1,https://www.theamethyststore.com/products/frithika-hook-jhumkas?variant=gid://shopify/ProductVariant/47794446041315
2026-07-28 03:38:04,Janani Hook Jhumkas,Default Title,AMS-106-12012,3976.0,New Arrival,1,0,1,https://www.theamethyststore.com/products/janani-hook-jhumkas?variant=gid://shopify/ProductVariant/47794447712483
2026-07-28 03:38:04,Grand Kundan Short Necklace,Default Title,AMS-102-13808,83780.0,New Arrival,1,0,1,https://www.theamethyststore.com/products/grand-kundan-short-necklace?variant=gid://shopify/ProductVariant/47794509316323
2026-07-28 03:38:04,Abina Hook Jhumkas,Default Title,AMS-106-12015,6390.0,New Arrival,1,0,1,https://www.theamethyststore.com/products/abina-hook-jhumkas?variant=gid://shopify/ProductVariant/47794509381859
2026-07-28 03:38:04,Gleaming Stone Short Necklace,Default Title,AMS-102-13607,38624.0,New Arrival,1,0,1,https://www.theamethyststore.com/products/gleaming-stone-short-necklace-1?variant=gid://shopify/ProductVariant/47794512003299
2026-07-28 03:38:04,Jhansika Stone Short Necklace,Default Title,AMS-102-13620,101487.4,New Arrival,1,0,1,https://www.theamethyststore.com/products/jhansika-stone-short-necklace?variant=gid://shopify/ProductVariant/47794514067683
2026-07-28 03:38:04,Nitharsha Stone Short Necklace,Default Title,AMS-102-13627,68273.6,New Arrival,1,0,1,https://www.theamethyststore.com/products/stone-short-necklace-10?variant=gid://shopify/ProductVariant/47794518032611
2026-07-28 03:38:04,Amrutha Stone Long Necklace,Default Title,AMS-102-13577,85171.6,New Arrival,1,0,1,https://www.theamethyststore.com/products/amrutha-stone-long-necklace?variant=gid://shopify/ProductVariant/47794542870755
2026-07-28 03:38:04,Classic Nagas Pair Bangles,"2.8""","AMS-107-2900-2.8""",23998.0,New Arrival,1,0,1,https://www.theamethyststore.com/products/classic-nagas-pair-bangles?variant=gid://shopify/ProductVariant/47797060337891
2026-07-28 03:38:04,Vinathikha Nagas Pair Bangles,"2.6""","AMS-107-2994-2.6""",67936.0,New Arrival,1,0,1,https://www.theamethyststore.com/products/vinathikha-nagas-pair-bangles?variant=gid://shopify/ProductVariant/47797064794339
2026-07-28 03:38:04,Elina Nagas Pair Bangles,"2.6""","AMS-107-2995-2.6""",69168.0,New Arrival,4,0,4,https://www.theamethyststore.com/products/elina-nagas-pair-bangles?variant=gid://shopify/ProductVariant/47797070692579
2026-07-28 03:38:04,Chic & Fabulous Kundan Chain,Default Title,AMS-105-1540,41322.0,New Arrival,1,0,1,https://www.theamethyststore.com/products/chic-fabulous-kundan-chain?variant=gid://shopify/ProductVariant/47797102805219
2026-07-28 03:38:04,Sruthika Nagas Short Necklace,Default Title,AMS-102-13610,29749.0,New Arrival,1,0,1,https://www.theamethyststore.com/products/sruthika-nagas-short-necklace?variant=gid://shopify/ProductVariant/47797121220835
2026-07-28 03:38:04,Rishnikha Nagas Short Necklace,Default Title,AMS-102-13611,28684.0,New Arrival,1,0,1,https://www.theamethyststore.com/products/rishnikha-nagas-short-necklace?variant=gid://shopify/ProductVariant/47797145534691
2026-07-28 03:38:04,Haridhya Long Necklace Set,Default Title,AMS-102-13621,163726.0,New Arrival,1,0,1,https://www.theamethyststore.com/products/haridhya-long-necklace-set?variant=gid://shopify/ProductVariant/47797169062115
2026-07-28 03:38:04,Bridal Bullakku Nose pin,Default Title,AMS-113-0369,1300.0,New Arrival,2,0,2,https://www.theamethyststore.com/products/nose-pin-5?variant=gid://shopify/ProductVariant/47797257175267
2026-07-28 03:38:04,Dhishya Hook Jhumkas,Default Title,AMS-106-12017,4402.0,New Arrival,1,0,1,https://www.theamethyststore.com/products/dhishya-hook-jhumkas?variant=gid://shopify/ProductVariant/47797393096931
2026-07-28 03:38:04,Shine Floral Bullakku Nose pin,Default Title,AMS-113-0377,1300.0,New Arrival,1,0,1,https://www.theamethyststore.com/products/shine-floral-bullakku-nose-pin?variant=gid://shopify/ProductVariant/47797405876451
2026-07-28 03:38:04,Mayura Bullakku Nose pin,Default Title,AMS-113-0381,1300.0,New Arrival,3,0,3,https://www.theamethyststore.com/products/mayura-bullakku-nose-pin?variant=gid://shopify/ProductVariant/47797408694499
2026-07-28 03:38:04,Krithika Hook Jhumkas,Default Title,AMS-106-12100,5041.0,New Arrival,1,0,1,https://www.theamethyststore.com/products/hook-jhumkas-4?variant=gid://shopify/ProductVariant/47797408956643
2026-07-28 03:38:04,Irvika Hook Jhumkas,Default Title,AMS-106-12103,4118.0,New Arrival,1,0,1,https://www.theamethyststore.com/products/irvika-hook-jhumkas?variant=gid://shopify/ProductVariant/47797422948579
2026-07-28 03:38:04,Classic Bullakku Nose pin,Default Title,AMS-113-0394,1600.0,New Arrival,2,0,2,https://www.theamethyststore.com/products/classic-bullakku-nose-pin?variant=gid://shopify/ProductVariant/47797429338339
2026-07-28 03:38:04,Yashwini Bullakku Nose pin,Default Title,AMS-113-0395,1300.0,New Arrival,3,0,3,https://www.theamethyststore.com/products/yashwini-bullakku-nose-pin?variant=gid://shopify/ProductVariant/47797438906595
2026-07-28 03:38:04,Vinisha Hook Jhumkas,Default Title,AMS-106-12109,4970.0,New Arrival,1,0,1,https://www.theamethyststore.com/products/vinisha-hook-jhumkas?variant=gid://shopify/ProductVariant/47797442543843
2026-07-28 03:38:04,Brenda Hook Jhumkas,Default Title,AMS-106-12111,4402.0,New Arrival,1,0,1,https://www.theamethyststore.com/products/brenda-hook-jhumkas?variant=gid://shopify/ProductVariant/47797510439139
2026-07-28 03:38:04,Yasodha Hook Jhumkas,Default Title,AMS-106-12112,4544.0,New Arrival,1,0,1,https://www.theamethyststore.com/products/yasodha-hook-jhumkas?variant=gid://shopify/ProductVariant/47797576532195
2026-07-28 03:38:04,Farisha Nose pin,Default Title,AMS-113-0399,1300.0,New Arrival,1,0,1,https://www.theamethyststore.com/products/farisha-nose-pin?variant=gid://shopify/ProductVariant/47797582725347
2026-07-28 03:38:04,Srisha Hook Jhumkas,Default Title,AMS-106-12107,4402.0,New Arrival,1,0,1,https://www.theamethyststore.com/products/srisha-hook-jhumkas?variant=gid://shopify/ProductVariant/47797591867619
2026-07-28 03:38:04,Gowshikha Nose pin,Default Title,AMS-113-0404,1300.0,New Arrival,3,0,3,https://www.theamethyststore.com/products/gowshikha-nose-pin?variant=gid://shopify/ProductVariant/47797598486755
2026-07-28 03:38:04,Ashwikha Bullakku Nose pin,Default Title,AMS-113-0411,1300.0,New Arrival,3,0,3,https://www.theamethyststore.com/products/ashwikha-bullakku-nose-pin?variant=gid://shopify/ProductVariant/47797604876515
2026-07-28 03:38:04,Classy Hook Jhumkas,Default Title,AMS-106-12194,8023.0,New Arrival,1,0,1,https://www.theamethyststore.com/products/classy-hook-jhumkas?variant=gid://shopify/ProductVariant/47797610709219
2026-07-28 03:38:04,Alonza Bullakku Nose pin,Default Title,AMS-113-0412,1300.0,New Arrival,1,0,1,https://www.theamethyststore.com/products/alonza-bullakku-nose-pin?variant=gid://shopify/ProductVariant/47797612511459
2026-07-28 03:38:04,Liyasri Bullakku Nose pin,Default Title,AMS-113-0413,1300.0,New Arrival,1,0,1,https://www.theamethyststore.com/products/liyasri-bullakku-nose-pin?variant=gid://shopify/ProductVariant/47797623750883
2026-07-28 03:38:04,Calista Hook Jhumkas,Default Title,AMS-106-12195,4402.0,New Arrival,1,0,1,https://www.theamethyststore.com/products/calista-hook-jhumkas?variant=gid://shopify/ProductVariant/47797628141795
2026-07-28 03:38:04,Vithusha Stone Short Necklace,Default Title,AMS-102-13589,55451.0,New Arrival,1,0,1,https://www.theamethyststore.com/products/vithusha-stone-short-necklace?variant=gid://shopify/ProductVariant/47797647376611
2026-07-28 03:38:04,Shine Grandeur Kundan Ring,Default Title,AMS-101-1895,5964.0,New Arrival,1,0,1,https://www.theamethyststore.com/products/shine-grandeur-kundan-ring?variant=gid://shopify/ProductVariant/47797946253539
2026-07-28 03:38:04,Athesha Hook Jhumkas,Default Title,AMS-106-12125,4118.0,New Arrival,1,0,1,https://www.theamethyststore.com/products/athesha-hook-jhumkas?variant=gid://shopify/ProductVariant/47797949104355
2026-07-28 03:38:04,Thishya Hook Jhumkas,Default Title,AMS-106-12197,4260.0,New Arrival,1,0,1,https://www.theamethyststore.com/products/thishya-hook-jhumkas?variant=gid://shopify/ProductVariant/47797951496419
2026-07-28 03:38:04,Rithika Hook Jhumkas,Default Title,AMS-106-12203,4402.0,New Arrival,1,0,1,https://www.theamethyststore.com/products/rithika-hook-jhumkas?variant=gid://shopify/ProductVariant/47797954183395
2026-07-28 03:38:04,Moon Designed Kundan Ring,Default Title,AMS-101-1898,9088.0,New Arrival,1,0,1,https://www.theamethyststore.com/products/moon-designed-kundan-ring?variant=gid://shopify/ProductVariant/47797954347235
2026-07-28 03:38:04,Nithisha Kundan Ring,Default Title,AMS-101-1899,4402.0,New Arrival,1,0,1,https://www.theamethyststore.com/products/kundan-ring-9?variant=gid://shopify/ProductVariant/47797957263587
2026-07-28 03:38:04,Vinisha Hook Jhumkas,Default Title,AMS-106-12207,4686.0,New Arrival,1,0,1,https://www.theamethyststore.com/products/vinisha-hook-jhumkas-1?variant=gid://shopify/ProductVariant/47797960048867
2026-07-28 03:38:04,Rayna Hook Jhumkas,Default Title,AMS-106-12211,4402.0,New Arrival,1,0,1,https://www.theamethyststore.com/products/rayna-hook-jhumkas?variant=gid://shopify/ProductVariant/47797983969507
2026-07-28 03:38:04,Dheekshi Hook Jhumkas,Default Title,AMS-106-12217,3834.0,New Arrival,1,0,1,https://www.theamethyststore.com/products/dheekshi-hook-jhumkas?variant=gid://shopify/ProductVariant/47798005203171
2026-07-28 03:38:04,Unisha Kundan Ring,Default Title,AMS-101-1900,8520.0,New Arrival,1,0,1,https://www.theamethyststore.com/products/kundan-ring-10?variant=gid://shopify/ProductVariant/47798081028323
2026-07-28 03:38:04,Florikha Kundan Ring,Default Title,AMS-101-1901,3834.0,New Arrival,1,0,1,https://www.theamethyststore.com/products/florikha-kundan-ring?variant=gid://shopify/ProductVariant/47798084927715
2026-07-28 03:38:04,Dhishya Hook Jhumkas,Default Title,AMS-106-12196,4402.0,New Arrival,1,0,1,https://www.theamethyststore.com/products/dhishya-hook-jhumkas-1?variant=gid://shopify/ProductVariant/47798170190051
2026-07-28 03:38:04,Elisha Kundan Ring,Default Title,AMS-101-1905,8236.0,New Arrival,1,0,1,https://www.theamethyststore.com/products/elisha-kundan-ring-1?variant=gid://shopify/ProductVariant/47798181396707
2026-07-28 03:38:04,Ganishka Hook Jhumkas,Default Title,AMS-106-12229,4260.0,New Arrival,1,0,1,https://www.theamethyststore.com/products/ganishka-hook-jhumkas?variant=gid://shopify/ProductVariant/47798181986531
2026-07-28 03:38:04,Zethikha Kundan Ring,Default Title,AMS-101-1906,8236.0,New Arrival,1,0,1,https://www.theamethyststore.com/products/zethikha-kundan-ring?variant=gid://shopify/ProductVariant/47798277374179
2026-07-28 03:38:04,Dharinika Hook Jhumkas,Default Title,AMS-106-12231,4260.0,New Arrival,1,0,1,https://www.theamethyststore.com/products/dharinika-hook-jhumkas?variant=gid://shopify/ProductVariant/47798314402019
2026-07-28 03:38:04,Hritha Kundan Ring,Default Title,AMS-101-1907,10295.0,New Arrival,1,0,1,https://www.theamethyststore.com/products/hritha-kundan-ring?variant=gid://shopify/ProductVariant/47798316302563
2026-07-28 03:38:04,Nishali Kundan Ring,Default Title,AMS-101-1908,7313.0,New Arrival,1,0,1,https://www.theamethyststore.com/products/nishali-kundan-ring?variant=gid://shopify/ProductVariant/47798348873955
2026-07-28 03:38:04,Aura Kundan Ring,Default Title,AMS-101-1909,9301.0,New Arrival,1,0,1,https://www.theamethyststore.com/products/aura-kundan-ring?variant=gid://shopify/ProductVariant/47798385901795
2026-07-28 03:38:04,Shuchita Kundan Ring,Default Title,AMS-101-1912,4402.0,New Arrival,1,0,1,https://www.theamethyststore.com/products/shuchita-kundan-ring-1?variant=gid://shopify/ProductVariant/47798555771107
2026-07-28 03:38:04,Charm Hook Jhumkas,Default Title,AMS-106-12238,3905.0,New Arrival,1,0,1,https://www.theamethyststore.com/products/charm-hook-jhumkas?variant=gid://shopify/ProductVariant/47798590013667
2026-07-28 03:38:04,Athishkha Kundan Ring,Default Title,AMS-101-1913,4118.0,New Arrival,1,0,1,https://www.theamethyststore.com/products/athishkha-kundan-ring?variant=gid://shopify/ProductVariant/47798609379555
2026-07-28 03:38:04,Frizza Kundan Ring,Default Title,AMS-101-1914,4260.0,New Arrival,1,0,1,https://www.theamethyststore.com/products/frizza-kundan-ring-1?variant=gid://shopify/ProductVariant/47798672294115
2026-07-28 03:38:04,Grand Luxe Kundan Ring,Default Title,AMS-101-1915,9350.0,New Arrival,1,0,1,https://www.theamethyststore.com/products/vaishakha-kundan-ring?variant=gid://shopify/ProductVariant/47798722986211
2026-07-28 03:38:04,Chic & Fabulous Kundan Short Necklace,Default Title,AMS-102-13806,101743.0,New Arrival,1,0,1,https://www.theamethyststore.com/products/kundan-short-necklace-8?variant=gid://shopify/ProductVariant/47798916776163
2026-07-28 03:38:04,Elisha Hook Drops,Default Title,AMS-106-12003,5041.0,New Arrival,1,0,1,https://www.theamethyststore.com/products/elisha-hook-drops?variant=gid://shopify/ProductVariant/47798938009827
2026-07-28 03:38:04,Trendy Glow Kundan Studs,Default Title,AMS-106-12074,17608.0,New Arrival,2,0,2,https://www.theamethyststore.com/products/trendy-glow-kundan-studs?variant=gid://shopify/ProductVariant/47798958620899
2026-07-28 03:38:04,Liyana Kundan Earrings,Default Title,AMS-106-11568,31098.0,New Arrival,1,0,1,https://www.theamethyststore.com/products/liyana-kundan-earrings?variant=gid://shopify/ProductVariant/47798976774371
2026-07-28 03:38:04,Akshara Hook Drops,Default Title,AMS-106-12008,4828.0,New Arrival,1,0,1,https://www.theamethyststore.com/products/akshara-hook-drops?variant=gid://shopify/ProductVariant/47800647090403
2026-07-28 03:38:04,Lavanya Nagas Long Necklace,Default Title,AMS-102-15511,80450.0,New Arrival,1,0,1,https://www.theamethyststore.com/products/lavanya-nagas-long-necklace?variant=gid://shopify/ProductVariant/48890173456611
2026-07-28 03:38:04,Swathika Nagas Long Necklace,Default Title,AMS-102-15514,74200.0,New Arrival,1,0,1,https://www.theamethyststore.com/products/swathika-nagas-long-necklace?variant=gid://shopify/ProductVariant/48890202554595
2026-07-28 03:38:04,Atharika Nagas Long Necklace,Default Title,AMS-102-15515,76500.0,New Arrival,1,0,1,https://www.theamethyststore.com/products/atharika-nagas-long-necklace?variant=gid://shopify/ProductVariant/48890204258531
2026-07-28 03:38:04,Shivika Nagas Long Necklace,Default Title,AMS-102-15516,78800.0,New Arrival,1,0,1,https://www.theamethyststore.com/products/nagas-long-necklace-32?variant=gid://shopify/ProductVariant/48890211860707
2026-07-28 03:38:04,Ruthika Nagas Long Necklace,Default Title,AMS-102-15520,40300.0,New Arrival,1,0,1,https://www.theamethyststore.com/products/ruthika-nagas-long-necklace?variant=gid://shopify/ProductVariant/48890229031139
2026-07-28 03:38:04,Dharunika Long Earrings,Default Title,AMS-106-13692,17980.0,New Arrival,1,0,1,https://www.theamethyststore.com/products/dharunika-long-earrings?variant=gid://shopify/ProductVariant/48890663567587
2026-07-28 03:38:04,Yazhira Long Earrings,Default Title,AMS-106-13694,18060.0,New Arrival,1,0,1,https://www.theamethyststore.com/products/long-earrings-32?variant=gid://shopify/ProductVariant/48890669367523
2026-07-28 03:38:04,Saarmika Kundan Long Earrings,Default Title,AMS-106-13697,17620.0,New Arrival,1,0,1,https://www.theamethyststore.com/products/saarmika-kundan-long-earrings?variant=gid://shopify/ProductVariant/48890681524451
2026-07-28 03:38:04,Ahalyaa Kundan Long Earrings,Default Title,AMS-106-13698,17820.0,New Arrival,1,0,1,https://www.theamethyststore.com/products/kundan-long-earrings-5?variant=gid://shopify/ProductVariant/48890682736867
2026-07-28 03:38:04,Aathirai Kundan Long Earrings,Default Title,AMS-106-13699,16970.0,New Arrival,1,0,1,https://www.theamethyststore.com/products/aathirai-kundan-long-earrings?variant=gid://shopify/ProductVariant/48890685489379
2026-07-28 03:38:04,Yazhira Kundan Long Earrings,Default Title,AMS-106-13700,18370.0,New Arrival,1,0,1,https://www.theamethyststore.com/products/kundan-long-earrings-6?variant=gid://shopify/ProductVariant/48890690928867
2026-07-28 03:38:04,Vaishnira Kundan Long Earrings,Default Title,AMS-106-13701,16450.0,New Arrival,1,0,1,https://www.theamethyststore.com/products/vaishnira-kundan-long-earrings?variant=gid://shopify/ProductVariant/48890717307107
2026-07-28 03:38:04,Navishka Kundan Long Earrings,Default Title,AMS-106-13705,16330.0,New Arrival,1,0,1,https://www.theamethyststore.com/products/navishka-kundan-long-earrings?variant=gid://shopify/ProductVariant/48890785628387
2026-07-28 03:38:04,Floral Kundan Long Earrings,Default Title,AMS-106-13707,15570.0,New Arrival,1,0,1,https://www.theamethyststore.com/products/floral-kundan-long-earrings?variant=gid://shopify/ProductVariant/48890870661347
2026-07-28 03:38:04,Vrithika Kundan Necklace,Default Title,AMS-102-15544,73720.0,New Arrival,1,0,1,https://www.theamethyststore.com/products/vrithika-kundan-short-necklace?variant=gid://shopify/ProductVariant/48890875216099
2026-07-28 03:38:04,Aaradhya Kundan Long Earrings,Default Title,AMS-106-13708,15580.0,New Arrival,1,0,1,https://www.theamethyststore.com/products/aaradhya-kundan-long-earrings?variant=gid://shopify/ProductVariant/48890875445475
2026-07-28 03:38:04,Samaira Kundan Long Necklace,Default Title,AMS-102-15545,68500.0,New Arrival,1,0,1,https://www.theamethyststore.com/products/kundan-necklace-1?variant=gid://shopify/ProductVariant/48891011399907
2026-07-28 03:38:04,Roshvika Kundan Long Earrings,Default Title,AMS-106-13709,30300.0,New Arrival,1,0,1,https://www.theamethyststore.com/products/roshvika-kundan-long-earrings?variant=gid://shopify/ProductVariant/48891054883043
2026-07-28 03:38:04,Yalini Kundan Long Necklace,Default Title,AMS-102-15546,75900.0,New Arrival,1,0,1,https://www.theamethyststore.com/products/yalini-kundan-long-necklace?variant=gid://shopify/ProductVariant/48891169669347
2026-07-28 03:38:04,Lakshmi 3D Spl Pendant,Default Title,AMS-104-4033,48400.0,New Arrival,1,0,1,https://www.theamethyststore.com/products/lakshmi-3d-spl-pendant-1?variant=gid://shopify/ProductVariant/48891237236963
2026-07-28 03:38:04,Nethraya Kundan Chain,Default Title,AMS-105-1933,14550.0,New Arrival,1,0,1,https://www.theamethyststore.com/products/nethraya-kundan-chain?variant=gid://shopify/ProductVariant/48891257159907
2026-07-28 03:38:04,DIana Kundan Long Necklace,Default Title,AMS-102-15547,92300.0,New Arrival,1,0,1,https://www.theamethyststore.com/products/diana-kundan-long-necklace?variant=gid://shopify/ProductVariant/48891260829923
2026-07-28 03:38:04,Sharvika Kundan Chain,Default Title,AMS-105-1935,14500.0,New Arrival,1,0,1,https://www.theamethyststore.com/products/sharvika-kundan-chain?variant=gid://shopify/ProductVariant/48891319615715
2026-07-28 03:38:04,Yaazira Kundan Chain,Default Title,AMS-105-1936,13870.0,New Arrival,1,0,1,https://www.theamethyststore.com/products/yaazira-kundan-chain?variant=gid://shopify/ProductVariant/48891329773795
2026-07-28 03:38:04,Kavinaya Kundan Chain,Default Title,AMS-105-1937,11400.0,New Arrival,1,0,1,https://www.theamethyststore.com/products/kavinaya-kundan-chain?variant=gid://shopify/ProductVariant/48891409367267
2026-07-28 03:38:04,Fivika Kundan Long Necklace,Default Title,AMS-102-15548,92300.0,New Arrival,1,0,1,https://www.theamethyststore.com/products/kundan-long-necklace-17?variant=gid://shopify/ProductVariant/48891451801827
2026-07-28 03:38:04,Lakshmi Mugappu Chain,Default Title,AMS-105-1891,15450.0,New Arrival,1,0,1,https://www.theamethyststore.com/products/lakshmi-mugappu-chain-3?variant=gid://shopify/ProductVariant/48891496792291
2026-07-28 03:38:04,Henisha Kundan Long Necklace,Default Title,AMS-102-15552,75600.0,New Arrival,1,0,1,https://www.theamethyststore.com/products/kundan-long-necklace-18?variant=gid://shopify/ProductVariant/48891508719843
2026-07-28 03:38:04,Elegant Mugappu Chain,Default Title,AMS-105-1892,15920.0,New Arrival,1,0,1,https://www.theamethyststore.com/products/elegant-mugappu-chain-1?variant=gid://shopify/ProductVariant/48891509801187
2026-07-28 03:38:04,Tharvika Mugappu Chain,Default Title,AMS-105-1893,14870.0,New Arrival,1,0,1,https://www.theamethyststore.com/products/tharvika-mugappu-chain?variant=gid://shopify/ProductVariant/48891522023651
2026-07-28 03:38:04,Dhiksha Kundan Short Necklace,Default Title,AMS-102-15549,46400.0,New Arrival,1,0,1,https://www.theamethyststore.com/products/dhiksha-kundan-short-necklace?variant=gid://shopify/ProductVariant/48891581006051
2026-07-28 03:38:04,Varisha Kundan Short Necklace,Default Title,AMS-102-15550,45400.0,New Arrival,1,0,1,https://www.theamethyststore.com/products/varisha-kundan-short-necklace?variant=gid://shopify/ProductVariant/48891633795299
2026-07-28 03:38:04,Yaalika Mugappu Chain,Default Title,AMS-105-1896,16200.0,New Arrival,1,0,1,https://www.theamethyststore.com/products/yaalika-mugappu-chain?variant=gid://shopify/ProductVariant/48891652112611
2026-07-28 03:38:04,Viditha Nagas Short Necklace,Default Title,AMS-102-15512,33000.0,New Arrival,1,0,1,https://www.theamethyststore.com/products/viditha-nagas-short-necklace?variant=gid://shopify/ProductVariant/48891785707747
2026-07-28 03:38:04,Royal Stone Bracelet,Default Title,AMS-103-1249,34950.0,New Arrival,1,0,1,https://www.theamethyststore.com/products/stone-bracelet-7?variant=gid://shopify/ProductVariant/48903085916387
2026-07-28 03:38:04,Attractive Stone Bracelet,Default Title,AMS-103-1250,31500.0,New Arrival,1,0,1,https://www.theamethyststore.com/products/attractive-stone-bracelet-1?variant=gid://shopify/ProductVariant/48903086899427
2026-07-28 03:38:04,Varshitha Mugappu Chain,Default Title,AMS-105-1898,14700.0,New Arrival,1,0,1,https://www.theamethyststore.com/products/mugappu-chain-15?variant=gid://shopify/ProductVariant/48903088767203
2026-07-28 03:38:04,Catchy Beads Chain,Default Title,AMS-105-1899,7920.0,New Arrival,1,0,1,https://www.theamethyststore.com/products/catchy-beads-chain?variant=gid://shopify/ProductVariant/48903092044003
2026-07-28 03:38:04,Vivera Nagas Earings,Default Title,AMS-106-2237,29950.0,New Arrival,1,0,1,https://www.theamethyststore.com/products/vivera-nagas-earings?variant=gid://shopify/ProductVariant/48903106232547
2026-07-28 03:38:04,Janvikha Stone Jhumkas,Default Title,AMS-106-10834,25300.0,New Arrival,1,0,1,https://www.theamethyststore.com/products/stone-jhumkas-7?variant=gid://shopify/ProductVariant/48903225606371
2026-07-28 03:38:04,Maala Kundan Studs,Default Title,AMS-106-13354,6800.0,New Arrival,6,0,6,https://www.theamethyststore.com/products/maala-kundan-studs?variant=gid://shopify/ProductVariant/48903240450275
2026-07-28 03:38:04,Dhivasri Stone Jhumkas,Default Title,AMS-106-13424,24800.0,New Arrival,1,0,1,https://www.theamethyststore.com/products/dhivasri-stone-jhumkas?variant=gid://shopify/ProductVariant/48903245267171
2026-07-28 03:38:04,Dhankshika Stone Jhumkas,Default Title,AMS-106-13425,31600.0,New Arrival,1,0,1,https://www.theamethyststore.com/products/dhankshika-stone-jhumkas?variant=gid://shopify/ProductVariant/48903263879395
2026-07-28 03:38:04,Vitharsa Diamond Design Studs,Default Title,AMS-106-13430,6336.0,New Arrival,1,0,1,https://www.theamethyststore.com/products/diamond-design-studs-7?variant=gid://shopify/ProductVariant/48903298089187
2026-07-28 03:38:04,Floral Diamond Design Studs,Default Title,AMS-106-13432,7128.0,New Arrival,1,0,1,https://www.theamethyststore.com/products/floral-diamond-design-studs-1?variant=gid://shopify/ProductVariant/48903298515171
2026-07-28 03:38:04,Thara Moissanite Hair Maatal,Default Title,AMS-109-2291,46200.0,New Arrival,4,0,4,https://www.theamethyststore.com/products/thara-moissanite-hair-maatal?variant=gid://shopify/ProductVariant/48903340490979
2026-07-28 03:38:04,Vedhika Kundan Drops,Default Title,AMS-106-13672,9350.0,New Arrival,1,0,1,https://www.theamethyststore.com/products/vedhika-kundan-drops?variant=gid://shopify/ProductVariant/48903347896547
2026-07-28 03:38:04,Unique Bugadi Earrings,Default Title,AMS-106-13675,11900.0,New Arrival,1,0,1,https://www.theamethyststore.com/products/bugadi-earrings-3?variant=gid://shopify/ProductVariant/48903351664867
2026-07-28 03:38:04,Yamini Kundan Studs,Default Title,AMS-106-13677,8500.0,New Arrival,1,0,1,https://www.theamethyststore.com/products/yamini-kundan-studs-1?variant=gid://shopify/ProductVariant/48903352484067
2026-07-28 03:38:04,Arvika Single Bangle,"2.4""",AMS-107-3113-2.4,23400.0,New Arrival,1,0,1,https://www.theamethyststore.com/products/single-bangle-8?variant=gid://shopify/ProductVariant/48903353434339
2026-07-28 03:38:04,Trithika Choker Necklace Set,Default Title,AMS-102-15427,51128.0,New Arrival,1,0,1,https://www.theamethyststore.com/products/choker-necklace-set-1?variant=gid://shopify/ProductVariant/48903355334883
2026-07-28 03:38:04,Aryvika Choker Necklace Set,Default Title,AMS-102-15428,50952.0,New Arrival,1,0,1,https://www.theamethyststore.com/products/aryvika-choker-necklace-set?variant=gid://shopify/ProductVariant/48903355924707
2026-07-28 03:38:04,Cute Choker Necklace Set,Default Title,AMS-102-15430,38896.0,New Arrival,1,0,1,https://www.theamethyststore.com/products/cute-choker-necklace-set?variant=gid://shopify/ProductVariant/48903356186851
2026-07-28 03:38:04,Dhanvikha Long Necklace Set,Default Title,AMS-102-15426,51480.0,New Arrival,2,0,2,https://www.theamethyststore.com/products/dhanvikha-long-necklace-set?variant=gid://shopify/ProductVariant/48903359529187
2026-07-28 03:38:04,Radha Krishna 3D Spl Pendant,Default Title,AMS-104-3974,10208.0,New Arrival,1,0,1,https://www.theamethyststore.com/products/radha-krishna-3d-spl-pendant-1?variant=gid://shopify/ProductVariant/48903363297507
2026-07-28 03:38:04,Monica Long Necklace,Default Title,AMS-102-15445,51392.0,New Arrival,1,0,1,https://www.theamethyststore.com/products/monica-long-necklace?variant=gid://shopify/ProductVariant/48903363592419
2026-07-28 03:38:04,God Vinayaga 3D Spl Pendant,Default Title,AMS-104-3959,14784.0,New Arrival,1,0,1,https://www.theamethyststore.com/products/3d-spl-pendant-14?variant=gid://shopify/ProductVariant/48903368966371
2026-07-28 03:38:04,Sanjana Short Necklace,Default Title,AMS-102-15448,65032.0,New Arrival,1,0,1,https://www.theamethyststore.com/products/sanjana-short-necklace-2?variant=gid://shopify/ProductVariant/48903390953699
2026-07-28 03:38:04,Aisha Choker Necklace Set,Default Title,AMS-102-15478,55968.0,New Arrival,1,0,1,https://www.theamethyststore.com/products/aisha-choker-necklace-set?variant=gid://shopify/ProductVariant/48903403569379
2026-07-28 03:38:04,Jesitha Plain Chain,Default Title,AMS-105-1883-20,14480.0,New Arrival,3,0,3,https://www.theamethyststore.com/products/jesitha-plain-chain?variant=gid://shopify/ProductVariant/48903414644963
2026-07-28 03:38:04,Dipthin Chain With Earrings,Default Title,AMS-105-1879,24464.0,New Arrival,2,0,2,https://www.theamethyststore.com/products/dipthin-chain-with-earrings?variant=gid://shopify/ProductVariant/48903428112611
2026-07-28 03:38:04,Jhivikha Chain With Earrings,Default Title,AMS-105-1880,21700.0,New Arrival,2,0,2,https://www.theamethyststore.com/products/jhivikha-chain-with-earrings?variant=gid://shopify/ProductVariant/48903428341987
2026-07-28 03:38:04,Pragya Stone Short  Necklace,Default Title,AMS-102-15525,30000.0,New Arrival,1,0,1,https://www.theamethyststore.com/products/pragya-stone-short-necklace?variant=gid://shopify/ProductVariant/48903434338531
2026-07-28 03:38:04,Akashara Pair Bangle,"2.6""","AMS-107-3124-2.6""",48928.0,New Arrival,1,0,1,https://www.theamethyststore.com/products/pair-bangle-25?variant=gid://shopify/ProductVariant/48903435288803
2026-07-28 03:38:04,Akashara Pair Bangle,"2.8""","AMS-107-3124-2.8""",58256.0,New Arrival,1,0,1,https://www.theamethyststore.com/products/pair-bangle-25?variant=gid://shopify/ProductVariant/49098824548579
2026-07-28 03:38:04,Srika Pair Bangle,"2.6""",AMs-107-3126-2.6,43648.0,New Arrival,1,0,1,https://www.theamethyststore.com/products/srika-pair-bangle?variant=gid://shopify/ProductVariant/48903439778019
2026-07-28 03:38:04,Srika Pair Bangle,"2.8""","AMS-107-3126-2.8""",45232.0,New Arrival,1,0,1,https://www.theamethyststore.com/products/srika-pair-bangle?variant=gid://shopify/ProductVariant/49098802921699
2026-07-28 03:38:04,Nethrika Stone Short Necklace,Default Title,AMS-102-15528,42760.0,New Arrival,1,0,1,https://www.theamethyststore.com/products/nethrika-stone-short-necklace?variant=gid://shopify/ProductVariant/48903439810787
2026-07-28 03:38:04,Luxurious Stone Short Necklace,Default Title,AMS-102-15530,62600.0,New Arrival,1,0,1,https://www.theamethyststore.com/products/stone-short-necklace-14?variant=gid://shopify/ProductVariant/48903439876323
2026-07-28 03:38:04,Attractive Kundan Choker,Default Title,AMS-102-15553,71600.0,New Arrival,1,0,1,https://www.theamethyststore.com/products/kundan-choker-15?variant=gid://shopify/ProductVariant/48903445250275
2026-07-28 03:38:04,Hridika Stone Short Necklace,Default Title,AMS-102-15687,44120.0,New Arrival,1,0,1,https://www.theamethyststore.com/products/hridika-stone-short-necklace?variant=gid://shopify/ProductVariant/48903448166627
2026-07-28 03:38:04,Zeyora Stone Short Necklace,Default Title,AMS-102-15679,28520.0,New Arrival,1,0,1,https://www.theamethyststore.com/products/darshika-stone-short-necklace?variant=gid://shopify/ProductVariant/48903453901027
2026-07-28 03:38:04,Eshmita Stone Short Necklace,Default Title,AMS-102-15669,28420.0,New Arrival,1,0,1,https://www.theamethyststore.com/products/eshmita-stone-short-necklace?variant=gid://shopify/ProductVariant/48903459045603
2026-07-28 03:38:04,Dhivya Stone Pendant,Default Title,AMS-104-4000,12950.0,New Arrival,3,0,3,https://www.theamethyststore.com/products/dhivya-stone-pendant?variant=gid://shopify/ProductVariant/48903459406051
2026-07-28 03:38:04,Tavira Stone Short Necklace,Default Title,AMS-102-15673,22980.0,New Arrival,1,0,1,https://www.theamethyststore.com/products/tavira-stone-short-necklace?variant=gid://shopify/ProductVariant/48903461077219
2026-07-28 03:38:04,Thrithika Stone Pendant,Default Title,AMS-104-4001,9700.0,New Arrival,1,0,1,https://www.theamethyststore.com/products/stone-pendant-25?variant=gid://shopify/ProductVariant/48903470317795
2026-07-28 03:38:04,Trishaya Stone Short Necklace,Default Title,AMS-102-15672,22570.0,New Arrival,1,0,1,https://www.theamethyststore.com/products/trishaya-stone-short-necklace?variant=gid://shopify/ProductVariant/48903470973155
2026-07-28 03:38:04,Avirika Stone Short Necklace,Default Title,AMS-102-15659,29300.0,New Arrival,1,0,1,https://www.theamethyststore.com/products/avirika-stone-short-necklace?variant=gid://shopify/ProductVariant/48903477952739
2026-07-28 03:38:04,Vaishira Stone Short Necklace,Default Title,AMS-102-15644,27870.0,New Arrival,1,0,1,https://www.theamethyststore.com/products/vaishira-stone-short-necklace?variant=gid://shopify/ProductVariant/48903486931171
2026-07-28 03:38:04,Samaira Stone Pendant,Default Title,AMS-104-4004,10600.0,New Arrival,1,0,1,https://www.theamethyststore.com/products/samaira-stone-pendant?variant=gid://shopify/ProductVariant/48903489618147
2026-07-28 03:38:04,Glitz Stone Short Necklace,Default Title,AMS-102-15632,22230.0,New Arrival,1,0,1,https://www.theamethyststore.com/products/stone-short-necklace-15?variant=gid://shopify/ProductVariant/48903504462051
2026-07-28 03:38:04,Zaanvika Stone Short Necklace,Default Title,AMS-102-15631,18680.0,New Arrival,1,0,1,https://www.theamethyststore.com/products/zaanvika-stone-short-necklace?variant=gid://shopify/ProductVariant/48903527497955
2026-07-28 03:38:04,Aarika Nagas Pendant,Default Title,AMS-104-4027,7304.0,New Arrival,1,0,1,https://www.theamethyststore.com/products/aarika-nagas-pendant?variant=gid://shopify/ProductVariant/48903528120547
2026-07-28 03:38:04,Grandeur Stone Short Necklace,Default Title,AMS-102-15527,46570.0,New Arrival,1,0,1,https://www.theamethyststore.com/products/grandeur-stone-short-necklace?variant=gid://shopify/ProductVariant/48903530086627
2026-07-28 03:38:04,Vaishira Stone Short Necklace,Default Title,AMS-102-15643,21670.0,New Arrival,1,0,1,https://www.theamethyststore.com/products/vaishira-stone-short-necklace-1?variant=gid://shopify/ProductVariant/48903533986019
2026-07-28 03:38:04,Zivanya Stone Short Necklace,Default Title,AMS-102-15642,21950.0,New Arrival,1,0,1,https://www.theamethyststore.com/products/zivanya-stone-short-necklace?variant=gid://shopify/ProductVariant/48903537623267
2026-07-28 03:38:04,Riyanaa Stone Short Necklace,Default Title,AMS-102-15535,18440.0,New Arrival,1,0,1,https://www.theamethyststore.com/products/riyanaa-stone-short-necklace?variant=gid://shopify/ProductVariant/48903540113635
2026-07-28 03:38:04,Aadhya Stone Jada Billa,Default Title,AMS-112-0792,11500.0,New Arrival,1,0,1,https://www.theamethyststore.com/products/aadhya-stone-jada-billa?variant=gid://shopify/ProductVariant/48903540179171
2026-07-28 03:38:04,Chaarvi Stone Jada Billa,Default Title,AMS-112-0796,11500.0,New Arrival,1,0,1,https://www.theamethyststore.com/products/chaarvi-stone-jada-billa?variant=gid://shopify/ProductVariant/48903541096675
2026-07-28 03:38:04,Evania Stone Jada Billa,Default Title,AMS-112-0797,9400.0,New Arrival,1,0,1,https://www.theamethyststore.com/products/evania-stone-jada-billa?variant=gid://shopify/ProductVariant/48903545618659
2026-07-28 04:52:02,Splendid Rakhi,Default Title,AMS-116-0015,1496.0,Sale,1,5,4,https://www.theamethyststore.com/products/splendid-rakhi?variant=gid://shopify/ProductVariant/43147152064739
2026-07-28 04:52:02,Rounded Silver Rakhi,Default Title,AMS-116-0014,1496.0,Sale,1,5,4,https://www.theamethyststore.com/products/rounded-silver-rakhi?variant=gid://shopify/ProductVariant/43147195056355
2026-07-28 05:08:03,Samara Stone Nose Pin,Default Title,AMS-113-0293,3900.0,Restock,5,1,6,https://www.theamethyststore.com/products/samara-stone-nose-pin?variant=gid://shopify/ProductVariant/46120854028515
2026-07-28 05:08:03,Attractive Moissanite Pair Bangles,"2.4""",AMS-107-1963-2.4,54400.0,New Arrival,2,0,2,https://www.theamethyststore.com/products/moissanite-pair-bangles-1?variant=gid://shopify/ProductVariant/46347206361315
2026-07-28 05:08:03,Attractive Moissanite Pair Bangles,"2.6""","AMS-107-1963-2.6""",55000.0,New Arrival,1,0,1,https://www.theamethyststore.com/products/moissanite-pair-bangles-1?variant=gid://shopify/ProductVariant/49467544240355
2026-07-28 05:08:03,Unique Kundan Vanki,Default Title,AMS-112-0828,21400.0,Restock,2,1,3,https://www.theamethyststore.com/products/nagas-vanki-2?variant=gid://shopify/ProductVariant/49279017681123
2026-07-28 05:08:03,Grace Kundan Pair Bangle,"2.4""","AMS-107-3320-2.4""",65420.0,Restock,1,0,1,https://www.theamethyststore.com/products/kundan-pair-bangle-17?variant=gid://shopify/ProductVariant/49373457121507
2026-07-28 05:22:19,Ravishing Navarathna Pair Bangles,"2.4""","AMS-107-0318-2.4""",24345.9,Restock,1,0,1,https://www.theamethyststore.com/products/ravishing-navarathna-pair-bangles?variant=gid://shopify/ProductVariant/43134110925027
2026-07-28 05:22:19,Rupani Nagas Pair Bangle,"2.6""","AMS-107-1076-2.6""",64602.9,Restock,1,0,1,https://www.theamethyststore.com/products/rupani-nagas-pair-bangle?variant=gid://shopify/ProductVariant/44352546373859
2026-07-28 05:22:19,Amali Kundan Studs,Default Title,AMS-106-6593,21300.0,Restock,1,0,1,https://www.theamethyststore.com/products/amali-kundan-studs?variant=gid://shopify/ProductVariant/45478757761251
2026-07-28 05:22:19,Boho Alchemy Earrings,Default Title,AMS-106-8959,30536.0,Restock,1,0,1,https://www.theamethyststore.com/products/boho-alchemy-earrings?variant=gid://shopify/ProductVariant/46902418211043
2026-07-28 05:22:19,Luxurious Avikam Long Earrings,Default Title,AMS-106-9577,14800.0,New Arrival,2,0,2,https://www.theamethyststore.com/products/avikam-long-earrings-2?variant=gid://shopify/ProductVariant/48876327862499
2026-07-28 05:22:19,Kenisha Kundan Jhumkas,Default Title,AMS-106-14865,28170.0,Restock,1,1,2,https://www.theamethyststore.com/products/kenisha-kundan-jhumkas?variant=gid://shopify/ProductVariant/49375726633187
2026-07-28 05:22:19,Athiraka Diamond Design Studs,Default Title,AMS-106-15022,16100.0,Restock,1,1,2,https://www.theamethyststore.com/products/diamond-design-studs-26?variant=gid://shopify/ProductVariant/49420700942563
2026-07-28 05:37:38,White Kundan Bracelet,Default Title,AMS-103-0302,19000.0,New Arrival,1,0,1,https://www.theamethyststore.com/products/white-kundan-bracelet?variant=gid://shopify/ProductVariant/43521666384099
2026-07-28 05:37:38,Kritik Kundan Studs,Default Title,AMS-106-4853,21526.0,Restock,1,0,1,https://www.theamethyststore.com/products/kritik-studs?variant=gid://shopify/ProductVariant/43970040791267
2026-07-28 05:37:38,Adhani Choker Necklace,Default Title,AMS-102-7032,89076.6,Restock,1,0,1,https://www.theamethyststore.com/products/adhani-choker-necklace?variant=gid://shopify/ProductVariant/45509372739811
2026-07-28 05:37:38,Boho Charm Bracelet,Default Title,AMS-103-0790,36800.0,Restock,1,0,1,https://www.theamethyststore.com/products/boho-charm-bracelet?variant=gid://shopify/ProductVariant/46915006267619
2026-07-28 05:37:38,Luna Tribe Bracelet,Default Title,AMS-103-0775,38100.0,Restock,1,0,1,https://www.theamethyststore.com/products/luna-tribe-bracelet?variant=gid://shopify/ProductVariant/46915031204067
2026-07-28 05:37:38,Chic & Trendy Short Necklace,Black,AMS-102-7255-Black,11300.0,Restock,1,9,10,https://www.theamethyststore.com/products/short-necklace-18?variant=gid://shopify/ProductVariant/47067941699811
2026-07-28 05:37:38,Devika Drop Earrings,Default Title,AMS-106-10180,5104.0,Restock,1,0,1,https://www.theamethyststore.com/products/devika-drop-earrings?variant=gid://shopify/ProductVariant/47081252782307
2026-07-28 05:37:38,Stunning Nagas Jhumkas,Default Title,AMS-106-10958,43441.0,Restock,1,0,1,https://www.theamethyststore.com/products/stunning-nagas-jhumkas?variant=gid://shopify/ProductVariant/47339035001059
2026-07-28 05:37:38,Stunning Victorian Jhumkas,Default Title,AMS-106-11436,50800.0,Restock,1,0,1,https://www.theamethyststore.com/products/stunning-victorian-jhumkas?variant=gid://shopify/ProductVariant/47696805331171
2026-07-28 05:37:38,Joshika Chain With Earrings,Default Title,AMS-105-1878,22600.0,Restock,4,0,4,https://www.theamethyststore.com/products/joshika-chain-with-earrings?variant=gid://shopify/ProductVariant/48903414546659
2026-07-28 05:37:38,Jagallakshmi Victorian Studs,Default Title,AMS-106-13791,6800.0,Sale,1,2,1,https://www.theamethyststore.com/products/victorian-studs-5?variant=gid://shopify/ProductVariant/48927316771043
2026-07-28 05:37:38,Girija 3D Spl Pendant,Default Title,AMS-104-4111,31944.0,Restock,1,0,1,https://www.theamethyststore.com/products/3d-spl-pendant-23?variant=gid://shopify/ProductVariant/48957471785187
2026-07-28 05:53:24,Taahira Kundan Ring,Default Title,AMS-101-0844,9776.7,Restock,1,2,3,https://www.theamethyststore.com/products/taahira-kundan-ring?variant=gid://shopify/ProductVariant/46272065863907
2026-07-28 05:53:24,Golden Beauty Choker Set,Default Title,AMS-102-10131,60800.0,New Arrival,1,0,1,https://www.theamethyststore.com/products/golden-beauty-choker-set?variant=gid://shopify/ProductVariant/46905820676323
2026-07-28 05:53:24,Aabharana Kundan Ring,Default Title,AMS-101-1367,4300.0,Restock,1,2,3,https://www.theamethyststore.com/products/aabharana-kundan-ring?variant=gid://shopify/ProductVariant/46979796107491
2026-07-28 05:53:24,Shinning Charm Kundan Ring,Default Title,AMS-101-1368,3067.2,Restock,1,0,1,https://www.theamethyststore.com/products/shinning-charm-kundan-ring?variant=gid://shopify/ProductVariant/46979838378211
2026-07-28 05:53:24,Aadhya Avikam Short Necklace Set,Default Title,AMS-102-10914,30400.0,Restock,1,0,1,https://www.theamethyststore.com/products/aadhya-avikam-short-necklace-set?variant=gid://shopify/ProductVariant/47070691033315
2026-07-28 05:53:24,Yathini Kundan Ring,Default Title,AMS-101-1904,3834.0,Restock,1,0,1,https://www.theamethyststore.com/products/yathini-kundan-ring?variant=gid://shopify/ProductVariant/47798170681571
2026-07-28 05:53:24,Trendy Glow Avikam Short Necklace Set,Default Title,AMS-102-14775,21000.0,New Arrival,1,0,1,https://www.theamethyststore.com/products/trendy-glow-avikam-short-necklace-set-1?variant=gid://shopify/ProductVariant/48301958529251
2026-07-28 05:53:24,Blissful Avikam Short Necklace,Default Title,AMS-102-14788,50500.0,Restock,1,1,2,https://www.theamethyststore.com/products/blissful-avikam-short-necklace?variant=gid://shopify/ProductVariant/48302037827811
2026-07-28 05:53:24,Hwasaa Short Necklace,Default Title,AMS-102-11399,122500.0,Restock,1,0,1,https://www.theamethyststore.com/products/hwasaa-short-necklace?variant=gid://shopify/ProductVariant/48399887335651
2026-07-28 05:53:24,Hesika Short Necklace Set,Default Title,AMS-102-15309,25200.0,New Arrival,1,0,1,https://www.theamethyststore.com/products/hesika-short-necklace-set?variant=gid://shopify/ProductVariant/48774647578851
2026-07-28 05:53:24,Tranika Kundan Choker,Default Title,AMS-102-15541,30600.0,Restock,1,0,1,https://www.theamethyststore.com/products/tranika-kundan-choker?variant=gid://shopify/ProductVariant/48890697810147
2026-07-28 05:53:24,Rahini Kundan Long Necklace,Default Title,AMS-102-15877,115200.0,New Arrival,1,0,1,https://www.theamethyststore.com/products/rahini-kundan-long-necklace?variant=gid://shopify/ProductVariant/48993795145955
2026-07-28 07:52:55,Isvarikha Stone Pendant,Default Title,AMS-104-4190,8300.0,Sold Out,1,1,0,https://www.theamethyststore.com/products/stone-pendant-40?variant=gid://shopify/ProductVariant/49276623782115
2026-07-28 08:37:24,Pearl Studs,Default Title,AMS-106-2105-MS,4048.0,Sale,1,5,4,https://www.theamethyststore.com/products/pearl-studs?variant=gid://shopify/ProductVariant/42018690695395
2026-07-28 08:37:24,Dharshitha Kundan Earrings,Default Title,AMS-106-10357,31950.0,Sale,1,2,1,https://www.theamethyststore.com/products/dharshitha-kundan-earrings?variant=gid://shopify/ProductVariant/47236340613347
2026-07-28 09:38:38,"Mangalsutra Chain Double layer-24""",Default Title,AMS-105-0382-M,6500.0,Sale,1,13,12,https://www.theamethyststore.com/products/mangalsutra-chain-double-layer-24?variant=gid://shopify/ProductVariant/46779086012643
2026-07-28 10:08:14,Stella Stone Maangtikka,Default Title,AMS-109-1425,18800.0,Restock,1,0,1,https://www.theamethyststore.com/products/stella-stone-maangtikka?variant=gid://shopify/ProductVariant/46410622173411
2026-07-28 10:38:02,Stella Stone Maangtikka,Default Title,AMS-109-1425,18800.0,Sold Out,1,1,0,https://www.theamethyststore.com/products/stella-stone-maangtikka?variant=gid://shopify/ProductVariant/46410622173411
2026-07-28 13:23:33,Divine Look Victorian Pendant set,Default Title,AMS-104-4732,40100.0,Sale,1,3,2,https://www.theamethyststore.com/products/divine-look-victorian-pendant-set?variant=gid://shopify/ProductVariant/49447993508067
2026-07-28 13:38:16,Elegant Nagas Short Necklace,Default Title,AMS-102-15586,28420.0,Sold Out,1,1,0,https://www.theamethyststore.com/products/elegant-nagas-short-necklace-5?variant=gid://shopify/ProductVariant/48971134107875
2026-07-28 13:52:41,Mango Designed Stone Pendant,Default Title,AMS-104-2383,2840.0,Sale,1,5,4,https://www.theamethyststore.com/products/mango-designed-stone-pendant?variant=gid://shopify/ProductVariant/46417565712611
2026-07-28 14:08:33,Sabithi Kundan Long Necklace,Default Title,AMS-102-6993,100581.0,Sale,1,3,2,https://www.theamethyststore.com/products/sabithi-kundan-long-necklace?variant=gid://shopify/ProductVariant/45429372322019
2026-07-28 14:08:33,Sharvitha Layer Long Necklace,Default Title,AMS-102-8585,127342.0,Sale,1,3,2,https://www.theamethyststore.com/products/sharvitha-layer-long-necklace?variant=gid://shopify/ProductVariant/46059781161187
2026-07-28 14:08:33,Hazli Stone Earrings,Default Title,AMS-106-5318,31247.0,Sold Out,1,1,0,https://www.theamethyststore.com/products/hazli-stone-earrings?variant=gid://shopify/ProductVariant/44321572225251
2026-07-28 14:08:33,Shayana Kundan Earrings,Default Title,AMS-106-4727,33202.0,Sold Out,1,1,0,https://www.theamethyststore.com/products/shayana-kundan-earrings?variant=gid://shopify/ProductVariant/44361229861091
2026-07-28 14:08:33,Shanta Choker Set,Default Title,AMS-102-5802,130423.0,Sold Out,1,1,0,https://www.theamethyststore.com/products/shanta-choker-set?variant=gid://shopify/ProductVariant/44659175358691
2026-07-28 14:08:33,Haritha Kundan Necklace Set,Default Title,AMS-102-8404,107900.0,Sold Out,1,1,0,https://www.theamethyststore.com/products/haritha-kundan-necklace-set?variant=gid://shopify/ProductVariant/45993770942691
2026-07-28 14:08:33,Aarmina Long Necklace Set,Default Title,AMS-102-10322,159088.0,Sold Out,1,1,0,https://www.theamethyststore.com/products/aarmina-long-necklace-set?variant=gid://shopify/ProductVariant/46764612059363
2026-07-28 14:08:33,Moon Designed Long Earrings,Default Title,AMS-106-8840,33352.0,Sold Out,1,1,0,https://www.theamethyststore.com/products/moon-designed-long-earrings?variant=gid://shopify/ProductVariant/46910844928227
2026-07-28 14:08:33,Lakshatra Long Earrings,Default Title,AMS-106-10259,22034.0,Sold Out,1,1,0,https://www.theamethyststore.com/products/lakshatra-long-earrings?variant=gid://shopify/ProductVariant/47198965661923
2026-07-28 14:08:33,Eshana Drops,Default Title,AMS-106-13419,30800.0,Sold Out,1,1,0,https://www.theamethyststore.com/products/kundan-drops-6?variant=gid://shopify/ProductVariant/48635891843299
2026-07-28 14:08:33,Shri Choker,Default Title,AMS-102-14025,50424.0,Sold Out,1,1,0,https://www.theamethyststore.com/products/shri-choker?variant=gid://shopify/ProductVariant/48032414302435
2026-07-28 14:23:11,Diptika Mangalsutra Chain With Earrings,Default Title,AMS-105-0810,12200.0,Sale,1,3,2,https://www.theamethyststore.com/products/diptika-mangalsutra-chain-with-earrings?variant=gid://shopify/ProductVariant/46240092127459
2026-07-28 14:23:11,Classy Look Long Earrings,Default Title,AMS-106-10306,18844.0,Sale,1,3,2,https://www.theamethyststore.com/products/classy-look-long-earrings?variant=gid://shopify/ProductVariant/47202000568547
2026-07-28 14:23:11,Delightful Kundan Sheeshphool,Default Title,AMS-112-0261,30948.0,Sold Out,1,1,0,https://www.theamethyststore.com/products/delightful-kundan-sheeshphool?variant=gid://shopify/ProductVariant/43325423059171
2026-07-28 14:23:11,Sways Kundan Drops,Default Title,AMS-106-5240,19422.0,Sold Out,1,1,0,https://www.theamethyststore.com/products/sways-kundan-drops?variant=gid://shopify/ProductVariant/44273890197731
2026-07-28 14:23:11,Ayusha Kundan Choker,Default Title,AMS-102-5742,100144.0,Sold Out,1,1,0,https://www.theamethyststore.com/products/ayusha-kundan-choker?variant=gid://shopify/ProductVariant/44542544707811
2026-07-28 14:23:11,Vithya Beads Necklace,Default Title,AMS-102-7433,51699.0,Sold Out,1,1,0,https://www.theamethyststore.com/products/vithya-beads-necklace?variant=gid://shopify/ProductVariant/45829534679267
2026-07-28 14:23:11,Gypsy Dream Catcher Earrings,Default Title,AMS-106-8894,13680.0,Sold Out,1,1,0,https://www.theamethyststore.com/products/gypsy-dream-catcher-earrings?variant=gid://shopify/ProductVariant/46912696189155
2026-07-28 14:23:11,Paradise Vibes Earrings,Default Title,AMS-106-8907,22747.0,Sold Out,1,1,0,https://www.theamethyststore.com/products/paradise-vibes-earrings?variant=gid://shopify/ProductVariant/46913111884003
2026-07-28 14:23:11,Twilight Garden Earrings,Default Title,AMS-106-8912,16544.0,Sold Out,1,1,0,https://www.theamethyststore.com/products/twilight-garden-earrings?variant=gid://shopify/ProductVariant/46913120141539
2026-07-28 14:23:11,Sparkle Charm Choker Set,Default Title,AMS-102-12567,50939.0,Sold Out,1,1,0,https://www.theamethyststore.com/products/sparkle-charm-choker-set?variant=gid://shopify/ProductVariant/47384923373795
2026-07-28 14:23:11,Vikitha Avikam Necklace Set,Default Title,AMS-102-16780,32100.0,Sold Out,1,1,0,https://www.theamethyststore.com/products/vikitha-avikam-necklace-set?variant=gid://shopify/ProductVariant/49421201932515
2026-07-28 14:52:51,Cheerful Avikam Bracelet,Default Title,AMS-103-0418,16000.0,Sale,1,3,2,https://www.theamethyststore.com/products/cheerful-avikam-bracelet?variant=gid://shopify/ProductVariant/44522072506595
2026-07-28 14:52:51,Heriya Stone Ring,Default Title,AMS-101-0593,8435.0,Sale,1,2,1,https://www.theamethyststore.com/products/heriya-stone-ring?variant=gid://shopify/ProductVariant/45435806515427
2026-07-28 14:52:51,Glowing Victorian Ring,Default Title,AMS-101-0928,7548.0,Sale,1,2,1,https://www.theamethyststore.com/products/glowing-victorian-ring?variant=gid://shopify/ProductVariant/46767832596707
2026-07-28 14:52:51,Rudra Diamond Design Ring,Default Title,AMS-101-2004,8272.0,Sale,1,3,2,https://www.theamethyststore.com/products/rudra-diamond-design-ring?variant=gid://shopify/ProductVariant/48342055059683
2026-07-28 14:52:51,Flawless Victorian Choker Set,Default Title,AMS-102-5140,76094.0,Sold Out,1,1,0,https://www.theamethyststore.com/products/flawless-victorian-choker-set?variant=gid://shopify/ProductVariant/44074595451107
2026-07-28 14:52:51,Square Designed Victorian Ring,Default Title,AMS-101-0765,9900.0,Sold Out,1,1,0,https://www.theamethyststore.com/products/square-designed-victorian-ring?variant=gid://shopify/ProductVariant/46100217364707
2026-07-28 14:52:51,Avathika Victorian Ring,Default Title,AMS-101-1175,7119.0,Sold Out,1,1,0,https://www.theamethyststore.com/products/avathika-victorian-ring?variant=gid://shopify/ProductVariant/46767881060579
2026-07-28 14:52:51,Shinning Victorian Choker Set,Default Title,AMS-102-10294,67188.0,Sold Out,1,1,0,https://www.theamethyststore.com/products/shinning-victorian-choker-set?variant=gid://shopify/ProductVariant/46915725983971
2026-07-28 15:08:05,Panache Navarathna Necklace,Default Title,AMS-102-1443,63900.0,Sale,1,4,3,https://www.theamethyststore.com/products/navarathana-panache-silver-gold-plated-necklace?variant=gid://shopify/ProductVariant/37408893993110
2026-07-28 18:38:30,Aura & Adorn Rings,Default Title,AMS-101-1060,6230.96,Sold Out,1,1,0,https://www.theamethyststore.com/products/aura-adorn-rings?variant=gid://shopify/ProductVariant/46942902026467
2026-07-28 18:38:30,Amazing Rings,Default Title,AMS-101-1061,5597.64,Sold Out,1,1,0,https://www.theamethyststore.com/products/amazing-rings?variant=gid://shopify/ProductVariant/46942905762019
2026-07-28 18:38:30,Chic & Fabulous Rings,Default Title,AMS-101-1070,4409.1,Sold Out,1,1,0,https://www.theamethyststore.com/products/chic-fabulous-rings?variant=gid://shopify/ProductVariant/46942915297507
2026-07-28 18:38:30,Radiant Nagas Long Necklace,Default Title,AMS-102-10875,152018.1,Sold Out,1,1,0,https://www.theamethyststore.com/products/radiant-nagas-long-necklace?variant=gid://shopify/ProductVariant/46942926307555
2026-07-28 18:38:30,Attractive Rings,Default Title,AMS-101-1074,4313.96,Sold Out,1,1,0,https://www.theamethyststore.com/products/attractive-rings?variant=gid://shopify/ProductVariant/46942931714275
2026-07-28 18:38:30,Drishya Nagas Short Necklace,Default Title,AMS-102-10936,80897.4,Sold Out,1,1,0,https://www.theamethyststore.com/products/drishya-nagas-short-necklace?variant=gid://shopify/ProductVariant/46942941413603
2026-07-28 18:38:30,Sherlin Nagas Short Necklace,Default Title,AMS-102-10938,87606.9,Sold Out,1,1,0,https://www.theamethyststore.com/products/sherlin-nagas-short-necklace?variant=gid://shopify/ProductVariant/46942943248611
2026-07-28 18:38:30,Glowing Charm Rings,Default Title,AMS-101-1079,5042.42,Sold Out,1,1,0,https://www.theamethyststore.com/products/glowing-charm-rings?variant=gid://shopify/ProductVariant/46942943510755
2026-07-28 18:38:30,Elisha Kundan Maatal,Default Title,AMS-109-1756,16294.5,Sold Out,1,1,0,https://www.theamethyststore.com/products/elisha-kundan-maatal?variant=gid://shopify/ProductVariant/46942960353507
2026-07-28 18:38:30,Rani Nagas Short Necklace,Default Title,AMS-102-10939,75338.1,Sold Out,1,1,0,https://www.theamethyststore.com/products/rani-nagas-short-necklace?variant=gid://shopify/ProductVariant/46943017009379
2026-07-28 18:38:30,Sparkling Bracelet,Default Title,AMS-103-0849,46262.0,Sold Out,1,1,0,https://www.theamethyststore.com/products/sparkling-bracelet?variant=gid://shopify/ProductVariant/46943020908771
2026-07-28 18:38:30,Yamini Nagas Short Necklace,Default Title,AMS-102-10940,89332.2,Sold Out,1,1,0,https://www.theamethyststore.com/products/yamini-nagas-short-necklace?variant=gid://shopify/ProductVariant/46943033360611
2026-07-28 18:38:30,Disha Nagas Short Necklace,Default Title,AMS-102-10941,92399.4,Sold Out,1,1,0,https://www.theamethyststore.com/products/disha-nagas-short-necklace?variant=gid://shopify/ProductVariant/46943160631523
2026-07-28 18:38:30,Avanthika Nagas Short Necklace,Default Title,AMS-102-10942,77638.5,Sold Out,1,1,0,https://www.theamethyststore.com/products/nagas-short-necklace-2?variant=gid://shopify/ProductVariant/46943170461923
2026-07-28 18:38:30,Navisha Nagas Short Necklace,Default Title,AMS-102-10946,82719.26,Sold Out,1,1,0,https://www.theamethyststore.com/products/navisha-nagas-short-necklace-1?variant=gid://shopify/ProductVariant/46943188353251
2026-07-28 18:38:30,Chic Talisman Long Necklace,Default Title,AMS-102-11030,51216.0,Sold Out,1,1,0,https://www.theamethyststore.com/products/chic-talisman-long-necklace?variant=gid://shopify/ProductVariant/46943189106915
2026-07-28 18:38:30,Yashiba Nagas Long Necklace,Default Title,AMS-102-10947,154560.0,Sold Out,1,1,0,https://www.theamethyststore.com/products/yashiba-nagas-long-necklace?variant=gid://shopify/ProductVariant/46943194841315
2026-07-28 18:38:30,Anusha Nagas Long Necklace,Default Title,AMS-102-10948,151251.3,Sold Out,1,1,0,https://www.theamethyststore.com/products/anusha-nagas-long-necklace?variant=gid://shopify/ProductVariant/46943199789283
2026-07-28 18:38:30,Wander Soul Pendants,Default Title,AMS-104-2809,43036.0,Sold Out,1,1,0,https://www.theamethyststore.com/products/wander-soul-pendants?variant=gid://shopify/ProductVariant/46943215517923
2026-07-28 18:38:30,Rishmitha Nagas Long Necklace,Default Title,AMS-102-10950,145596.86,Sold Out,1,1,0,https://www.theamethyststore.com/products/rishmitha-nagas-long-necklace?variant=gid://shopify/ProductVariant/46943219744995
2026-07-28 18:38:30,Aadhira Nagas Long Necklace,Default Title,AMS-102-10955,137065.5,Sold Out,1,1,0,https://www.theamethyststore.com/products/aadhira-nagas-long-necklace-1?variant=gid://shopify/ProductVariant/46943232622819
2026-07-28 18:38:30,Avantika Nagas Long Necklace,Default Title,AMS-102-10958,153935.1,Sold Out,1,1,0,https://www.theamethyststore.com/products/avantika-nagas-long-necklace?variant=gid://shopify/ProductVariant/46943384469731
2026-07-28 18:38:30,Grand Look Necklace Set,Default Title,AMS-102-11021,211552.0,Sold Out,1,1,0,https://www.theamethyststore.com/products/grand-look-long-necklace-set-1?variant=gid://shopify/ProductVariant/46943442174179
2026-07-28 18:38:30,Winifred Necklace Set,Default Title,AMS-102-11006,167024.0,Sold Out,1,1,0,https://www.theamethyststore.com/products/winifred-long-necklace-set?variant=gid://shopify/ProductVariant/46943681085667
2026-07-28 18:38:30,Amazing Boho Choker Set,Default Title,AMS-102-11012,89936.0,Sold Out,1,1,0,https://www.theamethyststore.com/products/amazing-boho-choker-set?variant=gid://shopify/ProductVariant/46943773819107
2026-07-28 18:38:30,Mesmerizing Boho Choker Set,Default Title,AMS-102-11016,70224.0,Sold Out,1,1,0,https://www.theamethyststore.com/products/mesmerizing-boho-choker-set?variant=gid://shopify/ProductVariant/46943778767075
2026-07-28 18:38:30,Bhavika Nagas Long Necklace,Default Title,AMS-102-10419,42174.0,Sold Out,1,1,0,https://www.theamethyststore.com/products/bhavika-nagas-long-necklace-1?variant=gid://shopify/ProductVariant/46947148726499
2026-07-28 18:38:30,Modelesque Nagas Long Necklace,Default Title,AMS-102-10605,78597.0,Sold Out,1,1,0,https://www.theamethyststore.com/products/nagas-long-necklace-5?variant=gid://shopify/ProductVariant/46947189096675
2026-07-28 18:38:30,Fetching Nagas Short Necklace Set,Default Title,AMS-102-10841,73243.6,Sold Out,1,1,0,https://www.theamethyststore.com/products/fetching-nagas-short-necklace-set?variant=gid://shopify/ProductVariant/46947255156963
2026-07-28 18:38:30,Nivetha Nagas Long Necklace,Default Title,AMS-102-10632,90195.56,Sold Out,1,1,0,https://www.theamethyststore.com/products/nivetha-nagas-long-necklace?variant=gid://shopify/ProductVariant/46947256598755
2026-07-28 18:38:30,Graceful Nagas Long Necklace,Default Title,AMS-102-10636,95083.2,Sold Out,1,1,0,https://www.theamethyststore.com/products/graceful-nagas-long-necklace?variant=gid://shopify/ProductVariant/46947272360163
2026-07-28 18:38:30,Anicha Nagas Short Necklace,Default Title,AMS-102-10603,75529.8,Sold Out,1,1,0,https://www.theamethyststore.com/products/anicha-nagas-short-necklace?variant=gid://shopify/ProductVariant/46947290153187
2026-07-28 18:38:30,Bhavisha Nagas Short Necklace,Default Title,AMS-102-10638,76254.0,Sold Out,1,1,0,https://www.theamethyststore.com/products/bhavisha-nagas-short-necklace?variant=gid://shopify/ProductVariant/46947298509027
2026-07-28 18:38:30,Shinning Charm Nagas Short Necklace Set,Default Title,AMS-102-10846,55976.4,Sold Out,1,1,0,https://www.theamethyststore.com/products/shinning-charm-nagas-short-necklace-set?variant=gid://shopify/ProductVariant/46947325280483
2026-07-28 18:38:30,Rithvikaa Nagas Short Necklace Set,Default Title,AMS-102-10701,68245.2,Sold Out,1,1,0,https://www.theamethyststore.com/products/rithvikaa-nagas-short-necklace-set?variant=gid://shopify/ProductVariant/46947347628259
2026-07-28 18:38:30,Unique Nagas Pair Bangle,"2.8""","AMS-107-2351-2.8""",46583.1,Sold Out,1,1,0,https://www.theamethyststore.com/products/unique-nagas-pair-bangle?variant=gid://shopify/ProductVariant/46947393568995
2026-07-28 18:38:30,Yugitha Nagas Short Necklace Set,Default Title,AMS-102-10740,63452.7,Sold Out,1,1,0,https://www.theamethyststore.com/products/yugitha-nagas-short-necklace-set?variant=gid://shopify/ProductVariant/46947396255971
2026-07-28 18:38:30,Bridal Nagas Tikka,Default Title,AMS-109-1651,37803.24,Sold Out,1,1,0,https://www.theamethyststore.com/products/bridal-nagas-tikka?variant=gid://shopify/ProductVariant/46947604300003
2026-07-28 18:38:30,Nainikha Nagas Tikka,Default Title,AMS-109-1652,40065.3,Sold Out,1,1,0,https://www.theamethyststore.com/products/nainikha-nagas-tikka?variant=gid://shopify/ProductVariant/46947607937251
2026-07-28 18:38:30,Dharshikha Nagas Tikka,Default Title,AMS-109-1653,43991.6,Sold Out,1,1,0,https://www.theamethyststore.com/products/dharshikha-nagas-tikka?variant=gid://shopify/ProductVariant/46947609772259
2026-07-28 18:38:30,Shinning Charms Nagas Tikka,Default Title,AMS-109-1654,60423.84,Sold Out,1,1,0,https://www.theamethyststore.com/products/shinning-charms-nagas-tikka?variant=gid://shopify/ProductVariant/46947615441123
2026-07-28 18:38:30,Shri Nagas Nakshi Pendant,Default Title,AMS-104-2709,15833.0,Sold Out,1,1,0,https://www.theamethyststore.com/products/shri-nagas-nakshi-pendant?variant=gid://shopify/ProductVariant/46947662987491
2026-07-28 18:38:30,Rosie Posie Nagas Studs,Default Title,AMS-106-9164,3642.3,Sold Out,1,1,0,https://www.theamethyststore.com/products/rosie-posie-nagas-studs?variant=gid://shopify/ProductVariant/46947763814627
2026-07-28 18:38:30,Prathika Stone Long Necklace,Default Title,AMS-102-10589,92265.92,Sold Out,1,1,0,https://www.theamethyststore.com/products/prathika-stone-long-necklace?variant=gid://shopify/ProductVariant/46964809203939
2026-07-28 18:38:30,Shinning Green Stone Pair Bangle,"2.6""",AMS-107-2275-2.6'',22620.6,Sold Out,1,1,0,https://www.theamethyststore.com/products/shinning-green-stone-pair-bangle?variant=gid://shopify/ProductVariant/46965085667555
2026-07-28 18:38:30,Attractive Men's Kada Bracelet,"2.2""",AMS-103-0808-2.2'',12978.8,Sold Out,1,1,0,https://www.theamethyststore.com/products/bracelet-2?variant=gid://shopify/ProductVariant/46965398962403
2026-07-28 18:38:30,Attractive Men's Kada Bracelet,"2.8""",AMS-103-0808-2.8'',27100.0,Sold Out,2,2,0,https://www.theamethyststore.com/products/bracelet-2?variant=gid://shopify/ProductVariant/48952494129379
2026-07-28 18:38:30,Shinning Stone Jhumkas,Default Title,AMS-106-9719,47190.0,Sold Out,1,1,0,https://www.theamethyststore.com/products/stone-jhumkas-2?variant=gid://shopify/ProductVariant/46968680546531
2026-07-28 18:38:30,Yashashvini Chain,Default Title,AMS-105-1040,25496.1,Sold Out,1,1,0,https://www.theamethyststore.com/products/yashashvini-chain?variant=gid://shopify/ProductVariant/46968704106723
2026-07-28 18:38:30,Farithalekha Stone Chain,Default Title,AMS-105-1046,28200.0,Sold Out,1,1,0,https://www.theamethyststore.com/products/farithalekha-stone-chain?variant=gid://shopify/ProductVariant/46968726356195
2026-07-28 18:38:30,Gorgeous Look Stone Pendant,Default Title,AMS-104-2717,17924.66,Sold Out,1,1,0,https://www.theamethyststore.com/products/gorgeous-look-stone-pendant?variant=gid://shopify/ProductVariant/46968888590563
2026-07-28 18:38:30,Grandeur Long Necklace,Default Title,AMS-102-10630,112336.2,Sold Out,1,1,0,https://www.theamethyststore.com/products/grandeur-long-necklace?variant=gid://shopify/ProductVariant/46970702102755
2026-07-28 18:38:30,Pretty Avikam Long Necklace Set,Default Title,AMS-102-10270,149815.0,Sold Out,1,1,0,https://www.theamethyststore.com/products/pretty-avikam-long-necklace-set?variant=gid://shopify/ProductVariant/46970764296419
2026-07-28 18:38:30,Chic Layered Avikam Long Necklace Set,Default Title,AMS-102-10274,146165.0,Sold Out,1,1,0,https://www.theamethyststore.com/products/chic-layered-avikam-long-necklace-set-1?variant=gid://shopify/ProductVariant/46970781434083
2026-07-28 18:38:30,Ishithasri Avikam Long Necklace Set,Default Title,AMS-102-10277,160404.0,Sold Out,1,1,0,https://www.theamethyststore.com/products/ishithasri-avikam-long-necklace-set?variant=gid://shopify/ProductVariant/46970785235171
2026-07-28 18:38:30,Elina Short Necklace Set,Default Title,AMS-102-10222,28200.0,Sold Out,1,1,0,https://www.theamethyststore.com/products/elina-short-necklace-set-1?variant=gid://shopify/ProductVariant/46970795262179
2026-07-28 18:38:30,Freya Long Necklace Set,Default Title,AMS-102-10224,36344.0,Sold Out,1,1,0,https://www.theamethyststore.com/products/freya-long-necklace-set?variant=gid://shopify/ProductVariant/46970820460771
2026-07-28 18:38:30,Hailey Short Necklace Set,Default Title,AMS-102-10225,71896.0,Sold Out,2,2,0,https://www.theamethyststore.com/products/hailey-short-necklace-set?variant=gid://shopify/ProductVariant/46970840449251
2026-07-28 18:38:30,Meher Short Necklace Set,Default Title,AMS-102-11037,156552.0,Sold Out,1,1,0,https://www.theamethyststore.com/products/meher-short-necklace-set?variant=gid://shopify/ProductVariant/46970866598115
2026-07-28 18:38:30,Saanvi Chain with Earrings,Default Title,AMS-105-1001,11352.0,Sold Out,4,4,0,https://www.theamethyststore.com/products/saanvi-chain-with-earings?variant=gid://shopify/ProductVariant/46970965885155
2026-07-28 18:38:30,Yuvika Chain with Earrings,Default Title,AMS-105-1002,6688.0,Sold Out,1,1,0,https://www.theamethyststore.com/products/yuvika-chain-with-earrings?variant=gid://shopify/ProductVariant/46971066941667
2026-07-28 18:38:30,Zaina Chain with Earrings,Default Title,AMS-105-1003,5280.0,Sold Out,2,2,0,https://www.theamethyststore.com/products/zaina-chain-with-earrings?variant=gid://shopify/ProductVariant/46971079983331
2026-07-28 18:38:30,Tara Chain with Earrings,Default Title,AMS-105-1004,11616.0,Sold Out,2,2,0,https://www.theamethyststore.com/products/tara-chain-with-earrings?variant=gid://shopify/ProductVariant/46971108950243
2026-07-28 18:38:30,Azara Chain with Earrings,Default Title,AMS-105-1005,9152.0,Sold Out,4,4,0,https://www.theamethyststore.com/products/azara-chain-with-earrings?variant=gid://shopify/ProductVariant/46971124351203
2026-07-28 18:38:30,Ciana Chain with Earrings,Default Title,AMS-105-1006,12056.0,Sold Out,3,3,0,https://www.theamethyststore.com/products/ciana-chain-with-earrings?variant=gid://shopify/ProductVariant/46971139031267
2026-07-28 18:38:30,Kiana Chain with Earrings,Default Title,AMS-105-1007,6336.0,Sold Out,3,3,0,https://www.theamethyststore.com/products/kiana-chain-with-earrings?variant=gid://shopify/ProductVariant/46971150827747
2026-07-28 18:38:30,Rayna Chain with Earrings,Default Title,AMS-105-1008,10472.0,Sold Out,2,2,0,https://www.theamethyststore.com/products/rayna-chain-with-earrings?variant=gid://shopify/ProductVariant/46971157217507
2026-07-28 18:38:30,Glittering Ring,10,"AMS-101-0473-10""",3344.0,Sold Out,1,1,0,https://www.theamethyststore.com/products/ring?variant=gid://shopify/ProductVariant/46971188412643
2026-07-28 18:38:30,Tanishka Chain with Earrings,Default Title,AMS-105-1017,10912.0,Sold Out,5,5,0,https://www.theamethyststore.com/products/tanishka-chain-with-earrings?variant=gid://shopify/ProductVariant/46971192869091
2026-07-28 18:38:30,Sparkle Floral Ring,16,"AMS-101-0488-16""",9592.0,Sold Out,1,1,0,https://www.theamethyststore.com/products/sparkle-floral-ring?variant=gid://shopify/ProductVariant/46971194802403
2026-07-28 18:38:30,Chic & Trendy Ring,12,"AMS-101-1423-12""",5544.0,Sold Out,1,1,0,https://www.theamethyststore.com/products/chic-trendy-ring?variant=gid://shopify/ProductVariant/46971213480163
2026-07-28 18:38:30,Yashvi Chain with Earrings,Default Title,AMS-105-1018,13992.0,Sold Out,2,2,0,https://www.theamethyststore.com/products/yashvi-chain-with-earrings?variant=gid://shopify/ProductVariant/46971218034915
2026-07-28 18:38:30,Zeina Chain with Earrings,Default Title,AMS-105-1020,6864.0,Sold Out,2,2,0,https://www.theamethyststore.com/products/zeina-chain-with-earrings?variant=gid://shopify/ProductVariant/46971239432419
2026-07-28 18:38:30,Maisha Chain,Default Title,AMS-105-1021,3784.0,Sold Out,2,2,0,https://www.theamethyststore.com/products/maisha-chain?variant=gid://shopify/ProductVariant/46971256275171
2026-07-28 18:38:30,Little Heart Ring,16,"AMS-101-1425-16""",6688.0,Sold Out,1,1,0,https://www.theamethyststore.com/products/little-heart-ring?variant=gid://shopify/ProductVariant/46971270103267
2026-07-28 18:38:30,Fabulous Ring,10,"AMS-101-1426-10""",3520.0,Sold Out,1,1,0,https://www.theamethyststore.com/products/fabulous-ring?variant=gid://shopify/ProductVariant/46971275772131
2026-07-28 18:38:30,Brisa Chain,Default Title,AMS-105-1022,4048.0,Sold Out,1,1,0,https://www.theamethyststore.com/products/brisa-chain?variant=gid://shopify/ProductVariant/46971290353891
2026-07-28 18:38:30,Anvika Chain,Default Title,AMS-105-1023,4488.0,Sold Out,4,4,0,https://www.theamethyststore.com/products/anvika-chain-1?variant=gid://shopify/ProductVariant/46971299430627
2026-07-28 18:38:30,Darya Chain,Default Title,AMS-105-1024,4488.0,Sold Out,1,1,0,https://www.theamethyststore.com/products/darya-chain?variant=gid://shopify/ProductVariant/46971305787619
2026-07-28 18:38:30,Lakshana Ring,10,"AMS-101-1430-10""",5800.0,Sold Out,1,1,0,https://www.theamethyststore.com/products/lakshana-ring?variant=gid://shopify/ProductVariant/46971308081379
2026-07-28 18:38:30,Saisha Chain,Default Title,AMS-105-1025,3344.0,Sold Out,2,2,0,https://www.theamethyststore.com/products/saisha-chain?variant=gid://shopify/ProductVariant/46971317518563
2026-07-28 18:38:30,Luxury Ring,10,"AMS-101-1432-10""",5368.0,Sold Out,1,1,0,https://www.theamethyststore.com/products/luxury-ring?variant=gid://shopify/ProductVariant/46971318829283
2026-07-28 18:38:30,Stunning Look Ring,10,"AMS-101-1433-10""",4048.0,Sold Out,1,1,0,https://www.theamethyststore.com/products/ring-2?variant=gid://shopify/ProductVariant/46971324530915
2026-07-28 18:38:30,Saanvi Chain,Default Title,AMS-105-1026,5544.0,Sold Out,3,3,0,https://www.theamethyststore.com/products/saanvi-chain?variant=gid://shopify/ProductVariant/46971324563683
2026-07-28 18:38:30,Liyana Chain,Default Title,AMS-105-1027,4048.0,Sold Out,2,2,0,https://www.theamethyststore.com/products/liyana-chain?variant=gid://shopify/ProductVariant/46971326660835
2026-07-28 18:38:30,Shinning Look Ring,12,"AMS-101-1434-12""",4048.0,Sold Out,1,1,0,https://www.theamethyststore.com/products/shinning-look-ring?variant=gid://shopify/ProductVariant/46971331215587
2026-07-28 18:38:30,Prisha Chain,Default Title,AMS-105-1028,3344.0,Sold Out,2,2,0,https://www.theamethyststore.com/products/chain-4?variant=gid://shopify/ProductVariant/46971331281123
2026-07-28 18:38:30,Little Heart Chain,Default Title,AMS-105-1029,6424.0,Sold Out,3,3,0,https://www.theamethyststore.com/products/little-heart-chain?variant=gid://shopify/ProductVariant/46971345141987
2026-07-28 18:38:30,Freya Chain,Default Title,AMS-105-1030,5808.0,Sold Out,1,1,0,https://www.theamethyststore.com/products/freya-chain?variant=gid://shopify/ProductVariant/46971374993635
2026-07-28 18:38:30,Charita Chain,Default Title,AMS-105-1031,3784.0,Sold Out,2,2,0,https://www.theamethyststore.com/products/charita-chain?variant=gid://shopify/ProductVariant/46971395113187
2026-07-28 18:53:01,Aura & Adorn Rings,Default Title,AMS-101-1060,6230.96,New Arrival,1,0,1,https://www.theamethyststore.com/products/aura-adorn-rings?variant=gid://shopify/ProductVariant/46942902026467
2026-07-28 18:53:01,Amazing Rings,Default Title,AMS-101-1061,5597.64,New Arrival,1,0,1,https://www.theamethyststore.com/products/amazing-rings?variant=gid://shopify/ProductVariant/46942905762019
2026-07-28 18:53:01,Chic & Fabulous Rings,Default Title,AMS-101-1070,4409.1,New Arrival,1,0,1,https://www.theamethyststore.com/products/chic-fabulous-rings?variant=gid://shopify/ProductVariant/46942915297507
2026-07-28 18:53:01,Radiant Nagas Long Necklace,Default Title,AMS-102-10875,152018.1,New Arrival,1,0,1,https://www.theamethyststore.com/products/radiant-nagas-long-necklace?variant=gid://shopify/ProductVariant/46942926307555
2026-07-28 18:53:01,Attractive Rings,Default Title,AMS-101-1074,4313.96,New Arrival,1,0,1,https://www.theamethyststore.com/products/attractive-rings?variant=gid://shopify/ProductVariant/46942931714275
2026-07-28 18:53:01,Drishya Nagas Short Necklace,Default Title,AMS-102-10936,80897.4,New Arrival,1,0,1,https://www.theamethyststore.com/products/drishya-nagas-short-necklace?variant=gid://shopify/ProductVariant/46942941413603
2026-07-28 18:53:01,Sherlin Nagas Short Necklace,Default Title,AMS-102-10938,87606.9,New Arrival,1,0,1,https://www.theamethyststore.com/products/sherlin-nagas-short-necklace?variant=gid://shopify/ProductVariant/46942943248611
2026-07-28 18:53:01,Glowing Charm Rings,Default Title,AMS-101-1079,5042.42,New Arrival,1,0,1,https://www.theamethyststore.com/products/glowing-charm-rings?variant=gid://shopify/ProductVariant/46942943510755
2026-07-28 18:53:01,Elisha Kundan Maatal,Default Title,AMS-109-1756,16294.5,New Arrival,1,0,1,https://www.theamethyststore.com/products/elisha-kundan-maatal?variant=gid://shopify/ProductVariant/46942960353507
2026-07-28 18:53:01,Rani Nagas Short Necklace,Default Title,AMS-102-10939,75338.1,New Arrival,1,0,1,https://www.theamethyststore.com/products/rani-nagas-short-necklace?variant=gid://shopify/ProductVariant/46943017009379
2026-07-28 18:53:01,Sparkling Bracelet,Default Title,AMS-103-0849,46262.0,New Arrival,1,0,1,https://www.theamethyststore.com/products/sparkling-bracelet?variant=gid://shopify/ProductVariant/46943020908771
2026-07-28 18:53:01,Yamini Nagas Short Necklace,Default Title,AMS-102-10940,89332.2,New Arrival,1,0,1,https://www.theamethyststore.com/products/yamini-nagas-short-necklace?variant=gid://shopify/ProductVariant/46943033360611
2026-07-28 18:53:01,Disha Nagas Short Necklace,Default Title,AMS-102-10941,92399.4,New Arrival,1,0,1,https://www.theamethyststore.com/products/disha-nagas-short-necklace?variant=gid://shopify/ProductVariant/46943160631523
2026-07-28 18:53:01,Avanthika Nagas Short Necklace,Default Title,AMS-102-10942,77638.5,New Arrival,1,0,1,https://www.theamethyststore.com/products/nagas-short-necklace-2?variant=gid://shopify/ProductVariant/46943170461923
2026-07-28 18:53:01,Navisha Nagas Short Necklace,Default Title,AMS-102-10946,82719.26,New Arrival,1,0,1,https://www.theamethyststore.com/products/navisha-nagas-short-necklace-1?variant=gid://shopify/ProductVariant/46943188353251
2026-07-28 18:53:01,Chic Talisman Long Necklace,Default Title,AMS-102-11030,51216.0,New Arrival,1,0,1,https://www.theamethyststore.com/products/chic-talisman-long-necklace?variant=gid://shopify/ProductVariant/46943189106915
2026-07-28 18:53:01,Yashiba Nagas Long Necklace,Default Title,AMS-102-10947,154560.0,New Arrival,1,0,1,https://www.theamethyststore.com/products/yashiba-nagas-long-necklace?variant=gid://shopify/ProductVariant/46943194841315
2026-07-28 18:53:01,Anusha Nagas Long Necklace,Default Title,AMS-102-10948,151251.3,New Arrival,1,0,1,https://www.theamethyststore.com/products/anusha-nagas-long-necklace?variant=gid://shopify/ProductVariant/46943199789283
2026-07-28 18:53:01,Wander Soul Pendants,Default Title,AMS-104-2809,43036.0,New Arrival,1,0,1,https://www.theamethyststore.com/products/wander-soul-pendants?variant=gid://shopify/ProductVariant/46943215517923
2026-07-28 18:53:01,Rishmitha Nagas Long Necklace,Default Title,AMS-102-10950,145596.86,New Arrival,1,0,1,https://www.theamethyststore.com/products/rishmitha-nagas-long-necklace?variant=gid://shopify/ProductVariant/46943219744995
2026-07-28 18:53:01,Aadhira Nagas Long Necklace,Default Title,AMS-102-10955,137065.5,New Arrival,1,0,1,https://www.theamethyststore.com/products/aadhira-nagas-long-necklace-1?variant=gid://shopify/ProductVariant/46943232622819
2026-07-28 18:53:01,Avantika Nagas Long Necklace,Default Title,AMS-102-10958,153935.1,New Arrival,1,0,1,https://www.theamethyststore.com/products/avantika-nagas-long-necklace?variant=gid://shopify/ProductVariant/46943384469731
2026-07-28 18:53:01,Grand Look Necklace Set,Default Title,AMS-102-11021,211552.0,New Arrival,1,0,1,https://www.theamethyststore.com/products/grand-look-long-necklace-set-1?variant=gid://shopify/ProductVariant/46943442174179
2026-07-28 18:53:01,Winifred Necklace Set,Default Title,AMS-102-11006,167024.0,New Arrival,1,0,1,https://www.theamethyststore.com/products/winifred-long-necklace-set?variant=gid://shopify/ProductVariant/46943681085667
2026-07-28 18:53:01,Amazing Boho Choker Set,Default Title,AMS-102-11012,89936.0,New Arrival,1,0,1,https://www.theamethyststore.com/products/amazing-boho-choker-set?variant=gid://shopify/ProductVariant/46943773819107
2026-07-28 18:53:01,Mesmerizing Boho Choker Set,Default Title,AMS-102-11016,70224.0,New Arrival,1,0,1,https://www.theamethyststore.com/products/mesmerizing-boho-choker-set?variant=gid://shopify/ProductVariant/46943778767075
2026-07-28 18:53:01,Bhavika Nagas Long Necklace,Default Title,AMS-102-10419,42174.0,New Arrival,1,0,1,https://www.theamethyststore.com/products/bhavika-nagas-long-necklace-1?variant=gid://shopify/ProductVariant/46947148726499
2026-07-28 18:53:01,Modelesque Nagas Long Necklace,Default Title,AMS-102-10605,78597.0,New Arrival,1,0,1,https://www.theamethyststore.com/products/nagas-long-necklace-5?variant=gid://shopify/ProductVariant/46947189096675
2026-07-28 18:53:01,Fetching Nagas Short Necklace Set,Default Title,AMS-102-10841,73243.6,New Arrival,1,0,1,https://www.theamethyststore.com/products/fetching-nagas-short-necklace-set?variant=gid://shopify/ProductVariant/46947255156963
2026-07-28 18:53:01,Nivetha Nagas Long Necklace,Default Title,AMS-102-10632,90195.56,New Arrival,1,0,1,https://www.theamethyststore.com/products/nivetha-nagas-long-necklace?variant=gid://shopify/ProductVariant/46947256598755
2026-07-28 18:53:01,Graceful Nagas Long Necklace,Default Title,AMS-102-10636,95083.2,New Arrival,1,0,1,https://www.theamethyststore.com/products/graceful-nagas-long-necklace?variant=gid://shopify/ProductVariant/46947272360163
2026-07-28 18:53:01,Anicha Nagas Short Necklace,Default Title,AMS-102-10603,75529.8,New Arrival,1,0,1,https://www.theamethyststore.com/products/anicha-nagas-short-necklace?variant=gid://shopify/ProductVariant/46947290153187
2026-07-28 18:53:01,Bhavisha Nagas Short Necklace,Default Title,AMS-102-10638,76254.0,New Arrival,1,0,1,https://www.theamethyststore.com/products/bhavisha-nagas-short-necklace?variant=gid://shopify/ProductVariant/46947298509027
2026-07-28 18:53:01,Shinning Charm Nagas Short Necklace Set,Default Title,AMS-102-10846,55976.4,New Arrival,1,0,1,https://www.theamethyststore.com/products/shinning-charm-nagas-short-necklace-set?variant=gid://shopify/ProductVariant/46947325280483
2026-07-28 18:53:01,Rithvikaa Nagas Short Necklace Set,Default Title,AMS-102-10701,68245.2,New Arrival,1,0,1,https://www.theamethyststore.com/products/rithvikaa-nagas-short-necklace-set?variant=gid://shopify/ProductVariant/46947347628259
2026-07-28 18:53:01,Unique Nagas Pair Bangle,"2.8""","AMS-107-2351-2.8""",46583.1,New Arrival,1,0,1,https://www.theamethyststore.com/products/unique-nagas-pair-bangle?variant=gid://shopify/ProductVariant/46947393568995
2026-07-28 18:53:01,Yugitha Nagas Short Necklace Set,Default Title,AMS-102-10740,63452.7,New Arrival,1,0,1,https://www.theamethyststore.com/products/yugitha-nagas-short-necklace-set?variant=gid://shopify/ProductVariant/46947396255971
2026-07-28 18:53:01,Bridal Nagas Tikka,Default Title,AMS-109-1651,37803.24,New Arrival,1,0,1,https://www.theamethyststore.com/products/bridal-nagas-tikka?variant=gid://shopify/ProductVariant/46947604300003
2026-07-28 18:53:01,Nainikha Nagas Tikka,Default Title,AMS-109-1652,40065.3,New Arrival,1,0,1,https://www.theamethyststore.com/products/nainikha-nagas-tikka?variant=gid://shopify/ProductVariant/46947607937251
2026-07-28 18:53:01,Dharshikha Nagas Tikka,Default Title,AMS-109-1653,43991.6,New Arrival,1,0,1,https://www.theamethyststore.com/products/dharshikha-nagas-tikka?variant=gid://shopify/ProductVariant/46947609772259
2026-07-28 18:53:01,Shinning Charms Nagas Tikka,Default Title,AMS-109-1654,60423.84,New Arrival,1,0,1,https://www.theamethyststore.com/products/shinning-charms-nagas-tikka?variant=gid://shopify/ProductVariant/46947615441123
2026-07-28 18:53:01,Shri Nagas Nakshi Pendant,Default Title,AMS-104-2709,15833.0,New Arrival,1,0,1,https://www.theamethyststore.com/products/shri-nagas-nakshi-pendant?variant=gid://shopify/ProductVariant/46947662987491
2026-07-28 18:53:01,Rosie Posie Nagas Studs,Default Title,AMS-106-9164,3642.3,New Arrival,1,0,1,https://www.theamethyststore.com/products/rosie-posie-nagas-studs?variant=gid://shopify/ProductVariant/46947763814627
2026-07-28 18:53:01,Prathika Stone Long Necklace,Default Title,AMS-102-10589,92265.92,New Arrival,1,0,1,https://www.theamethyststore.com/products/prathika-stone-long-necklace?variant=gid://shopify/ProductVariant/46964809203939
2026-07-28 18:53:01,Shinning Green Stone Pair Bangle,"2.6""",AMS-107-2275-2.6'',22620.6,New Arrival,1,0,1,https://www.theamethyststore.com/products/shinning-green-stone-pair-bangle?variant=gid://shopify/ProductVariant/46965085667555
2026-07-28 18:53:01,Attractive Men's Kada Bracelet,"2.2""",AMS-103-0808-2.2'',12978.8,New Arrival,1,0,1,https://www.theamethyststore.com/products/bracelet-2?variant=gid://shopify/ProductVariant/46965398962403
2026-07-28 18:53:01,Attractive Men's Kada Bracelet,"2.8""",AMS-103-0808-2.8'',27100.0,New Arrival,2,0,2,https://www.theamethyststore.com/products/bracelet-2?variant=gid://shopify/ProductVariant/48952494129379
2026-07-28 18:53:01,Shinning Stone Jhumkas,Default Title,AMS-106-9719,47190.0,New Arrival,1,0,1,https://www.theamethyststore.com/products/stone-jhumkas-2?variant=gid://shopify/ProductVariant/46968680546531
2026-07-28 18:53:01,Yashashvini Chain,Default Title,AMS-105-1040,25496.1,New Arrival,1,0,1,https://www.theamethyststore.com/products/yashashvini-chain?variant=gid://shopify/ProductVariant/46968704106723
2026-07-28 18:53:01,Farithalekha Stone Chain,Default Title,AMS-105-1046,28200.0,New Arrival,1,0,1,https://www.theamethyststore.com/products/farithalekha-stone-chain?variant=gid://shopify/ProductVariant/46968726356195
2026-07-28 18:53:01,Gorgeous Look Stone Pendant,Default Title,AMS-104-2717,17924.66,New Arrival,1,0,1,https://www.theamethyststore.com/products/gorgeous-look-stone-pendant?variant=gid://shopify/ProductVariant/46968888590563
2026-07-28 18:53:01,Grandeur Long Necklace,Default Title,AMS-102-10630,112336.2,New Arrival,1,0,1,https://www.theamethyststore.com/products/grandeur-long-necklace?variant=gid://shopify/ProductVariant/46970702102755
2026-07-28 18:53:01,Pretty Avikam Long Necklace Set,Default Title,AMS-102-10270,149815.0,New Arrival,1,0,1,https://www.theamethyststore.com/products/pretty-avikam-long-necklace-set?variant=gid://shopify/ProductVariant/46970764296419
2026-07-28 18:53:01,Chic Layered Avikam Long Necklace Set,Default Title,AMS-102-10274,146165.0,New Arrival,1,0,1,https://www.theamethyststore.com/products/chic-layered-avikam-long-necklace-set-1?variant=gid://shopify/ProductVariant/46970781434083
2026-07-28 18:53:01,Ishithasri Avikam Long Necklace Set,Default Title,AMS-102-10277,160404.0,New Arrival,1,0,1,https://www.theamethyststore.com/products/ishithasri-avikam-long-necklace-set?variant=gid://shopify/ProductVariant/46970785235171
2026-07-28 18:53:01,Elina Short Necklace Set,Default Title,AMS-102-10222,28200.0,New Arrival,1,0,1,https://www.theamethyststore.com/products/elina-short-necklace-set-1?variant=gid://shopify/ProductVariant/46970795262179
2026-07-28 18:53:01,Freya Long Necklace Set,Default Title,AMS-102-10224,36344.0,New Arrival,1,0,1,https://www.theamethyststore.com/products/freya-long-necklace-set?variant=gid://shopify/ProductVariant/46970820460771
2026-07-28 18:53:01,Hailey Short Necklace Set,Default Title,AMS-102-10225,71896.0,New Arrival,2,0,2,https://www.theamethyststore.com/products/hailey-short-necklace-set?variant=gid://shopify/ProductVariant/46970840449251
2026-07-28 18:53:01,Meher Short Necklace Set,Default Title,AMS-102-11037,156552.0,New Arrival,1,0,1,https://www.theamethyststore.com/products/meher-short-necklace-set?variant=gid://shopify/ProductVariant/46970866598115
2026-07-28 18:53:01,Saanvi Chain with Earrings,Default Title,AMS-105-1001,11352.0,New Arrival,4,0,4,https://www.theamethyststore.com/products/saanvi-chain-with-earings?variant=gid://shopify/ProductVariant/46970965885155
2026-07-28 18:53:01,Yuvika Chain with Earrings,Default Title,AMS-105-1002,6688.0,New Arrival,1,0,1,https://www.theamethyststore.com/products/yuvika-chain-with-earrings?variant=gid://shopify/ProductVariant/46971066941667
2026-07-28 18:53:01,Zaina Chain with Earrings,Default Title,AMS-105-1003,5280.0,New Arrival,2,0,2,https://www.theamethyststore.com/products/zaina-chain-with-earrings?variant=gid://shopify/ProductVariant/46971079983331
2026-07-28 18:53:01,Tara Chain with Earrings,Default Title,AMS-105-1004,11616.0,New Arrival,2,0,2,https://www.theamethyststore.com/products/tara-chain-with-earrings?variant=gid://shopify/ProductVariant/46971108950243
2026-07-28 18:53:01,Azara Chain with Earrings,Default Title,AMS-105-1005,9152.0,New Arrival,4,0,4,https://www.theamethyststore.com/products/azara-chain-with-earrings?variant=gid://shopify/ProductVariant/46971124351203
2026-07-28 18:53:01,Ciana Chain with Earrings,Default Title,AMS-105-1006,12056.0,New Arrival,3,0,3,https://www.theamethyststore.com/products/ciana-chain-with-earrings?variant=gid://shopify/ProductVariant/46971139031267
2026-07-28 18:53:01,Kiana Chain with Earrings,Default Title,AMS-105-1007,6336.0,New Arrival,3,0,3,https://www.theamethyststore.com/products/kiana-chain-with-earrings?variant=gid://shopify/ProductVariant/46971150827747
2026-07-28 18:53:01,Rayna Chain with Earrings,Default Title,AMS-105-1008,10472.0,New Arrival,2,0,2,https://www.theamethyststore.com/products/rayna-chain-with-earrings?variant=gid://shopify/ProductVariant/46971157217507
2026-07-28 18:53:01,Glittering Ring,10,"AMS-101-0473-10""",3344.0,New Arrival,1,0,1,https://www.theamethyststore.com/products/ring?variant=gid://shopify/ProductVariant/46971188412643
2026-07-28 18:53:01,Tanishka Chain with Earrings,Default Title,AMS-105-1017,10912.0,New Arrival,5,0,5,https://www.theamethyststore.com/products/tanishka-chain-with-earrings?variant=gid://shopify/ProductVariant/46971192869091
2026-07-28 18:53:01,Sparkle Floral Ring,16,"AMS-101-0488-16""",9592.0,New Arrival,1,0,1,https://www.theamethyststore.com/products/sparkle-floral-ring?variant=gid://shopify/ProductVariant/46971194802403
2026-07-28 18:53:01,Chic & Trendy Ring,12,"AMS-101-1423-12""",5544.0,New Arrival,1,0,1,https://www.theamethyststore.com/products/chic-trendy-ring?variant=gid://shopify/ProductVariant/46971213480163
2026-07-28 18:53:01,Yashvi Chain with Earrings,Default Title,AMS-105-1018,13992.0,New Arrival,2,0,2,https://www.theamethyststore.com/products/yashvi-chain-with-earrings?variant=gid://shopify/ProductVariant/46971218034915
2026-07-28 18:53:01,Zeina Chain with Earrings,Default Title,AMS-105-1020,6864.0,New Arrival,2,0,2,https://www.theamethyststore.com/products/zeina-chain-with-earrings?variant=gid://shopify/ProductVariant/46971239432419
2026-07-28 18:53:01,Maisha Chain,Default Title,AMS-105-1021,3784.0,New Arrival,2,0,2,https://www.theamethyststore.com/products/maisha-chain?variant=gid://shopify/ProductVariant/46971256275171
2026-07-28 18:53:01,Little Heart Ring,16,"AMS-101-1425-16""",6688.0,New Arrival,1,0,1,https://www.theamethyststore.com/products/little-heart-ring?variant=gid://shopify/ProductVariant/46971270103267
2026-07-28 18:53:01,Fabulous Ring,10,"AMS-101-1426-10""",3520.0,New Arrival,1,0,1,https://www.theamethyststore.com/products/fabulous-ring?variant=gid://shopify/ProductVariant/46971275772131
2026-07-28 18:53:01,Brisa Chain,Default Title,AMS-105-1022,4048.0,New Arrival,1,0,1,https://www.theamethyststore.com/products/brisa-chain?variant=gid://shopify/ProductVariant/46971290353891
2026-07-28 18:53:01,Anvika Chain,Default Title,AMS-105-1023,4488.0,New Arrival,4,0,4,https://www.theamethyststore.com/products/anvika-chain-1?variant=gid://shopify/ProductVariant/46971299430627
2026-07-28 18:53:01,Darya Chain,Default Title,AMS-105-1024,4488.0,New Arrival,1,0,1,https://www.theamethyststore.com/products/darya-chain?variant=gid://shopify/ProductVariant/46971305787619
2026-07-28 18:53:01,Lakshana Ring,10,"AMS-101-1430-10""",5800.0,New Arrival,1,0,1,https://www.theamethyststore.com/products/lakshana-ring?variant=gid://shopify/ProductVariant/46971308081379
2026-07-28 18:53:01,Saisha Chain,Default Title,AMS-105-1025,3344.0,New Arrival,2,0,2,https://www.theamethyststore.com/products/saisha-chain?variant=gid://shopify/ProductVariant/46971317518563
2026-07-28 18:53:01,Luxury Ring,10,"AMS-101-1432-10""",5368.0,New Arrival,1,0,1,https://www.theamethyststore.com/products/luxury-ring?variant=gid://shopify/ProductVariant/46971318829283
2026-07-28 18:53:01,Stunning Look Ring,10,"AMS-101-1433-10""",4048.0,New Arrival,1,0,1,https://www.theamethyststore.com/products/ring-2?variant=gid://shopify/ProductVariant/46971324530915
2026-07-28 18:53:01,Saanvi Chain,Default Title,AMS-105-1026,5544.0,New Arrival,3,0,3,https://www.theamethyststore.com/products/saanvi-chain?variant=gid://shopify/ProductVariant/46971324563683
2026-07-28 18:53:01,Liyana Chain,Default Title,AMS-105-1027,4048.0,New Arrival,2,0,2,https://www.theamethyststore.com/products/liyana-chain?variant=gid://shopify/ProductVariant/46971326660835
2026-07-28 18:53:01,Shinning Look Ring,12,"AMS-101-1434-12""",4048.0,New Arrival,1,0,1,https://www.theamethyststore.com/products/shinning-look-ring?variant=gid://shopify/ProductVariant/46971331215587
2026-07-28 18:53:01,Prisha Chain,Default Title,AMS-105-1028,3344.0,New Arrival,2,0,2,https://www.theamethyststore.com/products/chain-4?variant=gid://shopify/ProductVariant/46971331281123
2026-07-28 18:53:01,Little Heart Chain,Default Title,AMS-105-1029,6424.0,New Arrival,3,0,3,https://www.theamethyststore.com/products/little-heart-chain?variant=gid://shopify/ProductVariant/46971345141987
2026-07-28 18:53:01,Freya Chain,Default Title,AMS-105-1030,5808.0,New Arrival,1,0,1,https://www.theamethyststore.com/products/freya-chain?variant=gid://shopify/ProductVariant/46971374993635
2026-07-28 18:53:01,Charita Chain,Default Title,AMS-105-1031,3784.0,New Arrival,2,0,2,https://www.theamethyststore.com/products/charita-chain?variant=gid://shopify/ProductVariant/46971395113187
2026-07-29 01:39:13,Avira Avikam Jhumkas,Default Title,AMS-106-14287,13904.0,Sale,1,5,4,https://www.theamethyststore.com/products/avira-avikam-jhumkas?variant=gid://shopify/ProductVariant/49332575338723
2026-07-29 04:38:01,Mango Designed Stone Pendant,Default Title,AMS-104-2383,2840.0,Sale,1,4,3,https://www.theamethyststore.com/products/mango-designed-stone-pendant?variant=gid://shopify/ProductVariant/46417565712611
2026-07-29 04:38:01,Hinamika Stone Drops,Default Title,AMS-106-11827,3200.0,Sold Out,1,1,0,https://www.theamethyststore.com/products/hinamika-stone-drops-1?variant=gid://shopify/ProductVariant/47852063588579
2026-07-29 04:38:01,Dheekshika Stone Drops,Default Title,AMS-106-14157,4000.0,Sold Out,1,1,0,https://www.theamethyststore.com/products/stone-drops-17?variant=gid://shopify/ProductVariant/49290165453027
2026-07-29 04:38:01,Heritage Moissanite Ring,Default Title,AMS-101-2184,8400.0,Sold Out,1,1,0,https://www.theamethyststore.com/products/heritage-moissanite-ring?variant=gid://shopify/ProductVariant/49447281950947
2026-07-29 04:53:23,Mukitha Stone Ring,Default Title,AMS-101-0719,2500.0,Sale,1,8,7,https://www.theamethyststore.com/products/mukitha-stone-ring?variant=gid://shopify/ProductVariant/46092913180899
2026-07-29 04:53:23,Maala Kundan Studs,Default Title,AMS-106-13354,6800.0,Sale,1,6,5,https://www.theamethyststore.com/products/maala-kundan-studs?variant=gid://shopify/ProductVariant/48903240450275
2026-07-29 04:53:23,Leaf Design Stone Pendant,Default Title,AMS-104-2524,2875.5,Sold Out,1,1,0,https://www.theamethyststore.com/products/leaf-design-stone-pendant?variant=gid://shopify/ProductVariant/46423184539875
2026-07-29 04:53:23,Dharshi Stone Ring,Default Title,AMS-101-0910,4370.76,Sold Out,1,1,0,https://www.theamethyststore.com/products/dharshi-stone-ring?variant=gid://shopify/ProductVariant/46474251829475
2026-07-29 05:09:20,Little Love Victorian Studs,Default Title,AMS-106-4326,20200.0,Restock,1,12,13,https://www.theamethyststore.com/products/little-love-victorian-studs?variant=gid://shopify/ProductVariant/43787318132963
2026-07-29 05:09:20,Flashing Victorian Bracelet,Default Title,AMS-107-0875,50100.0,New Arrival,1,0,1,https://www.theamethyststore.com/products/flashing-victorian-single-bangles?variant=gid://shopify/ProductVariant/43809036665059
2026-07-29 05:09:20,Acacia Diamond Look Jhumkas,Default Title,AMS-106-5871,14000.0,Restock,1,3,4,https://www.theamethyststore.com/products/acacia-diamond-look-jhumkas?variant=gid://shopify/ProductVariant/44987778466019
2026-07-29 05:09:20,Shikarikha Nagas Pair Bangles,"2.6""","AMS-107-2996-2.6""",63400.0,New Arrival,1,0,1,https://www.theamethyststore.com/products/shikarikha-nagas-pair-bangles?variant=gid://shopify/ProductVariant/47797087240419
2026-07-29 05:09:20,Gorgeous Lakshmi Nagas Pendant,Default Title,AMS-104-4694,11900.0,Restock,3,3,6,https://www.theamethyststore.com/products/gorgeous-lakshmi-nagas-pendant-5?variant=gid://shopify/ProductVariant/49420683509987
2026-07-29 05:09:20,Grandeur Avikam Jhumkas,Default Title,AMS-106-15185,22800.0,Restock,1,2,3,https://www.theamethyststore.com/products/grandeur-avikam-jhumkas?variant=gid://shopify/ProductVariant/49420712018147
2026-07-29 05:09:20,Stunning Victorian Studs,Default Title,AMS-106-14996,17700.0,Restock,1,2,3,https://www.theamethyststore.com/products/victorian-studs-11?variant=gid://shopify/ProductVariant/49426887540963
2026-07-29 05:09:20,Dipthinka Victorian Studs,Default Title,AMS-106-14987,13000.0,Restock,1,4,5,https://www.theamethyststore.com/products/victorian-studs-18?variant=gid://shopify/ProductVariant/49429841182947
2026-07-29 05:23:31,Mothika Red Stone Necklace,Default Title,AMS-102-3881,34700.0,Restock,1,0,1,https://www.theamethyststore.com/products/mothika-red-stone-necklace?variant=gid://shopify/ProductVariant/43642226639075
2026-07-29 05:23:31,Hanisha Diamond Design Pendant,Default Title,AMS-104-1754,10000.0,New Arrival,1,0,1,https://www.theamethyststore.com/products/hanisha-diamond-design-pendant?variant=gid://shopify/ProductVariant/45281553809635
2026-07-29 05:23:31,Dazzle Victorian Short Necklace Set,Default Title,AMS-102-17078,173500.0,Restock,1,1,2,https://www.theamethyststore.com/products/victorian-short-necklace-set-6?variant=gid://shopify/ProductVariant/49448220426467
2026-07-29 05:38:14,Sparkling Victorian Ring,Default Title,AMS-101-1209,8900.0,Restock,1,3,4,https://www.theamethyststore.com/products/sparkling-victorian-ring-1?variant=gid://shopify/ProductVariant/47043157721315
2026-07-29 05:38:14,Shilva Avikam Short Necklace Set,Default Title,AMS-102-13223,113200.0,New Arrival,2,0,2,https://www.theamethyststore.com/products/shilva-avikam-short-necklace-set?variant=gid://shopify/ProductVariant/47726130725091
2026-07-29 05:38:14,Asvika Short Necklace,Default Title,AMS-102-14014,42500.0,New Arrival,1,0,1,https://www.theamethyststore.com/products/short-necklace-40?variant=gid://shopify/ProductVariant/47897885638883
2026-07-29 06:07:38,Cute Floral Kundan Studs,Default Title,AMS-106-15115,5800.0,New Arrival,1,0,1,https://www.theamethyststore.com/products/kundan-studs-25?variant=gid://shopify/ProductVariant/49472038142179
2026-07-29 06:23:42,Mango Design Kundan Studs,Default Title,AMS-106-15117,6050.0,New Arrival,1,0,1,https://www.theamethyststore.com/products/kundan-studs-26?variant=gid://shopify/ProductVariant/49472042041571
2026-07-29 06:23:42,Floral Kundan Studs,Default Title,AMS-106-15119,5900.0,New Arrival,1,0,1,https://www.theamethyststore.com/products/floral-kundan-studs-4?variant=gid://shopify/ProductVariant/49472059605219
2026-07-29 06:52:30,Statement Short Necklace Set,Default Title,AMS-102-14043,58080.0,Sold Out,1,1,0,https://www.theamethyststore.com/products/statement-short-necklace-set?variant=gid://shopify/ProductVariant/47850423025891
2026-07-29 07:54:10,Lustra Stone Pendant,Default Title,AMS-104-3679,11076.0,Sale,1,3,2,https://www.theamethyststore.com/products/lustra-stone-pendant-1?variant=gid://shopify/ProductVariant/47807321014499
2026-07-29 07:54:10,Envikaa Hasli Necklace,Default Title,AMS-102-16571,6200.0,Sale,1,5,4,https://www.theamethyststore.com/products/hasli-necklace-54?variant=gid://shopify/ProductVariant/49394329747683
2026-07-29 07:54:10,Chic & Glow Stone Pendant,Default Title,AMS-104-4702,4000.0,Sale,1,5,4,https://www.theamethyststore.com/products/chic-glow-stone-pendant?variant=gid://shopify/ProductVariant/49420686098659
2026-07-29 07:54:10,Redolent Layered Necklace,Default Title,AMS-102-1451,41300.0,Sold Out,1,1,0,https://www.theamethyststore.com/products/copy-of-jocund-necklace?variant=gid://shopify/ProductVariant/37408821117078
2026-07-29 07:54:10,Yukitha Stone Drops,Default Title,AMS-106-10333,8243.1,Sold Out,1,1,0,https://www.theamethyststore.com/products/yukitha-stone-drops?variant=gid://shopify/ProductVariant/47214753120483
2026-07-29 08:22:03,Adhanika Bead Long Necklace,Default Title,AMS-102-2707,69054.0,Sold Out,1,1,0,https://www.theamethyststore.com/products/adhanika-bead-necklace?variant=gid://shopify/ProductVariant/42935790764259
2026-07-29 08:22:03,Aarvika Nagas Long Necklace,Default Title,AMS-102-4346,205023.86,Sold Out,1,1,0,https://www.theamethyststore.com/products/aarvika-nagas-long-necklace?variant=gid://shopify/ProductVariant/43847993327843
2026-07-29 08:22:03,Lithinan Nagas Necklace,Default Title,AMS-102-5112,80400.0,Sold Out,1,1,0,https://www.theamethyststore.com/products/lithinan-nagas-necklace?variant=gid://shopify/ProductVariant/44071529611491
2026-07-29 08:22:03,Darsh Long Necklace,Default Title,AMS-102-5569,89571.0,Sold Out,1,1,0,https://www.theamethyststore.com/products/darsh-long-necklace-set?variant=gid://shopify/ProductVariant/44387004547299
2026-07-29 08:22:03,Dekshita Nagas Long Necklace,Default Title,AMS-102-6775,97575.3,Sold Out,1,1,0,https://www.theamethyststore.com/products/dekshita-nagas-long-necklace?variant=gid://shopify/ProductVariant/45342731075811
2026-07-29 08:22:03,Athidhan Nagas Long Necklace,Default Title,AMS-102-7310,134600.0,Sold Out,1,1,0,https://www.theamethyststore.com/products/athidhan-nagas-long-necklace?variant=gid://shopify/ProductVariant/45573755371747
2026-07-29 08:22:03,Bavisha Nagas Long Necklace,Default Title,AMS-102-7337,78213.6,Sold Out,1,1,0,https://www.theamethyststore.com/products/bavisha-nagas-long-necklace?variant=gid://shopify/ProductVariant/45576111030499
2026-07-29 08:22:03,Karishma Long Necklace,Default Title,AMS-102-8617,113869.8,Sold Out,1,1,0,https://www.theamethyststore.com/products/karishma-long-necklace?variant=gid://shopify/ProductVariant/46020626940131
2026-07-29 08:22:03,Heritage Nagas Long Necklace,Default Title,AMS-102-14757,126700.0,Sold Out,1,1,0,https://www.theamethyststore.com/products/heritage-nagas-long-necklace-2?variant=gid://shopify/ProductVariant/48279192797411
2026-07-29 08:22:03,Chic & Trendy Earrings,Default Title,AMS-106-13366,26100.0,Sold Out,1,1,0,https://www.theamethyststore.com/products/chic-trendy-earrings?variant=gid://shopify/ProductVariant/48632170840291
2026-07-29 08:22:03,Serenity Victorian Necklace,Default Title,AMS-102-6665,212370.0,Sold Out,1,1,0,https://www.theamethyststore.com/products/victorian-necklace-set?variant=gid://shopify/ProductVariant/45312066060515
2026-07-29 08:22:03,Janisa Oxidised Necklace Set,Default Title,AMS-102-6560,70450.46,Sold Out,1,1,0,https://www.theamethyststore.com/products/janisa-oxidised-necklace-set?variant=gid://shopify/ProductVariant/45327273001187
2026-07-29 08:22:03,Trendy Look Kundan Bracelet,Default Title,AMS-103-0809,18924.0,Sold Out,1,1,0,https://www.theamethyststore.com/products/trendy-look-kundan-bracelet?variant=gid://shopify/ProductVariant/46889252946147
2026-07-29 08:22:03,Aura Long Necklace Set,Default Title,AMS-102-10249,132457.0,Sold Out,1,1,0,https://www.theamethyststore.com/products/aura-long-necklace-set?variant=gid://shopify/ProductVariant/46902222029027
2026-07-29 08:22:03,Lunara Boho Rings,Default Title,AMS-101-2024,9009.0,Sold Out,1,1,0,https://www.theamethyststore.com/products/lunara-boho-rings?variant=gid://shopify/ProductVariant/47858871730403
2026-07-29 08:22:03,Eshaara Boho Rings,Default Title,AMS-101-2025,17004.0,Sold Out,1,1,0,https://www.theamethyststore.com/products/eshaara-boho-rings?variant=gid://shopify/ProductVariant/47858873663715
2026-07-29 08:22:03,Celestia Boho Long Earrings,Default Title,AMS-106-12889,40208.0,Sold Out,1,1,0,https://www.theamethyststore.com/products/celestia-boho-long-earrings?variant=gid://shopify/ProductVariant/47858884182243
2026-07-29 08:22:03,Aashraya Boho Long Earrings,Default Title,AMS-106-12887,26476.0,Sold Out,1,1,0,https://www.theamethyststore.com/products/aashraya-boho-long-earrings?variant=gid://shopify/ProductVariant/47858888671459
2026-07-29 08:22:03,Luxurious Boho Short Necklace Set,Default Title,AMS-102-14512,197323.0,Sold Out,1,1,0,https://www.theamethyststore.com/products/dainty-boho-short-necklace-set?variant=gid://shopify/ProductVariant/47859636437219
2026-07-29 08:22:03,Luminous Grace Moissanite Pendant Set,Default Title,AMS-104-4727,47200.0,Sold Out,1,1,0,https://www.theamethyststore.com/products/luminous-grace-moissanite-pendant-set?variant=gid://shopify/ProductVariant/49436832989411
2026-07-29 08:22:03,Grace Eternal Moissanite Long Necklace Set,Default Title,AMS-102-17065,145100.0,Sold Out,1,1,0,https://www.theamethyststore.com/products/moissanite-long-necklace-set-2?variant=gid://shopify/ProductVariant/49438828364003
2026-07-29 09:08:05,Ragini Necklace,Default Title,AMS-102-1540,86850.04,Sold Out,1,1,0,https://www.theamethyststore.com/products/copy-of-aditi-mango-necklace?variant=gid://shopify/ProductVariant/39282591891606
2026-07-29 09:08:05,Dhriti Antique Necklace,Default Title,AMS-102-2287,162466.46,Sold Out,1,1,0,https://www.theamethyststore.com/products/dhriti-antique-necklace?variant=gid://shopify/ProductVariant/42090178347235
2026-07-29 09:08:05,Vividha Short Necklace,Default Title,AMS-102-2476,132228.98,Sold Out,1,1,0,https://www.theamethyststore.com/products/vividha-short-necklace?variant=gid://shopify/ProductVariant/43857276829923
2026-07-29 09:08:05,Jaanvhi Deep Nagas Necklace,Default Title,AMS-102-4443,129096.0,Sold Out,1,1,0,https://www.theamethyststore.com/products/jaanvhi-deep-nagas-necklace?variant=gid://shopify/ProductVariant/43884458475747
2026-07-29 09:08:05,Rakshina Deep Nagas Necklace,Default Title,AMS-102-4842,90816.0,Sold Out,1,1,0,https://www.theamethyststore.com/products/rakshina-deep-nagas-necklace?variant=gid://shopify/ProductVariant/43971304030435
2026-07-29 09:08:05,Ruhin Deep Nagas Necklace,Default Title,AMS-102-5351,157123.0,Sold Out,1,1,0,https://www.theamethyststore.com/products/ruhin-deep-nagas-necklace?variant=gid://shopify/ProductVariant/44272171483363
2026-07-29 09:08:05,Ghazal Kundan Short Necklace,Default Title,AMS-102-1811,121346.1,Sold Out,1,1,0,https://www.theamethyststore.com/products/ghazal-kundan-short-necklace?variant=gid://shopify/ProductVariant/45108410286307
2026-07-29 09:08:05,Amazing Victorian Long Necklace Set,Default Title,AMS-102-6499,211402.0,Sold Out,1,1,0,https://www.theamethyststore.com/products/amazing-victorian-long-necklace-set?variant=gid://shopify/ProductVariant/45280591282403
2026-07-29 09:08:05,Alviran Long Necklace,Default Title,AMS-102-7003,175022.1,Sold Out,1,1,0,https://www.theamethyststore.com/products/alviran-long-necklace?variant=gid://shopify/ProductVariant/45440683802851
2026-07-29 09:08:05,Bernia Nagas Short Necklace,Default Title,AMS-102-7335,116215.0,Sold Out,1,1,0,https://www.theamethyststore.com/products/bernia-nagas-short-necklace?variant=gid://shopify/ProductVariant/45576130232547
2026-07-29 09:08:05,Lakshana Kundan Oddiyanam,Default Title,AMS-110-0484,242960.58,Sold Out,1,1,0,https://www.theamethyststore.com/products/lakshana-kundan-oddiyanam?variant=gid://shopify/ProductVariant/45598325080291
2026-07-29 09:08:05,Sindhuja Nagas Short Necklace,Default Title,AMS-102-7564,74859.56,Sold Out,1,1,0,https://www.theamethyststore.com/products/sindhuja-nagas-short-necklace?variant=gid://shopify/ProductVariant/45658679247075
2026-07-29 09:08:05,Kashtha Nagas Nakshi Necklace,Default Title,AMS-102-7566,108502.2,Sold Out,1,1,0,https://www.theamethyststore.com/products/kashtha-nagas-nakshi-necklace?variant=gid://shopify/ProductVariant/45658705461475
2026-07-29 09:08:05,Chaaru Long Necklace,Default Title,AMS-102-8565,99300.6,Sold Out,1,1,0,https://www.theamethyststore.com/products/chaaru-long-necklace?variant=gid://shopify/ProductVariant/46013521625315
2026-07-29 09:08:05,Puvi Beads chain with Pendant,Default Title,AMS-105-0733,35196.12,Sold Out,1,1,0,https://www.theamethyststore.com/products/puvi-beads-chain-with-pendant?variant=gid://shopify/ProductVariant/46139797799139
2026-07-29 09:08:05,Dhashvanthi Nagas Choker,Default Title,AMS-102-8805,101299.0,Sold Out,1,1,0,https://www.theamethyststore.com/products/dhashvanthi-nagas-choker?variant=gid://shopify/ProductVariant/46174925258979
2026-07-29 09:08:05,Vishaka 3D Spl Kum Kum Box,Default Title,AMS-111-0220,73744.0,Sold Out,1,1,0,https://www.theamethyststore.com/products/vishaka-kum-kum-box?variant=gid://shopify/ProductVariant/46181331730659
2026-07-29 09:08:05,Karunya Nagas Earrings,Default Title,AMS-106-8218,27987.0,Sold Out,1,1,0,https://www.theamethyststore.com/products/karunya-nagas-earrings?variant=gid://shopify/ProductVariant/46326576283875
2026-07-29 09:08:05,Gorgeous Mango Kundan Long Necklace,Default Title,AMS-102-9997,224768.96,Sold Out,1,1,0,https://www.theamethyststore.com/products/gorgeous-mango-kundan-long-necklace?variant=gid://shopify/ProductVariant/46754233909475
2026-07-29 09:08:05,Shriya Deep Nagas Necklace,Default Title,AMS-102-10064,154893.6,Sold Out,1,1,0,https://www.theamethyststore.com/products/deep-nagas-necklace-1?variant=gid://shopify/ProductVariant/46754981282019
2026-07-29 09:08:05,Classy Stone Oddiyanam,Default Title,AMS-110-0758,134729.6,Sold Out,1,1,0,https://www.theamethyststore.com/products/classy-stone-oddiyanam?variant=gid://shopify/ProductVariant/47385879249123
2026-07-29 09:08:05,Laavina Nagas Drops,Default Title,AMS-106-10998,18894.0,Sold Out,1,1,0,https://www.theamethyststore.com/products/laavina-nagas-drops?variant=gid://shopify/ProductVariant/47421897113827
2026-07-29 09:08:05,Parnika Nagas Long Necklace,Default Title,AMS-102-15009,117900.0,Sold Out,1,1,0,https://www.theamethyststore.com/products/parnika-nagas-long-necklace-1?variant=gid://shopify/ProductVariant/48322056552675
2026-07-29 09:08:05,Ahaarya Nagas Drops Earrings,Default Title,AMS-106-13083,20504.0,Sold Out,1,1,0,https://www.theamethyststore.com/products/ahaarya-nagas-drops-earrings?variant=gid://shopify/ProductVariant/48322321252579
2026-07-29 09:08:05,Elegance Jada Billa,Default Title,AMS-112-0768,25030.0,Sold Out,1,1,0,https://www.theamethyststore.com/products/elegance-jada-billa?variant=gid://shopify/ProductVariant/48426844356835
2026-07-29 09:08:05,Avnika Nagas Drops Earrings,Default Title,AMS-106-13397,11800.0,Sold Out,1,1,0,https://www.theamethyststore.com/products/avnika-nagas-drops-earrings?variant=gid://shopify/ProductVariant/48635643789539
2026-07-29 09:37:40,Glittering Stone Pair Bangle,"2.4""","AMS-107-1898-2.4""",24640.0,Sale,1,2,1,https://www.theamethyststore.com/products/glittering-stone-pair-bangle?variant=gid://shopify/ProductVariant/46326937682147
2026-07-29 09:37:40,Tanisha Stone Pair Bangle,"2.4""",AMS-107-1953-2.4,28600.0,Sold Out,1,1,0,https://www.theamethyststore.com/products/tanisha-stone-pair-bangle?variant=gid://shopify/ProductVariant/46347996725475
2026-07-29 09:37:40,Glittering Mugappu Chain,Default Title,AMS-105-2140,15980.0,Sold Out,1,1,0,https://www.theamethyststore.com/products/glittering-mugappu-chain?variant=gid://shopify/ProductVariant/49359529148643
2026-07-29 11:37:35,Kiyara Nagas Chain,Default Title,AMS-105-1859,25540.0,Sold Out,1,1,0,https://www.theamethyststore.com/products/kiyara-nagas-chain?variant=gid://shopify/ProductVariant/48730892566755
2026-07-29 11:37:35,Graceful Nagas Pendant,Default Title,AMS-104-4075,17400.0,Sold Out,1,1,0,https://www.theamethyststore.com/products/graceful-nagas-pendant?variant=gid://shopify/ProductVariant/48914220581091
2026-07-29 11:37:35,Aasth Nagas Jhumkas,Default Title,AMS-106-14580,11500.0,Sold Out,1,1,0,https://www.theamethyststore.com/products/nagas-jhumkas-82?variant=gid://shopify/ProductVariant/49327620751587
2026-07-29 13:23:30,Charming Look Short Necklace,Default Title,AMS-102-13536,42287.6,Sold Out,1,1,0,https://www.theamethyststore.com/products/charming-look-short-necklace?variant=gid://shopify/ProductVariant/47754030383331
2026-07-29 13:23:30,Riyvya Nagas Chain,Default Title,AMS-105-1844,45250.0,Sold Out,1,1,0,https://www.theamethyststore.com/products/riyvya-nagas-chain?variant=gid://shopify/ProductVariant/48731394474211
2026-07-29 13:23:30,God Vinayaga 3D Spl Pendant,Default Title,AMS-104-3959,14784.0,Sold Out,1,1,0,https://www.theamethyststore.com/products/3d-spl-pendant-14?variant=gid://shopify/ProductVariant/48903368966371
2026-07-29 13:37:47,Cosmic Stone Studs,Default Title,AMS-106-4341,3067.2,Sold Out,1,1,0,https://www.theamethyststore.com/products/cosmic-stone-studs?variant=gid://shopify/ProductVariant/43797802778851
2026-07-29 14:37:46,Alluring Hook Drops,Default Title,AMS-106-6302,3417.0,Sale,1,3,2,https://www.theamethyststore.com/products/alluring-hook-drops?variant=gid://shopify/ProductVariant/45281198932195
2026-07-29 14:37:46,Glitz Charm Short Necklace Set,Green,AMS-102-13189-Green,40832.0,Sold Out,1,1,0,https://www.theamethyststore.com/products/short-necklace-set-24?variant=gid://shopify/ProductVariant/47726691746019
2026-07-29 14:37:46,Sobha Short Necklace,Default Title,AMS-102-7830,45662.94,Sold Out,1,1,0,https://www.theamethyststore.com/products/sobha-short-necklace?variant=gid://shopify/ProductVariant/45782075277539
2026-07-29 14:52:28,Abelia Nagas Pendant,Default Title,AMS-104-1040,33471.0,Sold Out,1,1,0,https://www.theamethyststore.com/products/abelia-nagas-pendant?variant=gid://shopify/ProductVariant/45269206270179
2026-07-29 14:52:28,Abishri Kundan Maangtikka,Default Title,AMS-109-1215,104000.0,Sold Out,1,1,0,https://www.theamethyststore.com/products/abishri-kundan-maangtikka?variant=gid://shopify/ProductVariant/45764066607331
2026-07-29 14:52:28,Dhivyaa Nagas Pendant,Default Title,AMS-104-2644,31055.4,Sold Out,1,1,0,https://www.theamethyststore.com/products/dhivyaa-nagas-pendant?variant=gid://shopify/ProductVariant/46752271663331
2026-07-29 14:52:28,Lolita Nagas Long Earrings,Default Title,AMS-106-9293,12513.0,Sold Out,1,1,0,https://www.theamethyststore.com/products/lolita-nagas-long-earrings?variant=gid://shopify/ProductVariant/46844724248803
2026-07-29 14:52:28,Beautiful Lakshmi Nagas Pendant,Default Title,AMS-104-3336,53122.0,Sold Out,1,1,0,https://www.theamethyststore.com/products/beautiful-lakshmi-nagas-pendant-1?variant=gid://shopify/ProductVariant/47190387982563
2026-07-29 14:52:28,Lahina Pendant,Default Title,AMS-104-3122,12922.0,Sold Out,1,1,0,https://www.theamethyststore.com/products/lahina-pendant?variant=gid://shopify/ProductVariant/47801166889187
2026-07-29 14:52:28,Thivathika Nagas Pendant,Default Title,AMS-104-3851,55352.0,Sold Out,1,1,0,https://www.theamethyststore.com/products/thivathika-nagas-pendant?variant=gid://shopify/ProductVariant/48316837134563
2026-07-29 14:52:28,Ranganatha Nagas Pendant,Default Title,AMS-104-3857,46288.0,Sold Out,1,1,0,https://www.theamethyststore.com/products/ranganatha-nagas-pendant?variant=gid://shopify/ProductVariant/48317299884259
2026-07-29 17:22:23,Shivani Stone Pair Bangle,"2.8""",AMS-107-1634-2.8'',36262.0,Sold Out,1,1,0,https://www.theamethyststore.com/products/shivani-stone-pair-bangle?variant=gid://shopify/ProductVariant/45821200007395
2026-07-29 23:52:35,Maisha Hasli with Pendant Set,Default Title,AMS-102-16613,25700.0,Sold Out,1,1,0,https://www.theamethyststore.com/products/maisha-hasli-with-pendant-set?variant=gid://shopify/ProductVariant/49390413807843
2026-07-30 04:37:06,Aadhya Stone Jada Billa,Default Title,AMS-112-0792,11500.0,Sold Out,1,1,0,https://www.theamethyststore.com/products/aadhya-stone-jada-billa?variant=gid://shopify/ProductVariant/48903540179171
2026-07-30 04:51:47,Madhu Stone Maangtikka,Default Title,AMS-109-0954,84500.0,Restock,1,0,1,https://www.theamethyststore.com/products/madhu-stone-maangtikka?variant=gid://shopify/ProductVariant/44321662730467
2026-07-30 04:51:47,Amazing Jada Billa,Suryan,AMS-112-0660-SURAJ,10540.0,Restock,1,4,5,https://www.theamethyststore.com/products/amazing-surya-chandra-jada-billa?variant=gid://shopify/ProductVariant/49403879424227
2026-07-30 05:07:44,Shyra Flower Victorian Studs,Default Title,AMS-106-4767,19300.0,New Arrival,1,0,1,https://www.theamethyststore.com/products/shyra-flower-victorian-studs?variant=gid://shopify/ProductVariant/43939359359203
2026-07-30 05:07:44,Lishma Kundan Jhumkas,Default Title,AMS-106-5247,22000.0,Restock,1,0,1,https://www.theamethyststore.com/products/lishma-kundan-jhumkas?variant=gid://shopify/ProductVariant/44274875138275
2026-07-30 05:07:44,Classy Avikam Jhumkas,Default Title,AMS-106-15440,16600.0,Restock,1,3,4,https://www.theamethyststore.com/products/avikam-jhumkas-4?variant=gid://shopify/ProductVariant/49421201768675
2026-07-30 05:07:44,Glowing Victorian Studs,Default Title,AMS-106-14993,19700.0,Restock,1,2,3,https://www.theamethyststore.com/products/victorian-studs-14?variant=gid://shopify/ProductVariant/49426899599587
2026-07-30 05:22:52,Virushka Kundan Jhumkas,Default Title,AMS-106-11052,38180.0,New Arrival,1,0,1,https://www.theamethyststore.com/products/virushka-kundan-jhumkas?variant=gid://shopify/ProductVariant/47486904500451
2026-07-30 05:22:52,Dazzling Victorian Studs,Default Title,AMS-106-11378,15500.0,Restock,1,1,2,https://www.theamethyststore.com/products/dazzling-victorian-studs?variant=gid://shopify/ProductVariant/47696765518051
2026-07-30 05:22:52,Dazzle Victorian Studs,Default Title,AMS-106-11430,18700.0,Restock,1,6,7,https://www.theamethyststore.com/products/dazzle-victorian-studs?variant=gid://shopify/ProductVariant/47696768598243
2026-07-30 05:22:52,Dazzle Victorian Studs,Default Title,AMS-106-11431,16600.0,Restock,1,0,1,https://www.theamethyststore.com/products/dazzle-victorian-studs-1?variant=gid://shopify/ProductVariant/47696771809507
2026-07-30 05:22:52,Yahibha Diamond Design Studs,Default Title,AMS-106-13877,3300.0,New Arrival,1,0,1,https://www.theamethyststore.com/products/yahibha-diamond-design-studs?variant=gid://shopify/ProductVariant/48945198170339
2026-07-30 05:22:52,Nidhra Diamond Design Studs,Default Title,AMS-106-13876,4700.0,Restock,1,1,2,https://www.theamethyststore.com/products/nidhra-diamond-design-studs?variant=gid://shopify/ProductVariant/48945241751779
2026-07-30 05:22:52,Tanisha Diamond Design Studs,Default Title,AMS-106-13872,5900.0,New Arrival,1,0,1,https://www.theamethyststore.com/products/tanisha-diamond-design-studs-1?variant=gid://shopify/ProductVariant/48945363517667
2026-07-30 05:22:52,Shofiyaa Victorian Studs,Default Title,AMS-106-14992,15900.0,Restock,1,2,3,https://www.theamethyststore.com/products/victorian-studs-15?variant=gid://shopify/ProductVariant/49426900910307
2026-07-30 05:52:22,Facinate Victorian Jhumkas,Default Title,AMS-106-10493,52000.0,New Arrival,1,0,1,https://www.theamethyststore.com/products/facinate-victorian-jhumkas?variant=gid://shopify/ProductVariant/47211137827043
2026-07-30 05:52:22,Vinthara Victorian Short Necklace Set,Default Title,AMS-102-17112,51900.0,Restock,1,2,3,https://www.theamethyststore.com/products/victorian-short-necklace-set-11?variant=gid://shopify/ProductVariant/49448252309731
2026-07-30 06:07:30,Flawless Victorian Choker Set,Default Title,AMS-102-5140,83900.0,Restock,1,0,1,https://www.theamethyststore.com/products/flawless-victorian-choker-set?variant=gid://shopify/ProductVariant/44074595451107
2026-07-30 06:07:30,Cheerful Avikam Bracelet,Default Title,AMS-103-0418,16000.0,Restock,1,2,3,https://www.theamethyststore.com/products/cheerful-avikam-bracelet?variant=gid://shopify/ProductVariant/44522072506595
2026-07-30 06:07:30,Yashika Victorian Choker,Default Title,AMS-102-12397,78700.0,Restock,1,0,1,https://www.theamethyststore.com/products/yashika-victorian-choker?variant=gid://shopify/ProductVariant/47570707874019
2026-07-30 06:07:30,Supriya Kundan Long Necklace,Default Title,AMS-102-14372,228100.0,New Arrival,1,0,1,https://www.theamethyststore.com/products/supriya-kundan-long-necklace?variant=gid://shopify/ProductVariant/48006702170339
2026-07-30 06:07:30,Simrath Short Necklace Set,Default Title,AMS-102-13772,84500.0,Restock,1,2,3,https://www.theamethyststore.com/products/short-necklace-set-34?variant=gid://shopify/ProductVariant/48276906279139
2026-07-30 06:07:30,Rudra Diamond Design Ring,Default Title,AMS-101-2004,8300.0,Restock,1,2,3,https://www.theamethyststore.com/products/rudra-diamond-design-ring?variant=gid://shopify/ProductVariant/48342055059683
2026-07-30 06:21:59,Mohita Victorian Ring,Default Title,AMS-101-0579,3300.0,New Arrival,1,0,1,https://www.theamethyststore.com/products/mohita-victorian-ring?variant=gid://shopify/ProductVariant/45281661157603
2026-07-30 06:21:59,Heriya Stone Ring,Default Title,AMS-101-0593,7400.0,Restock,1,1,2,https://www.theamethyststore.com/products/heriya-stone-ring?variant=gid://shopify/ProductVariant/45435806515427
2026-07-30 06:21:59,Abina Stone Ring,Default Title,AMS-101-0600,7000.0,Restock,1,0,1,https://www.theamethyststore.com/products/abina-stone-ring?variant=gid://shopify/ProductVariant/45435828338915
2026-07-30 06:21:59,Square Designed Victorian Ring,Default Title,AMS-101-0765,9900.0,New Arrival,1,0,1,https://www.theamethyststore.com/products/square-designed-victorian-ring?variant=gid://shopify/ProductVariant/46100217364707
2026-07-30 06:21:59,Karoba Kundan Ring,Default Title,AMS-101-0963,2835.0,New Arrival,1,0,1,https://www.theamethyststore.com/products/karoba-kundan-ring?variant=gid://shopify/ProductVariant/46735665004771
2026-07-30 06:21:59,Glowing Victorian Ring,Default Title,AMS-101-0928,7600.0,Restock,1,1,2,https://www.theamethyststore.com/products/glowing-victorian-ring?variant=gid://shopify/ProductVariant/46767832596707
2026-07-30 06:21:59,Avathika Victorian Ring,Default Title,AMS-101-1175,7100.0,New Arrival,1,0,1,https://www.theamethyststore.com/products/avathika-victorian-ring?variant=gid://shopify/ProductVariant/46767881060579
2026-07-30 06:21:59,Glitzy Victorian Ring,Default Title,AMS-101-1197,7200.0,Restock,1,0,1,https://www.theamethyststore.com/products/glitzy-victorian-ring?variant=gid://shopify/ProductVariant/46770479726819
2026-07-30 06:21:59,Priya Kundan Ring,Default Title,AMS-101-1096,5600.0,New Arrival,1,0,1,https://www.theamethyststore.com/products/priya-kundan-ring-1?variant=gid://shopify/ProductVariant/47041344930019
2026-07-30 07:36:58,Abinaa Victorian Pendant set,Default Title,AMS-104-4711,11700.0,Sale,1,3,2,https://www.theamethyststore.com/products/victorian-pendant-set-7?variant=gid://shopify/ProductVariant/49429735538915
2026-07-30 07:52:18,Mango Design Kundan Studs,Default Title,AMS-106-15120,6030.0,New Arrival,1,0,1,https://www.theamethyststore.com/products/kundan-studs-27?variant=gid://shopify/ProductVariant/49472064028899
2026-07-30 07:52:18,Cute Floral Kundan Studs,Default Title,AMS-106-15122,9600.0,New Arrival,1,0,1,https://www.theamethyststore.com/products/cute-floral-kundan-studs?variant=gid://shopify/ProductVariant/49475816259811
2026-07-30 07:52:18,Unisha Kundan Studs,Default Title,AMS-106-15123,5650.0,New Arrival,1,0,1,https://www.theamethyststore.com/products/unisha-kundan-studs-1?variant=gid://shopify/ProductVariant/49475816653027
2026-07-30 07:52:18,Shine Charm Kundan Studs,Default Title,AMS-106-15124,11370.0,New Arrival,1,0,1,https://www.theamethyststore.com/products/shine-charm-kundan-studs-1?variant=gid://shopify/ProductVariant/49475818717411
2026-07-30 08:06:34,Little Cute Kundan Studs,Default Title,AMS-106-15395,5550.0,New Arrival,2,0,2,https://www.theamethyststore.com/products/little-cute-kundan-studs-5?variant=gid://shopify/ProductVariant/49475824812259
2026-07-30 08:06:34,Charm Kundan Studs,Default Title,AMS-106-15128,8560.0,New Arrival,1,0,1,https://www.theamethyststore.com/products/charm-kundan-studs?variant=gid://shopify/ProductVariant/49475832447203
2026-07-30 08:06:34,Lithisha Kundan Studs,Default Title,AMS-106-15127,6800.0,New Arrival,1,0,1,https://www.theamethyststore.com/products/kundan-studs-28?variant=gid://shopify/ProductVariant/49475832840419
2026-07-30 08:22:02,Aashrita Hook Drops Earrings,Default Title,AMS-106-13220,6072.0,Sale,1,2,1,https://www.theamethyststore.com/products/aashrita-hook-drops-earrings?variant=gid://shopify/ProductVariant/48773117018339
2026-07-30 08:22:02,Liyasri Kundan Studs,Default Title,AMS-106-15126,6600.0,New Arrival,3,0,3,https://www.theamethyststore.com/products/liyasri-kundan-studs?variant=gid://shopify/ProductVariant/49475840049379
2026-07-30 08:22:02,Vinthikaa Moissanite Bracelet,Default Title,AMS-103-1327,24400.0,New Arrival,1,0,1,https://www.theamethyststore.com/products/moissanite-bracelet?variant=gid://shopify/ProductVariant/49475840245987
2026-07-30 08:22:02,Nithisha Kundan Studs,Default Title,AMS-106-15125,11370.0,New Arrival,1,0,1,https://www.theamethyststore.com/products/nithisha-kundan-studs?variant=gid://shopify/ProductVariant/49475840573667
2026-07-30 08:22:02,Bindhu Moissanite Bracelet,Default Title,AMS-103-1328,29900.0,New Arrival,1,0,1,https://www.theamethyststore.com/products/moissanite-bracelet-1?variant=gid://shopify/ProductVariant/49475840901347
2026-07-30 08:22:02,Little Cute Kundan Studs,Default Title,AMS-106-15118,5700.0,New Arrival,1,0,1,https://www.theamethyststore.com/products/little-cute-kundan-studs-6?variant=gid://shopify/ProductVariant/49475840999651
2026-07-30 08:22:02,Cutest Bugadi Earrings,Default Title,AMS-106-13107,7170.0,Sold Out,1,1,0,https://www.theamethyststore.com/products/bugadi-earrings-2?variant=gid://shopify/ProductVariant/48346827358435
2026-07-30 08:22:02,Mathisha Nagas Pair Bangles,"2.6""","AMS-107-3292-2.6""",31300.0,Sold Out,1,1,0,https://www.theamethyststore.com/products/nagas-pair-bangles-48?variant=gid://shopify/ProductVariant/49320504262883
2026-07-30 08:22:02,Flawless Layered Hasli Necklace,Default Title,AMS-102-16566,8400.0,Sold Out,1,1,0,https://www.theamethyststore.com/products/hasli-necklace-101?variant=gid://shopify/ProductVariant/49396916224227
2026-07-30 10:07:35,Traditional Kaasu Malai Necklace,Default Title,AMS-102-15334,112400.0,Sale,1,4,3,https://www.theamethyststore.com/products/kaasu-malai-necklace?variant=gid://shopify/ProductVariant/48842774708451
2026-07-30 10:07:35,Lithikaa Hasli Necklace,Default Title,AMS-102-16526,6800.0,Sale,1,2,1,https://www.theamethyststore.com/products/hasli-necklace-42?variant=gid://shopify/ProductVariant/49393850417379
2026-07-30 10:07:35,Divine Varalakshmi Face,Default Title,SV-508-0020,53354.0,Restock,1,0,1,https://www.theamethyststore.com/products/varalakshmi-face?variant=gid://shopify/ProductVariant/49475815637219
2026-07-30 10:07:35,Sherina Kundan Studs,Default Title,AMS-106-15116,9900.0,New Arrival,2,0,2,https://www.theamethyststore.com/products/kundan-studs-29?variant=gid://shopify/ProductVariant/49475880059107
2026-07-30 10:21:47,Vedha Varalakshmi Face,Default Title,SV-508-0021,29995.0,New Arrival,1,0,1,https://www.theamethyststore.com/products/varalakshmi-face-1?variant=gid://shopify/ProductVariant/49476020666595
2026-07-30 10:21:47,Nithisha Kundan Drops,Default Title,AMS-106-15121,14100.0,New Arrival,1,0,1,https://www.theamethyststore.com/products/kundan-drops-18?variant=gid://shopify/ProductVariant/49476036624611
2026-07-30 10:21:47,Attractive Varalakshmi Face,Default Title,SV-508-0022,35992.32,New Arrival,1,0,1,https://www.theamethyststore.com/products/varalakshmi-face-2?variant=gid://shopify/ProductVariant/49476049273059
2026-07-30 10:21:47,Niharikha Kundan Short Necklace,Default Title,AMS-102-17144,51670.0,New Arrival,1,0,1,https://www.theamethyststore.com/products/niharikha-kundan-short-necklace?variant=gid://shopify/ProductVariant/49476057956579
2026-07-30 10:37:21,Divine 3D Spl Pendant,Default Title,AMS-104-4783,7800.0,Sale,1,5,4,https://www.theamethyststore.com/products/divine-3d-spl-pendant-2?variant=gid://shopify/ProductVariant/49447992819939
2026-07-30 10:37:21,Divine Varalakshmi Face,Default Title,SV-508-0024,72750.0,New Arrival,1,0,1,https://www.theamethyststore.com/products/varalakshmi-face-4?variant=gid://shopify/ProductVariant/49476066377955
2026-07-30 10:37:21,Lunara Kundan Short Necklace,Default Title,AMS-102-17145,66040.0,New Arrival,1,0,1,https://www.theamethyststore.com/products/kundan-short-necklace-39?variant=gid://shopify/ProductVariant/49476067786979
2026-07-30 10:37:21,Pooja Varalakshmi Face,Default Title,SV-508-0025,35150.0,New Arrival,1,0,1,https://www.theamethyststore.com/products/varalakshmi-face-5?variant=gid://shopify/ProductVariant/49476072800483
2026-07-30 10:37:21,Grand Varalakshmi Face,Default Title,SV-508-0026,57969.0,New Arrival,1,0,1,https://www.theamethyststore.com/products/varalakshmi-face-6?variant=gid://shopify/ProductVariant/49476082958563
2026-07-30 10:37:21,Aurelia Kundan Short Necklace,Default Title,AMS-102-17146,27100.0,New Arrival,1,0,1,https://www.theamethyststore.com/products/aurelia-kundan-short-necklace?variant=gid://shopify/ProductVariant/49476083351779
2026-07-30 10:37:21,Heshikha Kundan Short Necklace,Default Title,AMS-102-17147,24980.0,New Arrival,1,0,1,https://www.theamethyststore.com/products/heshikha-kundan-short-necklace?variant=gid://shopify/ProductVariant/49476085940451
2026-07-30 10:37:21,Pooja Varalakshmi Face,Default Title,SV-508-0027,92940.0,New Arrival,1,0,1,https://www.theamethyststore.com/products/varalakshmi-face-7?variant=gid://shopify/ProductVariant/49476086137059
2026-07-30 10:37:21,Magizhini Kundan Short Necklace,Default Title,AMS-102-17148,32850.0,New Arrival,1,0,1,https://www.theamethyststore.com/products/magizhini-kundan-short-necklace?variant=gid://shopify/ProductVariant/49476086628579
2026-07-30 10:37:21,Pooja Amman Face,Default Title,SV-508-0028,36013.95,New Arrival,1,0,1,https://www.theamethyststore.com/products/varalakshmi-face-8?variant=gid://shopify/ProductVariant/49476088004835
2026-07-30 10:37:21,Elegance Nagas Pair Bangle,"2.6""","AMS-107-2520-2.6""",28400.0,Sold Out,1,1,0,https://www.theamethyststore.com/products/elegance-nagas-pair-bangle?variant=gid://shopify/ProductVariant/47067530526947
2026-07-30 10:52:25,Divine Amman Face,Default Title,SV-508-0029,22314.95,New Arrival,1,0,1,https://www.theamethyststore.com/products/amman-face?variant=gid://shopify/ProductVariant/49476091117795
2026-07-30 10:52:25,Aarnaa Chandhubaali Earrings,Default Title,AMS-106-15105,36110.0,New Arrival,1,0,1,https://www.theamethyststore.com/products/chandhubaali-earrings-4?variant=gid://shopify/ProductVariant/49476094623971
2026-07-30 10:52:25,Arshiya Chandhubaali Earrings,Default Title,AMS-106-15106,24300.0,New Arrival,1,0,1,https://www.theamethyststore.com/products/arshiya-chandhubaali-earrings?variant=gid://shopify/ProductVariant/49476098851043
2026-07-30 10:52:25,Samyra Chandhubaali Earrings,Default Title,AMS-106-15107,27130.0,New Arrival,1,0,1,https://www.theamethyststore.com/products/samyra-chandhubaali-earrings?variant=gid://shopify/ProductVariant/49476100620515
2026-07-30 11:08:05,Elegant Amman Face,Default Title,SV-508-0030,17052.0,New Arrival,1,0,1,https://www.theamethyststore.com/products/amman-face-1?variant=gid://shopify/ProductVariant/49476095770851
2026-07-30 11:08:05,Viyona Chandhubaali Earrings,Default Title,AMS-106-15108,30400.0,Restock,1,0,1,https://www.theamethyststore.com/products/viyona-chandhubaali-earrings?variant=gid://shopify/ProductVariant/49476102029539
2026-07-30 11:08:05,Vedhika Amman Face,Default Title,SV-508-0031,73073.35,New Arrival,1,0,1,https://www.theamethyststore.com/products/amman-face-2?variant=gid://shopify/ProductVariant/49476108910819
2026-07-30 11:08:05,Ahaana Chandhubaali Earrings,Default Title,AMS-106-15109,32800.0,New Arrival,1,0,1,https://www.theamethyststore.com/products/ahaana-chandhubaali-earrings?variant=gid://shopify/ProductVariant/49476108943587
2026-07-30 11:08:05,Miraya Chandhubaali Earrings,Default Title,AMS-106-15110,31380.0,New Arrival,1,0,1,https://www.theamethyststore.com/products/miraya-chandhubaali-earrings?variant=gid://shopify/ProductVariant/49476110188771
2026-07-30 11:22:41,Lunara Chandhubaali Earrings,Default Title,AMS-106-15111,36990.0,New Arrival,1,0,1,https://www.theamethyststore.com/products/lunara-chandhubaali-earrings?variant=gid://shopify/ProductVariant/49476111958243
2026-07-30 11:22:41,Traditional Varalakshmi Face,Default Title,SV-508-0032,61212.9,New Arrival,1,0,1,https://www.theamethyststore.com/products/amman-face-3?variant=gid://shopify/ProductVariant/49476112056547
2026-07-30 11:22:41,Nihashi Chandhubaali Earrings,Default Title,AMS-106-15114,19120.0,New Arrival,1,0,1,https://www.theamethyststore.com/products/nihashi-chandhubaali-earrings?variant=gid://shopify/ProductVariant/49476114383075
2026-07-30 11:22:41,Divine Charm Varalakshmi Face,Default Title,SV-508-0033,22495.0,New Arrival,1,0,1,https://www.theamethyststore.com/products/varalakshmi-face-9?variant=gid://shopify/ProductVariant/49476115300579
2026-07-30 11:22:41,Little Cute Kundan Studs,Default Title,AMS-106-15113,5600.0,New Arrival,1,0,1,https://www.theamethyststore.com/products/little-cute-kundan-studs-7?variant=gid://shopify/ProductVariant/49476115726563
2026-07-30 11:37:01,Elegant Varalakshmi Face,Default Title,SV-508-0023,11283.65,Restock,1,0,1,https://www.theamethyststore.com/products/varalakshmi-face-3?variant=gid://shopify/ProductVariant/49476057989347
2026-07-30 11:37:01,Unique Design Kundan Drops,Default Title,AMS-106-15112,21080.0,New Arrival,1,0,1,https://www.theamethyststore.com/products/unique-design-kundan-drops?variant=gid://shopify/ProductVariant/49476122706147
2026-07-30 11:37:01,Stunning Kundan Short Necklace,Default Title,AMS-102-17178,23360.0,New Arrival,1,0,1,https://www.theamethyststore.com/products/stunning-kundan-short-necklace-1?variant=gid://shopify/ProductVariant/49476125720803
2026-07-30 11:37:01,Shankaratmaja Kundan Bracelet,Default Title,AMS-103-1296,5049.0,Sold Out,1,1,0,https://www.theamethyststore.com/products/kundan-bracelet-40?variant=gid://shopify/ProductVariant/48929589592291
2026-07-30 11:52:15,Gorgeous Mangalsutra Chain With Earrings,Default Title,AMS-105-0806,11400.0,Sale,1,3,2,https://www.theamethyststore.com/products/gorgeous-mangalsutra-chain-with-earrings?variant=gid://shopify/ProductVariant/46240573358307
2026-07-30 11:52:15,Samyra Kundan Short Necklace,Default Title,AMS-102-17179,22740.0,New Arrival,1,0,1,https://www.theamethyststore.com/products/samyra-kundan-short-necklace?variant=gid://shopify/ProductVariant/49476132962531
2026-07-30 12:07:30,Nithila Kundan Short Necklace,Default Title,AMS-102-17180,23000.0,New Arrival,1,0,1,https://www.theamethyststore.com/products/nithila-kundan-short-necklace?variant=gid://shopify/ProductVariant/49476150460643
2026-07-30 12:07:30,Luxurious Kundan Short Necklace,Default Title,AMS-102-17181,35430.0,New Arrival,1,0,1,https://www.theamethyststore.com/products/luxurious-kundan-short-necklace?variant=gid://shopify/ProductVariant/49476154196195
2026-07-30 12:22:53,Trendy Moissanite Short Necklace Set,Default Title,AMS-102-16382,41100.0,New Arrival,1,0,1,https://www.theamethyststore.com/products/trendy-moissanite-short-necklace-set?variant=gid://shopify/ProductVariant/49476158161123
2026-07-30 12:22:53,Mesmerizing Moissanite Long Necklace Set,Default Title,AMS-102-16383,51100.0,New Arrival,1,0,1,https://www.theamethyststore.com/products/mesmerizing-moissanite-short-necklace-set-1?variant=gid://shopify/ProductVariant/49476180836579
2026-07-30 12:38:05,Luxurious Kundan Short Necklace,Default Title,AMS-102-17134,38150.0,New Arrival,1,0,1,https://www.theamethyststore.com/products/luxurious-kundan-short-necklace-1?variant=gid://shopify/ProductVariant/49476205215971
2026-07-30 12:51:48,Stunning Moissanite Bracelet,Default Title,AMS-103-1329,34000.0,New Arrival,1,0,1,https://www.theamethyststore.com/products/moissanite-bracelet-2?variant=gid://shopify/ProductVariant/49476217209059
2026-07-30 12:51:48,Catchy Moissanite Bracelet,Default Title,AMS-103-1330,33800.0,New Arrival,1,0,1,https://www.theamethyststore.com/products/moissanite-bracelet-3?variant=gid://shopify/ProductVariant/49476224254179
2026-07-30 12:51:48,Grandeur Kundan Short Necklace,Default Title,AMS-102-17135,88330.0,New Arrival,1,0,1,https://www.theamethyststore.com/products/grandeur-kundan-short-necklace-3?variant=gid://shopify/ProductVariant/49476224450787
2026-07-30 12:51:48,Stunning Stone Bracelet,Default Title,AMS-103-1358,8780.0,New Arrival,1,0,1,https://www.theamethyststore.com/products/stone-bracelet-18?variant=gid://shopify/ProductVariant/49476227399907
2026-07-30 12:51:48,Green Stone Bracelet,Default Title,AMS-103-1362,9700.0,New Arrival,1,0,1,https://www.theamethyststore.com/products/stone-bracelet-19?variant=gid://shopify/ProductVariant/49476228219107
2026-07-30 12:51:48,Kirthika Stone Bracelet,Default Title,AMS-103-1365,9200.0,New Arrival,1,0,1,https://www.theamethyststore.com/products/stone-bracelet-20?variant=gid://shopify/ProductVariant/49476229038307
2026-07-30 13:07:25,Luxurious Kundan Long Necklace,Default Title,AMS-102-17036,153200.0,Sale,1,3,2,https://www.theamethyststore.com/products/kundan-short-necklace-38?variant=gid://shopify/ProductVariant/49421378420963
2026-07-30 13:07:25,Charm Stone Bracelet,Default Title,AMS-103-1370,13600.0,New Arrival,1,0,1,https://www.theamethyststore.com/products/stone-bracelet-21?variant=gid://shopify/ProductVariant/49476230971619
2026-07-30 13:07:25,Grand Luxe Kundan Short Necklace,Default Title,AMS-102-17140,39350.0,New Arrival,1,0,1,https://www.theamethyststore.com/products/grand-luxe-kundan-short-necklace-1?variant=gid://shopify/ProductVariant/49476231069923
2026-07-30 13:07:25,Hanisha Stone Bracelet,Default Title,AMS-103-1374,13150.0,New Arrival,1,0,1,https://www.theamethyststore.com/products/stone-bracelet-22?variant=gid://shopify/ProductVariant/49476231954659
2026-07-30 13:07:25,Yashikaa Stone Bracelet,Default Title,AMS-103-1376,9700.0,New Arrival,1,0,1,https://www.theamethyststore.com/products/stone-bracelet-23?variant=gid://shopify/ProductVariant/49476232478947
2026-07-30 13:07:25,Traditional Kundan Short Necklace,Default Title,AMS-102-17139,56400.0,New Arrival,1,0,1,https://www.theamethyststore.com/products/traditional-kundan-short-necklace-1?variant=gid://shopify/ProductVariant/49476233691363
2026-07-30 13:07:25,Vinthira Stone Bracelet,Default Title,AMS-103-1379,9700.0,New Arrival,3,0,3,https://www.theamethyststore.com/products/stone-bracelet-24?variant=gid://shopify/ProductVariant/49476233724131
2026-07-30 13:22:16,"Mangalsutra Chain Double layer-24""",Default Title,AMS-105-0382-M,6500.0,Sale,1,12,11,https://www.theamethyststore.com/products/mangalsutra-chain-double-layer-24?variant=gid://shopify/ProductVariant/46779086012643
2026-07-30 13:22:16,Charming Stone Pendant,Default Title,AMS-104-2977,6600.0,Sale,1,4,3,https://www.theamethyststore.com/products/charming-stone-pendant?variant=gid://shopify/ProductVariant/47041346535651
2026-07-30 13:22:16,Vesnitha Kundan Pendant,Default Title,AMS-104-4752,17520.0,New Arrival,1,0,1,https://www.theamethyststore.com/products/kundan-pendant-95?variant=gid://shopify/ProductVariant/49476465197283
2026-07-30 13:22:16,Vedhikaa Kundan Pendant,Default Title,AMS-104-4753,14300.0,New Arrival,1,0,1,https://www.theamethyststore.com/products/kundan-pendant-96?variant=gid://shopify/ProductVariant/49476466082019
2026-07-30 13:22:16,Blanca Toe Ring,Default Title,AMS-117-0467,1900.0,Sold Out,1,1,0,https://www.theamethyststore.com/products/blanca-toe-ring?variant=gid://shopify/ProductVariant/47198306992355
2026-07-30 13:22:16,Lakshmikha Nagas Short Necklace Set,Default Title,AMS-102-14679,19750.0,Sold Out,1,1,0,https://www.theamethyststore.com/products/lakshmikha-nagas-short-necklace-set?variant=gid://shopify/ProductVariant/48098599403747
2026-07-30 13:22:16,HantriAvikam Pendant Set,Default Title,AMS-104-4045,7392.0,Sold Out,1,1,0,https://www.theamethyststore.com/products/avikam-pendant-set-8?variant=gid://shopify/ProductVariant/48944192094435
2026-07-30 13:37:16,Finrikaa Kundan Pendant,Default Title,AMS-104-4754,15100.0,New Arrival,1,0,1,https://www.theamethyststore.com/products/kundan-pendant-97?variant=gid://shopify/ProductVariant/49476484333795
2026-07-30 13:37:16,Tanujaa Kundan Pendant,Default Title,AMS-104-4755,16500.0,New Arrival,1,0,1,https://www.theamethyststore.com/products/kundan-pendant-98?variant=gid://shopify/ProductVariant/49476495966435
2026-07-30 13:37:16,Pranitha Kundan Pendant,Default Title,AMS-104-4756,18200.0,New Arrival,1,0,1,https://www.theamethyststore.com/products/kundan-pendant-99?variant=gid://shopify/ProductVariant/49476500619491
2026-07-30 13:37:16,Charming Kundan Jhumkas,Default Title,AMS-106-15017,34200.0,New Arrival,1,0,1,https://www.theamethyststore.com/products/charming-kundan-jhumkas?variant=gid://shopify/ProductVariant/49476501176547
2026-07-30 13:52:46,Shivya Kundan Pendant,Default Title,AMS-104-4757,13200.0,New Arrival,1,0,1,https://www.theamethyststore.com/products/kundan-pendant-100?variant=gid://shopify/ProductVariant/49476530176227
2026-07-30 13:52:46,Heritha Nagas Drops Earrings,Default Title,AMS-106-13138,7800.0,Sold Out,1,1,0,https://www.theamethyststore.com/products/nagas-drops-earrings?variant=gid://shopify/ProductVariant/48469967601891
2026-07-30 14:07:41,Yalisha Kundan Pendant,Default Title,AMS-104-4758,13610.0,Restock,1,0,1,https://www.theamethyststore.com/products/kundan-pendant-101?variant=gid://shopify/ProductVariant/49476536140003
2026-07-30 14:07:41,Nivetha Kundan Pendant,Default Title,AMS-104-4759,14300.0,New Arrival,1,0,1,https://www.theamethyststore.com/products/kundan-pendant-102?variant=gid://shopify/ProductVariant/49476536467683
2026-07-30 14:07:41,Cute Kundan Pendant,Default Title,AMS-104-4760,7700.0,New Arrival,1,0,1,https://www.theamethyststore.com/products/kundan-pendant-103?variant=gid://shopify/ProductVariant/49476537811171
2026-07-30 14:07:41,Isha Kundan Pendant,Default Title,AMS-104-4761,16950.0,New Arrival,1,0,1,https://www.theamethyststore.com/products/kundan-pendant-104?variant=gid://shopify/ProductVariant/49476538138851
2026-07-30 14:07:41,Unique Kundan Pendant,Default Title,AMS-104-4762,12850.0,New Arrival,1,0,1,https://www.theamethyststore.com/products/kundan-pendant-105?variant=gid://shopify/ProductVariant/49476541415651
2026-07-30 14:22:54,Sakthi Stone Pair Bangle,"2.4""","AMS-107-2552-2.4""",32600.0,Sale,1,2,1,https://www.theamethyststore.com/products/sakthi-stone-pair-bangle?variant=gid://shopify/ProductVariant/47206105415907
2026-07-30 14:22:54,Ridhi Attigai Necklace,Default Title,AMS-102-14255,17468.0,Sale,1,2,1,https://www.theamethyststore.com/products/ridhi-attigai-necklace?variant=gid://shopify/ProductVariant/48095321882851
2026-07-30 14:22:54,Kanisha Kundan Pendant,Default Title,AMS-104-4763,12080.0,New Arrival,1,0,1,https://www.theamethyststore.com/products/kundan-pendant-106?variant=gid://shopify/ProductVariant/49476542202083
2026-07-30 14:22:54,Nithra Kundan Pendant,Default Title,AMS-104-4764,17350.0,New Arrival,1,0,1,https://www.theamethyststore.com/products/kundan-pendant-107?variant=gid://shopify/ProductVariant/49476544364771
2026-07-30 14:22:54,Grace Kundan Pendant,Default Title,AMS-104-4765,18300.0,New Arrival,1,0,1,https://www.theamethyststore.com/products/kundan-pendant-108?variant=gid://shopify/ProductVariant/49476545347811
2026-07-30 14:22:54,Harishka Kundan Pendant,Default Title,AMS-104-4766,15070.0,New Arrival,1,0,1,https://www.theamethyststore.com/products/kundan-pendant-109?variant=gid://shopify/ProductVariant/49476547608803
2026-07-30 14:22:54,Saithanyasri Stone Studs,Default Title,AMS-106-9184,7418.0,Sold Out,1,1,0,https://www.theamethyststore.com/products/saithanyasri-stone-studs?variant=gid://shopify/ProductVariant/46884019962083
2026-07-30 14:22:54,Ganisha Nagas Chain Set,Default Title,AMS-105-1784,48561.0,Sold Out,1,1,0,https://www.theamethyststore.com/products/ganisha-nagas-chain-set?variant=gid://shopify/ProductVariant/48298586505443
2026-07-30 14:22:54,Trinaya Stone Pair Bangle,"2.4""","AMS-107-3106-2.4""",23680.0,Sold Out,1,1,0,https://www.theamethyststore.com/products/stone-pair-bangle-69?variant=gid://shopify/ProductVariant/48909199507683
2026-07-30 14:22:54,Akshata Nagas Drops,Default Title,AMS-106-14025,6800.0,Sold Out,1,1,0,https://www.theamethyststore.com/products/akshata-nagas-jhumkas?variant=gid://shopify/ProductVariant/49158875054307
2026-07-30 14:37:53,Keyuri Stone Pendant,Default Title,AMS-104-1268,12500.0,Sale,1,2,1,https://www.theamethyststore.com/products/keyuri-stone-pendant?variant=gid://shopify/ProductVariant/43887874638051
2026-07-30 14:37:53,Dymtrus Avikam Hair Maatal,Default Title,AMS-109-1159,53300.0,Sale,1,3,2,https://www.theamethyststore.com/products/dymtrus-avikam-hair-maatal?variant=gid://shopify/ProductVariant/45281421754595
2026-07-30 14:37:53,Anniki Victorian Ring,Default Title,AMS-101-0583,9800.0,Sale,1,3,2,https://www.theamethyststore.com/products/anniki-victorian-ring?variant=gid://shopify/ProductVariant/45303971315939
2026-07-30 14:37:53,Vikshi Kundan Pair Bangle,"2.6""","AMS-107-1396-2.6""",26860.0,Sale,1,4,3,https://www.theamethyststore.com/products/vikshi-kundan-pair-bangle?variant=gid://shopify/ProductVariant/45514132619491
2026-07-30 14:37:53,Viveka Kundan Maangtikka,Default Title,AMS-109-1847,24672.5,Sale,1,2,1,https://www.theamethyststore.com/products/viveka-kundan-maangtikka?variant=gid://shopify/ProductVariant/47081009873123
2026-07-30 14:37:53,Green Classic Kundan Studs,Default Title,AMS-106-10655,4615.0,Sale,1,4,3,https://www.theamethyststore.com/products/green-classic-kundan-studs?variant=gid://shopify/ProductVariant/47373203996899
2026-07-30 14:37:53,Elisha Diamond Design Ring,Default Title,AMS-101-1926,4516.0,Sale,1,3,2,https://www.theamethyststore.com/products/elisha-diamond-design-ring?variant=gid://shopify/ProductVariant/47848873787619
2026-07-30 14:37:53,Nithika Short Necklace Set,Default Title,AMS-102-14063,68936.0,Sale,1,2,1,https://www.theamethyststore.com/products/nithika-short-necklace-set?variant=gid://shopify/ProductVariant/47850703225059
2026-07-30 14:37:53,Eternal Glow Victorian Short Necklace Set,Default Title,AMS-102-17028,91600.0,Sale,1,2,1,https://www.theamethyststore.com/products/eternal-glow-victorian-short-necklace-set?variant=gid://shopify/ProductVariant/49430001647843
2026-07-30 14:37:53,Charlotte Choker Set,Default Title,AMS-102-5577,115627.0,Sold Out,1,1,0,https://www.theamethyststore.com/products/charlotte-choker-set?variant=gid://shopify/ProductVariant/44387040035043
2026-07-30 14:37:53,Mrudula Oxidized Choker,Default Title,AMS-102-6414,41200.0,Sold Out,1,1,0,https://www.theamethyststore.com/products/mrudula-oxidized-choker?variant=gid://shopify/ProductVariant/45266961989859
2026-07-30 14:37:53,Evoke Avikam Maangtikka,Default Title,AMS-109-1146,10350.0,Sold Out,1,1,0,https://www.theamethyststore.com/products/evoke-avikam-maangtikka?variant=gid://shopify/ProductVariant/45281382891747
2026-07-30 14:37:53,Rohina Stone Earrings,Default Title,AMS-106-6532,41417.0,Sold Out,1,1,0,https://www.theamethyststore.com/products/rohina-stone-earrings?variant=gid://shopify/ProductVariant/45435242643683
2026-07-30 14:37:53,Athesha Kundan Pair Bangle,"2.8""","AMS-107-1439-2.8""",87031.8,Sold Out,1,1,0,https://www.theamethyststore.com/products/athesha-kundan-pair-bangle?variant=gid://shopify/ProductVariant/45589978022115
2026-07-30 14:37:53,Bridal Look Kundan Oddiyanam,Default Title,AMS-110-0571,146267.1,Sold Out,1,1,0,https://www.theamethyststore.com/products/bridal-look-kundan-oddiyanam?variant=gid://shopify/ProductVariant/46240656359651
2026-07-30 14:37:53,Cute Pink Diamond Design Ring,Default Title,AMS-101-1151,4766.0,Sold Out,1,1,0,https://www.theamethyststore.com/products/cute-pink-diamond-design-ring?variant=gid://shopify/ProductVariant/46761869148387
2026-07-30 14:37:53,Hanshitha Nagas Short Necklace,Default Title,AMS-102-11280,105507.0,Sold Out,1,1,0,https://www.theamethyststore.com/products/hanshitha-nagas-short-necklace?variant=gid://shopify/ProductVariant/47089324228835
2026-07-30 14:37:53,Samaira Avikam Maangtikka,Default Title,AMS-109-1764,14567.0,Sold Out,1,1,0,https://www.theamethyststore.com/products/samaira-avikam-maangtikka?variant=gid://shopify/ProductVariant/47103778652387
2026-07-30 14:37:53,Diyantha Chain With Earrings,Default Title,AMS-105-1070,10249.0,Sold Out,1,1,0,https://www.theamethyststore.com/products/chain-with-earrings-2?variant=gid://shopify/ProductVariant/47145684205795
2026-07-30 14:37:53,Krithiga Kundan Necklace,Default Title,AMS-102-12187,82047.6,Sold Out,1,1,0,https://www.theamethyststore.com/products/krithiga-kundan-necklace?variant=gid://shopify/ProductVariant/47251852787939
2026-07-30 14:37:53,Tanuja Short Necklace,Default Title,AMS-102-12528,30203.4,Sold Out,1,1,0,https://www.theamethyststore.com/products/tanuja-short-necklace?variant=gid://shopify/ProductVariant/47328424886499
2026-07-30 14:37:53,Diana Stone Long Earrings,Default Title,AMS-106-10696,12197.8,Sold Out,1,1,0,https://www.theamethyststore.com/products/diana-stone-long-earrings?variant=gid://shopify/ProductVariant/47393223180515
2026-07-30 14:37:53,Eternal Beauty Long Necklace Set,Default Title,AMS-102-12612,110541.0,Sold Out,1,1,0,https://www.theamethyststore.com/products/eternal-beauty-long-necklace-set?variant=gid://shopify/ProductVariant/47442315870435
2026-07-30 14:37:53,Prishnavya Kundan Earrings,Default Title,AMS-106-11065,43395.2,Sold Out,1,1,0,https://www.theamethyststore.com/products/prishnavya-kundan-earrings?variant=gid://shopify/ProductVariant/47486918754531
2026-07-30 14:37:53,Tharika Nagas Jhumkas,Default Title,AMS-106-11207,20788.0,Sold Out,1,1,0,https://www.theamethyststore.com/products/tharika-nagas-jhumkas-1?variant=gid://shopify/ProductVariant/47581351706851
2026-07-30 14:37:53,Herithan Victorian Pair Bangles,"2.6""","AMS-107-2895-2.6""",112200.0,Sold Out,1,1,0,https://www.theamethyststore.com/products/victorian-pair-bangles-4?variant=gid://shopify/ProductVariant/47732178518243
2026-07-30 14:37:53,Tribal Aura Boho Jhumkas,Default Title,AMS-106-10848,25590.0,Sold Out,1,1,0,https://www.theamethyststore.com/products/tribal-aura-boho-jhumkas?variant=gid://shopify/ProductVariant/48285934158051
2026-07-30 14:37:53,Advika Kundan Choker,Default Title,AMS-102-14401,49400.0,Sold Out,1,1,0,https://www.theamethyststore.com/products/advika-kundan-choker?variant=gid://shopify/ProductVariant/48289156104419
2026-07-30 14:37:53,Viveka Nagas Drops Earrings,Default Title,AMS-106-13056,18040.0,Sold Out,1,1,0,https://www.theamethyststore.com/products/viveka-nagas-drops-earrings?variant=gid://shopify/ProductVariant/48321621885155
2026-07-30 14:37:53,Aishvika Nagas Short Necklace,Default Title,AMS-102-15029,83336.0,Sold Out,1,1,0,https://www.theamethyststore.com/products/aishvika-nagas-short-necklace?variant=gid://shopify/ProductVariant/48322080866531
2026-07-30 14:37:53,Shivra Nagas Chain,Default Title,AMS-105-1862,33360.0,Sold Out,1,1,0,https://www.theamethyststore.com/products/shivra-nagas-chain?variant=gid://shopify/ProductVariant/48731035893987
2026-07-30 14:37:53,Lakshmi 3D Spl Pendant,Default Title,AMS-104-4033,48400.0,Sold Out,1,1,0,https://www.theamethyststore.com/products/lakshmi-3d-spl-pendant-1?variant=gid://shopify/ProductVariant/48891237236963
2026-07-30 14:37:53,Aarnikha Nagas Pair Bangles,"2.6""","AMS-107-3196-2.6""",51700.0,Sold Out,1,1,0,https://www.theamethyststore.com/products/nagas-pair-bangles-16?variant=gid://shopify/ProductVariant/48966164447459
2026-07-30 14:37:53,Vindhyavasini Nagas Jhumkas,Default Title,AMS-106-13835,30800.0,Sold Out,1,1,0,https://www.theamethyststore.com/products/vindhyavasini-nagas-drops-earrings-1?variant=gid://shopify/ProductVariant/48987367932131
2026-07-30 14:37:53,Bridal Nagas Oddiyanam,Default Title,AMS-110-0900,108877.0,Sold Out,1,1,0,https://www.theamethyststore.com/products/bridal-nagas-oddiyanam-8?variant=gid://shopify/ProductVariant/49267990331619
2026-07-30 14:37:53,Traditional Kundan Oddiyanam,Default Title,AMS-110-0917,197000.0,Sold Out,1,1,0,https://www.theamethyststore.com/products/kundan-oddiyanam-6?variant=gid://shopify/ProductVariant/49320081686755
2026-07-30 14:37:53,Stunning Hasli with Pendant,Default Title,AMS-102-16609,13600.0,Sold Out,1,1,0,https://www.theamethyststore.com/products/hasli-with-pendant-6?variant=gid://shopify/ProductVariant/49390218871011
2026-07-30 14:37:53,Lavika Diamond Design Ring,Default Title,AMS-101-1157,8375.0,Sold Out,1,1,0,https://www.theamethyststore.com/products/lavika-diamond-design-ring?variant=gid://shopify/ProductVariant/46761890480355
2026-07-30 14:37:53,Zirca Kundan Jhumkhas,Default Title,AMS-106-9655,41598.9,Sold Out,1,1,0,https://www.theamethyststore.com/products/zirca-kundan-jhumkhas?variant=gid://shopify/ProductVariant/46931874840803
2026-07-30 14:37:53,Vishlina Stone Studs,Default Title,AMS-106-9760,4600.0,Sold Out,1,1,0,https://www.theamethyststore.com/products/vishlina-stone-studs?variant=gid://shopify/ProductVariant/47102670668003
2026-07-30 14:37:53,Athiraa Avikam Earrings,Default Title,AMS-106-12080,6248.0,Sold Out,1,1,0,https://www.theamethyststore.com/products/athiraa-avikam-earrings?variant=gid://shopify/ProductVariant/47850857201891
2026-07-30 14:52:00,Sakshi Long Necklace,Default Title,AMS-102-2710,77926.76,Sold Out,1,1,0,https://www.theamethyststore.com/products/sakshi-long-necklace?variant=gid://shopify/ProductVariant/42935810293987
2026-07-30 14:52:00,Traditional Deep Nagas Short Necklace,Default Title,AMS-102-15341,90235.0,Sold Out,1,1,0,https://www.theamethyststore.com/products/deep-nagas-short-necklace-1?variant=gid://shopify/ProductVariant/48776937603299
2026-07-30 14:52:00,Wondrous Kundan Bracelet,Default Title,AMS-103-0270,14736.0,Sold Out,1,1,0,https://www.theamethyststore.com/products/wondrous-kundan-bracelet?variant=gid://shopify/ProductVariant/43486247059683
2026-07-30 19:51:40,Pretty Look Bugadi Earrings,Default Title,AMS-106-10807,4500.0,Sale,1,3,2,https://www.theamethyststore.com/products/pretty-look-bugadi-earrings?variant=gid://shopify/ProductVariant/47442174083299
2026-07-30 19:51:40,Vibrant Stone Pendant,Default Title,AMS-104-4654,11950.0,Sale,1,2,1,https://www.theamethyststore.com/products/stone-pendant-56?variant=gid://shopify/ProductVariant/49415040041187
2026-07-30 20:07:15,Ethinika Moissanite Drops,Default Title,AMS-106-15515,10600.0,Sold Out,1,1,0,https://www.theamethyststore.com/products/moissanite-drops-2?variant=gid://shopify/ProductVariant/49447422001379
2026-07-30 22:21:53,Nitra Kundan Pair Bangle,"2.6""","AMS-107-1558-2.6""",24950.0,Sale,1,2,1,https://www.theamethyststore.com/products/nitra-kundan-pair-bangle?variant=gid://shopify/ProductVariant/45779190644963
2026-07-31 04:51:52,Attractive Diamond Like Oddiyanam,Default Title,AMS-110-0924,150500.0,Restock,1,1,2,https://www.theamethyststore.com/products/diamond-like-oddiyanam-6?variant=gid://shopify/ProductVariant/49410606530787
2026-07-31 04:51:52,Vintage Kundan Pair Bangle,"2.4""","AMS-107-3410-2.4""",39800.0,New Arrival,1,0,1,https://www.theamethyststore.com/products/kundan-pair-bangle-21?variant=gid://shopify/ProductVariant/49478582796515
2026-07-31 04:51:52,Dazzle Kundan Pair Bangle,"2.4""",AMS-107-3411-2.4,70250.0,New Arrival,1,0,1,https://www.theamethyststore.com/products/vintage-kundan-pair-bangle-copy?variant=gid://shopify/ProductVariant/49478945308899
2026-07-31 04:51:52,Beautiful Green Kundan Anklet,Default Title,AMS-114-0511,15777.62,Sold Out,1,1,0,https://www.theamethyststore.com/products/beautiful-green-kundan-anklet?variant=gid://shopify/ProductVariant/46390878601443
2026-07-31 05:07:21,Sujitha Kundan Maatal,Default Title,AMS-109-1388,36240.0,New Arrival,1,0,1,https://www.theamethyststore.com/products/sujitha-kundan-maatal?variant=gid://shopify/ProductVariant/46181180342499
2026-07-31 05:07:21,Viveka Kundan Maangtikka,Default Title,AMS-109-1847,24672.5,Restock,1,1,2,https://www.theamethyststore.com/products/viveka-kundan-maangtikka?variant=gid://shopify/ProductVariant/47081009873123
2026-07-31 05:07:21,Herithan Victorian Pair Bangles,"2.6""","AMS-107-2895-2.6""",112200.0,Restock,1,0,1,https://www.theamethyststore.com/products/victorian-pair-bangles-4?variant=gid://shopify/ProductVariant/47732178518243
2026-07-31 05:07:21,Divine Glow Nagas Tikka,Default Title,AMS-109-1695,12500.0,Restock,1,2,3,https://www.theamethyststore.com/products/divine-glow-nagas-tikka?variant=gid://shopify/ProductVariant/47793463787747
2026-07-31 05:07:21,Elegant Charm Nagas Tikka,Default Title,AMS-109-2172,16100.0,New Arrival,1,0,1,https://www.theamethyststore.com/products/elegant-charm-nagas-tikka?variant=gid://shopify/ProductVariant/48294535495907
2026-07-31 05:07:21,Vedhikaa Kundan Pair Bangle,"2.6""","AMS-107-3412-2.6""",116400.0,New Arrival,1,0,1,https://www.theamethyststore.com/products/kundan-pair-bangle-22?variant=gid://shopify/ProductVariant/49479124812003
2026-07-31 05:07:21,Zinthara Kundan Pair Bangle,"2.6""","AMS-107-3413-2.6""",27600.0,New Arrival,1,0,1,https://www.theamethyststore.com/products/kundan-pair-bangle-23?variant=gid://shopify/ProductVariant/49479132053731
2026-07-31 05:07:21,Swift Flower Avikam Pair Bangles,"2.8""","AMS-107-3414-2.8""",62800.0,New Arrival,1,0,1,https://www.theamethyststore.com/products/avikam-pair-bangles-13?variant=gid://shopify/ProductVariant/49479144308963
2026-07-31 05:21:58,Navarathna Studs,Default Title,AMS-106-2497,9000.0,Restock,1,1,2,https://www.theamethyststore.com/products/navarathna-studs?variant=gid://shopify/ProductVariant/42820733206755
2026-07-31 05:21:58,Conito Navarathna Studs,Default Title,AMS-106-4448,5700.0,Restock,1,2,3,https://www.theamethyststore.com/products/conito-navarathna-studs?variant=gid://shopify/ProductVariant/43852694651107
2026-07-31 05:21:58,Vikshi Kundan Pair Bangle,"2.6""","AMS-107-1396-2.6""",26860.0,Restock,2,3,5,https://www.theamethyststore.com/products/vikshi-kundan-pair-bangle?variant=gid://shopify/ProductVariant/45514132619491
2026-07-31 05:21:58,Athesha Kundan Pair Bangle,"2.8""","AMS-107-1439-2.8""",82720.0,Restock,1,0,1,https://www.theamethyststore.com/products/athesha-kundan-pair-bangle?variant=gid://shopify/ProductVariant/45589978022115
2026-07-31 05:21:58,Aadhisri Nagas Jhumkas,Default Title,AMS-106-7778,36400.0,New Arrival,1,0,1,https://www.theamethyststore.com/products/aadhisri-nagas-jhumkas?variant=gid://shopify/ProductVariant/46132549386467
2026-07-31 05:21:58,Nikarikaa Diamond Design Pendant,Default Title,AMS-104-4666,6300.0,Restock,2,6,8,https://www.theamethyststore.com/products/diamond-design-pendant-18?variant=gid://shopify/ProductVariant/49415048102115
2026-07-31 05:21:58,Kanorra Diamond Stud,Default Title,AMS-106-15416,6200.0,Restock,1,1,2,https://www.theamethyststore.com/products/kanorra-diamond-stud?variant=gid://shopify/ProductVariant/49439660802275
2026-07-31 05:21:58,Arisha Avikam Pair Bangles,"2.4""","AMS-107-3415-2.4""",54600.0,New Arrival,1,0,1,https://www.theamethyststore.com/products/avikam-pair-bangles-copy?variant=gid://shopify/ProductVariant/49479147225315
2026-07-31 05:37:36,Navarathna kaasu Pendant,Only Pendant,AMS-104-0793,8600.0,Restock,7,0,7,https://www.theamethyststore.com/products/navarathna-kaasu-pendant?variant=gid://shopify/ProductVariant/46235933180131
2026-07-31 05:37:36,Vikitha Nagas Jhumkas,Default Title,AMS-106-10078,37700.0,New Arrival,4,0,4,https://www.theamethyststore.com/products/vikitha-nagas-jhumkas?variant=gid://shopify/ProductVariant/47056454877411
2026-07-31 05:37:36,Prishnavya Kundan Earrings,Default Title,AMS-106-11065,43395.2,Restock,1,0,1,https://www.theamethyststore.com/products/prishnavya-kundan-earrings?variant=gid://shopify/ProductVariant/47486918754531
2026-07-31 05:37:36,Lara Nagas Jhumkas,Default Title,AMS-106-12481,20000.0,New Arrival,3,0,3,https://www.theamethyststore.com/products/lara-nagas-jhumkas?variant=gid://shopify/ProductVariant/47850846028003
2026-07-31 05:37:36,Dhanshikaa Avikam Bracelet,Default Title,AMS-103-1345,9900.0,Restock,1,1,2,https://www.theamethyststore.com/products/avikam-bracelet-7?variant=gid://shopify/ProductVariant/49359481635043
2026-07-31 05:52:24,Lhita Short Necklace Set,Default Title,AMS-102-8351,66900.0,New Arrival,1,0,1,https://www.theamethyststore.com/products/lhita-short-necklace-set?variant=gid://shopify/ProductVariant/45949600006371
2026-07-31 05:52:24,Glittering Avikam Necklace Set,Default Title,AMS-102-16805,33800.0,Restock,1,1,2,https://www.theamethyststore.com/products/glittering-avikam-necklace-set-1?variant=gid://shopify/ProductVariant/49421301973219
2026-07-31 06:08:00,Mesmerizing Avikam Necklace Set,Default Title,AMS-102-16775,28800.0,Restock,1,1,2,https://www.theamethyststore.com/products/mesmerizing-avikam-necklace-set-1?variant=gid://shopify/ProductVariant/49421181649123
2026-07-31 06:08:00,Amazing Moissanite Short Necklace,Default Title,AMS-102-17072,73200.0,Sold Out,1,1,0,https://www.theamethyststore.com/products/amazing-moissanite-short-necklace-set?variant=gid://shopify/ProductVariant/49442677391587
2026-07-31 06:21:57,Uthika Diamond Design Ring,Default Title,AMS-101-1163,3200.0,New Arrival,1,0,1,https://www.theamethyststore.com/products/diamond-design-ring?variant=gid://shopify/ProductVariant/46761927770339
2026-07-31 06:21:57,Shervi Avikam Short Necklace Set,Default Title,AMS-102-11089,26000.0,Restock,1,3,4,https://www.theamethyststore.com/products/shervi-avikam-short-necklace-set?variant=gid://shopify/ProductVariant/47075270721763
2026-07-31 06:21:57,Swarna Diamond Design Ring,Default Title,AMS-101-1929,4400.0,New Arrival,1,0,1,https://www.theamethyststore.com/products/swarna-diamond-design-ring?variant=gid://shopify/ProductVariant/47848881717475
2026-07-31 06:21:57,Ellariya  Kundan Long Necklace,Default Title,AMS-102-14543,232600.0,New Arrival,1,0,1,https://www.theamethyststore.com/products/ellariya-kundan-long-necklace?variant=gid://shopify/ProductVariant/48244428177635
2026-07-31 06:21:57,Gray Beads Long Necklace,Default Title,AMS-102-14446,19096.0,Restock,1,4,5,https://www.theamethyststore.com/products/gray-beads-long-necklace?variant=gid://shopify/ProductVariant/48275210830051
2026-07-31 06:21:57,Advika Kundan Choker,Default Title,AMS-102-14401,49400.0,Restock,1,0,1,https://www.theamethyststore.com/products/advika-kundan-choker?variant=gid://shopify/ProductVariant/48289156104419
2026-07-31 06:21:57,Hejitha Avikam Short Necklace Set,Default Title,AMS-102-14787,29400.0,New Arrival,1,0,1,https://www.theamethyststore.com/products/hejitha-avikam-short-necklace-set?variant=gid://shopify/ProductVariant/48296846360803
2026-07-31 06:21:57,Sparkling Avikam Short Necklace Set,Default Title,AMS-102-14776,18600.0,New Arrival,1,0,1,https://www.theamethyststore.com/products/sparkling-avikam-short-necklace-set-2?variant=gid://shopify/ProductVariant/48301977272547
2026-07-31 06:21:57,Kashnika Short Necklace Set,Default Title,AMS-102-15314,41100.0,New Arrival,1,0,1,https://www.theamethyststore.com/products/short-necklace-set-45?variant=gid://shopify/ProductVariant/48802837856483
2026-07-31 06:21:57,Aarna Short Necklace Set,Default Title,AMS-102-15435,26200.0,New Arrival,1,0,1,https://www.theamethyststore.com/products/aarna-short-necklace-set?variant=gid://shopify/ProductVariant/48871808008419
2026-07-31 06:21:57,Zariya Diamond Design Ring,Default Title,AMS-101-2110,5100.0,New Arrival,1,0,1,https://www.theamethyststore.com/products/diamond-design-ring-4?variant=gid://shopify/ProductVariant/48937050079459
2026-07-31 06:21:57,Ravishing Avikam Pair Bangles,"2.4""","AMS-107-3416-2.4""",42400.0,New Arrival,1,0,1,https://www.theamethyststore.com/products/avikam-pair-bangles-14?variant=gid://shopify/ProductVariant/49479150469347
2026-07-31 06:21:57,Dharani Avikam Pair Bangles,"2.6""","AMS-107-3417-2.6""",68200.0,New Arrival,2,0,2,https://www.theamethyststore.com/products/avikam-pair-bangles-15?variant=gid://shopify/ProductVariant/49479175078115
2026-07-31 06:21:57,Linthra Avikam Pair Bangles,"2.4""","AMS-107-3418-2.4""",39600.0,New Arrival,1,0,1,https://www.theamethyststore.com/products/avikam-pair-bangles-16?variant=gid://shopify/ProductVariant/49479176323299
2026-07-31 06:21:57,Linthra Avikam Pair Bangles,"2.6""","AMS-107-3418-2.6""",39800.0,New Arrival,1,0,1,https://www.theamethyststore.com/products/avikam-pair-bangles-16?variant=gid://shopify/ProductVariant/49479176028387
2026-07-31 06:37:27,Lavanya Avikam Pair Bangles,"2.6""","AMS-107-3419-2.6""",65400.0,New Arrival,2,0,2,https://www.theamethyststore.com/products/avikam-pair-bangles-17?variant=gid://shopify/ProductVariant/49479177502947
2026-07-31 06:37:27,Shinning Kundan Short Necklace,Default Title,AMS-102-17182,36250.0,New Arrival,1,0,1,https://www.theamethyststore.com/products/shinning-kundan-short-necklace-2?variant=gid://shopify/ProductVariant/49479179632867
2026-07-31 06:37:27,Traditional Kundan Short Necklace,Default Title,AMS-102-17183,36830.0,New Arrival,1,0,1,https://www.theamethyststore.com/products/traditional-kundan-short-necklace-2?variant=gid://shopify/ProductVariant/49479183466723
2026-07-31 06:37:27,Kenisha Kundan Short Necklace,Default Title,AMS-102-17184,37360.0,New Arrival,1,0,1,https://www.theamethyststore.com/products/kenisha-kundan-short-necklace-2?variant=gid://shopify/ProductVariant/49479183892707
2026-07-31 06:53:26,Dhekshikha Kundan Short Necklace,Default Title,AMS-102-17188,36350.0,Restock,1,0,1,https://www.theamethyststore.com/products/dhekshikha-kundan-short-necklace?variant=gid://shopify/ProductVariant/49479185629411
2026-07-31 06:53:26,Stunning Kundan Short Necklace,Default Title,AMS-102-17189,36810.0,New Arrival,1,0,1,https://www.theamethyststore.com/products/stunning-kundan-short-necklace-2?variant=gid://shopify/ProductVariant/49479186055395
2026-07-31 06:53:26,Fabulous Kundan Short Necklace,Default Title,AMS-102-17190,24340.0,New Arrival,2,0,2,https://www.theamethyststore.com/products/fabulous-kundan-short-necklace-2?variant=gid://shopify/ProductVariant/49479191462115
2026-07-31 06:53:26,Charming Kundan Short Necklace,Default Title,AMS-102-17191,24120.0,New Arrival,2,0,2,https://www.theamethyststore.com/products/charming-kundan-short-necklace-1?variant=gid://shopify/ProductVariant/49479192707299
2026-07-31 07:07:43,Stunning Look Avikam Necklace Set,Default Title,AMS-102-17161,151300.0,New Arrival,3,0,3,https://www.theamethyststore.com/products/stunning-look-avikam-necklace-set-1?variant=gid://shopify/ProductVariant/49479200571619
2026-07-31 07:07:43,Gorgeous Avikam Necklace Set,Default Title,AMS-102-17162,61600.0,New Arrival,2,0,2,https://www.theamethyststore.com/products/gorgeous-avikam-necklace-set-2?variant=gid://shopify/ProductVariant/49479214924003
2026-07-31 07:07:43,Fabulous Avikam Necklace Set,Default Title,AMS-102-17163,154300.0,New Arrival,2,0,2,https://www.theamethyststore.com/products/fabulous-avikam-necklace-set-2?variant=gid://shopify/ProductVariant/49479218692323
2026-07-31 07:22:17,Grandeur Avikam Necklace Set,Default Title,AMS-102-17166,94100.0,New Arrival,2,0,2,https://www.theamethyststore.com/products/grandeur-avikam-necklace-set-2?variant=gid://shopify/ProductVariant/49479296680163
2026-07-31 07:22:17,Admirable Avikam Necklace Set,Default Title,AMS-102-17172,66400.0,New Arrival,2,0,2,https://www.theamethyststore.com/products/admirable-avikam-necklace-set-1?variant=gid://shopify/ProductVariant/49479304052963
2026-07-31 07:22:17,Amazing Avikam Necklace Set,Default Title,AMS-102-17195,129600.0,New Arrival,1,0,1,https://www.theamethyststore.com/products/amazing-avikam-necklace-set-2?variant=gid://shopify/ProductVariant/49479312015587
2026-07-31 07:37:20,Trendy Charm Avikam Necklace Set,Default Title,AMS-102-17200,59000.0,New Arrival,1,0,1,https://www.theamethyststore.com/products/trendy-charm-avikam-necklace-set?variant=gid://shopify/ProductVariant/49479316832483
2026-07-31 07:37:20,Trendy Glow Avikam Necklace Set,Default Title,AMS-102-17168,36700.0,New Arrival,3,0,3,https://www.theamethyststore.com/products/trendy-glow-avikam-necklace-set-1?variant=gid://shopify/ProductVariant/49479322796259
2026-07-31 07:37:20,Niharikha Avikam Necklace Set,Default Title,AMS-102-17194,59900.0,New Arrival,3,0,3,https://www.theamethyststore.com/products/niharikha-avikam-necklace-set?variant=gid://shopify/ProductVariant/49479331021027
2026-07-31 07:51:51,Amazing Avikam Long Necklace Set,Default Title,AMS-102-17167,41500.0,New Arrival,2,0,2,https://www.theamethyststore.com/products/amazing-avikam-long-necklace-set-2?variant=gid://shopify/ProductVariant/49479358251235
2026-07-31 08:07:49,Stunning Avikam Long Necklace Set,Default Title,AMS-102-17175,105100.0,New Arrival,2,0,2,https://www.theamethyststore.com/products/stunning-avikam-long-necklace-set?variant=gid://shopify/ProductVariant/49479408156899
2026-07-31 08:07:49,Layer Charm Avikam Long Necklace Set,Default Title,AMS-102-17196,243500.0,New Arrival,1,0,1,https://www.theamethyststore.com/products/layer-charm-avikam-long-necklace-set-3?variant=gid://shopify/ProductVariant/49479415333091
2026-07-31 08:07:49,Grand Look Avikam Choker Set,Default Title,AMS-102-17193,105500.0,New Arrival,2,0,2,https://www.theamethyststore.com/products/grand-look-avikam-choker-set-1?variant=gid://shopify/ProductVariant/49479421231331
2026-07-31 08:07:49,Ashvini Short Necklace,Default Title,AMS-102-9383,21470.4,Sold Out,1,1,0,https://www.theamethyststore.com/products/ashvini-short-necklace?variant=gid://shopify/ProductVariant/46479521546467
2026-07-31 08:22:04,Pretty Look Avikam Choker Set,Default Title,AMS-102-17165,31600.0,New Arrival,3,0,3,https://www.theamethyststore.com/products/avikam-choker-set-3?variant=gid://shopify/ProductVariant/49479427653859
2026-07-31 08:38:05,Giriza Kundan Choker,Default Title,AMS-102-17137,35500.0,New Arrival,1,0,1,https://www.theamethyststore.com/products/giriza-kundan-choker?variant=gid://shopify/ProductVariant/49479491092707
2026-07-31 08:38:05,Grandeur Kundan Choker,Default Title,AMS-102-17138,52660.0,New Arrival,1,0,1,https://www.theamethyststore.com/products/grandeur-kundan-choker-1?variant=gid://shopify/ProductVariant/49479495909603
2026-07-31 08:38:05,Luxurious Kundan Choker,Default Title,AMS-102-17149,50100.0,New Arrival,1,0,1,https://www.theamethyststore.com/products/luxurious-kundan-choker-1?variant=gid://shopify/ProductVariant/49479503184099
2026-07-31 10:07:45,Little Flower Nose Pin,Default Title,AMS-113-0233,1300.0,Sale,1,7,6,https://www.theamethyststore.com/products/little-flower-nose-pin?variant=gid://shopify/ProductVariant/43691519082723
2026-07-31 10:07:45,Varsha Short Necklace,Default Title,AMS-102-9339,24700.0,Sale,1,5,4,https://www.theamethyststore.com/products/varsha-short-necklace?variant=gid://shopify/ProductVariant/46600737882339
2026-07-31 10:07:45,Shalikha Chain With Earrings,Default Title,AMS-105-1220,32932.0,Sold Out,1,1,0,https://www.theamethyststore.com/products/shalikha-chain-with-earrings?variant=gid://shopify/ProductVariant/47180290916579
2026-07-31 10:21:52,Gorgeous Kundan Choker,Default Title,AMS-102-17150,79300.0,New Arrival,1,0,1,https://www.theamethyststore.com/products/gorgeous-kundan-choker-2?variant=gid://shopify/ProductVariant/49480139505891
2026-07-31 10:21:52,Attractive Avikam Pair Bangles,"2.6""",AMS-107-3420-2.6,44400.0,New Arrival,2,0,2,https://www.theamethyststore.com/products/avikam-pair-bangles-18?variant=gid://shopify/ProductVariant/49480141406435
2026-07-31 10:21:52,Nithraa Avikam Pair Bangles,"2.4""",AMS-107-3427-2.4,32000.0,New Arrival,1,0,1,https://www.theamethyststore.com/products/avikam-pair-bangles-19?variant=gid://shopify/ProductVariant/49480186069219
2026-07-31 10:21:52,Nithraa Avikam Pair Bangles,"2.6""","AMS-107-3427-2.6""",32400.0,New Arrival,2,0,2,https://www.theamethyststore.com/products/avikam-pair-bangles-19?variant=gid://shopify/ProductVariant/49480182104291
2026-07-31 10:21:52,Nithraa Avikam Pair Bangles,"2.8""","AMS-107-3427-2.8""",33200.0,New Arrival,1,0,1,https://www.theamethyststore.com/products/avikam-pair-bangles-19?variant=gid://shopify/ProductVariant/49480186101987
2026-07-31 10:21:52,Grandeur Kundan Jhumkas,Default Title,AMS-106-15466,22500.0,New Arrival,3,0,3,https://www.theamethyststore.com/products/grandeur-kundan-jhumkas-5?variant=gid://shopify/ProductVariant/49480195801315
2026-07-31 10:37:38,Admirable Moissanite Choker Set,Default Title,AMS-102-16384,56900.0,New Arrival,1,0,1,https://www.theamethyststore.com/products/admirable-moissanite-choker-set?variant=gid://shopify/ProductVariant/49480235319523
2026-07-31 10:37:38,Finrikaa Avikam Pair Bangles,"2.4""",AMS-107-3428-2.4,52200.0,New Arrival,2,0,2,https://www.theamethyststore.com/products/avikam-pair-bangles-20?variant=gid://shopify/ProductVariant/49480243151075
2026-07-31 10:37:38,Finrikaa Avikam Pair Bangles,"2.6""","AMS-107-3428-2.6""",53800.0,New Arrival,2,0,2,https://www.theamethyststore.com/products/avikam-pair-bangles-20?variant=gid://shopify/ProductVariant/49480243183843
2026-07-31 10:37:38,Shrikha Avikam Pair Bangles,"2.6""","AMS-107-3429-2.6""",69600.0,New Arrival,2,0,2,https://www.theamethyststore.com/products/avikam-pair-bangles-21?variant=gid://shopify/ProductVariant/49480302559459
2026-07-31 10:37:38,Mesmerizing Moissanite Choker Set,Default Title,AMS-102-16391,89100.0,New Arrival,1,0,1,https://www.theamethyststore.com/products/mesmerizing-moissanite-choker-set?variant=gid://shopify/ProductVariant/49480309014755
2026-07-31 10:37:38,Chic & Trendy Moissanite Choker Set,Default Title,AMS-102-16393,32500.0,New Arrival,1,0,1,https://www.theamethyststore.com/products/chic-trendy-moissanite-choker-set?variant=gid://shopify/ProductVariant/49480320549091
2026-07-31 10:37:38,Dhithikaa Avikam Pair Bangles,"2.6""","AMS-107-3430-2.6""",74200.0,New Arrival,3,0,3,https://www.theamethyststore.com/products/avikam-pair-bangles-22?variant=gid://shopify/ProductVariant/49480321302755
2026-07-31 10:52:02,Unique Kundan Maatal,Default Title,AMS-109-2411,25800.0,New Arrival,1,0,1,https://www.theamethyststore.com/products/kundan-maatal-2?variant=gid://shopify/ProductVariant/49480336146659
2026-07-31 10:52:02,Mesmerizing Moissanite Long Necklace Set,Default Title,AMS-102-17106,184000.0,New Arrival,1,0,1,https://www.theamethyststore.com/products/mesmerizing-moissanite-long-necklace-set?variant=gid://shopify/ProductVariant/49480338211043
2026-07-31 10:52:02,Vihana Kundan Maatal,Default Title,AMS-109-2412,25600.0,New Arrival,1,0,1,https://www.theamethyststore.com/products/kundan-maatal-3?variant=gid://shopify/ProductVariant/49480349778147
2026-07-31 10:52:02,Aarika Kundan Maatal,Default Title,AMS-109-2413,27600.0,New Arrival,1,0,1,https://www.theamethyststore.com/products/kundan-maatal-4?variant=gid://shopify/ProductVariant/49480358330595
2026-07-31 10:52:02,Riyana Kundan Maatal,Default Title,AMS-109-2414,25400.0,New Arrival,1,0,1,https://www.theamethyststore.com/products/kundan-maatal-5?variant=gid://shopify/ProductVariant/49480372224227
2026-07-31 10:52:02,Shinning Kundan Short Necklace,Default Title,AMS-102-17157,95500.0,New Arrival,1,0,1,https://www.theamethyststore.com/products/kundan-short-necklace-20?variant=gid://shopify/ProductVariant/49480374649059
2026-07-31 10:52:02,Krishna 3D Spl Nagas Pendant,Default Title,AMS-104-3947,13904.0,Sold Out,1,1,0,https://www.theamethyststore.com/products/nagas-pendant-26?variant=gid://shopify/ProductVariant/48868910596323
2026-07-31 11:07:42,Ivaana Kundan Maatal,Default Title,AMS-109-2415,24810.0,New Arrival,1,0,1,https://www.theamethyststore.com/products/kundan-maatal-6?variant=gid://shopify/ProductVariant/49480384544995
2026-07-31 11:07:42,Tanirika Kundan Maatal,Default Title,AMS-109-2416,27400.0,New Arrival,1,0,1,https://www.theamethyststore.com/products/kundan-maatal-7?variant=gid://shopify/ProductVariant/49480389296355
2026-07-31 11:07:42,Charming Kundan Short Necklace,Default Title,AMS-102-17158,99400.0,New Arrival,1,0,1,https://www.theamethyststore.com/products/charming-kundan-short-necklace-2?variant=gid://shopify/ProductVariant/49480396439779
2026-07-31 11:07:42,Vritika Kundan Maatal,Default Title,AMS-109-2417,26650.0,New Arrival,1,0,1,https://www.theamethyststore.com/products/kundan-maatal-8?variant=gid://shopify/ProductVariant/49480396996835
2026-07-31 11:07:42,Shanaya Kundan Maatal,Default Title,AMS-109-2418,25710.0,New Arrival,1,0,1,https://www.theamethyststore.com/products/kundan-maatal-9?variant=gid://shopify/ProductVariant/49480406434019
2026-07-31 11:07:42,Grandeur Beads Long Necklace Set,Default Title,AMS-102-17131,129700.0,New Arrival,1,0,1,https://www.theamethyststore.com/products/long-necklace-25?variant=gid://shopify/ProductVariant/49480406466787
2026-07-31 11:22:25,Admirable Beads Long Necklace Set,Default Title,AMS-102-17132,137700.0,New Arrival,1,0,1,https://www.theamethyststore.com/products/admirable-beads-long-necklace-set?variant=gid://shopify/ProductVariant/49480428978403
2026-07-31 11:22:25,Farisha Avikam Maangtikka,Default Title,AMS-109-2419,11100.0,Restock,2,0,2,https://www.theamethyststore.com/products/avikam-maangtikka-8?variant=gid://shopify/ProductVariant/49480430813411
2026-07-31 11:22:25,Nethra Avikam Maangtikka,Default Title,AMS-109-2421,11500.0,New Arrival,5,0,5,https://www.theamethyststore.com/products/avikam-maangtikka-9?variant=gid://shopify/ProductVariant/49480452571363
2026-07-31 11:22:25,Pranitha Beads Long Necklace Set,Default Title,AMS-102-17133,127900.0,New Arrival,1,0,1,https://www.theamethyststore.com/products/pranitha-beads-long-necklace-set?variant=gid://shopify/ProductVariant/49480462139619
2026-07-31 11:22:25,Anvitha Diamond Design Hair Maatal,Default Title,AMS-109-2420,33500.0,New Arrival,3,0,3,https://www.theamethyststore.com/products/diamond-design-hair-maatal-3?variant=gid://shopify/ProductVariant/49480487207139
2026-07-31 11:22:25,Charming Kundan Long Necklace,Default Title,AMS-102-17136,108600.0,New Arrival,1,0,1,https://www.theamethyststore.com/products/kundan-long-necklace-13?variant=gid://shopify/ProductVariant/49480492286179
2026-07-31 11:22:25,Radhae Krishna Nagas Oddiyanam,Default Title,AMS-110-0932,170500.0,New Arrival,1,0,1,https://www.theamethyststore.com/products/nagas-oddiyanam-10?variant=gid://shopify/ProductVariant/49480516796643
2026-07-31 11:22:25,Yalikha Kundan Ring,Default Title,AMS-101-1964,5000.0,Sold Out,1,1,0,https://www.theamethyststore.com/products/yalikha-kundan-ring?variant=gid://shopify/ProductVariant/47988867432675
2026-07-31 11:37:07,Yamika Short Necklace,Default Title,AMS-102-9549,22400.0,Sale,1,4,3,https://www.theamethyststore.com/products/yamika-short-necklace?variant=gid://shopify/ProductVariant/46467480060131
2026-07-31 11:37:07,Reyanshi Nagas Oddiyanam,Default Title,AMS-110-0933,146900.0,New Arrival,1,0,1,https://www.theamethyststore.com/products/nagas-oddiyanam-11?variant=gid://shopify/ProductVariant/49480532426979
2026-07-31 11:37:07,Riyanshi Diamond Like Oddiyanam,Default Title,AMS-110-0936,134200.0,New Arrival,1,0,1,https://www.theamethyststore.com/products/diamond-like-oddiyanam-10?variant=gid://shopify/ProductVariant/49480538587363
2026-07-31 11:37:07,Luxurious Kundan Choker,Default Title,AMS-102-17159,75300.0,New Arrival,2,0,2,https://www.theamethyststore.com/products/luxurious-kundan-choker-2?variant=gid://shopify/ProductVariant/49480542060771
2026-07-31 11:37:07,Tanisha  Diamond Like Oddiyanam,Default Title,AMS-110-0937,155600.0,New Arrival,1,0,1,https://www.theamethyststore.com/products/diamond-like-oddiyanam-11?variant=gid://shopify/ProductVariant/49480544714979
2026-07-31 11:37:07,Zyvana Kundan Pair Bangle,"2.4""","AMS-107-3450-2.4""",48000.0,New Arrival,1,0,1,https://www.theamethyststore.com/products/kundan-pair-bangle-24?variant=gid://shopify/ProductVariant/49480596357347
2026-07-31 11:52:51,Nithikha Kundan Choker,Default Title,AMS-102-17202,92000.0,New Arrival,1,0,1,https://www.theamethyststore.com/products/nithikha-kundan-choker?variant=gid://shopify/ProductVariant/49480585871587
2026-07-31 11:52:51,Vedhikaa 3D Spl Short Necklace Set,Default Title,AMS-102-16374,8184.0,Sold Out,1,1,0,https://www.theamethyststore.com/products/3d-spl-short-necklace-set-4?variant=gid://shopify/ProductVariant/49334631432419
2026-07-31 12:22:44,Splendid Rakhi,Default Title,AMS-116-0015,1496.0,Restock,1,4,5,https://www.theamethyststore.com/products/splendid-rakhi?variant=gid://shopify/ProductVariant/43147152064739
2026-07-31 12:22:44,Rounded Silver Rakhi,Default Title,AMS-116-0014,1496.0,Restock,1,4,5,https://www.theamethyststore.com/products/rounded-silver-rakhi?variant=gid://shopify/ProductVariant/43147195056355
2026-07-31 12:22:44,Mango Designed Stone Pendant,Default Title,AMS-104-2383,2840.0,Restock,1,3,4,https://www.theamethyststore.com/products/mango-designed-stone-pendant?variant=gid://shopify/ProductVariant/46417565712611
2026-07-31 12:38:00,Kenisha Kundan Short Necklace,Default Title,AMS-102-17205,87900.0,New Arrival,2,0,2,https://www.theamethyststore.com/products/kenisha-kundan-short-necklace-3?variant=gid://shopify/ProductVariant/49480693285091
2026-07-31 12:38:00,Vinthra Avikam Bracelet,Default Title,AMS-103-1408,16000.0,New Arrival,3,0,3,https://www.theamethyststore.com/products/avikam-bracelet-21?variant=gid://shopify/ProductVariant/49480722546915
2026-07-31 12:38:00,Mesmerizing Kundan Short Necklace,Default Title,AMS-102-17156,27200.0,New Arrival,1,0,1,https://www.theamethyststore.com/products/mesmerizing-kundan-short-necklace-2?variant=gid://shopify/ProductVariant/49480728445155
2026-07-31 12:52:06,Heritage Kundan Short Necklace,Default Title,AMS-102-17203,98500.0,New Arrival,1,0,1,https://www.theamethyststore.com/products/heritage-kundan-short-necklace-2?variant=gid://shopify/ProductVariant/49480746696931
2026-07-31 12:52:06,Tansiha Avikam Bracelet,Default Title,AMS-103-1409,14500.0,New Arrival,5,0,5,https://www.theamethyststore.com/products/avikam-bracelet-22?variant=gid://shopify/ProductVariant/49480748728547
2026-07-31 12:52:06,Inisha Kundan Short Necklace,Default Title,AMS-102-17204,101000.0,New Arrival,1,0,1,https://www.theamethyststore.com/products/inisha-kundan-short-necklace?variant=gid://shopify/ProductVariant/49480755445987
2026-07-31 12:52:06,Airaka Avikam Bracelet,Default Title,AMS-103-1433,12500.0,New Arrival,2,0,2,https://www.theamethyststore.com/products/avikam-bracelet-23?variant=gid://shopify/ProductVariant/49480756592867
2026-07-31 12:52:06,Sparkling Avikam Jhumkas,Default Title,AMS-106-15068,18200.0,New Arrival,3,0,3,https://www.theamethyststore.com/products/sparkling-avikam-jhumkas-2?variant=gid://shopify/ProductVariant/49480760066275
2026-07-31 13:08:24,Pearl Studs,Default Title,AMS-106-2105-MS,4048.0,Sale,1,4,3,https://www.theamethyststore.com/products/pearl-studs?variant=gid://shopify/ProductVariant/42018690695395
2026-07-31 13:08:24,Ziva Studs,Default Title,AMS-106-10718,6072.0,Sale,2,5,3,https://www.theamethyststore.com/products/ziva-studs?variant=gid://shopify/ProductVariant/47439903523043
2026-07-31 13:08:24,Sishkaa Avikam Bracelet,Default Title,AMS-103-1434,14200.0,New Arrival,1,0,1,https://www.theamethyststore.com/products/avikam-bracelet-24?variant=gid://shopify/ProductVariant/49480769011939
2026-07-31 13:08:24,Amara Avikam Bracelet,Default Title,AMS-103-1435,13200.0,New Arrival,1,0,1,https://www.theamethyststore.com/products/avikam-bracelet-25?variant=gid://shopify/ProductVariant/49480780218595
2026-07-31 13:08:24,Glitz Moissanite Long Earrings,Default Title,AMS-106-13491,23144.0,Sold Out,1,1,0,https://www.theamethyststore.com/products/moissanite-long-earrings?variant=gid://shopify/ProductVariant/48731339784419
2026-07-31 13:37:35,Amazing Avikam Necklace Set,Default Title,AMS-102-17263,125500.0,New Arrival,3,0,3,https://www.theamethyststore.com/products/amazing-avikam-necklace-set-3?variant=gid://shopify/ProductVariant/49480780808419
2026-07-31 13:37:35,Luciana Avikam Bracelet,Default Title,AMS-103-1436,15000.0,New Arrival,4,0,4,https://www.theamethyststore.com/products/avikam-bracelet-26?variant=gid://shopify/ProductVariant/49480858042595
2026-07-31 13:37:35,Versatile Chandubaali Earrings,Default Title,AMS-106-11388,26866.4,Sold Out,1,1,0,https://www.theamethyststore.com/products/versatile-chandubaali-earrings?variant=gid://shopify/ProductVariant/47709155459299
2026-07-31 13:52:17,Valoria Avikam Bracelet,Default Title,AMS-103-1437,14500.0,New Arrival,2,0,2,https://www.theamethyststore.com/products/avikam-bracelet-27?variant=gid://shopify/ProductVariant/49480866988259
2026-07-31 13:52:17,Helina Avikam Bracelet,Default Title,AMS-103-1438,16800.0,New Arrival,3,0,3,https://www.theamethyststore.com/products/avikam-bracelet-28?variant=gid://shopify/ProductVariant/49480881012963
2026-07-31 13:52:17,Winifred Necklace Set,Default Title,AMS-102-11006,167024.0,Sold Out,1,1,0,https://www.theamethyststore.com/products/winifred-long-necklace-set?variant=gid://shopify/ProductVariant/46943681085667
2026-07-31 13:52:17,Ethereal Glow Long Earrings,Default Title,AMS-106-12885,55155.0,Sold Out,1,1,0,https://www.theamethyststore.com/products/ethereal-glow-long-earrings?variant=gid://shopify/ProductVariant/47858894930147
2026-07-31 14:07:41,Jashvikaa Hasli with Pendant Set,Default Title,AMS-102-16600,10300.0,Sold Out,1,1,0,https://www.theamethyststore.com/products/hasli-with-pendant-set-2?variant=gid://shopify/ProductVariant/49390529020131
2026-07-31 14:37:41,Srisha Stone Studs,Default Title,AMS-106-11775,3905.0,Sale,1,2,1,https://www.theamethyststore.com/products/srisha-stone-studs-4?variant=gid://shopify/ProductVariant/47831387341027
2026-07-31 14:37:41,Nithara Stone Short Necklace,Default Title,AMS-102-14882,31550.0,Sale,1,2,1,https://www.theamethyststore.com/products/nithara-stone-short-necklace?variant=gid://shopify/ProductVariant/48321627717859
2026-07-31 14:37:41,Mawrina Short Necklace,Default Title,AMS-102-9620,23790.68,Sold Out,1,1,0,https://www.theamethyststore.com/products/mawrina-short-necklace?variant=gid://shopify/ProductVariant/46487452647651
2026-07-31 14:37:41,Aadhira Nagas Short Necklace Set,Default Title,AMS-102-13674,45310.0,Sold Out,1,1,0,https://www.theamethyststore.com/products/aadhira-nagas-short-necklace-set-1?variant=gid://shopify/ProductVariant/48526354317539
2026-07-31 14:37:41,Aanya Stone Pendant,Default Title,AMS-104-4182,14150.0,Sold Out,1,1,0,https://www.theamethyststore.com/products/aanya-stone-pendant?variant=gid://shopify/ProductVariant/49252036116707
2026-07-31 14:37:41,Zaara Avikam Bracelet,Default Title,AMS-103-1342,13800.0,Sold Out,1,1,0,https://www.theamethyststore.com/products/avikam-bracelet-5?variant=gid://shopify/ProductVariant/49359457190115
2026-07-31 14:52:13,Chaitra Kundan Pendant,Default Title,AMS-104-4573,34670.0,Sold Out,1,1,0,https://www.theamethyststore.com/products/chaitra-kundan-pendant?variant=gid://shopify/ProductVariant/49373174431971
2026-07-31 18:52:56,Shining Silver Rakhi,Default Title,AMS-116-0053,1408.0,Sold Out,4,4,0,https://www.theamethyststore.com/products/copy-of-om-silver-rakhi?variant=gid://shopify/ProductVariant/43921643798755
2026-08-01 00:53:42,Srisha Stone Drops,Default Title,AMS-106-11785,3200.0,Sold Out,1,1,0,https://www.theamethyststore.com/products/srisha-stone-drops-1?variant=gid://shopify/ProductVariant/47813860425955
2026-08-01 00:53:42,Punyamurti Victorian Studs,Default Title,AMS-106-13796,4500.0,Sold Out,1,1,0,https://www.theamethyststore.com/products/victorian-studs-8?variant=gid://shopify/ProductVariant/48927448727779
2026-08-01 00:53:42,Yalisha Stone Studs,Default Title,AMS-106-14184,3800.0,Sold Out,1,1,0,https://www.theamethyststore.com/products/yalisha-stone-studs-1?variant=gid://shopify/ProductVariant/49268064059619
2026-08-01 04:24:35,Glow Charm Moissanite Studs,Default Title,AMS-106-15167,4700.0,Sale,1,3,2,https://www.theamethyststore.com/products/glow-charm-moissanite-studs?variant=gid://shopify/ProductVariant/49388901925091
2026-08-01 04:24:35,Cute Victorian Studs,Default Title,AMS-106-14988,4200.0,Sold Out,1,1,0,https://www.theamethyststore.com/products/victorian-studs-19?variant=gid://shopify/ProductVariant/49429889450211
2026-08-01 04:53:05,Jerika Ring,14,AMS-101-1737-14'',6072.0,Sold Out,1,1,0,https://www.theamethyststore.com/products/jerika-ring?variant=gid://shopify/ProductVariant/47442171658467
2026-08-01 04:53:05,Greenish Stone Studs,Default Title,AMS-106-12460,4473.0,Sold Out,1,1,0,https://www.theamethyststore.com/products/stone-studs-20?variant=gid://shopify/ProductVariant/47807940657379
2026-08-01 04:53:05,Swetha Stone Studs,Default Title,AMS-106-11867,3124.0,Sold Out,1,1,0,https://www.theamethyststore.com/products/swetha-stone-studs-1?variant=gid://shopify/ProductVariant/47852472467683
2026-08-01 04:53:05,Mesmerize Short Necklace Set,Default Title,AMS-102-15501,24816.0,Sold Out,1,1,0,https://www.theamethyststore.com/products/mesmerize-short-necklace-set?variant=gid://shopify/ProductVariant/48883153436899
2026-08-01 04:53:05,Prathikaa Hasli Necklace,Default Title,AMS-102-16527,5500.0,Sold Out,1,1,0,https://www.theamethyststore.com/products/hasli-necklace-79?variant=gid://shopify/ProductVariant/49396619313379
2026-08-01 05:38:52,Meenakshi Sundareswaran 3D Spl Pendant,Default Title,AMS-104-4376,2700.0,Sale,1,9,8,https://www.theamethyststore.com/products/meenakshi-sundareswaran-3d-spl-pendant?variant=gid://shopify/ProductVariant/49320158953699
2026-08-01 06:23:19,Arunikaa Diamond Design Pendant,Default Title,AMS-104-4780,18200.0,New Arrival,3,0,3,https://www.theamethyststore.com/products/diamond-design-pendant-29?variant=gid://shopify/ProductVariant/49482751836387
2026-08-01 06:37:30,Cutie Diamond Design Pendant,Default Title,AMS-104-4781,9900.0,New Arrival,3,0,3,https://www.theamethyststore.com/products/diamond-design-pendant-30?variant=gid://shopify/ProductVariant/49482774151395
2026-08-01 06:53:54,Vedhiraa Avikam Maangtikka,Default Title,AMS-109-2393,13700.0,Restock,3,1,4,https://www.theamethyststore.com/products/avikam-maangtikka-5?variant=gid://shopify/ProductVariant/49415637139683
2026-08-01 06:53:54,Alessia Diamond Design Pendant,Default Title,AMS-104-4784,12400.0,New Arrival,3,0,3,https://www.theamethyststore.com/products/diamond-design-pendant-31?variant=gid://shopify/ProductVariant/49482776772835
2026-08-01 06:53:54,Emilia Diamond Design Pendant,Default Title,AMS-104-4785,19200.0,New Arrival,3,0,3,https://www.theamethyststore.com/products/diamond-design-pendant-32?variant=gid://shopify/ProductVariant/49482781393123
2026-08-01 06:53:54,Adriana Diamond Design Pendant,Default Title,AMS-104-4834,23500.0,New Arrival,4,0,4,https://www.theamethyststore.com/products/diamond-design-pendant-33?variant=gid://shopify/ProductVariant/49482809966819
2026-08-01 07:08:02,Dymtrus Avikam Hair Maatal,Default Title,AMS-109-1159,53300.0,Restock,1,2,3,https://www.theamethyststore.com/products/dymtrus-avikam-hair-maatal?variant=gid://shopify/ProductVariant/45281421754595
2026-08-01 07:08:02,prathishka Nagas Earrings,Default Title,AMS-106-8221,27700.0,Restock,1,0,1,https://www.theamethyststore.com/products/prathishka-nagas-earrings?variant=gid://shopify/ProductVariant/46326684877027
2026-08-01 07:08:02,Vishaka Maangtikka,Default Title,AMS-109-1632,13300.0,Restock,1,1,2,https://www.theamethyststore.com/products/vishaka-maangtikka?variant=gid://shopify/ProductVariant/46836674986211
2026-08-01 07:08:02,Aarithya Diamond Design Hair Maatal,Default Title,AMS-109-1642,59200.0,New Arrival,1,0,1,https://www.theamethyststore.com/products/aarithya-diamond-design-hair-maatal?variant=gid://shopify/ProductVariant/47043219292387
2026-08-01 07:08:02,Raziya Avikam Maangtikka,Default Title,AMS-109-2064,17900.0,Restock,1,2,3,https://www.theamethyststore.com/products/raziya-avikam-maangtikka?variant=gid://shopify/ProductVariant/47850409328867
2026-08-01 07:08:02,Sparkle Avikam Short Necklace Set,Default Title,AMS-102-16626,79200.0,Restock,1,1,2,https://www.theamethyststore.com/products/sparkle-avikam-short-necklace-set?variant=gid://shopify/ProductVariant/49409202487523
2026-08-01 07:08:02,Catchy Victorian Short Necklace Set,Default Title,AMS-102-17080,139300.0,Restock,1,1,2,https://www.theamethyststore.com/products/victorian-short-necklace-set-8?variant=gid://shopify/ProductVariant/49448230355171
2026-08-01 07:08:02,Catchy Nagas Pendant,Default Title,AMS-104-4832,19500.0,New Arrival,5,0,5,https://www.theamethyststore.com/products/nagas-pendant-44?variant=gid://shopify/ProductVariant/49482848895203
2026-08-01 07:08:02,Dazzling Victorian Pendant,Default Title,AMS-104-4851,30900.0,New Arrival,3,0,3,https://www.theamethyststore.com/products/victorian-pendant-1?variant=gid://shopify/ProductVariant/49483001790691
2026-08-01 07:08:02,Shakshika Nagas Studs,Default Title,AMS-106-14459,3300.0,Sold Out,1,1,0,https://www.theamethyststore.com/products/nagas-studs-1?variant=gid://shopify/ProductVariant/49326006632675
2026-08-01 07:22:07,Calista Avikam Pendant Set,Default Title,AMS-104-4833,21000.0,New Arrival,3,0,3,https://www.theamethyststore.com/products/avikam-pendant-set-16?variant=gid://shopify/ProductVariant/49483015553251
2026-08-01 07:22:07,Amazing Diamond Design Short Necklace,Default Title,AMS-102-17199,24300.0,New Arrival,1,0,1,https://www.theamethyststore.com/products/amazing-avikam-short-necklace-1?variant=gid://shopify/ProductVariant/49483026563299
2026-08-01 07:37:55,Catchy Avikam Chocker Set,Default Title,AMS-102-13723,55400.0,New Arrival,1,0,1,https://www.theamethyststore.com/products/avikam-necklace-set-7?variant=gid://shopify/ProductVariant/49483026432227
2026-08-01 07:37:55,Glitz Chain With Earrings,Default Title,AMS-105-1927,23800.0,New Arrival,1,0,1,https://www.theamethyststore.com/products/glitz-chain-with-earrings?variant=gid://shopify/ProductVariant/49483043078371
2026-08-01 07:37:55,Bridal Avikam Mini Choker Cum Vanki,Default Title,AMS-112-0901,25100.0,New Arrival,6,0,6,https://www.theamethyststore.com/products/bridal-avikam-mini-choker-cum-vanki?variant=gid://shopify/ProductVariant/49483059953891
2026-08-01 07:37:55,Stunning Pakshi Short Necklace Set,Default Title,AMS-102-16862,33700.0,New Arrival,1,0,1,https://www.theamethyststore.com/products/stunning-pakshi-short-necklace-set?variant=gid://shopify/ProductVariant/49483075322083
2026-08-01 07:51:43,Vidhana Short Necklace,Default Title,378-A48854,80000.0,New Arrival,1,0,1,https://www.theamethyststore.com/products/vidhana-short-necklace-set?variant=gid://shopify/ProductVariant/48032421118179
2026-08-01 07:51:43,Fabulous Pakshi Short Necklace Set,Default Title,AMS-102-16864,29500.0,New Arrival,1,0,1,https://www.theamethyststore.com/products/fabulous-pakshi-short-necklace-set?variant=gid://shopify/ProductVariant/49483081482467
2026-08-01 07:51:43,Mesmerizing Pakshi Short Necklace Set,Default Title,AMS-102-16866,24500.0,New Arrival,1,0,1,https://www.theamethyststore.com/products/mesmerizing-pakshi-short-necklace-set?variant=gid://shopify/ProductVariant/49483087053027
2026-08-01 07:51:43,Grandeur Pakshi Short Necklace Set,Default Title,AMS-102-16878,36300.0,New Arrival,1,0,1,https://www.theamethyststore.com/products/grandeur-pakshi-short-necklace-set?variant=gid://shopify/ProductVariant/49483090395363
2026-08-01 07:51:43,Admirable Pakshi Short Necklace Set,Default Title,AMS-102-16881,34800.0,New Arrival,1,0,1,https://www.theamethyststore.com/products/admirable-pakshi-short-necklace-set?variant=gid://shopify/ProductVariant/49483097211107
2026-08-01 07:51:43,Riranya Nagas Pendant,Default Title,AMS-104-3743,16685.0,Sold Out,1,1,0,https://www.theamethyststore.com/products/riranya-nagas-pendant?variant=gid://shopify/ProductVariant/47806959157475
2026-08-01 07:51:43,Chaitrali Nagas Pair Bangles,"2.8""","AMS-107-3052-2.8""",29763.2,Sold Out,1,1,0,https://www.theamethyststore.com/products/chaitrali-nagas-pair-bangles?variant=gid://shopify/ProductVariant/47848250573027
2026-08-01 07:51:43,Alessia Avikam Pendant Set,Default Title,AMS-104-4210,8448.0,Sold Out,1,1,0,https://www.theamethyststore.com/products/alessia-avikam-pendant-set?variant=gid://shopify/ProductVariant/49250493825251
2026-08-01 08:02:53,Gorgeous Mangalsutra Chain With Earrings,Default Title,AMS-105-0806,11400.0,Sale,1,2,1,https://www.theamethyststore.com/products/gorgeous-mangalsutra-chain-with-earrings?variant=gid://shopify/ProductVariant/46240573358307
2026-08-01 08:22:42,Lathisha Pakshi Short Necklace,Default Title,AMS-102-16863,28600.0,New Arrival,1,0,1,https://www.theamethyststore.com/products/lathisha-pakshi-short-necklace?variant=gid://shopify/ProductVariant/49483126800611
2026-08-01 08:22:42,Shinning Pakshi Short Necklace,Default Title,AMS-102-16885,28400.0,New Arrival,1,0,1,https://www.theamethyststore.com/products/shinning-pakshi-short-necklace?variant=gid://shopify/ProductVariant/49483133550819
2026-08-01 08:22:42,Vivana Diamond Design Chain with Earrings,Default Title,AMS-105-2162,15900.0,New Arrival,1,0,1,https://www.theamethyststore.com/products/diamond-design-chain-with-earrings-1?variant=gid://shopify/ProductVariant/49483134042339
2026-08-01 08:22:42,Nithisha Pakshi Short Necklace,Default Title,AMS-102-16888,28700.0,New Arrival,1,0,1,https://www.theamethyststore.com/products/nithisha-pakshi-short-necklace?variant=gid://shopify/ProductVariant/49483139449059
2026-08-01 08:22:42,Gorgeous Pakshi Short Necklace,Default Title,AMS-102-16891,28800.0,New Arrival,1,0,1,https://www.theamethyststore.com/products/gorgeous-pakshi-short-necklace?variant=gid://shopify/ProductVariant/49483141251299
2026-08-01 08:22:42,Vinitha Avikam Jhumkas,Default Title,AMS-106-15018,18200.0,New Arrival,3,0,3,https://www.theamethyststore.com/products/avikam-jhumkas-5?variant=gid://shopify/ProductVariant/49483142103267
2026-08-01 08:22:42,Prathisha Pakshi Short Necklace,Default Title,AMS-102-16892,28900.0,New Arrival,1,0,1,https://www.theamethyststore.com/products/prathisha-pakshi-short-necklace?variant=gid://shopify/ProductVariant/49483147378915
2026-08-01 08:22:42,Amalinka Avikam Jhumkas,Default Title,AMS-106-15067,22100.0,New Arrival,3,0,3,https://www.theamethyststore.com/products/avikam-jhumkas-6?variant=gid://shopify/ProductVariant/49483150295267
2026-08-01 08:22:42,Vidhana Short Necklace,Default Title,378-A48854,80000.0,Sold Out,1,1,0,https://www.theamethyststore.com/products/vidhana-short-necklace-set?variant=gid://shopify/ProductVariant/48032421118179
2026-08-01 08:38:02,Ziva Avikam Pair Bangles,"2.6""","AMS-107-3445-2.6""",69400.0,New Arrival,4,0,4,https://www.theamethyststore.com/products/avikam-pair-bangles-23?variant=gid://shopify/ProductVariant/49483155243235
2026-08-01 08:38:02,Zyvana Avikam Pair Bangles,"2.6""","AMS-107-3452-2.6""",71000.0,New Arrival,2,0,2,https://www.theamethyststore.com/products/avikam-pair-bangles-24?variant=gid://shopify/ProductVariant/49483160748259
2026-08-01 08:38:02,Shinning Pakshi Short Necklace,Default Title,AMS-102-16893,29500.0,New Arrival,1,0,1,https://www.theamethyststore.com/products/shinning-pakshi-short-necklace-1?variant=gid://shopify/ProductVariant/49483163992291
2026-08-01 08:38:02,Lathisha Pakshi Short Necklace,Default Title,AMS-102-16898,29900.0,New Arrival,1,0,1,https://www.theamethyststore.com/products/lathisha-pakshi-short-necklace-1?variant=gid://shopify/ProductVariant/49483166351587
2026-08-01 08:38:02,Adriana Diamond Like Oddiyanam,Default Title,AMS-110-0935,82400.0,New Arrival,1,0,1,https://www.theamethyststore.com/products/diamond-like-oddiyanam-12?variant=gid://shopify/ProductVariant/49483169857763
2026-08-01 08:38:02,Fabulous Pakshi Short Necklace,Default Title,AMS-102-16900,23500.0,New Arrival,1,0,1,https://www.theamethyststore.com/products/fabulous-pakshi-short-necklace-1?variant=gid://shopify/ProductVariant/49483173724387
2026-08-01 08:38:02,Stunning Pakshi Short Necklace,Default Title,AMS-102-16901,34200.0,New Arrival,1,0,1,https://www.theamethyststore.com/products/stunning-pakshi-short-necklace?variant=gid://shopify/ProductVariant/49483175985379
2026-08-01 09:53:51,Glowing Mugappu Chain,Default Title,AMS-105-2101,17000.0,Sold Out,1,1,0,https://www.theamethyststore.com/products/glowing-mugappu-chain-2?variant=gid://shopify/ProductVariant/49363927761123
2026-08-01 10:10:24,Trishikha Pendant,Default Title,AMS-104-0492,8600.0,Sale,1,3,2,https://www.theamethyststore.com/products/trishikha-pendant?variant=gid://shopify/ProductVariant/40110978400406
2026-08-01 10:10:24,Manusha Stone Ring,Default Title,AMS-101-1413,3600.0,Sale,1,4,3,https://www.theamethyststore.com/products/manusha-stone-ring?variant=gid://shopify/ProductVariant/47008980009187
2026-08-01 10:10:24,Elegant Hasli Necklace,Default Title,AMS-102-15190,8100.0,Sale,1,13,12,https://www.theamethyststore.com/products/elegant-hasli-necklace?variant=gid://shopify/ProductVariant/48763379548387
2026-08-01 10:10:24,Sahana Kundan Vanki,Default Title,AMS-112-0867,28300.0,New Arrival,2,0,2,https://www.theamethyststore.com/products/kundan-vanki?variant=gid://shopify/ProductVariant/49483181555939
2026-08-01 10:10:24,Charming Pakshi Short Necklace,Default Title,AMS-102-16972,19700.0,New Arrival,1,0,1,https://www.theamethyststore.com/products/charming-pakshi-short-necklace?variant=gid://shopify/ProductVariant/49483371380963
2026-08-01 10:10:24,Sabith Stone Maatal,Default Title,AMS-109-1121,16582.76,Sold Out,1,1,0,https://www.theamethyststore.com/products/sabith-stone-maatal?variant=gid://shopify/ProductVariant/45201734467811
2026-08-01 10:10:24,Ganapathy Pendant with Beads Chain,Default Title,AMS-105-0756,65944.8,Sold Out,1,1,0,https://www.theamethyststore.com/products/ganapathy-pendant-with-beads-chain?variant=gid://shopify/ProductVariant/46143599313123
2026-08-01 10:10:24,Dhishikha Ring,Default Title,AMS-101-1681,5087.0,Sold Out,1,1,0,https://www.theamethyststore.com/products/dhishikha-ring?variant=gid://shopify/ProductVariant/47379094143203
2026-08-01 10:10:24,Nithisha Nagas Choker,Default Title,AMS-102-16048,11900.0,Sold Out,1,1,0,https://www.theamethyststore.com/products/nithisha-nagas-choker-1?variant=gid://shopify/ProductVariant/49276429730019
2026-08-01 10:22:13,Aarini Diamond Design Studs,Default Title,AMS-106-15069,5100.0,New Arrival,1,0,1,https://www.theamethyststore.com/products/diamond-design-studs-28?variant=gid://shopify/ProductVariant/49483373805795
2026-08-01 10:22:13,Fabulous Pakshi Short Necklace,Default Title,AMS-102-16973,19300.0,New Arrival,1,0,1,https://www.theamethyststore.com/products/fabulous-pakshi-short-necklace-2?variant=gid://shopify/ProductVariant/49483374854371
2026-08-01 10:22:13,Prakisha Pakshi Short Necklace Set,Default Title,AMS-102-16908,24800.0,New Arrival,1,0,1,https://www.theamethyststore.com/products/prakisha-pakshi-short-necklace-set?variant=gid://shopify/ProductVariant/49483377410275
2026-08-01 10:22:13,Zairna Diamond Design Studs,Default Title,AMS-106-15070,4400.0,New Arrival,1,0,1,https://www.theamethyststore.com/products/diamond-design-studs-29?variant=gid://shopify/ProductVariant/49483378000099
2026-08-01 10:22:13,Tenisha Pakshi Short Necklace Set,Default Title,AMS-102-16910,30200.0,New Arrival,1,0,1,https://www.theamethyststore.com/products/tenisha-pakshi-short-necklace-set?variant=gid://shopify/ProductVariant/49483380556003
2026-08-01 10:22:13,Mavinka Diamond Design Studs,Default Title,AMS-106-15071,6000.0,New Arrival,2,0,2,https://www.theamethyststore.com/products/diamond-design-studs-30?variant=gid://shopify/ProductVariant/49483381113059
2026-08-01 10:22:13,Aahana Diamond Design Studs,Default Title,AMS-106-15075,10800.0,New Arrival,1,0,1,https://www.theamethyststore.com/products/diamond-design-studs-31?variant=gid://shopify/ProductVariant/49483385503971
2026-08-01 10:22:13,Amazing Pakshi Short Necklace Set,Default Title,AMS-102-16915,50600.0,New Arrival,1,0,1,https://www.theamethyststore.com/products/amazing-pakshi-short-necklace-set?variant=gid://shopify/ProductVariant/49483388256483
2026-08-01 10:22:13,Advika Diamond Design Studs,Default Title,AMS-106-15076,10800.0,New Arrival,1,0,1,https://www.theamethyststore.com/products/diamond-design-studs-32?variant=gid://shopify/ProductVariant/49483391533283
2026-08-01 10:37:46,Nithivikaa Hasli Necklace,Default Title,AMS-102-16505,5600.0,Sale,1,6,5,https://www.theamethyststore.com/products/hasli-necklace-67?variant=gid://shopify/ProductVariant/49396532216035
2026-08-01 10:37:46,Cute Diamond Design Studs,Default Title,AMS-106-15077,3000.0,New Arrival,2,0,2,https://www.theamethyststore.com/products/diamond-design-studs-33?variant=gid://shopify/ProductVariant/49483392876771
2026-08-01 10:37:46,Anisha Pakshi Short Necklace Set,Default Title,AMS-102-16916,27000.0,New Arrival,1,0,1,https://www.theamethyststore.com/products/anisha-pakshi-short-necklace-set?variant=gid://shopify/ProductVariant/49483393073379
2026-08-01 10:37:46,Raisha Diamond Design Studs,Default Title,AMS-106-15079,5000.0,New Arrival,3,0,3,https://www.theamethyststore.com/products/diamond-design-studs-34?variant=gid://shopify/ProductVariant/49483414012131
2026-08-01 10:37:46,Prakisha Pakshi Short Necklace Set,Default Title,AMS-102-16925,30300.0,New Arrival,1,0,1,https://www.theamethyststore.com/products/prakisha-pakshi-short-necklace-set-1?variant=gid://shopify/ProductVariant/49483414503651
2026-08-01 10:37:46,Vaishra Diamond Design Studs,Default Title,AMS-106-15081,4400.0,New Arrival,1,0,1,https://www.theamethyststore.com/products/diamond-design-studs-35?variant=gid://shopify/ProductVariant/49483417354467
2026-08-01 10:37:46,Yavira Diamond Design Studs,Default Title,AMS-106-15083,4800.0,New Arrival,3,0,3,https://www.theamethyststore.com/products/diamond-design-studs-36?variant=gid://shopify/ProductVariant/49483420696803
2026-08-01 10:37:46,Anvisha Diamond Design Studs,Default Title,AMS-106-15087,7000.0,New Arrival,2,0,2,https://www.theamethyststore.com/products/diamond-design-studs-37?variant=gid://shopify/ProductVariant/49483422367971
2026-08-01 10:37:46,Sudarshini Nagas Earrings,Default Title,AMS-106-13839,23135.0,Sold Out,1,1,0,https://www.theamethyststore.com/products/sudarshini-nagas-earrings?variant=gid://shopify/ProductVariant/48987443757283
2026-08-01 10:37:46,Shrisha Nagas Short Necklace,Default Title,AMS-102-16376,19000.0,Sold Out,1,1,0,https://www.theamethyststore.com/products/nagas-short-necklace-63?variant=gid://shopify/ProductVariant/49334678814947
2026-08-01 10:54:39,Gorgeous Pakshi Short Necklace Set,Default Title,AMS-102-16926,28300.0,Restock,1,0,1,https://www.theamethyststore.com/products/gorgeous-pakshi-short-necklace-set?variant=gid://shopify/ProductVariant/49483423908067
2026-08-01 10:54:39,Prathisha Pakshi Short Necklace Set,Default Title,AMS-102-16930,29900.0,New Arrival,1,0,1,https://www.theamethyststore.com/products/prathisha-pakshi-short-necklace-set?variant=gid://shopify/ProductVariant/49483428626659
2026-08-01 10:54:39,Krisha Pakshi Short Necklace Set,Default Title,AMS-102-16932,31300.0,New Arrival,1,0,1,https://www.theamethyststore.com/products/krisha-pakshi-short-necklace-set?variant=gid://shopify/ProductVariant/49483431051491
2026-08-01 11:08:47,Prithika Diamond Design Studs,Default Title,AMS-106-15260,3500.0,New Arrival,2,0,2,https://www.theamethyststore.com/products/diamond-design-studs-38?variant=gid://shopify/ProductVariant/49483425480931
2026-08-01 11:08:47,Shakshi Pakshi Short Necklace Set,Default Title,AMS-102-16934,29900.0,New Arrival,1,0,1,https://www.theamethyststore.com/products/shakshi-pakshi-short-necklace-set?variant=gid://shopify/ProductVariant/49483435966691
2026-08-01 11:08:47,Zivikha Avikam Earrings,Default Title,AMS-106-15072,7200.0,New Arrival,2,0,2,https://www.theamethyststore.com/products/avikam-earrings-7?variant=gid://shopify/ProductVariant/49483457790179
2026-08-01 11:22:23,Vireya Avikam Earrings,Default Title,AMS-106-15073,7400.0,New Arrival,1,0,1,https://www.theamethyststore.com/products/avikam-earrings-8?variant=gid://shopify/ProductVariant/49483469127907
2026-08-01 11:22:23,Vithikaa Avikam Earrings,Default Title,AMS-106-15074,5700.0,New Arrival,1,0,1,https://www.theamethyststore.com/products/avikam-earrings-9?variant=gid://shopify/ProductVariant/49483503698147
2026-08-01 11:22:23,Fabulous Pakshi Short Necklace Set,Default Title,AMS-102-16936,32200.0,New Arrival,1,0,1,https://www.theamethyststore.com/products/fabulous-pakshi-short-necklace-set-1?variant=gid://shopify/ProductVariant/49483524440291
2026-08-01 11:22:23,Larina Avikam Earrings,Default Title,AMS-106-15078,7200.0,New Arrival,1,0,1,https://www.theamethyststore.com/products/avikam-earrings-10?variant=gid://shopify/ProductVariant/49483527815395
2026-08-01 11:22:23,Stunning Pakshi Short Necklace Set,Default Title,AMS-102-16937,30000.0,New Arrival,1,0,1,https://www.theamethyststore.com/products/stunning-pakshi-short-necklace-set-1?variant=gid://shopify/ProductVariant/49483534303459
2026-08-01 11:37:53,Ashikha Pakshi Short Necklace Set,Default Title,AMS-102-16938,31300.0,New Arrival,1,0,1,https://www.theamethyststore.com/products/ashikha-pakshi-short-necklace-set?variant=gid://shopify/ProductVariant/49483562320099
2026-08-01 11:37:53,Nithika Avikam Earrings,Default Title,AMS-106-15080,3000.0,New Arrival,1,0,1,https://www.theamethyststore.com/products/avikam-earrings-11?variant=gid://shopify/ProductVariant/49483567792355
2026-08-01 11:37:53,Dhishikha Pakshi Short Necklace Set,Default Title,AMS-102-16940,26800.0,New Arrival,1,0,1,https://www.theamethyststore.com/products/dhishikha-pakshi-short-necklace-set?variant=gid://shopify/ProductVariant/49483571790051
2026-08-01 11:37:53,Shakana Avikam Earrings,Default Title,AMS-106-15082,8600.0,New Arrival,3,0,3,https://www.theamethyststore.com/products/avikam-earrings-12?variant=gid://shopify/ProductVariant/49483577426147
2026-08-01 11:37:53,Ahanikha Pakshi Short Necklace Set,Default Title,AMS-102-16941,22400.0,New Arrival,1,0,1,https://www.theamethyststore.com/products/ahanikha-pakshi-short-necklace-set?variant=gid://shopify/ProductVariant/49483580113123
2026-08-01 11:37:53,Nivithra Avikam Earrings,Default Title,AMS-106-15084,5500.0,New Arrival,3,0,3,https://www.theamethyststore.com/products/avikam-earrings-13?variant=gid://shopify/ProductVariant/49483589976291
2026-08-01 11:54:08,Inisha Pakshi Short Necklace Set,Default Title,AMS-102-16943,29400.0,New Arrival,1,0,1,https://www.theamethyststore.com/products/inisha-pakshi-short-necklace-set?variant=gid://shopify/ProductVariant/49483587748067
2026-08-01 11:54:08,Thanisha Avikam Earrings,Default Title,AMS-106-15085,6000.0,New Arrival,1,0,1,https://www.theamethyststore.com/products/avikam-earrings-14?variant=gid://shopify/ProductVariant/49483593646307
2026-08-01 12:08:53,Erisha Avikam Earrings,Default Title,AMS-106-15086,5800.0,New Arrival,1,0,1,https://www.theamethyststore.com/products/avikam-earrings-15?variant=gid://shopify/ProductVariant/49483629822179
2026-08-01 12:08:53,Charming Pakshi Short Necklace Set,Default Title,AMS-102-16945,30700.0,New Arrival,1,0,1,https://www.theamethyststore.com/products/charming-pakshi-short-necklace-set?variant=gid://shopify/ProductVariant/49483633852643
2026-08-01 12:08:53,Aadhvika Avikam Earrings,Default Title,AMS-106-15088,3600.0,New Arrival,3,0,3,https://www.theamethyststore.com/products/avikam-earrings-16?variant=gid://shopify/ProductVariant/49483636605155
2026-08-01 12:08:53,Nadhiyasri Kundan Oddiyanam,Default Title,AMS-110-0911,145980.0,Sold Out,1,1,0,https://www.theamethyststore.com/products/nadhiyasri-kundan-oddiyanam?variant=gid://shopify/ProductVariant/49267939016931
2026-08-01 12:23:00,Shinning Pakshi Short Necklace Set,Default Title,AMS-102-16946,37400.0,New Arrival,1,0,1,https://www.theamethyststore.com/products/shinning-pakshi-short-necklace-set?variant=gid://shopify/ProductVariant/49483638341859
2026-08-01 12:39:51,Charming Pakshi Short Necklace Set,Default Title,AMS-102-16947,31700.0,New Arrival,1,0,1,https://www.theamethyststore.com/products/charming-pakshi-short-necklace-set-1?variant=gid://shopify/ProductVariant/49483641159907
2026-08-01 12:39:51,Charming Look Pakshi Short Necklace Set,Default Title,AMS-102-16953,35700.0,New Arrival,1,0,1,https://www.theamethyststore.com/products/charming-look-pakshi-short-necklace-set?variant=gid://shopify/ProductVariant/49483662655715
2026-08-01 12:39:51,Zinthu Long Avikam Necklace,Default Title,AMS-102-17331,107800.0,New Arrival,1,0,1,https://www.theamethyststore.com/products/long-avikam-necklace-2?variant=gid://shopify/ProductVariant/49483662917859
2026-08-01 12:39:51,Stunning Long Avikam Necklace,Default Title,AMS-102-17341,104500.0,New Arrival,1,0,1,https://www.theamethyststore.com/products/long-avikam-necklace-3?variant=gid://shopify/ProductVariant/49483668324579
2026-08-01 12:39:51,Mesmerizing Pakshi Short Necklace Set,Default Title,AMS-102-16957,31200.0,New Arrival,1,0,1,https://www.theamethyststore.com/products/mesmerizing-pakshi-short-necklace-set-1?variant=gid://shopify/ProductVariant/49483668422883
2026-08-01 12:54:05,Vihana Long Avikam Necklace,Default Title,AMS-102-17357,102700.0,New Arrival,1,0,1,https://www.theamethyststore.com/products/long-avikam-necklace-4?variant=gid://shopify/ProductVariant/49483680841955
2026-08-01 12:54:05,Shikarikha Pakshi Short Necklace Set,Default Title,AMS-102-16960,33300.0,New Arrival,1,0,1,https://www.theamethyststore.com/products/shikarikha-pakshi-short-necklace-set?variant=gid://shopify/ProductVariant/49483680874723
2026-08-01 12:54:05,Fabulous Pakshi Short Necklace Set,Default Title,AMS-102-16963,47000.0,New Arrival,1,0,1,https://www.theamethyststore.com/products/fabulous-pakshi-short-necklace-set-2?variant=gid://shopify/ProductVariant/49483684806883
2026-08-01 12:54:05,Stunning Pakshi Short Necklace Set,Default Title,AMS-102-16977,31300.0,New Arrival,1,0,1,https://www.theamethyststore.com/products/stunning-pakshi-short-necklace-set-2?variant=gid://shopify/ProductVariant/49483687657699
2026-08-01 12:54:05,Anagha Short Necklace Set,Default Title,AMS-102-14574,19340.0,Sold Out,1,1,0,https://www.theamethyststore.com/products/anagha-short-necklace-set-2?variant=gid://shopify/ProductVariant/48032204751075
2026-08-01 12:54:05,Pretty Look Short Necklace Set,Default Title,AMS-102-14573,18040.0,Sold Out,1,1,0,https://www.theamethyststore.com/products/pretty-look-short-necklace-set-1?variant=gid://shopify/ProductVariant/48033722597603
2026-08-01 13:09:38,Ishitha Pakshi Short Necklace Set,Default Title,AMS-102-16980,37900.0,New Arrival,1,0,1,https://www.theamethyststore.com/products/ishitha-pakshi-short-necklace-set?variant=gid://shopify/ProductVariant/49483703288035
2026-08-01 13:09:38,Catchy Diamond Design Short Necklace,Default Title,AMS-102-17332,48500.0,New Arrival,1,0,1,https://www.theamethyststore.com/products/diamond-design-short-necklace-7?variant=gid://shopify/ProductVariant/49483706302691
2026-08-01 13:23:49,Amazing Pakshi Short Necklace Set,Default Title,AMS-102-16987,22400.0,New Arrival,1,0,1,https://www.theamethyststore.com/products/amazing-pakshi-short-necklace-set-1?variant=gid://shopify/ProductVariant/49483736580323
2026-08-01 13:23:49,Beautiful Pakshi Short Necklace Set,Default Title,AMS-102-16988,34100.0,New Arrival,1,0,1,https://www.theamethyststore.com/products/beautiful-pakshi-short-necklace-set?variant=gid://shopify/ProductVariant/49483739463907
2026-08-01 13:37:23,Attractive Pakshi Short Necklace Set,Default Title,AMS-102-16992,24500.0,New Arrival,1,0,1,https://www.theamethyststore.com/products/attractive-pakshi-short-necklace-set?variant=gid://shopify/ProductVariant/49483743166691
2026-08-01 13:37:23,Bridal Avikam Choker,Default Title,AMS-102-17335,210200.0,New Arrival,1,0,1,https://www.theamethyststore.com/products/avikam-choker?variant=gid://shopify/ProductVariant/49483749589219
2026-08-01 13:52:00,Lakshmi 3D Spl Pendant,Default Title,AMS-104-4100,19624.0,Sold Out,1,1,0,https://www.theamethyststore.com/products/lakshmi-3d-spl-pendant-3?variant=gid://shopify/ProductVariant/49124158669027
2026-08-01 13:52:00,Virangana Stone Pendant,Default Title,AMS-104-4256,8620.0,Sold Out,1,1,0,https://www.theamethyststore.com/products/virangana-stone-pendant?variant=gid://shopify/ProductVariant/49252539171043
2026-08-01 14:09:08,Shikhari Pakshi Short Necklace Set,Default Title,AMS-102-16995,30600.0,New Arrival,1,0,1,https://www.theamethyststore.com/products/shikhari-pakshi-short-necklace-set?variant=gid://shopify/ProductVariant/49483848876259
2026-08-01 14:09:08,Catchy Avikam Necklace Set,Default Title,AMS-102-17339,84700.0,New Arrival,1,0,1,https://www.theamethyststore.com/products/avikam-necklace-set-8?variant=gid://shopify/ProductVariant/49483856412899
2026-08-01 14:09:08,Marivelle Avikam Necklace Set,Default Title,AMS-102-17340,104900.0,New Arrival,1,0,1,https://www.theamethyststore.com/products/avikam-necklace-set-9?variant=gid://shopify/ProductVariant/49483880562915
2026-08-01 14:09:08,Grand Bridal Avikam Choker Set,Default Title,AMS-102-17346,251000.0,New Arrival,1,0,1,https://www.theamethyststore.com/products/avikam-choker-set-4?variant=gid://shopify/ProductVariant/49483892523235
2026-08-01 14:09:08,Gorgeous Avikam Necklace Set,Default Title,AMS-102-17262,79300.0,New Arrival,3,0,3,https://www.theamethyststore.com/products/gorgeous-avikam-necklace-set-3?variant=gid://shopify/ProductVariant/49483902419171
2026-08-01 14:24:48,Ahaana Avikam Long Necklace Set,Default Title,AMS-102-17355,224300.0,New Arrival,1,0,1,https://www.theamethyststore.com/products/avikam-long-necklace-set-7?variant=gid://shopify/ProductVariant/49483942789347
2026-08-01 14:37:08,Elegant Hasli Necklace,Default Title,AMS-102-15190,8100.0,Sale,1,12,11,https://www.theamethyststore.com/products/elegant-hasli-necklace?variant=gid://shopify/ProductVariant/48763379548387
2026-08-01 14:37:08,Luvaira Victorian Short Necklace Set,Default Title,AMS-102-17169,69500.0,New Arrival,1,0,1,https://www.theamethyststore.com/products/victorian-short-necklace-set-3?variant=gid://shopify/ProductVariant/49483963564259
2026-08-01 14:37:08,Vireya Victorian Short Necklace Set,Default Title,AMS-102-17170,33200.0,New Arrival,2,0,2,https://www.theamethyststore.com/products/victorian-short-necklace-set-4?variant=gid://shopify/ProductVariant/49483971199203
2026-08-01 14:37:08,Lishma Kundan Jhumkas,Default Title,AMS-106-5247,22000.0,Sold Out,1,1,0,https://www.theamethyststore.com/products/lishma-kundan-jhumkas?variant=gid://shopify/ProductVariant/44274875138275
2026-08-01 14:37:08,Vishitha Avikam Earrings,Default Title,AMS-106-13886,9680.0,Sold Out,1,1,0,https://www.theamethyststore.com/products/vishitha-avikam-earrings?variant=gid://shopify/ProductVariant/48944400400611
2026-08-01 14:37:08,Idunn Short Necklace Set,Default Title,AMS-102-15880,33792.0,Sold Out,1,1,0,https://www.theamethyststore.com/products/idunn-short-necklace-set?variant=gid://shopify/ProductVariant/49103003549923
2026-08-01 14:37:08,Liyasri 3D Spl Pendant,Default Title,AMS-104-4228,14960.0,Sold Out,1,1,0,https://www.theamethyststore.com/products/liyasri-3d-spl-pendant?variant=gid://shopify/ProductVariant/49127062208739
2026-08-01 14:37:08,Beautiful Avikam Jhumkas,Default Title,AMS-106-14277,14696.0,Sold Out,1,1,0,https://www.theamethyststore.com/products/beautiful-avikam-jhumkas?variant=gid://shopify/ProductVariant/49334678651107
2026-08-01 14:53:15,Aditri Tikka,Default Title,AMS-109-0225,9712.8,Sale,1,2,1,https://www.theamethyststore.com/products/aditri-tikka?variant=gid://shopify/ProductVariant/39337762029718
2026-08-01 14:53:15,Navarathna kaasu Pendant,Only Pendant,AMS-104-0793,8600.0,Sale,1,7,6,https://www.theamethyststore.com/products/navarathna-kaasu-pendant?variant=gid://shopify/ProductVariant/46235933180131
2026-08-01 14:53:15,Floral Avikam Bracelet,Default Title,AMS-103-0585,26200.0,Sale,1,3,2,https://www.theamethyststore.com/products/floral-avikam-bracelet?variant=gid://shopify/ProductVariant/45706205987043
2026-08-01 14:53:15,Pramitha Kundan Maangtikka,Default Title,AMS-109-1396,12567.0,Sale,1,3,2,https://www.theamethyststore.com/products/pramitha-kundan-maangtikka?variant=gid://shopify/ProductVariant/46279291207907
2026-08-01 14:53:15,Lekisha Bracelet,Default Title,AMS-103-1007,24800.0,Sale,1,2,1,https://www.theamethyststore.com/products/lekisha-bracelet?variant=gid://shopify/ProductVariant/47569671422179
2026-08-01 14:53:15,Admirable Men's Brooch Pin,Default Title,AMS-121-0048,23338.0,Sale,1,2,1,https://www.theamethyststore.com/products/admirable-mens-brooch-pin?variant=gid://shopify/ProductVariant/48482631811299
2026-08-01 14:53:15,Niharikha Avikam Necklace Set,Default Title,AMS-102-17194,59900.0,Sale,1,3,2,https://www.theamethyststore.com/products/niharikha-avikam-necklace-set?variant=gid://shopify/ProductVariant/49479331021027
2026-08-01 14:53:15,Majestic Victorian Short Necklace Set,Default Title,AMS-102-17276,115200.0,New Arrival,1,0,1,https://www.theamethyststore.com/products/victorian-short-necklace-set-12?variant=gid://shopify/ProductVariant/49483975491811
2026-08-01 14:53:15,Nisira Kundan Studs,Default Title,AMS-106-4966,19600.0,Sold Out,1,1,0,https://www.theamethyststore.com/products/nisira-kundan-studs?variant=gid://shopify/ProductVariant/44016981442787
2026-08-01 14:53:15,Roshin Choker Set,Default Title,AMS-102-5794,55827.0,Sold Out,1,1,0,https://www.theamethyststore.com/products/roshin-choker-set?variant=gid://shopify/ProductVariant/44632141824227
2026-08-01 14:53:15,Hanaya Kundan Pair Bangle,"2.6""","AMS-107-0774-2.6""",123646.5,Sold Out,1,1,0,https://www.theamethyststore.com/products/hanaya-kundan-pair-bangle?variant=gid://shopify/ProductVariant/44642505785571
2026-08-01 14:53:15,Molly Stone Bracelet,Default Title,AMS-103-0482,24627.0,Sold Out,1,1,0,https://www.theamethyststore.com/products/molly-stone-bracelet?variant=gid://shopify/ProductVariant/45421152403683
2026-08-01 14:53:15,Saaji Long Necklace,Default Title,AMS-102-7181,132200.0,Sold Out,1,1,0,https://www.theamethyststore.com/products/saaji-long-necklace?variant=gid://shopify/ProductVariant/45513994043619
2026-08-01 14:53:15,Hiralini Avikam Bangles,"2.8""","AMS-107-1774-2.8""",53412.0,Sold Out,1,1,0,https://www.theamethyststore.com/products/hiralini-avikam-bangles?variant=gid://shopify/ProductVariant/46040488640739
2026-08-01 14:53:15,Liora Kundan Ring,Default Title,AMS-101-1326,8089.74,Sold Out,1,1,0,https://www.theamethyststore.com/products/liora-kundan-ring?variant=gid://shopify/ProductVariant/46976694419683
2026-08-01 14:53:15,Grand Look Kundan Long Necklace,Default Title,AMS-102-11000,138887.36,Sold Out,1,1,0,https://www.theamethyststore.com/products/grand-look-kundan-long-necklace?variant=gid://shopify/ProductVariant/47058996953315
2026-08-01 14:53:15,Elegant Dazzle Nagas Ring,Default Title,AMS-101-1847,6532.0,Sold Out,1,1,0,https://www.theamethyststore.com/products/elegant-dazzle-nagas-ring?variant=gid://shopify/ProductVariant/47718707495139
2026-08-01 14:53:15,Liyashikha Kundan Short Necklace,Default Title,AMS-102-13738,112038.0,Sold Out,1,1,0,https://www.theamethyststore.com/products/liyashikha-kundan-short-necklace?variant=gid://shopify/ProductVariant/47815951057123
2026-08-01 14:53:15,Lahina Nagas Ring,Default Title,AMS-101-1873,5765.2,Sold Out,1,1,0,https://www.theamethyststore.com/products/lahina-nagas-ring?variant=gid://shopify/ProductVariant/47816819933411
2026-08-01 14:53:15,Herika Diamond Design Ring,Default Title,AMS-101-1931,5165.0,Sold Out,1,1,0,https://www.theamethyststore.com/products/herika-diamond-design-ring?variant=gid://shopify/ProductVariant/47848894595299
2026-08-01 14:53:15,Astraea Short Necklace Set,Default Title,AMS-102-11410,79086.0,Sold Out,1,1,0,https://www.theamethyststore.com/products/astraea-short-necklace-set?variant=gid://shopify/ProductVariant/48106903994595
2026-08-01 14:53:15,Dhavikha Short Necklace Set,Default Title,AMS-102-11412,134754.0,Sold Out,1,1,0,https://www.theamethyststore.com/products/dhavikha-short-necklace-set?variant=gid://shopify/ProductVariant/48285794107619
2026-08-01 14:53:15,Rita Nagas Choker,Default Title,AMS-102-15695,23056.0,Sold Out,1,1,0,https://www.theamethyststore.com/products/rita-nagas-choker?variant=gid://shopify/ProductVariant/48991304122595
2026-08-01 14:53:15,Nivika Kundan Jhumkas,Default Title,AMS-106-14692,36820.0,Sold Out,1,1,0,https://www.theamethyststore.com/products/nivika-kundan-jhumkas-1?variant=gid://shopify/ProductVariant/49373452370147
2026-08-01 14:53:15,Sathya Kundan Long Earrings,Default Title,AMS-106-10468,32685.56,Sold Out,1,1,0,https://www.theamethyststore.com/products/sathya-kundan-long-earrings?variant=gid://shopify/ProductVariant/47205071651043
2026-08-01 14:53:15,Bride's Legacy Moissanite Long Necklace Set,Default Title,AMS-102-17056,111700.0,Sold Out,1,1,0,https://www.theamethyststore.com/products/brides-legacy-moissanite-long-necklace-set?variant=gid://shopify/ProductVariant/49438801985763
2026-08-01 15:07:34,Dhivanikha Kundan Pair Bangle,"2.4""","AMS-107-1792-2.4""",92399.4,Sale,1,2,1,https://www.theamethyststore.com/products/dhivanikha-kundan-pair-bangle?variant=gid://shopify/ProductVariant/45997315916003
2026-08-01 15:07:34,Tejas Bead Necklace,Default Title,AMS-102-2704,108118.8,Sold Out,1,1,0,https://www.theamethyststore.com/products/tejas-bead-necklace?variant=gid://shopify/ProductVariant/42935674732771
2026-08-01 15:07:34,Sanjani Nagas Short Necklace,Default Title,AMS-102-5592,90200.0,Sold Out,1,1,0,https://www.theamethyststore.com/products/sanjani-nagas-short-necklace?variant=gid://shopify/ProductVariant/44398699938019
2026-08-01 15:07:34,Afroza Stone Choker,Default Title,AMS-102-6036,126086.0,Sold Out,1,1,0,https://www.theamethyststore.com/products/afroza-stone-choker?variant=gid://shopify/ProductVariant/44992774209763
2026-08-01 15:07:34,Ganesha Victorian Necklace,Default Title,AMS-102-7470,71209.0,Sold Out,1,1,0,https://www.theamethyststore.com/products/ganesha-victorian-necklace?variant=gid://shopify/ProductVariant/45597985833187
2026-08-01 15:07:34,Charvi Victorian Studs,Default Title,AMS-106-7283,11955.0,Sold Out,1,1,0,https://www.theamethyststore.com/products/charvi-victorian-studs?variant=gid://shopify/ProductVariant/45776090398947
2026-08-01 15:07:34,Dharshini Kundan Studs,Default Title,AMS-106-8694,9009.9,Sold Out,1,1,0,https://www.theamethyststore.com/products/dharshini-kundan-studs?variant=gid://shopify/ProductVariant/46730500833507
2026-08-01 15:07:34,Shivika Hook Earrings,Default Title,AMS-106-8787,7476.3,Sold Out,1,1,0,https://www.theamethyststore.com/products/shivika-hook-earrings?variant=gid://shopify/ProductVariant/46741056782563
2026-08-01 15:07:34,Yalikha Kundan Necklace Set,Default Title,AMS-102-9954,87128.36,Sold Out,1,1,0,https://www.theamethyststore.com/products/yalikha-kundan-necklace-set?variant=gid://shopify/ProductVariant/46744003772643
2026-08-01 15:07:34,Diana Kundan Necklace Set,Default Title,AMS-102-11041,131602.76,Sold Out,1,1,0,https://www.theamethyststore.com/products/diana-kundan-necklace-set?variant=gid://shopify/ProductVariant/46989464633571
2026-08-01 15:07:34,Little Cute Jada Billa,Default Title,AMS-112-0561,6200.0,Sold Out,1,1,0,https://www.theamethyststore.com/products/little-cute-jada-billa?variant=gid://shopify/ProductVariant/47002810417379
2026-08-01 15:07:34,Akshaya Long Necklace,Default Title,AMS-102-11169,54922.76,Sold Out,1,1,0,https://www.theamethyststore.com/products/akshaya-long-necklace?variant=gid://shopify/ProductVariant/47059030180067
2026-08-01 15:07:34,Virshali Kundan Pendant,Default Title,AMS-104-3347,34410.86,Sold Out,1,1,0,https://www.theamethyststore.com/products/virshali-kundan-pendant?variant=gid://shopify/ProductVariant/47190443884771
2026-08-01 15:07:34,Aadhira Kundan Earrings,Default Title,AMS-106-12095,27576.4,Sold Out,1,1,0,https://www.theamethyststore.com/products/aadhira-kundan-earrings-1?variant=gid://shopify/ProductVariant/47848642248931
2026-08-01 15:07:34,Chic & Fabulous Kundan Choker,Default Title,AMS-102-14165,74180.0,Sold Out,1,1,0,https://www.theamethyststore.com/products/chic-fabulous-kundan-choker?variant=gid://shopify/ProductVariant/48313254248675
2026-08-01 15:07:34,Tivyra Kundan Drops,Default Title,AMS-106-13501,9550.0,Sold Out,1,1,0,https://www.theamethyststore.com/products/kundan-drops-7?variant=gid://shopify/ProductVariant/48731149697251
2026-08-01 17:24:08,Pretty Look Avikam Choker Set,Default Title,AMS-102-17165,31600.0,Sale,1,3,2,https://www.theamethyststore.com/products/avikam-choker-set-3?variant=gid://shopify/ProductVariant/49479427653859
2026-08-02 02:22:31,Cutii Nose Pin,Default Title,AMS-113-0044,1400.0,Sale,1,5,4,https://www.theamethyststore.com/products/cutii-nose-pin?variant=gid://shopify/ProductVariant/42390683484387
2026-08-02 04:59:23,Lydia Stone Studs,Default Title,AMS-106-6031,5559.3,Sale,1,3,2,https://www.theamethyststore.com/products/lydia-stone-studs-1?variant=gid://shopify/ProductVariant/45197915095267
2026-08-02 04:59:23,Tashvya Nagas Chain,Default Title,AMS-105-1840,41230.0,Sold Out,1,1,0,https://www.theamethyststore.com/products/tashvya-nagas-chain?variant=gid://shopify/ProductVariant/48682417979619
2026-08-02 05:11:58,Dazzling Avikam Mini Choker Cum Vanki,Default Title,AMS-112-0869,25700.0,Restock,2,4,6,https://www.theamethyststore.com/products/avikam-mini-choker-set?variant=gid://shopify/ProductVariant/49409345781987
2026-08-02 05:11:58,Esnikaa Pair Bangles,"2.4""",AMS-107-3491-2.4,78000.0,Restock,1,2,3,https://www.theamethyststore.com/products/pair-bangles-33?variant=gid://shopify/ProductVariant/49446926614755
2026-08-02 05:11:58,Farisha Avikam Maangtikka,Default Title,AMS-109-2419,11400.0,Restock,1,2,3,https://www.theamethyststore.com/products/avikam-maangtikka-8?variant=gid://shopify/ProductVariant/49480430813411
2026-08-02 05:11:58,Riyanshi Diamond Like Oddiyanam,Default Title,AMS-110-0936,145300.0,Restock,1,1,2,https://www.theamethyststore.com/products/diamond-like-oddiyanam-10?variant=gid://shopify/ProductVariant/49480538587363
2026-08-02 05:26:54,Saisha Nagas Jhumkas,Default Title,AMS-106-10077,26432.0,Restock,1,2,3,https://www.theamethyststore.com/products/saisha-nagas-jhumkas-1?variant=gid://shopify/ProductVariant/47056452845795
2026-08-02 05:26:54,Classy Vintage Pair Bangles,"2.4""","AMS-107-3475-2.4""",72000.0,Restock,1,1,2,https://www.theamethyststore.com/products/pair-bangles-17?variant=gid://shopify/ProductVariant/49445912543459
2026-08-02 05:26:54,Tharinikaa Pair Bangles,"2.4""",AMS-107-3486-2.4,87200.0,Restock,1,1,2,https://www.theamethyststore.com/products/pair-bangles-28?variant=gid://shopify/ProductVariant/49446544048355
2026-08-02 05:26:54,Shrishaa Pair Bangles,"2.4""",AMS-107-3487-2.4,86200.0,Restock,1,1,2,https://www.theamethyststore.com/products/pair-bangles-29?variant=gid://shopify/ProductVariant/49446749896931
2026-08-02 05:26:54,Dhanishka Pair Bangles,"2.4""",AMS-107-3489-2.4,95800.0,Restock,2,1,3,https://www.theamethyststore.com/products/pair-bangles-31?variant=gid://shopify/ProductVariant/49446844203235
2026-08-02 05:26:54,Admirable Moissanite Jhumkas,Default Title,AMS-106-15007,38800.0,Restock,1,1,2,https://www.theamethyststore.com/products/admirable-moissanite-jhumkas?variant=gid://shopify/ProductVariant/49447952679139
2026-08-02 05:26:54,Shine Charm Moissanite Jhumkas,Default Title,AMS-106-15009,48400.0,Restock,1,1,2,https://www.theamethyststore.com/products/shine-charm-moissanite-jhumkas?variant=gid://shopify/ProductVariant/49447953694947
2026-08-02 05:26:54,Charm Moissanite Jhumkas,Default Title,AMS-106-15014,33600.0,Restock,2,1,3,https://www.theamethyststore.com/products/charm-moissanite-jhumkas?variant=gid://shopify/ProductVariant/49447980466403
2026-08-02 05:26:54,Stunning Look Moissanite Jhumkas,Default Title,AMS-106-15015,40600.0,Restock,1,1,2,https://www.theamethyststore.com/products/stunning-look-moissanite-jhumkas?variant=gid://shopify/ProductVariant/49447981514979
2026-08-02 05:48:39,Aadhika Kundan Choker Set,Default Title,AMS-102-8264,68200.0,New Arrival,1,0,1,https://www.theamethyststore.com/products/aadhika-kundan-choker-set?variant=gid://shopify/ProductVariant/45987089449187
2026-08-02 05:48:39,Shinning Look Long Necklace Set,Default Title,AMS-102-10228,44000.0,New Arrival,1,0,1,https://www.theamethyststore.com/products/shinning-look-long-necklace-set?variant=gid://shopify/ProductVariant/46879581503715
2026-08-02 05:48:39,Srishti Diamond Design Studs,Default Title,AMS-106-13157,7832.0,Sale,1,3,2,https://www.theamethyststore.com/products/diamond-design-studs-3?variant=gid://shopify/ProductVariant/48732111798499
2026-08-02 05:48:39,Trendy Glow Diamond Design Studs,Default Title,AMS-106-13155,7040.0,Sale,1,2,1,https://www.theamethyststore.com/products/trendy-glow-diamond-design-studs?variant=gid://shopify/ProductVariant/48732266037475
2026-08-02 05:48:39,Irya Avikam Earrings,Default Title,AMS-106-14307,4900.0,Sale,1,2,1,https://www.theamethyststore.com/products/irya-avikam-earrings?variant=gid://shopify/ProductVariant/49363811565795
2026-08-02 05:48:39,Tisya Stone Pendant,Default Title,AMS-104-4315,12920.0,Sold Out,1,1,0,https://www.theamethyststore.com/products/tisya-stone-pendant?variant=gid://shopify/ProductVariant/49256832303331
2026-08-02 05:48:39,Advika Diamond Design Studs,Default Title,AMS-106-15076,10800.0,Sold Out,1,1,0,https://www.theamethyststore.com/products/diamond-design-studs-32?variant=gid://shopify/ProductVariant/49483391533283
2026-08-02 07:22:19,Gorgeous Nagas Pair Bangle,"2.8""","AMS-107-2121-2.8""",50608.8,Sold Out,1,1,0,https://www.theamethyststore.com/products/gorgeous-nagas-pair-bangle?variant=gid://shopify/ProductVariant/46774996631779
2026-08-02 09:37:49,Seetha Stone Studs,Default Title,AMS-106-10023,4800.0,Sold Out,1,1,0,https://www.theamethyststore.com/products/seetha-stone-studs?variant=gid://shopify/ProductVariant/47192303665379
2026-08-02 10:07:37,Trendy Hasli Necklace,Default Title,AMS-102-16618,4800.0,Sale,1,4,3,https://www.theamethyststore.com/products/trendy-hasli-necklace?variant=gid://shopify/ProductVariant/49396631011555
2026-08-02 10:07:37,Divine Perumal Nagas Pendant,Default Title,AMS-104-4670,17900.0,Sale,1,4,3,https://www.theamethyststore.com/products/nagas-pendant-41?variant=gid://shopify/ProductVariant/49415109050595
2026-08-02 10:38:03,Elegance Hasli Necklace,Default Title,AMS-102-15172,8700.0,Sale,1,2,1,https://www.theamethyststore.com/products/elegance-hasli-necklace-1?variant=gid://shopify/ProductVariant/48762564772067
2026-08-02 11:22:35,Prajitha Stone Pendant,Default Title,AMS-104-2076,25168.0,Sale,1,5,4,https://www.theamethyststore.com/products/prajitha-stone-pendant?variant=gid://shopify/ProductVariant/45821841408227
2026-08-02 11:22:35,Vithusa Stone Short Necklace,Default Title,AMS-102-13780,35585.2,Sale,1,3,2,https://www.theamethyststore.com/products/vithusa-stone-short-necklace?variant=gid://shopify/ProductVariant/47848192442595
2026-08-02 12:22:01,Engaging Navarathna Pendant,Default Title,AMS-104-0475,14400.0,Sale,1,2,1,https://www.theamethyststore.com/products/engaging-navarathna-pendant?variant=gid://shopify/ProductVariant/40095678005398
2026-08-02 12:53:00,Ravishing Choker Necklace,Default Title,AMS-102-1885,39050.0,Sale,2,3,1,https://www.theamethyststore.com/products/ravishing-necklace?variant=gid://shopify/ProductVariant/40064332136598
2026-08-02 13:08:10,Marisha Nagas Necklace Set,Default Title,AMS-102-5657,33930.9,Sold Out,1,1,0,https://www.theamethyststore.com/products/marisha-nagas-necklace-set?variant=gid://shopify/ProductVariant/44437112553699
2026-08-02 13:37:51,Trendy Look Plain Bracelet,Default Title,AMS-103-1339,4600.0,Sale,1,10,9,https://www.theamethyststore.com/products/stone-bracelet-8?variant=gid://shopify/ProductVariant/49389193855203
2026-08-02 13:52:57,Dhevikha Nagas Oddiyanam,Default Title,AMS-110-0517,114168.0,Sold Out,1,1,0,https://www.theamethyststore.com/products/dhevikha-nagas-oddiyanam?variant=gid://shopify/ProductVariant/45956354965731
2026-08-02 13:52:57,Mango Designed Hair Maatal,Default Title,AMS-109-1307,20703.6,Sold Out,1,1,0,https://www.theamethyststore.com/products/mango-designed-hair-maatal?variant=gid://shopify/ProductVariant/46123821727971
2026-08-02 13:52:57,Sithara Stone Pendant,Only Pendant,AMS-104-3302,3258.9,Sold Out,1,1,0,https://www.theamethyststore.com/products/sithara-stone-pendant?variant=gid://shopify/ProductVariant/47177424306403
2026-08-02 14:22:20,Classic Charm Avikam Short Necklace Set,Default Title,AMS-102-10280,60200.0,Sale,1,3,2,https://www.theamethyststore.com/products/classic-charm-avikam-short-necklace-set?variant=gid://shopify/ProductVariant/46824214069475
2026-08-02 14:22:20,Shiviya Reversible Stone Necklace,Default Title,AMS-102-14850,44400.0,Sold Out,1,1,0,https://www.theamethyststore.com/products/reversible-stone-necklace?variant=gid://shopify/ProductVariant/48412249260259
2026-08-02 14:52:15,Olivis Stone Studs,Default Title,AMS-106-5003,3450.6,Sale,1,2,1,https://www.theamethyststore.com/products/olivis-stone-studs?variant=gid://shopify/ProductVariant/44029434593507
2026-08-02 14:52:15,Sparkling Victorian Ring,Default Title,AMS-101-1209,8900.0,Sale,1,4,3,https://www.theamethyststore.com/products/sparkling-victorian-ring-1?variant=gid://shopify/ProductVariant/47043157721315
2026-08-02 14:52:15,Divine Glow Nagas Tikka,Default Title,AMS-109-1695,12500.0,Sale,1,3,2,https://www.theamethyststore.com/products/divine-glow-nagas-tikka?variant=gid://shopify/ProductVariant/47793463787747
2026-08-02 14:52:15,Dazzling Nagas Pendant,Default Title,AMS-104-3932,7128.0,Sale,1,2,1,https://www.theamethyststore.com/products/nagas-pendant-20?variant=gid://shopify/ProductVariant/48813730922723
2026-08-02 14:52:15,Grandeur Avikam Necklace Set,Default Title,AMS-102-17166,94100.0,Sale,1,2,1,https://www.theamethyststore.com/products/grandeur-avikam-necklace-set-2?variant=gid://shopify/ProductVariant/49479296680163
2026-08-02 14:52:15,Tansiha Avikam Bracelet,Default Title,AMS-103-1409,14500.0,Sale,1,5,4,https://www.theamethyststore.com/products/avikam-bracelet-22?variant=gid://shopify/ProductVariant/49480748728547
2026-08-02 14:52:15,Pezala Ring,12,"AMS-101-0385-12""",15576.0,Sold Out,1,1,0,https://www.theamethyststore.com/products/pezala-ring?variant=gid://shopify/ProductVariant/43548536504547
2026-08-02 14:52:15,Trivata Stone Long Necklace,Default Title,AMS-102-6817,85134.68,Sold Out,1,1,0,https://www.theamethyststore.com/products/trivata-stone-long-necklace?variant=gid://shopify/ProductVariant/45344186859747
2026-08-02 14:52:15,Filamino Victorian Maangtikka,Default Title,AMS-109-1397,19004.0,Sold Out,1,1,0,https://www.theamethyststore.com/products/filamino-victorian-maangtikka?variant=gid://shopify/ProductVariant/46279222493411
2026-08-02 14:52:15,Rakshana Stone Pair Bangles,"2.6""","AMS-107-2082-2.6""",51567.3,Sold Out,1,1,0,https://www.theamethyststore.com/products/rakshana-stone-pair-bangles-1?variant=gid://shopify/ProductVariant/46555686273251
2026-08-02 14:52:15,Grand Unique Victorian Choker,Default Title,AMS-102-10390,128259.0,Sold Out,1,1,0,https://www.theamethyststore.com/products/grand-unique-victorian-choker?variant=gid://shopify/ProductVariant/46764866207971
2026-08-02 14:52:15,Avura Ring,Default Title,AMS-101-1755,5020.0,Sold Out,1,1,0,https://www.theamethyststore.com/products/avura-ring?variant=gid://shopify/ProductVariant/47487852282083
2026-08-02 14:52:15,Darvinkha Short Necklace Set,Default Title,AMS-102-13221,91344.0,Sold Out,1,1,0,https://www.theamethyststore.com/products/darvinkha-short-necklace-set?variant=gid://shopify/ProductVariant/47724992364771
2026-08-02 14:52:15,Jessica Victorian Pair Bangles,"2.8""","AMS-107-2894-2.8""",89365.0,Sold Out,1,1,0,https://www.theamethyststore.com/products/jessica-victorian-pair-bangles?variant=gid://shopify/ProductVariant/47732154695907
2026-08-02 14:52:15,Vanasha Nagas Short Necklace,Default Title,AMS-102-13478,66484.4,Sold Out,1,1,0,https://www.theamethyststore.com/products/vanasha-nagas-short-necklace?variant=gid://shopify/ProductVariant/47739662237923
2026-08-02 14:52:15,Unique Nagas Jhumkas,Default Title,AMS-106-12520,16330.0,Sold Out,1,1,0,https://www.theamethyststore.com/products/unique-nagas-jhumkas-4?variant=gid://shopify/ProductVariant/47813720637667
2026-08-02 14:52:15,Ahana Nagas Ring,Default Title,AMS-101-1884,5396.0,Sold Out,1,1,0,https://www.theamethyststore.com/products/ahana-nagas-ring?variant=gid://shopify/ProductVariant/47816524824803
2026-08-02 14:52:15,Keerthika Long Earrings,Default Title,AMS-106-11871,16614.0,Sold Out,1,1,0,https://www.theamethyststore.com/products/keerthika-long-earrings?variant=gid://shopify/ProductVariant/47856131539171
2026-08-02 14:52:15,Akshara Nagas Ring,Default Title,AMS-101-1994,7300.0,Sold Out,1,1,0,https://www.theamethyststore.com/products/akshara-nagas-ring-1?variant=gid://shopify/ProductVariant/47919618687203
2026-08-02 14:52:15,Ivanika Stone Maangtikka,Default Title,AMS-109-2264,9600.0,Sold Out,1,1,0,https://www.theamethyststore.com/products/stone-maangtikka-4?variant=gid://shopify/ProductVariant/48820852883683
2026-08-02 14:52:15,Facinate Diamond Design Ring,Default Title,AMS-101-2107,4312.0,Sold Out,1,1,0,https://www.theamethyststore.com/products/facinate-diamond-design-ring?variant=gid://shopify/ProductVariant/48936862056675
2026-08-02 14:52:15,Ellena Nagas Pair Bangles,"2.6""","AMS-107-3241-2.6""",48400.0,Sold Out,1,1,0,https://www.theamethyststore.com/products/nagas-pair-bangles-36?variant=gid://shopify/ProductVariant/49287339278563
2026-08-02 14:52:15,Royal Harmony Short Necklace Set,Default Title,AMS-102-17060,106000.0,Sold Out,1,1,0,https://www.theamethyststore.com/products/royal-harmony-short-necklace-set?variant=gid://shopify/ProductVariant/49439327355107
2026-08-02 14:52:15,Sithara Pair Bangles,"2.4""",AMS-107-3482-2.4,71600.0,Sold Out,1,1,0,https://www.theamethyststore.com/products/pair-bangles-24?variant=gid://shopify/ProductVariant/49446322536675
2026-08-02 17:07:46,Shreya Nagas Jhumkas,Default Title,AMS-106-14449,10700.0,Sold Out,1,1,0,https://www.theamethyststore.com/products/nagas-jhumkas-70?variant=gid://shopify/ProductVariant/49325895188707
2026-08-02 17:52:48,Kumaran 3D Spl Pendant,Default Title,AMS-104-4409,1144.0,Sold Out,1,1,0,https://www.theamethyststore.com/products/3d-spl-pendant-61?variant=gid://shopify/ProductVariant/49332549910755
2026-08-02 17:52:48,Hera 3D Spl Pendant,Default Title,AMS-104-4438,1672.0,Sold Out,1,1,0,https://www.theamethyststore.com/products/hera-3d-spl-pendant?variant=gid://shopify/ProductVariant/49334519890147
2026-08-03 02:52:54,Vintage 3D Spl Short Necklace Set,Default Title,AMS-102-16372,9152.0,Sale,1,4,3,https://www.theamethyststore.com/products/3d-spl-short-necklace-set-2?variant=gid://shopify/ProductVariant/49334620913891
2026-08-03 04:38:19,Padhma Stone Drops,Default Title,AMS-106-3003,13900.0,New Arrival,1,0,1,https://www.theamethyststore.com/products/padhma-stone-drops?variant=gid://shopify/ProductVariant/43288140579043
2026-08-03 04:38:19,Nadhiya Long Necklace Set,Default Title,AMS-102-15294,49400.0,Restock,1,1,2,https://www.theamethyststore.com/products/nadhiya-long-necklace-set?variant=gid://shopify/ProductVariant/48632059756771
2026-08-03 04:38:19,Wania Kundan Short Necklace Set,Default Title,AMS-102-16761,35100.0,Restock,1,1,2,https://www.theamethyststore.com/products/wania-kundan-short-necklace-set?variant=gid://shopify/ProductVariant/49383192559843
2026-08-03 04:52:59,Dhanvitha Reversible Short Necklace,Default Title,AMS-102-17141,46570.0,New Arrival,1,0,1,https://www.theamethyststore.com/products/dhanvitha-reversible-short-necklace?variant=gid://shopify/ProductVariant/49494503522531
2026-08-03 06:22:47,Elegant 3D Spl Earrings,Default Title,AMS-106-14097,9416.0,Sold Out,1,1,0,https://www.theamethyststore.com/products/elegant-3d-spl-earrings?variant=gid://shopify/ProductVariant/49162290069731
2026-08-03 06:22:47,Amishaa 3D Spl Earrings,Default Title,AMS-106-14087,8813.0,Sold Out,1,1,0,https://www.theamethyststore.com/products/3d-spl-earrings-1?variant=gid://shopify/ProductVariant/49295305375971
2026-08-03 06:52:42,Grand Bridal Nagas Choker,Default Title,AMS-102-17186,227800.0,Sold Out,1,1,0,https://www.theamethyststore.com/products/nagas-choker-9?variant=gid://shopify/ProductVariant/49429954527459
2026-08-03 08:08:07,Gleaming Stone Ring,Default Title,AMS-101-1860,4000.0,Sale,1,2,1,https://www.theamethyststore.com/products/gleaming-stone-ring-2?variant=gid://shopify/ProductVariant/47804985999587
2026-08-03 08:08:07,Vel  3D Spl Pendant,Default Title,AMS-104-4362,3344.0,Sale,1,3,2,https://www.theamethyststore.com/products/3d-spl-pendant-52?variant=gid://shopify/ProductVariant/49327826239715
2026-08-03 08:08:07,Gleaming Stone Maatal,Default Title,AMS-109-1191,11215.16,Sold Out,1,1,0,https://www.theamethyststore.com/products/gleaming-stone-maatal?variant=gid://shopify/ProductVariant/45598336352483
2026-08-03 08:08:07,Lihanika Stone Pendant,Default Title,AMS-104-4188,17450.0,Sold Out,1,1,0,https://www.theamethyststore.com/products/stone-pendant-38?variant=gid://shopify/ProductVariant/49276616704227
2026-08-03 08:08:07,Aashikha Nagas Drops Earrings,Default Title,AMS-106-14506,4500.0,Sold Out,1,1,0,https://www.theamethyststore.com/products/aashikha-nagas-drops-earrings?variant=gid://shopify/ProductVariant/49322812801251
2026-08-03 08:24:31,Rudhra Rope Necklace,Black,AMS-102-2754 (B),17000.0,Sale,1,4,3,https://www.theamethyststore.com/products/rudhra-rope-necklace?variant=gid://shopify/ProductVariant/42926109982947
2026-08-03 08:38:46,Red Stone Studs,Default Title,AMS-106-7378,2982.0,Sale,1,4,3,https://www.theamethyststore.com/products/red-stone-studs-1?variant=gid://shopify/ProductVariant/45986791063779
2026-08-03 08:52:37,Maala Kundan Studs,Default Title,AMS-106-13354,6800.0,Sale,1,5,4,https://www.theamethyststore.com/products/maala-kundan-studs?variant=gid://shopify/ProductVariant/48903240450275
2026-08-03 08:52:37,Laveena Nagas Mini Short Necklace,Default Title,AMS-102-16034,15350.0,Sold Out,1,1,0,https://www.theamethyststore.com/products/laveena-nagas-mini-short-necklace?variant=gid://shopify/ProductVariant/49273800196323
2026-08-03 10:08:29,Nandhitha Stone Ring,Default Title,AMS-101-1627,3000.0,Sale,2,19,17,https://www.theamethyststore.com/products/nandhitha-stone-ring?variant=gid://shopify/ProductVariant/47392953893091
2026-08-03 10:08:29,Panchaagni  Victorian Studs,Default Title,AMS-106-13795,10208.0,Sold Out,1,1,0,https://www.theamethyststore.com/products/victorian-studs-7?variant=gid://shopify/ProductVariant/48927445418211
2026-08-03 10:08:29,Aaru Nagas Long Necklace,Default Title,AMS-102-15706,186120.0,Sold Out,1,1,0,https://www.theamethyststore.com/products/aaru-nagas-long-necklace?variant=gid://shopify/ProductVariant/48993849311459
2026-08-03 10:08:29,Glowing Kundan Short Necklace,Default Title,AMS-102-16479,39800.0,Sold Out,1,1,0,https://www.theamethyststore.com/products/kundan-short-necklace-33?variant=gid://shopify/ProductVariant/49319995146467
2026-08-03 10:22:15,Catchy Victorian Drops,Default Title,AMS-106-13793,5900.0,Sale,1,4,3,https://www.theamethyststore.com/products/victorian-drops-5?variant=gid://shopify/ProductVariant/48927065014499
2026-08-03 10:22:15,Shreya Nagas Short Necklace,Default Title,AMS-102-11778,86842.0,Sold Out,1,1,0,https://www.theamethyststore.com/products/shreya-nagas-short-necklace-1?variant=gid://shopify/ProductVariant/47259801288931
2026-08-03 10:22:15,Akalya Nagas Short Necklace Set,Default Title,AMS-102-13123,74500.0,Sold Out,1,1,0,https://www.theamethyststore.com/products/akalya-nagas-short-necklace-set?variant=gid://shopify/ProductVariant/47691857035491
2026-08-03 10:22:15,Anisha Long Necklace,Default Title,AMS-102-13433,47484.8,Sold Out,1,1,0,https://www.theamethyststore.com/products/anisha-long-necklace-1?variant=gid://shopify/ProductVariant/47745274806499
2026-08-03 10:22:15,Vivetha Nagas Drops Earrings,Default Title,AMS-106-13058,16280.0,Sold Out,1,1,0,https://www.theamethyststore.com/products/vivetha-nagas-drops-earrings?variant=gid://shopify/ProductVariant/48321625391331
2026-08-03 11:23:10,Jasleen Avikam Earrings,Default Title,AMS-106-14270,12800.0,Sale,1,2,1,https://www.theamethyststore.com/products/jasleen-avikam-earrings?variant=gid://shopify/ProductVariant/49363818053859
2026-08-03 11:37:58,Akira Nagas Pendant,Default Title,AMS-104-1991,26970.0,Sold Out,1,1,0,https://www.theamethyststore.com/products/akira-nagas-pendant?variant=gid://shopify/ProductVariant/45553698930915
2026-08-03 11:37:58,Akshara Stone Drops,Default Title,AMS-106-8306,6326.1,Sold Out,1,1,0,https://www.theamethyststore.com/products/akshara-stone-drops?variant=gid://shopify/ProductVariant/46415406694627
2026-08-03 11:37:58,Pretty Floral Stone Bracelet,Default Title,AMS-103-1019,14001.2,Sold Out,1,1,0,https://www.theamethyststore.com/products/pretty-floral-stone-bracelet?variant=gid://shopify/ProductVariant/47691921424611
2026-08-03 11:37:58,Shranya Stone Necklace,Default Title,AMS-102-14866,35200.0,Sold Out,1,1,0,https://www.theamethyststore.com/products/shranya-stone-necklace?variant=gid://shopify/ProductVariant/48412390424803
2026-08-03 11:37:58,Inisha Mugappu Chain,Default Title,AMS-105-2132,15680.0,Sold Out,1,1,0,https://www.theamethyststore.com/products/inisha-mugappu-chain?variant=gid://shopify/ProductVariant/49359643607267
2026-08-03 12:22:25,Venkateshwara 3D Solid Idol,"3.5""","AMS-115-0127-3.5""",42130.0,Sold Out,1,1,0,https://www.theamethyststore.com/products/venkateshwara-3d-solid-idol?variant=gid://shopify/ProductVariant/47492058874083
2026-08-03 12:37:56,Stunning Reversible Short Necklace,Default Title,AMS-102-17142,56470.0,New Arrival,1,0,1,https://www.theamethyststore.com/products/stunning-reversible-short-necklace?variant=gid://shopify/ProductVariant/49495214063843
2026-08-03 12:37:56,Stunning Reversible Short Necklace,Default Title,AMS-102-17143,46660.0,New Arrival,1,0,1,https://www.theamethyststore.com/products/stunning-reversible-short-necklace-1?variant=gid://shopify/ProductVariant/49495216160995
2026-08-03 12:37:56,Lathisha Kundan Short Necklace,Default Title,AMS-102-17151,36700.0,New Arrival,1,0,1,https://www.theamethyststore.com/products/kundan-short-necklace-21?variant=gid://shopify/ProductVariant/49495221207267
2026-08-03 12:52:13,Kenisha Kundan Short Necklace,Default Title,AMS-102-17152,39750.0,New Arrival,1,0,1,https://www.theamethyststore.com/products/kenisha-kundan-short-necklace-4?variant=gid://shopify/ProductVariant/49495231135971
2026-08-03 12:52:13,Admirable Kundan Short Necklace,Default Title,AMS-102-17153,42430.0,New Arrival,1,0,1,https://www.theamethyststore.com/products/admirable-kundan-short-necklace-3?variant=gid://shopify/ProductVariant/49495237656803
2026-08-03 12:52:13,Fabulous Kundan Short Necklace,Default Title,AMS-102-17154,37050.0,New Arrival,1,0,1,https://www.theamethyststore.com/products/fabulous-kundan-short-necklace-3?variant=gid://shopify/ProductVariant/49495244144867
2026-08-03 13:08:42,Unisha Kundan Short Necklace,Default Title,AMS-102-17155,37550.0,New Arrival,1,0,1,https://www.theamethyststore.com/products/unisha-kundan-short-necklace?variant=gid://shopify/ProductVariant/49495247552739
2026-08-03 13:08:42,Anisha Avikam Necklace Set,Default Title,AMS-102-17192,79400.0,New Arrival,3,0,3,https://www.theamethyststore.com/products/avikam-necklace-set-10?variant=gid://shopify/ProductVariant/49495248503011
2026-08-03 13:08:42,Stunning Avikam Choker Set,Default Title,AMS-102-17201,203100.0,New Arrival,1,0,1,https://www.theamethyststore.com/products/avikam-choker-set-5?variant=gid://shopify/ProductVariant/49495250141411
2026-08-03 13:08:42,Spectacular Avikam Choker Set,Default Title,AMS-102-17343,125200.0,New Arrival,1,0,1,https://www.theamethyststore.com/products/avikam-choker-set-6?variant=gid://shopify/ProductVariant/49495252435171
2026-08-03 13:23:02,Chanthrika Avikam Long Necklace Set,Default Title,AMS-102-17277,156500.0,New Arrival,1,0,1,https://www.theamethyststore.com/products/avikam-long-necklace-set-9?variant=gid://shopify/ProductVariant/49495253745891
2026-08-03 13:23:02,Catchy Diamond Design Pendant,Default Title,AMS-104-4856,9100.0,New Arrival,1,0,1,https://www.theamethyststore.com/products/diamond-design-pendant-34?variant=gid://shopify/ProductVariant/49495255974115
2026-08-03 13:23:02,Catchy Avikam Chain,Default Title,AMS-105-2163,10700.0,New Arrival,1,0,1,https://www.theamethyststore.com/products/avikam-chain-1?variant=gid://shopify/ProductVariant/49495257940195
2026-08-03 13:38:42,Dhanshikaa Avikam Bracelet,Default Title,AMS-103-1345,9900.0,Sale,1,2,1,https://www.theamethyststore.com/products/avikam-bracelet-7?variant=gid://shopify/ProductVariant/49359481635043
2026-08-03 13:38:42,Adriana Avikam Chain,Default Title,AMS-105-2164,9500.0,New Arrival,1,0,1,https://www.theamethyststore.com/products/avikam-chain-2?variant=gid://shopify/ProductVariant/49495266787555
2026-08-03 13:38:42,Vikshitha Avikam Jhumkas,Default Title,AMS-106-15486,17400.0,New Arrival,1,0,1,https://www.theamethyststore.com/products/avikam-jhumkas-7?variant=gid://shopify/ProductVariant/49495293526243
2026-08-03 13:38:42,Raveena Avikam Jhumkas,Default Title,AMS-106-15487,17600.0,New Arrival,1,0,1,https://www.theamethyststore.com/products/avikam-jhumkas-8?variant=gid://shopify/ProductVariant/49495300243683
2026-08-03 13:53:12,Vishaka Avikam Jhumkas,Default Title,AMS-106-15488,37400.0,Restock,1,0,1,https://www.theamethyststore.com/products/avikam-jhumkas-9?variant=gid://shopify/ProductVariant/49495305519331
2026-08-03 13:53:12,Charming Avikam Jhumkas,Default Title,AMS-106-15489,13400.0,New Arrival,1,0,1,https://www.theamethyststore.com/products/avikam-jhumkas-10?variant=gid://shopify/ProductVariant/49495313678563
2026-08-03 13:53:12,Shine Avikam Jhumkas,Default Title,AMS-106-15490,31600.0,New Arrival,1,0,1,https://www.theamethyststore.com/products/avikam-jhumkas-11?variant=gid://shopify/ProductVariant/49495318135011
2026-08-03 13:53:12,Madhishi Avikam Jhumkas,Default Title,AMS-106-15491,21600.0,New Arrival,1,0,1,https://www.theamethyststore.com/products/avikam-jhumkas-12?variant=gid://shopify/ProductVariant/49495322722531
2026-08-03 14:08:17,Avanthika Avikam Pair Bangles,"2.4""","AMS-107-3443-2.4""",57200.0,New Arrival,4,0,4,https://www.theamethyststore.com/products/avikam-pair-bangles-25?variant=gid://shopify/ProductVariant/49495325343971
2026-08-03 14:08:17,Avanthika Avikam Pair Bangles,"2.6""","AMS-107-3443-2.6""",58800.0,New Arrival,3,0,3,https://www.theamethyststore.com/products/avikam-pair-bangles-25?variant=gid://shopify/ProductVariant/49495325376739
2026-08-03 14:08:17,Dazzle Avikam Pendant Set,Default Title,AMS-104-4857,29100.0,New Arrival,1,0,1,https://www.theamethyststore.com/products/avikam-pendant-set-17?variant=gid://shopify/ProductVariant/49495336452323
2026-08-03 14:08:17,Lakhi Drops,Default Title,AMS-106-7158,8094.0,Sold Out,1,1,0,https://www.theamethyststore.com/products/lakhi-drops-1?variant=gid://shopify/ProductVariant/45776580673763
2026-08-03 14:08:17,Admirable Kundan Short Necklace,Default Title,AMS-102-14586,48750.0,Sold Out,1,1,0,https://www.theamethyststore.com/products/admirable-kundan-short-necklace-1?variant=gid://shopify/ProductVariant/48033733902563
2026-08-03 14:08:17,Alanozava Reversible Kundan Short Necklace,Default Title,AMS-102-15084,75100.0,Sold Out,1,1,0,https://www.theamethyststore.com/products/reversible-kundan-short-necklace?variant=gid://shopify/ProductVariant/48406625681635
2026-08-03 14:08:17,Arnikaa Nagas Short Necklace,Default Title,AMS-102-15026,119768.0,Sold Out,1,1,0,https://www.theamethyststore.com/products/arnikaa-nagas-short-necklace?variant=gid://shopify/ProductVariant/48407687594211
2026-08-03 14:08:17,Glowing Avikam Short Necklace Set,Default Title,AMS-102-16192,25696.0,Sold Out,1,1,0,https://www.theamethyststore.com/products/glowing-avikam-short-necklace-set-2?variant=gid://shopify/ProductVariant/49334621733091
2026-08-03 14:22:55,Fish hook Necklace Back Chain,Default Title,AMS-119-0012,4800.0,New Arrival,40,0,40,https://www.theamethyststore.com/products/necklace-back-chain-1?variant=gid://shopify/ProductVariant/49495354736867
2026-08-03 14:38:41,"Mangalsutra Chain Double layer-24""",Default Title,AMS-105-0382-M,6500.0,Sale,1,11,10,https://www.theamethyststore.com/products/mangalsutra-chain-double-layer-24?variant=gid://shopify/ProductVariant/46779086012643
2026-08-03 14:38:41,Bridal Victorian Vanki Cum Chocker,Default Title,AMS-112-0920,31400.0,New Arrival,2,0,2,https://www.theamethyststore.com/products/bridal-victorian-vanki-cum-chocker?variant=gid://shopify/ProductVariant/49495367254243
2026-08-03 14:38:41,Luxurious Victorian Vanki Cum Chocker,Default Title,AMS-112-0919,26000.0,New Arrival,2,0,2,https://www.theamethyststore.com/products/luxurious-victorian-vanki-cum-chocker?variant=gid://shopify/ProductVariant/49495369253091
2026-08-03 14:52:50,Classic Glow Short Necklace,Default Title,AMS-102-13851,31140.6,Sold Out,1,1,0,https://www.theamethyststore.com/products/classic-glow-short-necklace?variant=gid://shopify/ProductVariant/47848001667299
2026-08-03 14:52:50,Divine Amman Face,Default Title,SV-508-0029,22314.95,Sold Out,1,1,0,https://www.theamethyststore.com/products/amman-face?variant=gid://shopify/ProductVariant/49476091117795
2026-08-03 16:08:28,Maala Kundan Studs,Default Title,AMS-106-13354,6800.0,Sale,1,4,3,https://www.theamethyststore.com/products/maala-kundan-studs?variant=gid://shopify/ProductVariant/48903240450275
2026-08-03 16:08:28,Jagallakshmi Victorian Studs,Default Title,AMS-106-13791,6800.0,Sold Out,1,1,0,https://www.theamethyststore.com/products/victorian-studs-5?variant=gid://shopify/ProductVariant/48927316771043
2026-08-04 02:08:21,Nidhra Diamond Design Studs,Default Title,AMS-106-13876,4700.0,Sale,1,2,1,https://www.theamethyststore.com/products/nidhra-diamond-design-studs?variant=gid://shopify/ProductVariant/48945241751779
2026-08-04 04:37:47,Elegant Hasli Necklace,Default Title,AMS-102-15190,8100.0,Sale,1,11,10,https://www.theamethyststore.com/products/elegant-hasli-necklace?variant=gid://shopify/ProductVariant/48763379548387
2026-08-04 04:37:47,Bhooputri Victorian Studs,Default Title,AMS-106-13788,9000.0,Sale,1,3,2,https://www.theamethyststore.com/products/bhooputri-victorian-studs?variant=gid://shopify/ProductVariant/48927062556899
2026-08-04 04:37:47,Pranika Victorian Pendant set,Default Title,AMS-104-3998,23056.0,Sold Out,1,1,0,https://www.theamethyststore.com/products/victorian-pendant-set-6?variant=gid://shopify/ProductVariant/48876919521507
2026-08-04 04:52:57,Brinaya Plain Bracelet,Default Title,AMS-103-1336,3300.0,Sale,2,6,4,https://www.theamethyststore.com/products/brinaya-plain-bracelet?variant=gid://shopify/ProductVariant/49390399783139
2026-08-04 04:52:57,Rishaa Avikam Maangtikka,Default Title,AMS-109-2398,10000.0,Restock,1,3,4,https://www.theamethyststore.com/products/avikam-maangtikka?variant=gid://shopify/ProductVariant/49415160201443
2026-08-04 04:52:57,Divine Bridal Nagas Oddiyanam,Default Title,AMS-110-0979,113500.0,Restock,1,1,2,https://www.theamethyststore.com/products/nagas-oddiyanam-9?variant=gid://shopify/ProductVariant/49426826952931
2026-08-04 04:52:57,Beautiful Short Necklace Set,Default Title,AMS-102-16867,17900.0,New Arrival,1,0,1,https://www.theamethyststore.com/products/beautiful-short-necklace-set-3?variant=gid://shopify/ProductVariant/49496641831139
2026-08-04 04:52:57,Fabulous Pachi Short Necklace,Default Title,AMS-102-16886,27300.0,New Arrival,1,0,1,https://www.theamethyststore.com/products/fabulous-pachi-short-necklace?variant=gid://shopify/ProductVariant/49496648483043
2026-08-04 04:52:57,Admirable Pachi Short Necklace,Default Title,AMS-102-16887,24800.0,New Arrival,1,0,1,https://www.theamethyststore.com/products/admirable-pachi-short-necklace?variant=gid://shopify/ProductVariant/49496652808419
2026-08-04 04:52:57,Dhananya Stone Drops,Default Title,AMS-106-14237,6300.0,Sold Out,1,1,0,https://www.theamethyststore.com/products/dhananya-stone-drops-3?variant=gid://shopify/ProductVariant/49268217413859
2026-08-04 04:52:57,Glowing Hasli with Pendant Set,Default Title,AMS-102-16616,27500.0,Sold Out,1,1,0,https://www.theamethyststore.com/products/glowing-hasli-with-pendant-set?variant=gid://shopify/ProductVariant/49390405189859
2026-08-04 05:08:06,Yashninka Avikam Necklace Set,Default Title,AMS-102-5063,167900.0,New Arrival,2,0,2,https://www.theamethyststore.com/products/yashninka-avikam-necklace-set?variant=gid://shopify/ProductVariant/44025924354275
2026-08-04 05:08:06,Unique Diamond Design Studs,Default Title,AMS-106-5453,22700.0,Restock,2,3,5,https://www.theamethyststore.com/products/unique-diamond-design-studs?variant=gid://shopify/ProductVariant/44386950414563
2026-08-04 05:08:06,Tulips Diamond Like Studs,Default Title,AMS-106-5454,18700.0,Restock,3,1,4,https://www.theamethyststore.com/products/tulips-diamond-like-studs?variant=gid://shopify/ProductVariant/44386954281187
2026-08-04 05:08:06,Bridal Nagas Pair Bangles,"2.6""","AMS-107-2997-2.6""",59600.0,New Arrival,1,0,1,https://www.theamethyststore.com/products/bridal-nagas-pair-bangles-1?variant=gid://shopify/ProductVariant/47794029265123
2026-08-04 05:08:06,Shikarikha Nagas Pair Bangles,"2.8""","AMS-107-2996-2.8""",70400.0,New Arrival,1,0,1,https://www.theamethyststore.com/products/shikarikha-nagas-pair-bangles?variant=gid://shopify/ProductVariant/49496730763491
2026-08-04 05:08:06,Grand Diamond Design Pendant,Default Title,AMS-104-4657,20300.0,Restock,1,2,3,https://www.theamethyststore.com/products/diamond-design-pendant-14?variant=gid://shopify/ProductVariant/49415034044643
2026-08-04 05:08:06,Vibrant Stone Pendant,Default Title,AMS-104-4654,14300.0,Restock,1,1,2,https://www.theamethyststore.com/products/stone-pendant-56?variant=gid://shopify/ProductVariant/49415040041187
2026-08-04 05:08:06,Glitz Diamond Design Pendant,Default Title,AMS-104-4730,16000.0,Restock,1,1,2,https://www.theamethyststore.com/products/glitz-diamond-design-pendant?variant=gid://shopify/ProductVariant/49436348547299
2026-08-04 05:08:06,Bridal Heritage Avikam Necklace Set,Default Title,AMS-102-17089,59100.0,Restock,2,1,3,https://www.theamethyststore.com/products/bridal-heritage-avikam-necklace-set?variant=gid://shopify/ProductVariant/49442159067363
2026-08-04 05:08:06,Shine Charm Pachi Short Necklace,Default Title,AMS-102-16890,22500.0,New Arrival,1,0,1,https://www.theamethyststore.com/products/shine-charm-pachi-short-necklace?variant=gid://shopify/ProductVariant/49496654250211
2026-08-04 05:08:06,Facinate Pachi Short Necklace,Default Title,AMS-102-16896,23300.0,New Arrival,1,0,1,https://www.theamethyststore.com/products/facinate-pachi-short-necklace?variant=gid://shopify/ProductVariant/49496674599139
2026-08-04 05:08:06,Heart Design Pachi Short Necklace,Default Title,AMS-102-16897,22400.0,New Arrival,1,0,1,https://www.theamethyststore.com/products/heart-design-pachi-short-necklace?variant=gid://shopify/ProductVariant/49496710578403
2026-08-04 05:22:39,Stunning Pachi Short Necklace,Default Title,AMS-102-16899,29400.0,New Arrival,1,0,1,https://www.theamethyststore.com/products/stunning-pachi-short-necklace?variant=gid://shopify/ProductVariant/49496809537763
2026-08-04 05:37:50,Green Charm Pachi Short Necklace,Default Title,AMS-102-16903,24000.0,New Arrival,1,0,1,https://www.theamethyststore.com/products/pachi-short-necklace?variant=gid://shopify/ProductVariant/49496977015011
2026-08-04 05:52:53,Sheritha Pachi Short Necklace,Default Title,AMS-102-16905,29300.0,New Arrival,1,0,1,https://www.theamethyststore.com/products/pachi-short-necklace-1?variant=gid://shopify/ProductVariant/49497071911139
2026-08-04 06:07:57,Charming Pachi Short Necklace,Default Title,AMS-102-16906,22400.0,New Arrival,1,0,1,https://www.theamethyststore.com/products/charming-pachi-short-necklace?variant=gid://shopify/ProductVariant/49497086984419
2026-08-04 06:23:00,Gorgeous Pachi Short Necklace,Default Title,AMS-102-16951,29900.0,New Arrival,1,0,1,https://www.theamethyststore.com/products/gorgeous-pachi-short-necklace?variant=gid://shopify/ProductVariant/49497088229603
2026-08-04 06:23:00,Grandeur Pachi Short Necklace,Default Title,AMS-102-16969,29000.0,New Arrival,1,0,1,https://www.theamethyststore.com/products/grandeur-pachi-short-necklace?variant=gid://shopify/ProductVariant/49497090425059
2026-08-04 06:23:00,Ishitha Pachi Short Necklace,Default Title,AMS-102-16971,14300.0,New Arrival,1,0,1,https://www.theamethyststore.com/products/ishitha-pachi-short-necklace?variant=gid://shopify/ProductVariant/49497091014883
2026-08-04 06:23:00,Initha Pachi Short Necklace,Default Title,AMS-102-16974,19500.0,New Arrival,1,0,1,https://www.theamethyststore.com/products/initha-pachi-short-necklace?variant=gid://shopify/ProductVariant/49497098617059
2026-08-04 06:37:28,Shinning Pakshi Short Necklace Set,Default Title,AMS-102-16912,35300.0,New Arrival,1,0,1,https://www.theamethyststore.com/products/shinning-pakshi-short-necklace-set-1?variant=gid://shopify/ProductVariant/49497101467875
2026-08-04 06:37:28,Luxurious Pakshi Short Necklace Set,Default Title,AMS-102-16939,36700.0,New Arrival,1,0,1,https://www.theamethyststore.com/products/luxurious-pakshi-short-necklace-set?variant=gid://shopify/ProductVariant/49497106481379
